source,route,domain,gold_count,reward_pattern,rewards,current_adv,exact_floor_adv,exact_clamp_adv,current_abs_sum,floor_abs_sum,clamp_abs_sum
GR_REC_v1_probe,think,video,20,MIXED_HIGH,"[9.1875,8.375,9.1875,8.4375]","[0.9981487115815262,-1.0780006085080482,0.9981487115815262,-0.9182968146550041]","[0.1484375,0.046875,0.1484375,0.0546875]","[0.048828125,0.0,0.048828125,0.0]",3.9925948463261047,0.3984375,0.09765625
GR_REC_v1_probe,nothink,video,20,AB_SIGNAL,"[0.0,0.0,0.0,0.5,0.5,0.5,2.0,0.5]","[-0.81636326936408,-0.81636326936408,-0.81636326936408,0.0,0.0,0.0,2.44908980809224,0.0]","[-0.0625,-0.0625,-0.0625,0.0,0.0,0.0,0.1875,0.0]","[-0.0625,-0.0625,-0.0625,0.0,0.0,0.0,0.1875,0.0]",4.89817961618448,0.375,0.375
GR_REC_v1_probe,think,living,2,A_ONLY,"[0.0,0.0,0.5,0.0]","[-0.577083725634154,-0.577083725634154,1.7312511769024619,-0.577083725634154]","[-0.015625,-0.015625,0.046875,-0.015625]","[-0.015625,-0.015625,0.046875,-0.015625]",3.462502353804924,0.09375,0.09375
GR_REC_v1_probe,nothink,living,2,OTHER,"[-0.25,-0.25,-0.25,0.0,-0.25,-0.25,-0.25,-0.25]","[-0.3775078823921866,-0.3775078823921866,-0.3775078823921866,2.642555176745306,-0.3775078823921866,-0.3775078823921866,-0.3775078823921866,-0.3775078823921866]","[-0.00390625,-0.00390625,-0.00390625,0.02734375,-0.00390625,-0.00390625,-0.00390625,-0.00390625]","[-0.00390625,-0.00390625,-0.00390625,0.02734375,-0.00390625,-0.00390625,-0.00390625,-0.00390625]",5.285110353490612,0.0546875,0.0546875
GR_REC_v1_probe,think,prod,2,MULTI_EXACT,"[0.0,8.0,8.0,8.0]","[-1.7320008090122112,0.5773336030040704,0.5773336030040704,0.5773336030040704]","[-0.75,0.25,0.25,0.25]","[-0.75,0.25,0.25,0.25]",3.464001618024423,1.5,1.5
GR_REC_v1_probe,nothink,prod,2,OTHER,"[-0.25,0.0,0.0,0.0,0.0,0.0,0.0,-0.25]","[-1.730452284221493,0.5768174280738311,0.5768174280738311,0.5768174280738311,0.5768174280738311,0.5768174280738311,0.5768174280738311,-1.730452284221493]","[-0.0234375,0.0078125,0.0078125,0.0078125,0.0078125,0.0078125,0.0078125,-0.0234375]","[-0.0234375,0.0078125,0.0078125,0.0078125,0.0078125,0.0078125,0.0078125,-0.0234375]",6.921809136885972,0.09375,0.09375
GR_REC_v1_probe,think,ad,2,ALL_ZERO,"[0.0,0.0,0.0,0.0]","[0.0,0.0,0.0,0.0]","[0.0,0.0,0.0,0.0]","[0.0,0.0,0.0,0.0]",0.0,0.0,0.0
GR_REC_v1_probe,nothink,ad,2,OTHER,"[-0.25,-0.25,-0.25,-0.25,-0.25,-0.25,-0.25,0.0]","[-0.3775078823921866,-0.3775078823921866,-0.3775078823921866,-0.3775078823921866,-0.3775078823921866,-0.3775078823921866,-0.3775078823921866,2.642555176745306]","[-0.00390625,-0.00390625,-0.00390625,-0.00390625,-0.00390625,-0.00390625,-0.00390625,0.02734375]","[-0.00390625,-0.00390625,-0.00390625,-0.00390625,-0.00390625,-0.00390625,-0.00390625,0.02734375]",5.285110353490612,0.0546875,0.0546875
GR_REC_v1_probe,think,video,20,MIXED_HIGH,"[3.1875,12.1875,9.1875,8.375]","[-1.5569627434868676,1.2195404770965248,0.2940394035687273,0.043382862821615506]","[-0.6015625,0.5234375,0.1484375,0.046875]","[-0.630859375,0.494140625,0.119140625,0.017578125]",3.113925486973735,1.3203125,1.26171875
GR_REC_v1_probe,nothink,video,20,A_ONLY,"[0.0,0.5,0.5,0.5,0.0,0.5,0.0,0.5]","[-1.290461335641207,0.7742768013847241,0.7742768013847241,0.7742768013847241,-1.290461335641207,0.7742768013847241,-1.290461335641207,0.7742768013847241]","[-0.0390625,0.0234375,0.0234375,0.0234375,-0.0390625,0.0234375,-0.0390625,0.0234375]","[-0.0390625,0.0234375,0.0234375,0.0234375,-0.0390625,0.0234375,-0.0390625,0.0234375]",7.742768013847242,0.234375,0.234375
GR_REC_v1_probe,think,living,2,ALL_ZERO,"[0.0,0.0,0.0,0.0]","[0.0,0.0,0.0,0.0]","[0.0,0.0,0.0,0.0]","[0.0,0.0,0.0,0.0]",0.0,0.0,0.0
GR_REC_v1_probe,nothink,living,2,OTHER,"[-0.25,-0.25,-0.25,-0.25,0.0,-0.25,-0.25,-0.25]","[-0.3775078823921866,-0.3775078823921866,-0.3775078823921866,-0.3775078823921866,2.642555176745306,-0.3775078823921866,-0.3775078823921866,-0.3775078823921866]","[-0.00390625,-0.00390625,-0.00390625,-0.00390625,0.02734375,-0.00390625,-0.00390625,-0.00390625]","[-0.00390625,-0.00390625,-0.00390625,-0.00390625,0.02734375,-0.00390625,-0.00390625,-0.00390625]",5.285110353490611,0.0546875,0.0546875
GR_REC_v1_probe,think,prod,2,MIXED_HIGH,"[0.0,0.0,0.0,8.25]","[-0.5773341080258594,-0.5773341080258594,-0.5773341080258594,1.7320023240775781]","[-0.2578125,-0.2578125,-0.2578125,0.7734375]","[-0.2578125,-0.2578125,-0.2578125,0.7734375]",3.4640046481551563,1.546875,1.546875
GR_REC_v1_probe,nothink,prod,2,ALL_ZERO,"[0.0,0.0,0.0,0.0,0.0,0.0,0.0,0.0]","[0.0,0.0,0.0,0.0,0.0,0.0,0.0,0.0]","[0.0,0.0,0.0,0.0,0.0,0.0,0.0,0.0]","[0.0,0.0,0.0,0.0,0.0,0.0,0.0,0.0]",0.0,0.0,0.0
GR_REC_v1_probe,think,ad,2,ALL_ZERO,"[0.0,0.0,0.0,0.0]","[0.0,0.0,0.0,0.0]","[0.0,0.0,0.0,0.0]","[0.0,0.0,0.0,0.0]",0.0,0.0,0.0
GR_REC_v1_probe,nothink,ad,2,ALL_ZERO,"[0.0,0.0,0.0,0.0,0.0,0.0,0.0,0.0]","[0.0,0.0,0.0,0.0,0.0,0.0,0.0,0.0]","[0.0,0.0,0.0,0.0,0.0,0.0,0.0,0.0]","[0.0,0.0,0.0,0.0,0.0,0.0,0.0,0.0]",0.0,0.0,0.0
GR_REC_v1_probe,think,video,20,MIXED_HIGH,"[14.09375,2.25,8.4375,8.375]","[1.385632920571183,-1.44158041399936,0.03543341250451208,0.02051408092366489]","[0.76171875,-0.71875,0.0546875,0.046875]","[0.7255859375,-0.7548828125,0.0185546875,0.0107421875]",2.8831608279987204,1.58203125,1.509765625
GR_REC_v1_probe,nothink,video,20,AB_SIGNAL,"[2.0,0.0,0.5,0.5,2.0,0.0,0.5,2.0]","[1.2565275443206454,-1.1087007744005695,-0.5173936947202658,-0.5173936947202658,1.2565275443206454,-1.1087007744005695,-0.5173936947202658,1.2565275443206454]","[0.1328125,-0.1171875,-0.0546875,-0.0546875,0.1328125,-0.1171875,-0.0546875,0.1328125]","[0.1328125,-0.1171875,-0.0546875,-0.0546875,0.1328125,-0.1171875,-0.0546875,0.1328125]",7.539165265923872,0.796875,0.796875
GR_REC_v1_probe,think,living,2,ALL_ZERO,"[0.0,0.0,0.0,0.0]","[0.0,0.0,0.0,0.0]","[0.0,0.0,0.0,0.0]","[0.0,0.0,0.0,0.0]",0.0,0.0,0.0
GR_REC_v1_probe,nothink,living,2,OTHER,"[0.0,0.0,0.0,0.0,0.0,0.0,-0.25,0.0]","[0.3775078823921866,0.3775078823921866,0.3775078823921866,0.3775078823921866,0.3775078823921866,0.3775078823921866,-2.642555176745306,0.3775078823921866]","[0.00390625,0.00390625,0.00390625,0.00390625,0.00390625,0.00390625,-0.02734375,0.00390625]","[0.00390625,0.00390625,0.00390625,0.00390625,0.00390625,0.00390625,-0.02734375,0.00390625]",5.285110353490611,0.0546875,0.0546875
GR_REC_v1_probe,think,prod,2,MULTI_EXACT,"[8.25,8.0,8.0,8.0]","[1.730452284221493,-0.5768174280738311,-0.5768174280738311,-0.5768174280738311]","[0.03125,0.0,0.0,0.0]","[0.0234375,0.0,0.0,0.0]",3.4609045684429867,0.03125,0.0234375
GR_REC_v1_probe,nothink,prod,2,ALL_ZERO,"[0.0,0.0,0.0,0.0,0.0,0.0,0.0,0.0]","[0.0,0.0,0.0,0.0,0.0,0.0,0.0,0.0]","[0.0,0.0,0.0,0.0,0.0,0.0,0.0,0.0]","[0.0,0.0,0.0,0.0,0.0,0.0,0.0,0.0]",0.0,0.0,0.0
GR_REC_v1_probe,think,ad,2,ALL_ZERO,"[0.0,0.0,0.0,0.0]","[0.0,0.0,0.0,0.0]","[0.0,0.0,0.0,0.0]","[0.0,0.0,0.0,0.0]",0.0,0.0,0.0
GR_REC_v1_probe,nothink,ad,2,ALL_ZERO,"[0.0,0.0,0.0,0.0,0.0,0.0,0.0,0.0]","[0.0,0.0,0.0,0.0,0.0,0.0,0.0,0.0]","[0.0,0.0,0.0,0.0,0.0,0.0,0.0,0.0]","[0.0,0.0,0.0,0.0,0.0,0.0,0.0,0.0]",0.0,0.0,0.0
GR_REC_v1_probe,think,video,20,MIXED_HIGH,"[9.1875,8.4375,8.375,8.4375]","[1.7264963535632833,-0.5132826997080031,-0.699930954147277,-0.5132826997080031]","[0.1484375,0.0546875,0.046875,0.0546875]","[0.072265625,0.0,0.0,0.0]",3.4529927071265663,0.3046875,0.072265625
GR_REC_v1_probe,nothink,video,20,AB_SIGNAL,"[0.5,0.5,0.5,0.5,0.0,0.5,0.0,2.0]","[-0.10719286583336265,-0.10719286583336265,-0.10719286583336265,-0.10719286583336265,-0.9647357925002639,-0.10719286583336265,-0.9647357925002639,2.465435914167341]","[-0.0078125,-0.0078125,-0.0078125,-0.0078125,-0.0703125,-0.0078125,-0.0703125,0.1796875]","[-0.0078125,-0.0078125,-0.0078125,-0.0078125,-0.0703125,-0.0078125,-0.0703125,0.1796875]",4.930871828334682,0.359375,0.359375
GR_REC_v1_probe,think,living,2,ALL_ZERO,"[0.0,0.0,0.0,0.0]","[0.0,0.0,0.0,0.0]","[0.0,0.0,0.0,0.0]","[0.0,0.0,0.0,0.0]",0.0,0.0,0.0
GR_REC_v1_probe,nothink,living,2,A_ONLY,"[0.0,0.5,0.0,0.0,0.0,0.0,0.0,0.0]","[-0.3777360397241218,2.6441522780688524,-0.3777360397241218,-0.3777360397241218,-0.3777360397241218,-0.3777360397241218,-0.3777360397241218,-0.3777360397241218]","[-0.0078125,0.0546875,-0.0078125,-0.0078125,-0.0078125,-0.0078125,-0.0078125,-0.0078125]","[-0.0078125,0.0546875,-0.0078125,-0.0078125,-0.0078125,-0.0078125,-0.0078125,-0.0078125]",5.288304556137704,0.109375,0.109375
GR_REC_v1_probe,think,prod,2,MIXED_HIGH,"[8.25,8.25,0.0,8.25]","[0.5773341080258594,0.5773341080258594,-1.7320023240775781,0.5773341080258594]","[0.2578125,0.2578125,-0.7734375,0.2578125]","[0.2578125,0.2578125,-0.7734375,0.2578125]",3.4640046481551563,1.546875,1.546875
GR_REC_v1_probe,nothink,prod,2,A_ONLY,"[0.0,0.5,0.0,0.0,0.0,0.0,0.0,0.5]","[-0.577083725634154,1.7312511769024619,-0.577083725634154,-0.577083725634154,-0.577083725634154,-0.577083725634154,-0.577083725634154,1.7312511769024619]","[-0.015625,0.046875,-0.015625,-0.015625,-0.015625,-0.015625,-0.015625,0.046875]","[-0.015625,0.046875,-0.015625,-0.015625,-0.015625,-0.015625,-0.015625,0.046875]",6.9250047076098475,0.1875,0.1875
GR_REC_v1_probe,think,ad,2,A_ONLY,"[0.0,0.0,0.5,0.5]","[-0.9996001599360256,-0.9996001599360256,0.9996001599360256,0.9996001599360256]","[-0.03125,-0.03125,0.03125,0.03125]","[-0.03125,-0.03125,0.03125,0.03125]",3.9984006397441023,0.125,0.125
GR_REC_v1_probe,nothink,ad,2,A_ONLY,"[0.0,0.0,0.0,0.0,0.5,0.0,0.0,0.0]","[-0.3777360397241218,-0.3777360397241218,-0.3777360397241218,-0.3777360397241218,2.6441522780688524,-0.3777360397241218,-0.3777360397241218,-0.3777360397241218]","[-0.0078125,-0.0078125,-0.0078125,-0.0078125,0.0546875,-0.0078125,-0.0078125,-0.0078125]","[-0.0078125,-0.0078125,-0.0078125,-0.0078125,0.0546875,-0.0078125,-0.0078125,-0.0078125]",5.288304556137704,0.109375,0.109375
GR_REC_v1_probe,think,video,20,MIXED_HIGH,"[8.375,8.375,8.375,9.125]","[-0.577172546136356,-0.577172546136356,-0.577172546136356,1.7315176384090682]","[0.046875,0.046875,0.046875,0.140625]","[0.0,0.0,0.0,0.0703125]",3.463035276818136,0.28125,0.0703125
GR_REC_v1_probe,nothink,video,20,AB_SIGNAL,"[2.0,0.5,0.5,0.5,0.5,0.5,0.5,0.0]","[2.5231099996704107,-0.22937363633367372,-0.22937363633367372,-0.22937363633367372,-0.22937363633367372,-0.22937363633367372,-0.22937363633367372,-1.1468681816683686]","[0.171875,-0.015625,-0.015625,-0.015625,-0.015625,-0.015625,-0.015625,-0.078125]","[0.171875,-0.015625,-0.015625,-0.015625,-0.015625,-0.015625,-0.015625,-0.078125]",5.0462199993408206,0.34375,0.34375
GR_REC_v1_probe,think,living,2,ALL_ZERO,"[0.0,0.0,0.0,0.0]","[0.0,0.0,0.0,0.0]","[0.0,0.0,0.0,0.0]","[0.0,0.0,0.0,0.0]",0.0,0.0,0.0
GR_REC_v1_probe,nothink,living,2,ALL_ZERO,"[0.0,0.0,0.0,0.0,0.0,0.0,0.0,0.0]","[0.0,0.0,0.0,0.0,0.0,0.0,0.0,0.0]","[0.0,0.0,0.0,0.0,0.0,0.0,0.0,0.0]","[0.0,0.0,0.0,0.0,0.0,0.0,0.0,0.0]",0.0,0.0,0.0
GR_REC_v1_probe,think,prod,2,MULTI_EXACT,"[8.0,0.0,8.0,8.0]","[0.5773336030040704,-1.7320008090122112,0.5773336030040704,0.5773336030040704]","[0.25,-0.75,0.25,0.25]","[0.25,-0.75,0.25,0.25]",3.464001618024423,1.5,1.5
GR_REC_v1_probe,nothink,prod,2,SINGLE_EXACT,"[0.0,0.0,0.0,8.0,0.0,0.0,0.5,0.0]","[-0.4044027651232127,-0.4044027651232127,-0.4044027651232127,2.640512172275095,-0.4044027651232127,-0.4044027651232127,-0.2140955815358185,-0.4044027651232127]","[-0.1328125,-0.1328125,-0.1328125,0.8671875,-0.1328125,-0.1328125,-0.0703125,-0.1328125]","[-0.1328125,-0.1328125,-0.1328125,0.8671875,-0.1328125,-0.1328125,-0.0703125,-0.1328125]",5.28102434455019,1.734375,1.734375
GR_REC_v1_probe,think,ad,2,A_ONLY,"[0.5,0.0,0.0,0.0]","[1.7312511769024619,-0.577083725634154,-0.577083725634154,-0.577083725634154]","[0.046875,-0.015625,-0.015625,-0.015625]","[0.046875,-0.015625,-0.015625,-0.015625]",3.462502353804924,0.09375,0.09375
GR_REC_v1_probe,nothink,ad,2,ALL_ZERO,"[0.0,0.0,0.0,0.0,0.0,0.0,0.0,0.0]","[0.0,0.0,0.0,0.0,0.0,0.0,0.0,0.0]","[0.0,0.0,0.0,0.0,0.0,0.0,0.0,0.0]","[0.0,0.0,0.0,0.0,0.0,0.0,0.0,0.0]",0.0,0.0,0.0
GR_REC_v1_probe,think,video,20,MIXED_HIGH,"[9.21875,8.4375,8.375,8.4375]","[1.7268996489636286,-0.5158271678722527,-0.6952453132191232,-0.5158271678722527]","[0.15234375,0.0546875,0.046875,0.0546875]","[0.0751953125,0.0,0.0,0.0]",3.453799297927257,0.30859375,0.0751953125
GR_REC_v1_probe,nothink,video,20,AB_SIGNAL,"[0.0,0.5,0.0,0.0,2.0,0.5,0.0,0.5]","[-0.6896217739910415,0.09851739628443451,-0.6896217739910415,-0.6896217739910415,2.4629349071108626,0.09851739628443451,-0.6896217739910415,0.09851739628443451]","[-0.0546875,0.0078125,-0.0546875,-0.0546875,0.1953125,0.0078125,-0.0546875,0.0078125]","[-0.0546875,0.0078125,-0.0546875,-0.0546875,0.1953125,0.0078125,-0.0546875,0.0078125]",5.516974191928333,0.4375,0.4375
GR_REC_v1_probe,think,living,2,ALL_ZERO,"[0.0,0.0,0.0,0.0]","[0.0,0.0,0.0,0.0]","[0.0,0.0,0.0,0.0]","[0.0,0.0,0.0,0.0]",0.0,0.0,0.0
GR_REC_v1_probe,nothink,living,2,ALL_ZERO,"[0.0,0.0,0.0,0.0,0.0,0.0,0.0,0.0]","[0.0,0.0,0.0,0.0,0.0,0.0,0.0,0.0]","[0.0,0.0,0.0,0.0,0.0,0.0,0.0,0.0]","[0.0,0.0,0.0,0.0,0.0,0.0,0.0,0.0]",0.0,0.0,0.0
GR_REC_v1_probe,think,prod,2,MIXED_HIGH,"[8.0,8.25,8.25,8.25]","[-1.730452284221493,0.5768174280738311,0.5768174280738311,0.5768174280738311]","[0.0,0.03125,0.03125,0.03125]","[0.0,0.0078125,0.0078125,0.0078125]",3.4609045684429867,0.09375,0.0234375
GR_REC_v1_probe,nothink,prod,2,ALL_ZERO,"[0.0,0.0,0.0,0.0,0.0,0.0,0.0,0.0]","[0.0,0.0,0.0,0.0,0.0,0.0,0.0,0.0]","[0.0,0.0,0.0,0.0,0.0,0.0,0.0,0.0]","[0.0,0.0,0.0,0.0,0.0,0.0,0.0,0.0]",0.0,0.0,0.0
GR_REC_v1_probe,think,ad,2,ALL_ZERO,"[0.0,0.0,0.0,0.0]","[0.0,0.0,0.0,0.0]","[0.0,0.0,0.0,0.0]","[0.0,0.0,0.0,0.0]",0.0,0.0,0.0
GR_REC_v1_probe,nothink,ad,2,ALL_ZERO,"[0.0,0.0,0.0,0.0,0.0,0.0,0.0,0.0]","[0.0,0.0,0.0,0.0,0.0,0.0,0.0,0.0]","[0.0,0.0,0.0,0.0,0.0,0.0,0.0,0.0]","[0.0,0.0,0.0,0.0,0.0,0.0,0.0,0.0]",0.0,0.0,0.0
GR_REC_v1_probe,think,video,20,MIXED_HIGH,"[8.4375,8.4375,8.375,8.4375]","[0.5752247895920863,0.5752247895920863,-1.725674368776259,0.5752247895920863]","[0.0546875,0.0546875,0.046875,0.0546875]","[0.001953125,0.001953125,0.0,0.001953125]",3.451348737552518,0.2109375,0.005859375
GR_REC_v1_probe,nothink,video,20,A_ONLY,"[0.0,0.5,0.0,0.5,0.0,0.0,0.0,0.0]","[-0.577083725634154,1.7312511769024619,-0.577083725634154,1.7312511769024619,-0.577083725634154,-0.577083725634154,-0.577083725634154,-0.577083725634154]","[-0.015625,0.046875,-0.015625,0.046875,-0.015625,-0.015625,-0.015625,-0.015625]","[-0.015625,0.046875,-0.015625,0.046875,-0.015625,-0.015625,-0.015625,-0.015625]",6.925004707609847,0.1875,0.1875
GR_REC_v1_probe,think,living,2,ALL_ZERO,"[0.0,0.0,0.0,0.0]","[0.0,0.0,0.0,0.0]","[0.0,0.0,0.0,0.0]","[0.0,0.0,0.0,0.0]",0.0,0.0,0.0
GR_REC_v1_probe,nothink,living,2,A_ONLY,"[0.0,0.5,0.0,0.0,0.0,0.0,0.0,0.0]","[-0.3777360397241218,2.6441522780688524,-0.3777360397241218,-0.3777360397241218,-0.3777360397241218,-0.3777360397241218,-0.3777360397241218,-0.3777360397241218]","[-0.0078125,0.0546875,-0.0078125,-0.0078125,-0.0078125,-0.0078125,-0.0078125,-0.0078125]","[-0.0078125,0.0546875,-0.0078125,-0.0078125,-0.0078125,-0.0078125,-0.0078125,-0.0078125]",5.288304556137704,0.109375,0.109375
GR_REC_v1_probe,think,prod,2,MULTI_EXACT,"[8.0,8.25,8.25,8.0]","[-0.9992006394884093,0.9992006394884093,0.9992006394884093,-0.9992006394884093]","[0.0,0.03125,0.03125,0.0]","[0.0,0.015625,0.015625,0.0]",3.9968025579536373,0.0625,0.03125
GR_REC_v1_probe,nothink,prod,2,A_ONLY,"[0.0,0.0,0.0,0.0,0.0,0.0,0.5,0.0]","[-0.3777360397241218,-0.3777360397241218,-0.3777360397241218,-0.3777360397241218,-0.3777360397241218,-0.3777360397241218,2.6441522780688524,-0.3777360397241218]","[-0.0078125,-0.0078125,-0.0078125,-0.0078125,-0.0078125,-0.0078125,0.0546875,-0.0078125]","[-0.0078125,-0.0078125,-0.0078125,-0.0078125,-0.0078125,-0.0078125,0.0546875,-0.0078125]",5.288304556137705,0.109375,0.109375
GR_REC_v1_probe,think,ad,2,A_ONLY,"[0.5,0.5,0.0,0.0]","[0.9996001599360256,0.9996001599360256,-0.9996001599360256,-0.9996001599360256]","[0.03125,0.03125,-0.03125,-0.03125]","[0.03125,0.03125,-0.03125,-0.03125]",3.9984006397441023,0.125,0.125
GR_REC_v1_probe,nothink,ad,2,ALL_ZERO,"[0.0,0.0,0.0,0.0,0.0,0.0,0.0,0.0]","[0.0,0.0,0.0,0.0,0.0,0.0,0.0,0.0]","[0.0,0.0,0.0,0.0,0.0,0.0,0.0,0.0]","[0.0,0.0,0.0,0.0,0.0,0.0,0.0,0.0]",0.0,0.0,0.0
GR_REC_v1_probe,think,video,20,MIXED_HIGH,"[3.1875,9.1875,9.1875,14.09375]","[-1.4813684283782982,0.07073382673020523,0.07073382673020523,1.3399007749178877]","[-0.6015625,0.1484375,0.1484375,0.76171875]","[-0.7158203125,0.0341796875,0.0341796875,0.6474609375]",2.9627368567565964,1.66015625,1.431640625
GR_REC_v1_probe,nothink,video,20,AB_SIGNAL,"[2.0,0.0,0.0,0.0,0.5,0.0,0.5,2.0]","[1.677279647460023,-0.7623998397545558,-0.7623998397545558,-0.7623998397545558,-0.15247996795091118,-0.7623998397545558,-0.15247996795091118,1.677279647460023]","[0.171875,-0.078125,-0.078125,-0.078125,-0.015625,-0.078125,-0.015625,0.171875]","[0.171875,-0.078125,-0.078125,-0.078125,-0.015625,-0.078125,-0.015625,0.171875]",6.709118589840092,0.6875,0.6875
GR_REC_v1_probe,think,living,2,A_ONLY,"[0.0,0.0,0.0,0.5]","[-0.577083725634154,-0.577083725634154,-0.577083725634154,1.7312511769024619]","[-0.015625,-0.015625,-0.015625,0.046875]","[-0.015625,-0.015625,-0.015625,0.046875]",3.4625023538049238,0.09375,0.09375
GR_REC_v1_probe,nothink,living,2,AB_SIGNAL,"[2.0,0.0,0.0,0.0,0.0,0.0,0.0,0.0]","[2.6453513715297645,-0.3779073387899664,-0.3779073387899664,-0.3779073387899664,-0.3779073387899664,-0.3779073387899664,-0.3779073387899664,-0.3779073387899664]","[0.21875,-0.03125,-0.03125,-0.03125,-0.03125,-0.03125,-0.03125,-0.03125]","[0.21875,-0.03125,-0.03125,-0.03125,-0.03125,-0.03125,-0.03125,-0.03125]",5.290702743059529,0.4375,0.4375
GR_REC_v1_probe,think,prod,2,MULTI_EXACT,"[8.0,8.25,8.0,0.0]","[0.5532910353830912,0.6246834270454256,0.5532910353830912,-1.731265497811608]","[0.2421875,0.2734375,0.2421875,-0.7578125]","[0.2421875,0.2734375,0.2421875,-0.7578125]",3.462530995623216,1.515625,1.515625
GR_REC_v1_probe,nothink,prod,2,ALL_ZERO,"[0.0,0.0,0.0,0.0,0.0,0.0,0.0,0.0]","[0.0,0.0,0.0,0.0,0.0,0.0,0.0,0.0]","[0.0,0.0,0.0,0.0,0.0,0.0,0.0,0.0]","[0.0,0.0,0.0,0.0,0.0,0.0,0.0,0.0]",0.0,0.0,0.0
GR_REC_v1_probe,think,ad,2,ALL_ZERO,"[0.0,0.0,0.0,0.0]","[0.0,0.0,0.0,0.0]","[0.0,0.0,0.0,0.0]","[0.0,0.0,0.0,0.0]",0.0,0.0,0.0
GR_REC_v1_probe,nothink,ad,2,ALL_ZERO,"[0.0,0.0,0.0,0.0,0.0,0.0,0.0,0.0]","[0.0,0.0,0.0,0.0,0.0,0.0,0.0,0.0]","[0.0,0.0,0.0,0.0,0.0,0.0,0.0,0.0]","[0.0,0.0,0.0,0.0,0.0,0.0,0.0,0.0]",0.0,0.0,0.0
GR_REC_v1_probe,think,video,20,MIXED_HIGH,"[8.4375,8.4375,3.1875,2.375]","[0.9948460066944426,0.9948460066944426,-0.8519399504841911,-1.137752062904694]","[0.353515625,0.353515625,-0.302734375,-0.404296875]","[0.353515625,0.353515625,-0.302734375,-0.404296875]",3.97938402677777,1.4140625,1.4140625
GR_REC_v1_probe,nothink,video,20,AB_SIGNAL,"[0.5,0.5,0.0,2.0,0.5,0.5,2.0,0.0]","[-0.3332888948140248,-0.3332888948140248,-0.9998666844420744,1.666444474070124,-0.3332888948140248,-0.3332888948140248,1.666444474070124,-0.9998666844420744]","[-0.03125,-0.03125,-0.09375,0.15625,-0.03125,-0.03125,0.15625,-0.09375]","[-0.03125,-0.03125,-0.09375,0.15625,-0.03125,-0.03125,0.15625,-0.09375]",6.665777896280495,0.625,0.625
GR_REC_v1_probe,think,living,2,A_ONLY,"[0.0,0.5,0.0,0.0]","[-0.577083725634154,1.7312511769024619,-0.577083725634154,-0.577083725634154]","[-0.015625,0.046875,-0.015625,-0.015625]","[-0.015625,0.046875,-0.015625,-0.015625]",3.462502353804924,0.09375,0.09375
GR_REC_v1_probe,nothink,living,2,A_ONLY,"[0.0,0.0,0.5,0.0,0.0,0.0,0.0,0.0]","[-0.3777360397241218,-0.3777360397241218,2.6441522780688524,-0.3777360397241218,-0.3777360397241218,-0.3777360397241218,-0.3777360397241218,-0.3777360397241218]","[-0.0078125,-0.0078125,0.0546875,-0.0078125,-0.0078125,-0.0078125,-0.0078125,-0.0078125]","[-0.0078125,-0.0078125,0.0546875,-0.0078125,-0.0078125,-0.0078125,-0.0078125,-0.0078125]",5.288304556137704,0.109375,0.109375
GR_REC_v1_probe,think,prod,2,MULTI_EXACT,"[8.25,8.0,0.0,8.0]","[0.6246834270454256,0.5532910353830912,-1.731265497811608,0.5532910353830912]","[0.2734375,0.2421875,-0.7578125,0.2421875]","[0.2734375,0.2421875,-0.7578125,0.2421875]",3.462530995623216,1.515625,1.515625
GR_REC_v1_probe,nothink,prod,2,SINGLE_EXACT,"[0.0,8.0,0.0,0.0,0.0,0.0,0.0,0.0]","[-0.3779501878348703,2.645651314844092,-0.3779501878348703,-0.3779501878348703,-0.3779501878348703,-0.3779501878348703,-0.3779501878348703,-0.3779501878348703]","[-0.125,0.875,-0.125,-0.125,-0.125,-0.125,-0.125,-0.125]","[-0.125,0.875,-0.125,-0.125,-0.125,-0.125,-0.125,-0.125]",5.291302629688184,1.75,1.75
GR_REC_v1_probe,think,ad,2,ALL_ZERO,"[0.0,0.0,0.0,0.0]","[0.0,0.0,0.0,0.0]","[0.0,0.0,0.0,0.0]","[0.0,0.0,0.0,0.0]",0.0,0.0,0.0
GR_REC_v1_probe,nothink,ad,2,A_ONLY,"[0.0,0.0,0.0,0.0,0.0,0.5,0.0,0.0]","[-0.3777360397241218,-0.3777360397241218,-0.3777360397241218,-0.3777360397241218,-0.3777360397241218,2.6441522780688524,-0.3777360397241218,-0.3777360397241218]","[-0.0078125,-0.0078125,-0.0078125,-0.0078125,-0.0078125,0.0546875,-0.0078125,-0.0078125]","[-0.0078125,-0.0078125,-0.0078125,-0.0078125,-0.0078125,0.0546875,-0.0078125,-0.0078125]",5.288304556137704,0.109375,0.109375
GR_REC_v1_probe,think,video,20,MIXED_HIGH,"[8.4375,8.4375,8.4375,9.1875]","[-0.577172546136356,-0.577172546136356,-0.577172546136356,1.7315176384090682]","[0.0546875,0.0546875,0.0546875,0.1484375]","[0.0,0.0,0.0,0.0703125]",3.463035276818136,0.3125,0.0703125
GR_REC_v1_probe,nothink,video,20,A_ONLY,"[0.5,0.5,0.0,0.0,0.5,0.5,0.5,0.5]","[0.577083725634154,0.577083725634154,-1.7312511769024619,-1.7312511769024619,0.577083725634154,0.577083725634154,0.577083725634154,0.577083725634154]","[0.015625,0.015625,-0.046875,-0.046875,0.015625,0.015625,0.015625,0.015625]","[0.015625,0.015625,-0.046875,-0.046875,0.015625,0.015625,0.015625,0.015625]",6.925004707609847,0.1875,0.1875
GR_REC_v1_probe,think,living,2,ALL_ZERO,"[0.0,0.0,0.0,0.0]","[0.0,0.0,0.0,0.0]","[0.0,0.0,0.0,0.0]","[0.0,0.0,0.0,0.0]",0.0,0.0,0.0
GR_REC_v1_probe,nothink,living,2,ALL_ZERO,"[0.0,0.0,0.0,0.0,0.0,0.0,0.0,0.0]","[0.0,0.0,0.0,0.0,0.0,0.0,0.0,0.0]","[0.0,0.0,0.0,0.0,0.0,0.0,0.0,0.0]","[0.0,0.0,0.0,0.0,0.0,0.0,0.0,0.0]",0.0,0.0,0.0
GR_REC_v1_probe,think,prod,2,MIXED_HIGH,"[8.25,8.25,8.25,8.0]","[0.5768174280738311,0.5768174280738311,0.5768174280738311,-1.730452284221493]","[0.03125,0.03125,0.03125,0.0]","[0.0078125,0.0078125,0.0078125,0.0]",3.460904568442986,0.09375,0.0234375
GR_REC_v1_probe,nothink,prod,2,ALL_ZERO,"[0.0,0.0,0.0,0.0,0.0,0.0,0.0,0.0]","[0.0,0.0,0.0,0.0,0.0,0.0,0.0,0.0]","[0.0,0.0,0.0,0.0,0.0,0.0,0.0,0.0]","[0.0,0.0,0.0,0.0,0.0,0.0,0.0,0.0]",0.0,0.0,0.0
GR_REC_v1_probe,think,ad,2,A_ONLY,"[0.5,0.0,0.0,0.0]","[1.7312511769024619,-0.577083725634154,-0.577083725634154,-0.577083725634154]","[0.046875,-0.015625,-0.015625,-0.015625]","[0.046875,-0.015625,-0.015625,-0.015625]",3.462502353804924,0.09375,0.09375
GR_REC_v1_probe,nothink,ad,2,ALL_ZERO,"[0.0,0.0,0.0,0.0,0.0,0.0,0.0,0.0]","[0.0,0.0,0.0,0.0,0.0,0.0,0.0,0.0]","[0.0,0.0,0.0,0.0,0.0,0.0,0.0,0.0]","[0.0,0.0,0.0,0.0,0.0,0.0,0.0,0.0]",0.0,0.0,0.0
GR_REC_v1_probe,think,video,20,MIXED_HIGH,"[3.1875,2.4375,8.4375,9.1875]","[-0.8682144251255827,-1.1162756894471777,0.8682144251255827,1.1162756894471777]","[-0.328125,-0.421875,0.328125,0.421875]","[-0.328125,-0.421875,0.328125,0.421875]",3.9689802291455205,1.5,1.5
GR_REC_v1_probe,nothink,video,20,AB_SIGNAL,"[2.0,2.0,2.0,0.5,2.0,0.5,0.5,0.0]","[0.982588787055004,0.982588787055004,0.982588787055004,-0.8314212813542341,0.982588787055004,-0.8314212813542341,-0.8314212813542341,-1.4360913041573133]","[0.1015625,0.1015625,0.1015625,-0.0859375,0.1015625,-0.0859375,-0.0859375,-0.1484375]","[0.1015625,0.1015625,0.1015625,-0.0859375,0.1015625,-0.0859375,-0.0859375,-0.1484375]",7.860710296440031,0.8125,0.8125
GR_REC_v1_probe,think,living,2,ALL_ZERO,"[0.0,0.0,0.0,0.0]","[0.0,0.0,0.0,0.0]","[0.0,0.0,0.0,0.0]","[0.0,0.0,0.0,0.0]",0.0,0.0,0.0
GR_REC_v1_probe,nothink,living,2,ALL_ZERO,"[0.0,0.0,0.0,0.0,0.0,0.0,0.0,0.0]","[0.0,0.0,0.0,0.0,0.0,0.0,0.0,0.0]","[0.0,0.0,0.0,0.0,0.0,0.0,0.0,0.0]","[0.0,0.0,0.0,0.0,0.0,0.0,0.0,0.0]",0.0,0.0,0.0
GR_REC_v1_probe,think,prod,2,MIXED_HIGH,"[8.25,8.25,8.25,8.25]","[0.0,0.0,0.0,0.0]","[0.03125,0.03125,0.03125,0.03125]","[0.0,0.0,0.0,0.0]",0.0,0.125,0.0
GR_REC_v1_probe,nothink,prod,2,ALL_ZERO,"[0.0,0.0,0.0,0.0,0.0,0.0,0.0,0.0]","[0.0,0.0,0.0,0.0,0.0,0.0,0.0,0.0]","[0.0,0.0,0.0,0.0,0.0,0.0,0.0,0.0]","[0.0,0.0,0.0,0.0,0.0,0.0,0.0,0.0]",0.0,0.0,0.0
GR_REC_v1_probe,think,ad,2,ALL_ZERO,"[0.0,0.0,0.0,0.0]","[0.0,0.0,0.0,0.0]","[0.0,0.0,0.0,0.0]","[0.0,0.0,0.0,0.0]",0.0,0.0,0.0
GR_REC_v1_probe,nothink,ad,2,A_ONLY,"[0.0,0.5,0.0,0.0,0.0,0.0,0.0,0.0]","[-0.3777360397241218,2.6441522780688524,-0.3777360397241218,-0.3777360397241218,-0.3777360397241218,-0.3777360397241218,-0.3777360397241218,-0.3777360397241218]","[-0.0078125,0.0546875,-0.0078125,-0.0078125,-0.0078125,-0.0078125,-0.0078125,-0.0078125]","[-0.0078125,0.0546875,-0.0078125,-0.0078125,-0.0078125,-0.0078125,-0.0078125,-0.0078125]",5.288304556137704,0.109375,0.109375
GR_REC_v1_probe,think,video,20,MIXED_HIGH,"[8.4375,2.4375,8.4375,8.4375]","[0.5773280478227043,-1.731984143468113,0.5773280478227043,0.5773280478227043]","[0.1875,-0.5625,0.1875,0.1875]","[0.1875,-0.5625,0.1875,0.1875]",3.4639682869362263,1.125,1.125
GR_REC_v1_probe,nothink,video,20,AB_SIGNAL,"[0.0,2.0,2.0,2.0,0.0,2.0,0.5,2.0]","[-1.4594385976080393,0.7644678368423063,0.7644678368423063,0.7644678368423063,-1.4594385976080393,0.7644678368423063,-0.9034619889954529,0.7644678368423063]","[-0.1640625,0.0859375,0.0859375,0.0859375,-0.1640625,0.0859375,-0.1015625,0.0859375]","[-0.1640625,0.0859375,0.0859375,0.0859375,-0.1640625,0.0859375,-0.1015625,0.0859375]",7.644678368423063,0.859375,0.859375
GR_REC_v1_probe,think,living,2,ALL_ZERO,"[0.0,0.0,0.0,0.0]","[0.0,0.0,0.0,0.0]","[0.0,0.0,0.0,0.0]","[0.0,0.0,0.0,0.0]",0.0,0.0,0.0
GR_REC_v1_probe,nothink,living,2,ALL_ZERO,"[0.0,0.0,0.0,0.0,0.0,0.0,0.0,0.0]","[0.0,0.0,0.0,0.0,0.0,0.0,0.0,0.0]","[0.0,0.0,0.0,0.0,0.0,0.0,0.0,0.0]","[0.0,0.0,0.0,0.0,0.0,0.0,0.0,0.0]",0.0,0.0,0.0
GR_REC_v1_probe,think,prod,2,MULTI_EXACT,"[8.0,8.0,8.25,8.25]","[-0.9992006394884093,-0.9992006394884093,0.9992006394884093,0.9992006394884093]","[0.0,0.0,0.03125,0.03125]","[0.0,0.0,0.015625,0.015625]",3.9968025579536373,0.0625,0.03125
GR_REC_v1_probe,nothink,prod,2,ALL_ZERO,"[0.0,0.0,0.0,0.0,0.0,0.0,0.0,0.0]","[0.0,0.0,0.0,0.0,0.0,0.0,0.0,0.0]","[0.0,0.0,0.0,0.0,0.0,0.0,0.0,0.0]","[0.0,0.0,0.0,0.0,0.0,0.0,0.0,0.0]",0.0,0.0,0.0
GR_REC_v1_probe,think,ad,2,ALL_ZERO,"[0.0,0.0,0.0,0.0]","[0.0,0.0,0.0,0.0]","[0.0,0.0,0.0,0.0]","[0.0,0.0,0.0,0.0]",0.0,0.0,0.0
GR_REC_v1_probe,nothink,ad,2,ALL_ZERO,"[0.0,0.0,0.0,0.0,0.0,0.0,0.0,0.0]","[0.0,0.0,0.0,0.0,0.0,0.0,0.0,0.0]","[0.0,0.0,0.0,0.0,0.0,0.0,0.0,0.0]","[0.0,0.0,0.0,0.0,0.0,0.0,0.0,0.0]",0.0,0.0,0.0
GR_REC_v1_probe,think,video,20,MIXED_HIGH,"[2.4375,8.4375,8.4375,2.4375]","[-0.9999666677777407,0.9999666677777407,0.9999666677777407,-0.9999666677777407]","[-0.375,0.375,0.375,-0.375]","[-0.375,0.375,0.375,-0.375]",3.9998666711109627,1.5,1.5
GR_REC_v1_probe,nothink,video,20,AB_SIGNAL,"[2.0,0.0,0.5,0.0,0.5,0.0,0.5,0.0]","[2.4629349071108626,-0.6896217739910415,0.09851739628443451,-0.6896217739910415,0.09851739628443451,-0.6896217739910415,0.09851739628443451,-0.6896217739910415]","[0.1953125,-0.0546875,0.0078125,-0.0546875,0.0078125,-0.0546875,0.0078125,-0.0546875]","[0.1953125,-0.0546875,0.0078125,-0.0546875,0.0078125,-0.0546875,0.0078125,-0.0546875]",5.516974191928333,0.4375,0.4375
GR_REC_v1_probe,think,living,2,ALL_ZERO,"[0.0,0.0,0.0,0.0]","[0.0,0.0,0.0,0.0]","[0.0,0.0,0.0,0.0]","[0.0,0.0,0.0,0.0]",0.0,0.0,0.0
GR_REC_v1_probe,nothink,living,2,ALL_ZERO,"[0.0,0.0,0.0,0.0,0.0,0.0,0.0,0.0]","[0.0,0.0,0.0,0.0,0.0,0.0,0.0,0.0]","[0.0,0.0,0.0,0.0,0.0,0.0,0.0,0.0]","[0.0,0.0,0.0,0.0,0.0,0.0,0.0,0.0]",0.0,0.0,0.0
GR_REC_v1_probe,think,prod,2,MULTI_EXACT,"[8.25,8.0,8.25,8.0]","[0.9992006394884093,-0.9992006394884093,0.9992006394884093,-0.9992006394884093]","[0.03125,0.0,0.03125,0.0]","[0.015625,0.0,0.015625,0.0]",3.9968025579536373,0.0625,0.03125
GR_REC_v1_probe,nothink,prod,2,ALL_ZERO,"[0.0,0.0,0.0,0.0,0.0,0.0,0.0,0.0]","[0.0,0.0,0.0,0.0,0.0,0.0,0.0,0.0]","[0.0,0.0,0.0,0.0,0.0,0.0,0.0,0.0]","[0.0,0.0,0.0,0.0,0.0,0.0,0.0,0.0]",0.0,0.0,0.0
GR_REC_v1_probe,think,ad,2,ALL_ZERO,"[0.0,0.0,0.0,0.0]","[0.0,0.0,0.0,0.0]","[0.0,0.0,0.0,0.0]","[0.0,0.0,0.0,0.0]",0.0,0.0,0.0
GR_REC_v1_probe,nothink,ad,2,ALL_ZERO,"[0.0,0.0,0.0,0.0,0.0,0.0,0.0,0.0]","[0.0,0.0,0.0,0.0,0.0,0.0,0.0,0.0]","[0.0,0.0,0.0,0.0,0.0,0.0,0.0,0.0]","[0.0,0.0,0.0,0.0,0.0,0.0,0.0,0.0]",0.0,0.0,0.0
DSR_Simple_training,nothink,living,2,OTHER,"[0.0,-0.25,-0.25,0.0,-0.25,-0.25,-0.25,-0.25]","[1.730452284221493,-0.5768174280738311,-0.5768174280738311,1.730452284221493,-0.5768174280738311,-0.5768174280738311,-0.5768174280738311,-0.5768174280738311]","[0.0234375,-0.0078125,-0.0078125,0.0234375,-0.0078125,-0.0078125,-0.0078125,-0.0078125]","[0.0234375,-0.0078125,-0.0078125,0.0234375,-0.0078125,-0.0078125,-0.0078125,-0.0078125]",6.9218091368859715,0.09375,0.09375
DSR_Simple_training,nothink,prod,2,OTHER,"[-0.25,-0.25,0.0,0.0,0.0,-0.25,-0.25,0.0]","[-0.9992006394884093,-0.9992006394884093,0.9992006394884093,0.9992006394884093,0.9992006394884093,-0.9992006394884093,-0.9992006394884093,0.9992006394884093]","[-0.015625,-0.015625,0.015625,0.015625,0.015625,-0.015625,-0.015625,0.015625]","[-0.015625,-0.015625,0.015625,0.015625,0.015625,-0.015625,-0.015625,0.015625]",7.993605115907274,0.125,0.125
DSR_Simple_training,nothink,ad,2,OTHER,"[-0.25,-0.25,-0.25,-0.25,-0.25,-0.25,-0.25,-0.25]","[0.0,0.0,0.0,0.0,0.0,0.0,0.0,0.0]","[0.0,0.0,0.0,0.0,0.0,0.0,0.0,0.0]","[0.0,0.0,0.0,0.0,0.0,0.0,0.0,0.0]",0.0,0.0,0.0
DSR_Simple_training,nothink,ad,2,A_ONLY,"[-0.25,-0.25,0.0,0.5,-0.25,0.0,0.0,-0.25]","[-0.7742768013847241,-0.7742768013847241,0.2580922671282414,2.3228304041541725,-0.7742768013847241,0.2580922671282414,0.2580922671282414,-0.7742768013847241]","[-0.0234375,-0.0234375,0.0078125,0.0703125,-0.0234375,0.0078125,0.0078125,-0.0234375]","[-0.0234375,-0.0234375,0.0078125,0.0703125,-0.0234375,0.0078125,0.0078125,-0.0234375]",6.194214411077795,0.1875,0.1875
DSR_Simple_training,nothink,ad,2,OTHER,"[-0.25,-0.25,-0.25,0.0,0.0,0.0,0.0,-0.25]","[-0.9992006394884093,-0.9992006394884093,-0.9992006394884093,0.9992006394884093,0.9992006394884093,0.9992006394884093,0.9992006394884093,-0.9992006394884093]","[-0.015625,-0.015625,-0.015625,0.015625,0.015625,0.015625,0.015625,-0.015625]","[-0.015625,-0.015625,-0.015625,0.015625,0.015625,0.015625,0.015625,-0.015625]",7.993605115907274,0.125,0.125
DSR_Simple_training,nothink,video,18,ALL_ZERO,"[0.0,0.0,0.0,0.0,0.0,0.0,0.0,0.0]","[0.0,0.0,0.0,0.0,0.0,0.0,0.0,0.0]","[0.0,0.0,0.0,0.0,0.0,0.0,0.0,0.0]","[0.0,0.0,0.0,0.0,0.0,0.0,0.0,0.0]",0.0,0.0,0.0
DSR_Simple_training,nothink,ad,2,OTHER,"[-0.25,-0.25,-0.25,0.0,-0.25,0.0,0.0,-0.25]","[-0.7739571975962636,-0.7739571975962636,-0.7739571975962636,1.2899286626604392,-0.7739571975962636,1.2899286626604392,1.2899286626604392,-0.7739571975962636]","[-0.01171875,-0.01171875,-0.01171875,0.01953125,-0.01171875,0.01953125,0.01953125,-0.01171875]","[-0.01171875,-0.01171875,-0.01171875,0.01953125,-0.01171875,0.01953125,0.01953125,-0.01171875]",7.739571975962635,0.1171875,0.1171875
DSR_Simple_training,nothink,living,2,OTHER,"[0.0,0.0,0.0,0.0,0.0,0.0,-0.25,0.0]","[0.3775078823921866,0.3775078823921866,0.3775078823921866,0.3775078823921866,0.3775078823921866,0.3775078823921866,-2.642555176745306,0.3775078823921866]","[0.00390625,0.00390625,0.00390625,0.00390625,0.00390625,0.00390625,-0.02734375,0.00390625]","[0.00390625,0.00390625,0.00390625,0.00390625,0.00390625,0.00390625,-0.02734375,0.00390625]",5.285110353490611,0.0546875,0.0546875
DSR_Simple_training,nothink,prod,3,OTHER,"[0.0,-0.25,-0.25,-0.25,-0.25,-0.25,-0.25,-0.25]","[2.642555176745306,-0.3775078823921866,-0.3775078823921866,-0.3775078823921866,-0.3775078823921866,-0.3775078823921866,-0.3775078823921866,-0.3775078823921866]","[0.02734375,-0.00390625,-0.00390625,-0.00390625,-0.00390625,-0.00390625,-0.00390625,-0.00390625]","[0.02734375,-0.00390625,-0.00390625,-0.00390625,-0.00390625,-0.00390625,-0.00390625,-0.00390625]",5.285110353490611,0.0546875,0.0546875
DSR_Simple_training,nothink,video,15,A_ONLY,"[0.5,0.5,0.0,0.5,0.0,0.0,-0.25,0.5]","[0.9645703604022968,0.9645703604022968,-0.7502213914240087,0.9645703604022968,-0.7502213914240087,-0.7502213914240087,-1.6076172673371614,0.9645703604022968]","[0.03515625,0.03515625,-0.02734375,0.03515625,-0.02734375,-0.02734375,-0.05859375,0.03515625]","[0.03515625,0.03515625,-0.02734375,0.03515625,-0.02734375,-0.02734375,-0.05859375,0.03515625]",7.716562883218375,0.28125,0.28125
DSR_Simple_training,nothink,living,2,A_ONLY,"[-0.25,-0.25,0.5,-0.25,-0.25,-0.25,-0.25,-0.25]","[-0.37781215346631375,-0.37781215346631375,2.6446850742641965,-0.37781215346631375,-0.37781215346631375,-0.37781215346631375,-0.37781215346631375,-0.37781215346631375]","[-0.01171875,-0.01171875,0.08203125,-0.01171875,-0.01171875,-0.01171875,-0.01171875,-0.01171875]","[-0.01171875,-0.01171875,0.08203125,-0.01171875,-0.01171875,-0.01171875,-0.01171875,-0.01171875]",5.289370148528393,0.1640625,0.1640625
DSR_Simple_training,nothink,prod,2,OTHER,"[0.0,-0.25,0.0,0.0,-0.25,0.0,0.0,-0.25]","[0.7739571975962636,-1.2899286626604392,0.7739571975962636,0.7739571975962636,-1.2899286626604392,0.7739571975962636,0.7739571975962636,-1.2899286626604392]","[0.01171875,-0.01953125,0.01171875,0.01171875,-0.01953125,0.01171875,0.01171875,-0.01953125]","[0.01171875,-0.01953125,0.01171875,0.01171875,-0.01953125,0.01171875,0.01171875,-0.01953125]",7.739571975962636,0.1171875,0.1171875
DSR_Simple_training,nothink,ad,2,AB_SIGNAL,"[-0.25,0.0,0.0,2.0,0.0,0.0,0.5,-0.25]","[-0.718317997130439,-0.3591589985652195,-0.3591589985652195,2.514112989956536,-0.3591589985652195,-0.3591589985652195,0.3591589985652195,-0.718317997130439]","[-0.0625,-0.03125,-0.03125,0.21875,-0.03125,-0.03125,0.03125,-0.0625]","[-0.0625,-0.03125,-0.03125,0.21875,-0.03125,-0.03125,0.03125,-0.0625]",5.746543977043512,0.5,0.5
DSR_Simple_training,nothink,prod,2,OTHER,"[0.0,0.0,0.0,0.0,0.0,0.0,-0.25,0.0]","[0.3775078823921866,0.3775078823921866,0.3775078823921866,0.3775078823921866,0.3775078823921866,0.3775078823921866,-2.642555176745306,0.3775078823921866]","[0.00390625,0.00390625,0.00390625,0.00390625,0.00390625,0.00390625,-0.02734375,0.00390625]","[0.00390625,0.00390625,0.00390625,0.00390625,0.00390625,0.00390625,-0.02734375,0.00390625]",5.285110353490611,0.0546875,0.0546875
DSR_Simple_training,nothink,prod,2,ALL_ZERO,"[0.0,0.0,0.0,0.0,0.0,0.0,0.0,0.0]","[0.0,0.0,0.0,0.0,0.0,0.0,0.0,0.0]","[0.0,0.0,0.0,0.0,0.0,0.0,0.0,0.0]","[0.0,0.0,0.0,0.0,0.0,0.0,0.0,0.0]",0.0,0.0,0.0
DSR_Simple_training,nothink,video,20,A_ONLY,"[0.0,0.5,0.0,-0.25,0.0,0.0,0.0,0.0]","[-0.16004614454540816,2.4006921681811226,-0.16004614454540816,-1.4404153009086735,-0.16004614454540816,-0.16004614454540816,-0.16004614454540816,-0.16004614454540816]","[-0.00390625,0.05859375,-0.00390625,-0.03515625,-0.00390625,-0.00390625,-0.00390625,-0.00390625]","[-0.00390625,0.05859375,-0.00390625,-0.03515625,-0.00390625,-0.00390625,-0.00390625,-0.00390625]",4.801384336362244,0.1171875,0.1171875
DSR_Simple_training,nothink,ad,2,A_ONLY,"[0.5,0.0,0.0,0.0,0.0,0.0,0.5,0.5]","[1.290461335641207,-0.7742768013847241,-0.7742768013847241,-0.7742768013847241,-0.7742768013847241,-0.7742768013847241,1.290461335641207,1.290461335641207]","[0.0390625,-0.0234375,-0.0234375,-0.0234375,-0.0234375,-0.0234375,0.0390625,0.0390625]","[0.0390625,-0.0234375,-0.0234375,-0.0234375,-0.0234375,-0.0234375,0.0390625,0.0390625]",7.742768013847242,0.234375,0.234375
DSR_Simple_training,nothink,video,20,A_ONLY,"[0.0,0.0,0.0,0.0,0.5,-0.25,0.0,0.0]","[-0.16004614454540816,-0.16004614454540816,-0.16004614454540816,-0.16004614454540816,2.4006921681811226,-1.4404153009086735,-0.16004614454540816,-0.16004614454540816]","[-0.00390625,-0.00390625,-0.00390625,-0.00390625,0.05859375,-0.03515625,-0.00390625,-0.00390625]","[-0.00390625,-0.00390625,-0.00390625,-0.00390625,0.05859375,-0.03515625,-0.00390625,-0.00390625]",4.801384336362245,0.1171875,0.1171875
DSR_Simple_training,nothink,video,20,AB_SIGNAL,"[0.5,0.0,0.5,0.5,0.5,0.5,2.0,0.5]","[-0.22937363633367372,-1.1468681816683686,-0.22937363633367372,-0.22937363633367372,-0.22937363633367372,-0.22937363633367372,2.5231099996704107,-0.22937363633367372]","[-0.015625,-0.078125,-0.015625,-0.015625,-0.015625,-0.015625,0.171875,-0.015625]","[-0.015625,-0.078125,-0.015625,-0.015625,-0.015625,-0.015625,0.171875,-0.015625]",5.046219999340821,0.34375,0.34375
DSR_Simple_training,nothink,living,2,A_ONLY,"[0.0,0.5,-0.25,-0.25,0.0,0.5,-0.25,0.0]","[-0.10717448448914409,1.6076172673371614,-0.9645703604022968,-0.9645703604022968,-0.10717448448914409,1.6076172673371614,-0.9645703604022968,-0.10717448448914409]","[-0.00390625,0.05859375,-0.03515625,-0.03515625,-0.00390625,0.05859375,-0.03515625,-0.00390625]","[-0.00390625,0.05859375,-0.03515625,-0.03515625,-0.00390625,0.05859375,-0.03515625,-0.00390625]",6.4304690693486455,0.234375,0.234375
DSR_Simple_training,nothink,video,16,A_ONLY,"[0.0,0.0,0.5,0.5,0.0,0.0,0.5,0.0]","[-0.7742768013847241,-0.7742768013847241,1.290461335641207,1.290461335641207,-0.7742768013847241,-0.7742768013847241,1.290461335641207,-0.7742768013847241]","[-0.0234375,-0.0234375,0.0390625,0.0390625,-0.0234375,-0.0234375,0.0390625,-0.0234375]","[-0.0234375,-0.0234375,0.0390625,0.0390625,-0.0234375,-0.0234375,0.0390625,-0.0234375]",7.742768013847242,0.234375,0.234375
DSR_Simple_training,nothink,ad,2,OTHER,"[0.0,0.0,-0.25,0.0,0.0,-0.25,-0.25,0.0]","[0.7739571975962636,0.7739571975962636,-1.2899286626604392,0.7739571975962636,0.7739571975962636,-1.2899286626604392,-1.2899286626604392,0.7739571975962636]","[0.01171875,0.01171875,-0.01953125,0.01171875,0.01171875,-0.01953125,-0.01953125,0.01171875]","[0.01171875,0.01171875,-0.01953125,0.01171875,0.01171875,-0.01953125,-0.01953125,0.01171875]",7.739571975962635,0.1171875,0.1171875
DSR_Simple_training,nothink,living,2,OTHER,"[0.0,0.0,0.0,0.0,-0.25,0.0,0.0,0.0]","[0.3775078823921866,0.3775078823921866,0.3775078823921866,0.3775078823921866,-2.642555176745306,0.3775078823921866,0.3775078823921866,0.3775078823921866]","[0.00390625,0.00390625,0.00390625,0.00390625,-0.02734375,0.00390625,0.00390625,0.00390625]","[0.00390625,0.00390625,0.00390625,0.00390625,-0.02734375,0.00390625,0.00390625,0.00390625]",5.285110353490611,0.0546875,0.0546875
DSR_Simple_training,nothink,living,2,A_ONLY,"[-0.25,0.0,0.0,0.0,0.0,0.0,0.5,-0.25]","[-1.154167451268308,0.0,0.0,0.0,0.0,0.0,2.308334902536616,-1.154167451268308]","[-0.03125,0.0,0.0,0.0,0.0,0.0,0.0625,-0.03125]","[-0.03125,0.0,0.0,0.0,0.0,0.0,0.0625,-0.03125]",4.616669805073232,0.125,0.125
DSR_Simple_training,nothink,living,2,A_ONLY,"[0.0,0.0,0.0,0.0,0.5,0.0,0.0,0.0]","[-0.3777360397241218,-0.3777360397241218,-0.3777360397241218,-0.3777360397241218,2.6441522780688524,-0.3777360397241218,-0.3777360397241218,-0.3777360397241218]","[-0.0078125,-0.0078125,-0.0078125,-0.0078125,0.0546875,-0.0078125,-0.0078125,-0.0078125]","[-0.0078125,-0.0078125,-0.0078125,-0.0078125,0.0546875,-0.0078125,-0.0078125,-0.0078125]",5.288304556137704,0.109375,0.109375
DSR_Simple_training,nothink,prod,2,A_ONLY,"[0.5,0.0,-0.25,-0.25,0.0,0.0,0.5,-0.25]","[1.6076172673371614,-0.10717448448914409,-0.9645703604022968,-0.9645703604022968,-0.10717448448914409,-0.10717448448914409,1.6076172673371614,-0.9645703604022968]","[0.05859375,-0.00390625,-0.03515625,-0.03515625,-0.00390625,-0.00390625,0.05859375,-0.03515625]","[0.05859375,-0.00390625,-0.03515625,-0.03515625,-0.00390625,-0.00390625,0.05859375,-0.03515625]",6.4304690693486455,0.234375,0.234375
DSR_Simple_training,nothink,living,2,A_ONLY,"[0.5,0.0,0.0,0.0,0.0,0.0,0.0,0.0]","[2.6441522780688524,-0.3777360397241218,-0.3777360397241218,-0.3777360397241218,-0.3777360397241218,-0.3777360397241218,-0.3777360397241218,-0.3777360397241218]","[0.0546875,-0.0078125,-0.0078125,-0.0078125,-0.0078125,-0.0078125,-0.0078125,-0.0078125]","[0.0546875,-0.0078125,-0.0078125,-0.0078125,-0.0078125,-0.0078125,-0.0078125,-0.0078125]",5.288304556137704,0.109375,0.109375
DSR_Simple_training,nothink,ad,2,A_ONLY,"[0.0,-0.25,0.0,0.5,0.5,0.0,0.0,0.0]","[-0.37781215346631375,-1.3853112293764838,-0.37781215346631375,1.6371859983540262,1.6371859983540262,-0.37781215346631375,-0.37781215346631375,-0.37781215346631375]","[-0.01171875,-0.04296875,-0.01171875,0.05078125,0.05078125,-0.01171875,-0.01171875,-0.01171875]","[-0.01171875,-0.04296875,-0.01171875,0.05078125,0.05078125,-0.01171875,-0.01171875,-0.01171875]",6.548743993416105,0.203125,0.203125
DSR_Simple_training,nothink,video,20,A_ONLY,"[-0.25,0.0,0.0,0.0,0.5,0.0,0.5,-0.25]","[-1.1466577712182768,-0.22933155424365537,-0.22933155424365537,-0.22933155424365537,1.6053208797055876,-0.22933155424365537,1.6053208797055876,-1.1466577712182768]","[-0.0390625,-0.0078125,-0.0078125,-0.0078125,0.0546875,-0.0078125,0.0546875,-0.0390625]","[-0.0390625,-0.0078125,-0.0078125,-0.0078125,0.0546875,-0.0078125,0.0546875,-0.0390625]",6.42128351882235,0.21875,0.21875
DSR_Simple_training,nothink,prod,2,A_ONLY,"[0.0,0.0,0.0,0.0,0.0,0.5,0.0,0.0]","[-0.3777360397241218,-0.3777360397241218,-0.3777360397241218,-0.3777360397241218,-0.3777360397241218,2.6441522780688524,-0.3777360397241218,-0.3777360397241218]","[-0.0078125,-0.0078125,-0.0078125,-0.0078125,-0.0078125,0.0546875,-0.0078125,-0.0078125]","[-0.0078125,-0.0078125,-0.0078125,-0.0078125,-0.0078125,0.0546875,-0.0078125,-0.0078125]",5.288304556137704,0.109375,0.109375
DSR_Simple_training,nothink,prod,2,OTHER,"[-0.25,-0.25,0.0,0.0,0.0,0.0,-0.25,0.0]","[-1.2899286626604392,-1.2899286626604392,0.7739571975962636,0.7739571975962636,0.7739571975962636,0.7739571975962636,-1.2899286626604392,0.7739571975962636]","[-0.01953125,-0.01953125,0.01171875,0.01171875,0.01171875,0.01171875,-0.01953125,0.01171875]","[-0.01953125,-0.01953125,0.01171875,0.01171875,0.01171875,0.01171875,-0.01953125,0.01171875]",7.739571975962635,0.1171875,0.1171875
DSR_Simple_training,nothink,prod,2,ALL_ZERO,"[0.0,0.0,0.0,0.0,0.0,0.0,0.0,0.0]","[0.0,0.0,0.0,0.0,0.0,0.0,0.0,0.0]","[0.0,0.0,0.0,0.0,0.0,0.0,0.0,0.0]","[0.0,0.0,0.0,0.0,0.0,0.0,0.0,0.0]",0.0,0.0,0.0
DSR_Simple_training,nothink,ad,2,OTHER,"[0.0,0.0,0.0,-0.25,-0.25,-0.25,0.0,0.0]","[0.7739571975962636,0.7739571975962636,0.7739571975962636,-1.2899286626604392,-1.2899286626604392,-1.2899286626604392,0.7739571975962636,0.7739571975962636]","[0.01171875,0.01171875,0.01171875,-0.01953125,-0.01953125,-0.01953125,0.01171875,0.01171875]","[0.01171875,0.01171875,0.01171875,-0.01953125,-0.01953125,-0.01953125,0.01171875,0.01171875]",7.739571975962635,0.1171875,0.1171875
DSR_Simple_training,nothink,video,20,A_ONLY,"[0.5,-0.25,-0.25,-0.25,0.0,-0.25,0.5,0.0]","[1.632460002651186,-0.816230001325593,-0.816230001325593,-0.816230001325593,0.0,-0.816230001325593,1.632460002651186,0.0]","[0.0625,-0.03125,-0.03125,-0.03125,0.0,-0.03125,0.0625,0.0]","[0.0625,-0.03125,-0.03125,-0.03125,0.0,-0.03125,0.0625,0.0]",6.529840010604744,0.25,0.25
DSR_Simple_training,nothink,video,14,A_ONLY,"[0.0,0.0,0.0,0.0,0.0,0.0,0.0,0.5]","[-0.3777360397241218,-0.3777360397241218,-0.3777360397241218,-0.3777360397241218,-0.3777360397241218,-0.3777360397241218,-0.3777360397241218,2.6441522780688524]","[-0.0078125,-0.0078125,-0.0078125,-0.0078125,-0.0078125,-0.0078125,-0.0078125,0.0546875]","[-0.0078125,-0.0078125,-0.0078125,-0.0078125,-0.0078125,-0.0078125,-0.0078125,0.0546875]",5.288304556137705,0.109375,0.109375
DSR_Simple_training,nothink,ad,2,OTHER,"[0.0,0.0,0.0,-0.25,0.0,0.0,0.0,0.0]","[0.3775078823921866,0.3775078823921866,0.3775078823921866,-2.642555176745306,0.3775078823921866,0.3775078823921866,0.3775078823921866,0.3775078823921866]","[0.00390625,0.00390625,0.00390625,-0.02734375,0.00390625,0.00390625,0.00390625,0.00390625]","[0.00390625,0.00390625,0.00390625,-0.02734375,0.00390625,0.00390625,0.00390625,0.00390625]",5.285110353490612,0.0546875,0.0546875
DSR_Simple_training,nothink,prod,2,OTHER,"[0.0,0.0,0.0,0.0,0.0,-0.25,0.0,-0.25]","[0.5768174280738311,0.5768174280738311,0.5768174280738311,0.5768174280738311,0.5768174280738311,-1.730452284221493,0.5768174280738311,-1.730452284221493]","[0.0078125,0.0078125,0.0078125,0.0078125,0.0078125,-0.0234375,0.0078125,-0.0234375]","[0.0078125,0.0078125,0.0078125,0.0078125,0.0078125,-0.0234375,0.0078125,-0.0234375]",6.921809136885972,0.09375,0.09375
DSR_Simple_training,nothink,video,12,OTHER,"[-0.25,0.0,-0.25,0.0,0.0,-0.25,0.0,0.0]","[-1.2899286626604392,0.7739571975962636,-1.2899286626604392,0.7739571975962636,0.7739571975962636,-1.2899286626604392,0.7739571975962636,0.7739571975962636]","[-0.01953125,0.01171875,-0.01953125,0.01171875,0.01171875,-0.01953125,0.01171875,0.01171875]","[-0.01953125,0.01171875,-0.01953125,0.01171875,0.01171875,-0.01953125,0.01171875,0.01171875]",7.739571975962635,0.1171875,0.1171875
DSR_Simple_training,nothink,ad,2,A_ONLY,"[0.5,-0.25,0.5,0.0,0.5,0.5,-0.25,0.0]","[0.9619542435605934,-1.3467359409848307,0.9619542435605934,-0.577172546136356,0.9619542435605934,0.9619542435605934,-1.3467359409848307,-0.577172546136356]","[0.0390625,-0.0546875,0.0390625,-0.0234375,0.0390625,0.0390625,-0.0546875,-0.0234375]","[0.0390625,-0.0546875,0.0390625,-0.0234375,0.0390625,0.0390625,-0.0546875,-0.0234375]",7.695633948484747,0.3125,0.3125
DSR_Simple_training,nothink,ad,2,OTHER,"[0.0,0.0,0.0,-0.25,-0.25,0.0,0.0,0.0]","[0.5768174280738311,0.5768174280738311,0.5768174280738311,-1.730452284221493,-1.730452284221493,0.5768174280738311,0.5768174280738311,0.5768174280738311]","[0.0078125,0.0078125,0.0078125,-0.0234375,-0.0234375,0.0078125,0.0078125,0.0078125]","[0.0078125,0.0078125,0.0078125,-0.0234375,-0.0234375,0.0078125,0.0078125,0.0078125]",6.9218091368859715,0.09375,0.09375
DSR_Simple_training,nothink,video,11,OTHER,"[0.0,0.0,-0.25,0.0,-0.25,0.0,0.0,0.0]","[0.5768174280738311,0.5768174280738311,-1.730452284221493,0.5768174280738311,-1.730452284221493,0.5768174280738311,0.5768174280738311,0.5768174280738311]","[0.0078125,0.0078125,-0.0234375,0.0078125,-0.0234375,0.0078125,0.0078125,0.0078125]","[0.0078125,0.0078125,-0.0234375,0.0078125,-0.0234375,0.0078125,0.0078125,0.0078125]",6.921809136885972,0.09375,0.09375
DSR_Simple_training,nothink,video,20,AB_SIGNAL,"[0.0,2.0,-0.25,0.0,-0.25,-0.25,2.0,0.0]","[-0.4384317958808362,1.7200016607632804,-0.7082359779613507,-0.4384317958808362,-0.7082359779613507,-0.7082359779613507,1.7200016607632804,-0.4384317958808362]","[-0.05078125,0.19921875,-0.08203125,-0.05078125,-0.08203125,-0.08203125,0.19921875,-0.05078125]","[-0.05078125,0.19921875,-0.08203125,-0.05078125,-0.08203125,-0.08203125,0.19921875,-0.05078125]",6.880006643053122,0.796875,0.796875
DSR_Simple_training,nothink,video,14,A_ONLY,"[0.5,0.0,0.0,0.0,0.0,-0.25,-0.25,0.0]","[2.308334902536616,0.0,0.0,0.0,0.0,-1.154167451268308,-1.154167451268308,0.0]","[0.0625,0.0,0.0,0.0,0.0,-0.03125,-0.03125,0.0]","[0.0625,0.0,0.0,0.0,0.0,-0.03125,-0.03125,0.0]",4.616669805073232,0.125,0.125
DSR_Simple_training,nothink,video,14,SINGLE_EXACT,"[0.5,0.5,0.5,0.0,8.0,0.0,0.5,0.0]","[-0.2927585937592397,-0.2927585937592397,-0.2927585937592397,-0.4879309895987328,2.6348273438331575,-0.4879309895987328,-0.2927585937592397,-0.4879309895987328]","[-0.09375,-0.09375,-0.09375,-0.15625,0.84375,-0.15625,-0.09375,-0.15625]","[-0.09375,-0.09375,-0.09375,-0.15625,0.84375,-0.15625,-0.09375,-0.15625]",5.269654687666316,1.6875,1.6875
DSR_Simple_training,nothink,living,3,AB_SIGNAL,"[-0.25,-0.25,0.0,0.0,2.0,0.0,0.0,-0.25]","[-0.5750047442855946,-0.5750047442855946,-0.2211556708790748,-0.2211556708790748,2.609636916373083,-0.2211556708790748,-0.2211556708790748,-0.5750047442855946]","[-0.05078125,-0.05078125,-0.01953125,-0.01953125,0.23046875,-0.01953125,-0.01953125,-0.05078125]","[-0.05078125,-0.05078125,-0.01953125,-0.01953125,0.23046875,-0.01953125,-0.01953125,-0.05078125]",5.219273832746165,0.4609375,0.4609375
DSR_Simple_training,nothink,video,14,A_ONLY,"[-0.25,-0.25,0.0,-0.25,0.5,0.0,0.0,0.5]","[-0.9645703604022968,-0.9645703604022968,-0.10717448448914409,-0.9645703604022968,1.6076172673371614,-0.10717448448914409,-0.10717448448914409,1.6076172673371614]","[-0.03515625,-0.03515625,-0.00390625,-0.03515625,0.05859375,-0.00390625,-0.00390625,0.05859375]","[-0.03515625,-0.03515625,-0.00390625,-0.03515625,0.05859375,-0.00390625,-0.00390625,0.05859375]",6.430469069348646,0.234375,0.234375
DSR_Simple_training,nothink,video,12,A_ONLY,"[0.5,-0.25,0.5,0.5,0.5,-0.25,0.5,0.5]","[0.577172546136356,-1.7315176384090682,0.577172546136356,0.577172546136356,0.577172546136356,-1.7315176384090682,0.577172546136356,0.577172546136356]","[0.0234375,-0.0703125,0.0234375,0.0234375,0.0234375,-0.0703125,0.0234375,0.0234375]","[0.0234375,-0.0703125,0.0234375,0.0234375,0.0234375,-0.0703125,0.0234375,0.0234375]",6.926070553636272,0.28125,0.28125
DSR_Simple_training,nothink,ad,3,A_ONLY,"[0.0,-0.25,-0.25,0.0,0.0,0.0,0.0,0.5]","[0.0,-1.154167451268308,-1.154167451268308,0.0,0.0,0.0,0.0,2.308334902536616]","[0.0,-0.03125,-0.03125,0.0,0.0,0.0,0.0,0.0625]","[0.0,-0.03125,-0.03125,0.0,0.0,0.0,0.0,0.0625]",4.616669805073232,0.125,0.125
DSR_Simple_training,nothink,ad,2,A_ONLY,"[0.0,0.0,0.0,0.0,0.0,0.0,0.0,0.5]","[-0.3777360397241218,-0.3777360397241218,-0.3777360397241218,-0.3777360397241218,-0.3777360397241218,-0.3777360397241218,-0.3777360397241218,2.6441522780688524]","[-0.0078125,-0.0078125,-0.0078125,-0.0078125,-0.0078125,-0.0078125,-0.0078125,0.0546875]","[-0.0078125,-0.0078125,-0.0078125,-0.0078125,-0.0078125,-0.0078125,-0.0078125,0.0546875]",5.288304556137705,0.109375,0.109375
DSR_Simple_training,nothink,ad,2,A_ONLY,"[0.0,0.5,0.0,0.0,0.0,0.0,0.0,0.0]","[-0.3777360397241218,2.6441522780688524,-0.3777360397241218,-0.3777360397241218,-0.3777360397241218,-0.3777360397241218,-0.3777360397241218,-0.3777360397241218]","[-0.0078125,0.0546875,-0.0078125,-0.0078125,-0.0078125,-0.0078125,-0.0078125,-0.0078125]","[-0.0078125,0.0546875,-0.0078125,-0.0078125,-0.0078125,-0.0078125,-0.0078125,-0.0078125]",5.288304556137704,0.109375,0.109375
DSR_Simple_training,nothink,ad,4,A_ONLY,"[0.0,0.0,0.5,0.5,0.5,0.5,0.5,0.5]","[-1.7312511769024619,-1.7312511769024619,0.577083725634154,0.577083725634154,0.577083725634154,0.577083725634154,0.577083725634154,0.577083725634154]","[-0.046875,-0.046875,0.015625,0.015625,0.015625,0.015625,0.015625,0.015625]","[-0.046875,-0.046875,0.015625,0.015625,0.015625,0.015625,0.015625,0.015625]",6.925004707609846,0.1875,0.1875
DSR_Simple_training,nothink,video,15,ALL_ZERO,"[0.0,0.0,0.0,0.0,0.0,0.0,0.0,0.0]","[0.0,0.0,0.0,0.0,0.0,0.0,0.0,0.0]","[0.0,0.0,0.0,0.0,0.0,0.0,0.0,0.0]","[0.0,0.0,0.0,0.0,0.0,0.0,0.0,0.0]",0.0,0.0,0.0
DSR_Simple_training,nothink,prod,2,OTHER,"[-0.25,-0.25,-0.25,-0.25,-0.25,-0.25,-0.25,-0.25]","[0.0,0.0,0.0,0.0,0.0,0.0,0.0,0.0]","[0.0,0.0,0.0,0.0,0.0,0.0,0.0,0.0]","[0.0,0.0,0.0,0.0,0.0,0.0,0.0,0.0]",0.0,0.0,0.0
DSR_Simple_training,nothink,prod,2,A_ONLY,"[0.0,-0.25,0.0,0.5,0.5,0.0,-0.25,0.0]","[-0.22933155424365537,-1.1466577712182768,-0.22933155424365537,1.6053208797055876,1.6053208797055876,-0.22933155424365537,-1.1466577712182768,-0.22933155424365537]","[-0.0078125,-0.0390625,-0.0078125,0.0546875,0.0546875,-0.0078125,-0.0390625,-0.0078125]","[-0.0078125,-0.0390625,-0.0078125,0.0546875,0.0546875,-0.0078125,-0.0390625,-0.0078125]",6.421283518822351,0.21875,0.21875
DSR_Simple_training,nothink,living,2,A_ONLY,"[0.0,0.0,0.5,0.0,-0.25,0.0,0.0,0.0]","[-0.16004614454540816,-0.16004614454540816,2.4006921681811226,-0.16004614454540816,-1.4404153009086735,-0.16004614454540816,-0.16004614454540816,-0.16004614454540816]","[-0.00390625,-0.00390625,0.05859375,-0.00390625,-0.03515625,-0.00390625,-0.00390625,-0.00390625]","[-0.00390625,-0.00390625,0.05859375,-0.00390625,-0.03515625,-0.00390625,-0.00390625,-0.00390625]",4.801384336362244,0.1171875,0.1171875
DSR_Simple_training,nothink,living,2,OTHER,"[-0.25,0.0,-0.25,0.0,0.0,-0.25,0.0,-0.25]","[-0.9992006394884093,0.9992006394884093,-0.9992006394884093,0.9992006394884093,0.9992006394884093,-0.9992006394884093,0.9992006394884093,-0.9992006394884093]","[-0.015625,0.015625,-0.015625,0.015625,0.015625,-0.015625,0.015625,-0.015625]","[-0.015625,0.015625,-0.015625,0.015625,0.015625,-0.015625,0.015625,-0.015625]",7.993605115907274,0.125,0.125
DSR_Simple_training,nothink,video,17,ALL_ZERO,"[0.0,0.0,0.0,0.0,0.0,0.0,0.0,0.0]","[0.0,0.0,0.0,0.0,0.0,0.0,0.0,0.0]","[0.0,0.0,0.0,0.0,0.0,0.0,0.0,0.0]","[0.0,0.0,0.0,0.0,0.0,0.0,0.0,0.0]",0.0,0.0,0.0
DSR_Simple_training,nothink,video,20,A_ONLY,"[-0.25,0.5,0.0,0.0,0.5,0.5,0.5,0.0]","[-1.6076172673371614,0.9645703604022968,-0.7502213914240087,-0.7502213914240087,0.9645703604022968,0.9645703604022968,0.9645703604022968,-0.7502213914240087]","[-0.05859375,0.03515625,-0.02734375,-0.02734375,0.03515625,0.03515625,0.03515625,-0.02734375]","[-0.05859375,0.03515625,-0.02734375,-0.02734375,0.03515625,0.03515625,0.03515625,-0.02734375]",7.716562883218374,0.28125,0.28125
DSR_Simple_training,nothink,ad,2,A_ONLY,"[-0.25,0.0,-0.25,0.5,-0.25,-0.25,-0.25,-0.25]","[-0.4998000799680128,0.4998000799680128,-0.4998000799680128,2.4990003998400643,-0.4998000799680128,-0.4998000799680128,-0.4998000799680128,-0.4998000799680128]","[-0.015625,0.015625,-0.015625,0.078125,-0.015625,-0.015625,-0.015625,-0.015625]","[-0.015625,0.015625,-0.015625,0.078125,-0.015625,-0.015625,-0.015625,-0.015625]",5.997600959616155,0.1875,0.1875
DSR_Simple_training,nothink,prod,2,ALL_ZERO,"[0.0,0.0,0.0,0.0,0.0,0.0,0.0,0.0]","[0.0,0.0,0.0,0.0,0.0,0.0,0.0,0.0]","[0.0,0.0,0.0,0.0,0.0,0.0,0.0,0.0]","[0.0,0.0,0.0,0.0,0.0,0.0,0.0,0.0]",0.0,0.0,0.0
DSR_Simple_training,nothink,video,15,A_ONLY,"[0.5,0.0,0.0,0.5,0.0,0.0,0.5,0.5]","[0.9996001599360256,-0.9996001599360256,-0.9996001599360256,0.9996001599360256,-0.9996001599360256,-0.9996001599360256,0.9996001599360256,0.9996001599360256]","[0.03125,-0.03125,-0.03125,0.03125,-0.03125,-0.03125,0.03125,0.03125]","[0.03125,-0.03125,-0.03125,0.03125,-0.03125,-0.03125,0.03125,0.03125]",7.996801279488204,0.25,0.25
DSR_Simple_training,nothink,video,12,A_ONLY,"[0.0,0.0,0.0,0.5,0.0,0.5,0.0,0.0]","[-0.577083725634154,-0.577083725634154,-0.577083725634154,1.7312511769024619,-0.577083725634154,1.7312511769024619,-0.577083725634154,-0.577083725634154]","[-0.015625,-0.015625,-0.015625,0.046875,-0.015625,0.046875,-0.015625,-0.015625]","[-0.015625,-0.015625,-0.015625,0.046875,-0.015625,0.046875,-0.015625,-0.015625]",6.925004707609847,0.1875,0.1875
DSR_Simple_training,nothink,ad,2,ALL_ZERO,"[0.0,0.0,0.0,0.0,0.0,0.0,0.0,0.0]","[0.0,0.0,0.0,0.0,0.0,0.0,0.0,0.0]","[0.0,0.0,0.0,0.0,0.0,0.0,0.0,0.0]","[0.0,0.0,0.0,0.0,0.0,0.0,0.0,0.0]",0.0,0.0,0.0
DSR_Simple_training,nothink,prod,3,OTHER,"[0.0,0.0,0.0,0.0,0.0,0.0,-0.25,-0.25]","[0.5768174280738311,0.5768174280738311,0.5768174280738311,0.5768174280738311,0.5768174280738311,0.5768174280738311,-1.730452284221493,-1.730452284221493]","[0.0078125,0.0078125,0.0078125,0.0078125,0.0078125,0.0078125,-0.0234375,-0.0234375]","[0.0078125,0.0078125,0.0078125,0.0078125,0.0078125,0.0078125,-0.0234375,-0.0234375]",6.921809136885973,0.09375,0.09375
DSR_Simple_training,nothink,prod,2,OTHER,"[-0.25,0.0,0.0,0.0,0.0,-0.25,0.0,0.0]","[-1.730452284221493,0.5768174280738311,0.5768174280738311,0.5768174280738311,0.5768174280738311,-1.730452284221493,0.5768174280738311,0.5768174280738311]","[-0.0234375,0.0078125,0.0078125,0.0078125,0.0078125,-0.0234375,0.0078125,0.0078125]","[-0.0234375,0.0078125,0.0078125,0.0078125,0.0078125,-0.0234375,0.0078125,0.0078125]",6.921809136885972,0.09375,0.09375
DSR_Simple_training,nothink,prod,2,OTHER,"[-0.25,-0.25,-0.25,-0.25,-0.25,-0.25,-0.25,-0.25]","[0.0,0.0,0.0,0.0,0.0,0.0,0.0,0.0]","[0.0,0.0,0.0,0.0,0.0,0.0,0.0,0.0]","[0.0,0.0,0.0,0.0,0.0,0.0,0.0,0.0]",0.0,0.0,0.0
DSR_Simple_training,nothink,prod,2,OTHER,"[0.0,0.0,0.0,-0.25,-0.25,0.0,0.0,0.0]","[0.5768174280738311,0.5768174280738311,0.5768174280738311,-1.730452284221493,-1.730452284221493,0.5768174280738311,0.5768174280738311,0.5768174280738311]","[0.0078125,0.0078125,0.0078125,-0.0234375,-0.0234375,0.0078125,0.0078125,0.0078125]","[0.0078125,0.0078125,0.0078125,-0.0234375,-0.0234375,0.0078125,0.0078125,0.0078125]",6.9218091368859715,0.09375,0.09375
DSR_Simple_training,nothink,video,11,A_ONLY,"[0.0,0.0,0.0,0.0,0.0,0.5,0.0,0.0]","[-0.3777360397241218,-0.3777360397241218,-0.3777360397241218,-0.3777360397241218,-0.3777360397241218,2.6441522780688524,-0.3777360397241218,-0.3777360397241218]","[-0.0078125,-0.0078125,-0.0078125,-0.0078125,-0.0078125,0.0546875,-0.0078125,-0.0078125]","[-0.0078125,-0.0078125,-0.0078125,-0.0078125,-0.0078125,0.0546875,-0.0078125,-0.0078125]",5.288304556137704,0.109375,0.109375
DSR_Simple_training,nothink,ad,2,A_ONLY,"[-0.25,-0.25,-0.25,0.0,0.5,-0.25,0.0,-0.25]","[-0.6296869224438563,-0.6296869224438563,-0.6296869224438563,0.37781215346631375,2.3928103052866536,-0.6296869224438563,0.37781215346631375,-0.6296869224438563]","[-0.01953125,-0.01953125,-0.01953125,0.01171875,0.07421875,-0.01953125,0.01171875,-0.01953125]","[-0.01953125,-0.01953125,-0.01953125,0.01171875,0.07421875,-0.01953125,0.01171875,-0.01953125]",6.296869224438562,0.1953125,0.1953125
DSR_Simple_training,nothink,video,12,A_ONLY,"[0.0,-0.25,-0.25,-0.25,0.5,0.0,-0.25,-0.25]","[0.37781215346631375,-0.6296869224438563,-0.6296869224438563,-0.6296869224438563,2.3928103052866536,0.37781215346631375,-0.6296869224438563,-0.6296869224438563]","[0.01171875,-0.01953125,-0.01953125,-0.01953125,0.07421875,0.01171875,-0.01953125,-0.01953125]","[0.01171875,-0.01953125,-0.01953125,-0.01953125,0.07421875,0.01171875,-0.01953125,-0.01953125]",6.296869224438562,0.1953125,0.1953125
DSR_Simple_training,nothink,living,2,OTHER,"[0.0,0.0,-0.25,0.0,-0.25,-0.25,-0.25,-0.25]","[1.2899286626604392,1.2899286626604392,-0.7739571975962636,1.2899286626604392,-0.7739571975962636,-0.7739571975962636,-0.7739571975962636,-0.7739571975962636]","[0.01953125,0.01953125,-0.01171875,0.01953125,-0.01171875,-0.01171875,-0.01171875,-0.01171875]","[0.01953125,0.01953125,-0.01171875,0.01953125,-0.01171875,-0.01171875,-0.01171875,-0.01171875]",7.739571975962637,0.1171875,0.1171875
DSR_Simple_training,nothink,prod,6,MULTI_EXACT,"[0.0,8.0,-0.25,8.0,8.0,0.5,0.5,8.0]","[-1.0461670007732267,0.998250954936285,-1.110055061889149,0.998250954936285,0.998250954936285,-0.9183908785413822,-0.9183908785413822,0.998250954936285]","[-0.51171875,0.48828125,-0.54296875,0.48828125,0.48828125,-0.44921875,-0.44921875,0.48828125]","[-0.51171875,0.48828125,-0.54296875,0.48828125,0.48828125,-0.44921875,-0.44921875,0.48828125]",7.986007639490281,3.90625,3.90625
DSR_Simple_training,nothink,video,19,A_ONLY,"[0.0,0.0,0.5,0.0,0.0,0.0,0.0,0.0]","[-0.3777360397241218,-0.3777360397241218,2.6441522780688524,-0.3777360397241218,-0.3777360397241218,-0.3777360397241218,-0.3777360397241218,-0.3777360397241218]","[-0.0078125,-0.0078125,0.0546875,-0.0078125,-0.0078125,-0.0078125,-0.0078125,-0.0078125]","[-0.0078125,-0.0078125,0.0546875,-0.0078125,-0.0078125,-0.0078125,-0.0078125,-0.0078125]",5.288304556137704,0.109375,0.109375
DSR_Simple_training,nothink,prod,2,A_ONLY,"[0.0,0.0,-0.25,0.0,0.5,-0.25,-0.25,0.0]","[0.13478181576839013,0.13478181576839013,-0.9434727103787308,0.13478181576839013,2.291290868062632,-0.9434727103787308,-0.9434727103787308,0.13478181576839013]","[0.00390625,0.00390625,-0.02734375,0.00390625,0.06640625,-0.02734375,-0.02734375,0.00390625]","[0.00390625,0.00390625,-0.02734375,0.00390625,0.06640625,-0.02734375,-0.02734375,0.00390625]",5.660836262272385,0.1640625,0.1640625
DSR_Simple_training,nothink,video,20,A_ONLY,"[0.5,0.0,0.5,0.0,0.0,0.0,0.0,0.5]","[1.290461335641207,-0.7742768013847241,1.290461335641207,-0.7742768013847241,-0.7742768013847241,-0.7742768013847241,-0.7742768013847241,1.290461335641207]","[0.0390625,-0.0234375,0.0390625,-0.0234375,-0.0234375,-0.0234375,-0.0234375,0.0390625]","[0.0390625,-0.0234375,0.0390625,-0.0234375,-0.0234375,-0.0234375,-0.0234375,0.0390625]",7.742768013847242,0.234375,0.234375
DSR_Simple_training,nothink,video,14,AB_SIGNAL,"[2.0,0.0,0.0,0.0,0.0,0.0,0.5,0.0]","[2.562337458437909,-0.47450693674776084,-0.47450693674776084,-0.47450693674776084,-0.47450693674776084,-0.47450693674776084,0.2847041620486565,-0.47450693674776084]","[0.2109375,-0.0390625,-0.0390625,-0.0390625,-0.0390625,-0.0390625,0.0234375,-0.0390625]","[0.2109375,-0.0390625,-0.0390625,-0.0390625,-0.0390625,-0.0390625,0.0234375,-0.0390625]",5.694083240973131,0.46875,0.46875
DSR_Simple_training,nothink,ad,3,SINGLE_EXACT,"[0.0,0.5,0.0,0.0,0.0,8.0,0.0,0.5]","[-0.43150042024755897,-0.2397224556930883,-0.43150042024755897,-0.43150042024755897,-0.43150042024755897,2.6369470126239714,-0.43150042024755897,-0.2397224556930883]","[-0.140625,-0.078125,-0.140625,-0.140625,-0.140625,0.859375,-0.140625,-0.078125]","[-0.140625,-0.078125,-0.140625,-0.140625,-0.140625,0.859375,-0.140625,-0.078125]",5.273894025247943,1.71875,1.71875
DSR_Simple_training,nothink,video,12,A_ONLY,"[-0.25,0.5,-0.25,-0.25,0.0,0.0,0.0,-0.25]","[-0.7742768013847241,2.3228304041541725,-0.7742768013847241,-0.7742768013847241,0.2580922671282414,0.2580922671282414,0.2580922671282414,-0.7742768013847241]","[-0.0234375,0.0703125,-0.0234375,-0.0234375,0.0078125,0.0078125,0.0078125,-0.0234375]","[-0.0234375,0.0703125,-0.0234375,-0.0234375,0.0078125,0.0078125,0.0078125,-0.0234375]",6.194214411077795,0.1875,0.1875
DSR_Simple_training,nothink,ad,2,ALL_ZERO,"[0.0,0.0,0.0,0.0,0.0,0.0,0.0,0.0]","[0.0,0.0,0.0,0.0,0.0,0.0,0.0,0.0]","[0.0,0.0,0.0,0.0,0.0,0.0,0.0,0.0]","[0.0,0.0,0.0,0.0,0.0,0.0,0.0,0.0]",0.0,0.0,0.0
DSR_Simple_training,nothink,prod,2,A_ONLY,"[0.0,-0.25,-0.25,0.0,-0.25,0.5,0.0,0.0]","[0.13478181576839013,-0.9434727103787308,-0.9434727103787308,0.13478181576839013,-0.9434727103787308,2.291290868062632,0.13478181576839013,0.13478181576839013]","[0.00390625,-0.02734375,-0.02734375,0.00390625,-0.02734375,0.06640625,0.00390625,0.00390625]","[0.00390625,-0.02734375,-0.02734375,0.00390625,-0.02734375,0.06640625,0.00390625,0.00390625]",5.660836262272385,0.1640625,0.1640625
DSR_Simple_training,nothink,prod,2,OTHER,"[0.0,0.0,0.0,0.0,-0.25,0.0,0.0,-0.25]","[0.5768174280738311,0.5768174280738311,0.5768174280738311,0.5768174280738311,-1.730452284221493,0.5768174280738311,0.5768174280738311,-1.730452284221493]","[0.0078125,0.0078125,0.0078125,0.0078125,-0.0234375,0.0078125,0.0078125,-0.0234375]","[0.0078125,0.0078125,0.0078125,0.0078125,-0.0234375,0.0078125,0.0078125,-0.0234375]",6.9218091368859715,0.09375,0.09375
DSR_Simple_training,nothink,prod,2,ALL_ZERO,"[0.0,0.0,0.0,0.0,0.0,0.0,0.0,0.0]","[0.0,0.0,0.0,0.0,0.0,0.0,0.0,0.0]","[0.0,0.0,0.0,0.0,0.0,0.0,0.0,0.0]","[0.0,0.0,0.0,0.0,0.0,0.0,0.0,0.0]",0.0,0.0,0.0
DSR_Simple_training,nothink,prod,2,OTHER,"[0.0,0.0,0.0,-0.25,0.0,0.0,0.0,-0.25]","[0.5768174280738311,0.5768174280738311,0.5768174280738311,-1.730452284221493,0.5768174280738311,0.5768174280738311,0.5768174280738311,-1.730452284221493]","[0.0078125,0.0078125,0.0078125,-0.0234375,0.0078125,0.0078125,0.0078125,-0.0234375]","[0.0078125,0.0078125,0.0078125,-0.0234375,0.0078125,0.0078125,0.0078125,-0.0234375]",6.9218091368859715,0.09375,0.09375
DSR_Simple_training,nothink,video,12,OTHER,"[0.0,-0.25,0.0,-0.25,0.0,-0.25,-0.25,0.0]","[0.9992006394884093,-0.9992006394884093,0.9992006394884093,-0.9992006394884093,0.9992006394884093,-0.9992006394884093,-0.9992006394884093,0.9992006394884093]","[0.015625,-0.015625,0.015625,-0.015625,0.015625,-0.015625,-0.015625,0.015625]","[0.015625,-0.015625,0.015625,-0.015625,0.015625,-0.015625,-0.015625,0.015625]",7.993605115907274,0.125,0.125
DSR_Simple_training,nothink,ad,2,OTHER,"[0.0,0.0,0.0,-0.25,0.0,0.0,0.0,0.0]","[0.3775078823921866,0.3775078823921866,0.3775078823921866,-2.642555176745306,0.3775078823921866,0.3775078823921866,0.3775078823921866,0.3775078823921866]","[0.00390625,0.00390625,0.00390625,-0.02734375,0.00390625,0.00390625,0.00390625,0.00390625]","[0.00390625,0.00390625,0.00390625,-0.02734375,0.00390625,0.00390625,0.00390625,0.00390625]",5.285110353490612,0.0546875,0.0546875
DSR_Simple_training,nothink,ad,6,A_ONLY,"[0.0,0.0,0.0,0.0,-0.25,0.0,0.5,0.0]","[-0.16004614454540816,-0.16004614454540816,-0.16004614454540816,-0.16004614454540816,-1.4404153009086735,-0.16004614454540816,2.4006921681811226,-0.16004614454540816]","[-0.00390625,-0.00390625,-0.00390625,-0.00390625,-0.03515625,-0.00390625,0.05859375,-0.00390625]","[-0.00390625,-0.00390625,-0.00390625,-0.00390625,-0.03515625,-0.00390625,0.05859375,-0.00390625]",4.801384336362245,0.1171875,0.1171875
DSR_Simple_training,nothink,ad,2,OTHER,"[0.0,0.0,0.0,0.0,0.0,0.0,-0.25,0.0]","[0.3775078823921866,0.3775078823921866,0.3775078823921866,0.3775078823921866,0.3775078823921866,0.3775078823921866,-2.642555176745306,0.3775078823921866]","[0.00390625,0.00390625,0.00390625,0.00390625,0.00390625,0.00390625,-0.02734375,0.00390625]","[0.00390625,0.00390625,0.00390625,0.00390625,0.00390625,0.00390625,-0.02734375,0.00390625]",5.285110353490611,0.0546875,0.0546875
DSR_Simple_training,nothink,prod,2,A_ONLY,"[0.5,-0.25,0.0,0.5,-0.25,0.5,0.5,0.5]","[0.755700443682495,-1.51140088736499,-0.755700443682495,0.755700443682495,-1.51140088736499,0.755700443682495,0.755700443682495,0.755700443682495]","[0.03125,-0.0625,-0.03125,0.03125,-0.0625,0.03125,0.03125,0.03125]","[0.03125,-0.0625,-0.03125,0.03125,-0.0625,0.03125,0.03125,0.03125]",7.557004436824951,0.3125,0.3125
DSR_Simple_training,nothink,prod,2,OTHER,"[-0.25,-0.25,-0.25,-0.25,-0.25,0.0,-0.25,0.0]","[-0.5768174280738311,-0.5768174280738311,-0.5768174280738311,-0.5768174280738311,-0.5768174280738311,1.730452284221493,-0.5768174280738311,1.730452284221493]","[-0.0078125,-0.0078125,-0.0078125,-0.0078125,-0.0078125,0.0234375,-0.0078125,0.0234375]","[-0.0078125,-0.0078125,-0.0078125,-0.0078125,-0.0078125,0.0234375,-0.0078125,0.0234375]",6.921809136885972,0.09375,0.09375
DSR_Simple_training,nothink,ad,3,SINGLE_EXACT,"[-0.25,0.0,0.0,0.5,0.5,0.5,8.0,0.5]","[-0.569643489982637,-0.4726828959430392,-0.4726828959430392,-0.27876170786384363,-0.27876170786384363,-0.27876170786384363,2.63005611332409,-0.27876170786384363]","[-0.18359375,-0.15234375,-0.15234375,-0.08984375,-0.08984375,-0.08984375,0.84765625,-0.08984375]","[-0.18359375,-0.15234375,-0.15234375,-0.08984375,-0.08984375,-0.08984375,0.84765625,-0.08984375]",5.26011222664818,1.6953125,1.6953125
DSR_Simple_training,nothink,prod,2,A_ONLY,"[0.0,0.0,0.0,0.0,0.5,0.0,0.0,0.0]","[-0.3777360397241218,-0.3777360397241218,-0.3777360397241218,-0.3777360397241218,2.6441522780688524,-0.3777360397241218,-0.3777360397241218,-0.3777360397241218]","[-0.0078125,-0.0078125,-0.0078125,-0.0078125,0.0546875,-0.0078125,-0.0078125,-0.0078125]","[-0.0078125,-0.0078125,-0.0078125,-0.0078125,0.0546875,-0.0078125,-0.0078125,-0.0078125]",5.288304556137704,0.109375,0.109375
DSR_Simple_training,nothink,ad,2,OTHER,"[-0.25,0.0,0.0,0.0,0.0,0.0,0.0,0.0]","[-2.642555176745306,0.3775078823921866,0.3775078823921866,0.3775078823921866,0.3775078823921866,0.3775078823921866,0.3775078823921866,0.3775078823921866]","[-0.02734375,0.00390625,0.00390625,0.00390625,0.00390625,0.00390625,0.00390625,0.00390625]","[-0.02734375,0.00390625,0.00390625,0.00390625,0.00390625,0.00390625,0.00390625,0.00390625]",5.285110353490611,0.0546875,0.0546875
DSR_Simple_training,nothink,video,14,ALL_ZERO,"[0.0,0.0,0.0,0.0,0.0,0.0,0.0,0.0]","[0.0,0.0,0.0,0.0,0.0,0.0,0.0,0.0]","[0.0,0.0,0.0,0.0,0.0,0.0,0.0,0.0]","[0.0,0.0,0.0,0.0,0.0,0.0,0.0,0.0]",0.0,0.0,0.0
DSR_Simple_training,nothink,ad,5,MULTI_EXACT,"[-0.25,8.0,0.0,-0.25,-0.25,2.0,8.0,0.0]","[-0.6982793400620402,1.6958212544363833,-0.6257308371984516,-0.6982793400620402,-0.6982793400620402,-0.04534281428974287,1.6958212544363833,-0.6257308371984516]","[-0.30078125,0.73046875,-0.26953125,-0.30078125,-0.30078125,-0.01953125,0.73046875,-0.26953125]","[-0.30078125,0.73046875,-0.26953125,-0.30078125,-0.30078125,-0.01953125,0.73046875,-0.26953125]",6.783285017745534,2.921875,2.921875
DSR_Simple_training,nothink,prod,2,A_ONLY,"[0.0,0.0,0.0,0.0,0.5,0.0,0.0,0.5]","[-0.577083725634154,-0.577083725634154,-0.577083725634154,-0.577083725634154,1.7312511769024619,-0.577083725634154,-0.577083725634154,1.7312511769024619]","[-0.015625,-0.015625,-0.015625,-0.015625,0.046875,-0.015625,-0.015625,0.046875]","[-0.015625,-0.015625,-0.015625,-0.015625,0.046875,-0.015625,-0.015625,0.046875]",6.925004707609847,0.1875,0.1875
DSR_Simple_training,nothink,prod,2,ALL_ZERO,"[0.0,0.0,0.0,0.0,0.0,0.0,0.0,0.0]","[0.0,0.0,0.0,0.0,0.0,0.0,0.0,0.0]","[0.0,0.0,0.0,0.0,0.0,0.0,0.0,0.0]","[0.0,0.0,0.0,0.0,0.0,0.0,0.0,0.0]",0.0,0.0,0.0
DSR_Simple_training,nothink,video,16,A_ONLY,"[0.5,0.5,0.0,0.5,0.0,0.5,0.0,0.0]","[0.9996001599360256,0.9996001599360256,-0.9996001599360256,0.9996001599360256,-0.9996001599360256,0.9996001599360256,-0.9996001599360256,-0.9996001599360256]","[0.03125,0.03125,-0.03125,0.03125,-0.03125,0.03125,-0.03125,-0.03125]","[0.03125,0.03125,-0.03125,0.03125,-0.03125,0.03125,-0.03125,-0.03125]",7.996801279488204,0.25,0.25
DSR_Simple_training,nothink,ad,3,ALL_ZERO,"[0.0,0.0,0.0,0.0,0.0,0.0,0.0,0.0]","[0.0,0.0,0.0,0.0,0.0,0.0,0.0,0.0]","[0.0,0.0,0.0,0.0,0.0,0.0,0.0,0.0]","[0.0,0.0,0.0,0.0,0.0,0.0,0.0,0.0]",0.0,0.0,0.0
DSR_Simple_training,nothink,video,15,A_ONLY,"[0.0,0.5,-0.25,0.0,0.0,0.0,0.0,0.0]","[-0.16004614454540816,2.4006921681811226,-1.4404153009086735,-0.16004614454540816,-0.16004614454540816,-0.16004614454540816,-0.16004614454540816,-0.16004614454540816]","[-0.00390625,0.05859375,-0.03515625,-0.00390625,-0.00390625,-0.00390625,-0.00390625,-0.00390625]","[-0.00390625,0.05859375,-0.03515625,-0.00390625,-0.00390625,-0.00390625,-0.00390625,-0.00390625]",4.801384336362244,0.1171875,0.1171875
DSR_Simple_training,nothink,video,14,OTHER,"[0.0,0.0,-0.25,0.0,0.0,0.0,0.0,0.0]","[0.3775078823921866,0.3775078823921866,-2.642555176745306,0.3775078823921866,0.3775078823921866,0.3775078823921866,0.3775078823921866,0.3775078823921866]","[0.00390625,0.00390625,-0.02734375,0.00390625,0.00390625,0.00390625,0.00390625,0.00390625]","[0.00390625,0.00390625,-0.02734375,0.00390625,0.00390625,0.00390625,0.00390625,0.00390625]",5.285110353490611,0.0546875,0.0546875
DSR_Simple_training,nothink,ad,2,ALL_ZERO,"[0.0,0.0,0.0,0.0,0.0,0.0,0.0,0.0]","[0.0,0.0,0.0,0.0,0.0,0.0,0.0,0.0]","[0.0,0.0,0.0,0.0,0.0,0.0,0.0,0.0]","[0.0,0.0,0.0,0.0,0.0,0.0,0.0,0.0]",0.0,0.0,0.0
DSR_Simple_training,nothink,prod,2,ALL_ZERO,"[0.0,0.0,0.0,0.0,0.0,0.0,0.0,0.0]","[0.0,0.0,0.0,0.0,0.0,0.0,0.0,0.0]","[0.0,0.0,0.0,0.0,0.0,0.0,0.0,0.0]","[0.0,0.0,0.0,0.0,0.0,0.0,0.0,0.0]",0.0,0.0,0.0
DSR_Simple_training,nothink,living,2,AB_SIGNAL,"[0.0,0.5,0.0,2.0,2.0,0.0,0.0,0.0]","[-0.6652204646403417,-0.07391338496003796,-0.6652204646403417,1.7000078540808734,1.7000078540808734,-0.6652204646403417,-0.6652204646403417,-0.6652204646403417]","[-0.0703125,-0.0078125,-0.0703125,0.1796875,0.1796875,-0.0703125,-0.0703125,-0.0703125]","[-0.0703125,-0.0078125,-0.0703125,0.1796875,0.1796875,-0.0703125,-0.0703125,-0.0703125]",6.800031416323494,0.71875,0.71875
DSR_Simple_training,nothink,ad,2,A_ONLY,"[0.0,0.0,0.5,-0.25,0.5,0.0,0.0,0.5]","[-0.5623414917082888,-0.5623414917082888,1.2371512817582355,-1.4620878784415512,1.2371512817582355,-0.5623414917082888,-0.5623414917082888,1.2371512817582355]","[-0.01953125,-0.01953125,0.04296875,-0.05078125,0.04296875,-0.01953125,-0.01953125,0.04296875]","[-0.01953125,-0.01953125,0.04296875,-0.05078125,0.04296875,-0.01953125,-0.01953125,0.04296875]",7.422907690549414,0.2578125,0.2578125
DSR_Simple_training,nothink,video,15,A_ONLY,"[0.0,0.0,0.0,0.0,0.0,0.0,0.0,0.5]","[-0.3777360397241218,-0.3777360397241218,-0.3777360397241218,-0.3777360397241218,-0.3777360397241218,-0.3777360397241218,-0.3777360397241218,2.6441522780688524]","[-0.0078125,-0.0078125,-0.0078125,-0.0078125,-0.0078125,-0.0078125,-0.0078125,0.0546875]","[-0.0078125,-0.0078125,-0.0078125,-0.0078125,-0.0078125,-0.0078125,-0.0078125,0.0546875]",5.288304556137705,0.109375,0.109375
DSR_Simple_training,nothink,video,11,ALL_ZERO,"[0.0,0.0,0.0,0.0,0.0,0.0,0.0,0.0]","[0.0,0.0,0.0,0.0,0.0,0.0,0.0,0.0]","[0.0,0.0,0.0,0.0,0.0,0.0,0.0,0.0]","[0.0,0.0,0.0,0.0,0.0,0.0,0.0,0.0]",0.0,0.0,0.0
DSR_Simple_training,nothink,ad,2,MULTI_EXACT,"[0.0,0.0,0.0,8.0,0.0,0.0,8.0,0.0]","[-0.5773336030040704,-0.5773336030040704,-0.5773336030040704,1.7320008090122112,-0.5773336030040704,-0.5773336030040704,1.7320008090122112,-0.5773336030040704]","[-0.25,-0.25,-0.25,0.75,-0.25,-0.25,0.75,-0.25]","[-0.25,-0.25,-0.25,0.75,-0.25,-0.25,0.75,-0.25]",6.928003236048844,3.0,3.0
DSR_Simple_training,nothink,video,13,OTHER,"[-0.25,-0.25,-0.25,-0.25,-0.25,-0.25,-0.25,-0.25]","[0.0,0.0,0.0,0.0,0.0,0.0,0.0,0.0]","[0.0,0.0,0.0,0.0,0.0,0.0,0.0,0.0]","[0.0,0.0,0.0,0.0,0.0,0.0,0.0,0.0]",0.0,0.0,0.0
DSR_Simple_training,nothink,prod,3,A_ONLY,"[-0.25,0.5,0.0,0.0,0.0,0.0,0.0,-0.25]","[-1.154167451268308,2.308334902536616,0.0,0.0,0.0,0.0,0.0,-1.154167451268308]","[-0.03125,0.0625,0.0,0.0,0.0,0.0,0.0,-0.03125]","[-0.03125,0.0625,0.0,0.0,0.0,0.0,0.0,-0.03125]",4.616669805073232,0.125,0.125
DSR_Simple_training,nothink,living,2,ALL_ZERO,"[0.0,0.0,0.0,0.0,0.0,0.0,0.0,0.0]","[0.0,0.0,0.0,0.0,0.0,0.0,0.0,0.0]","[0.0,0.0,0.0,0.0,0.0,0.0,0.0,0.0]","[0.0,0.0,0.0,0.0,0.0,0.0,0.0,0.0]",0.0,0.0,0.0
DSR_Simple_training,nothink,prod,3,MULTI_EXACT,"[0.0,0.0,8.0,8.0,-0.25,-0.25,0.0,-0.25]","[-0.5415493351147822,-0.5415493351147822,1.7311823007767628,1.7311823007767628,-0.612572198736393,-0.612572198736393,-0.5415493351147822,-0.612572198736393]","[-0.23828125,-0.23828125,0.76171875,0.76171875,-0.26953125,-0.26953125,-0.23828125,-0.26953125]","[-0.23828125,-0.23828125,0.76171875,0.76171875,-0.26953125,-0.26953125,-0.23828125,-0.26953125]",6.92472920310705,3.046875,3.046875
DSR_Simple_training,nothink,video,20,SINGLE_EXACT,"[0.0,0.0,0.5,0.5,0.5,8.0,0.5,-0.25]","[-0.4726828959430392,-0.4726828959430392,-0.27876170786384363,-0.27876170786384363,-0.27876170786384363,2.63005611332409,-0.27876170786384363,-0.569643489982637]","[-0.15234375,-0.15234375,-0.08984375,-0.08984375,-0.08984375,0.84765625,-0.08984375,-0.18359375]","[-0.15234375,-0.15234375,-0.08984375,-0.08984375,-0.08984375,0.84765625,-0.08984375,-0.18359375]",5.260112226648179,1.6953125,1.6953125
DSR_Simple_training,nothink,prod,2,A_ONLY,"[-0.25,0.0,0.0,0.0,0.0,0.5,0.0,0.0]","[-1.4404153009086735,-0.16004614454540816,-0.16004614454540816,-0.16004614454540816,-0.16004614454540816,2.4006921681811226,-0.16004614454540816,-0.16004614454540816]","[-0.03515625,-0.00390625,-0.00390625,-0.00390625,-0.00390625,0.05859375,-0.00390625,-0.00390625]","[-0.03515625,-0.00390625,-0.00390625,-0.00390625,-0.00390625,0.05859375,-0.00390625,-0.00390625]",4.801384336362245,0.1171875,0.1171875
DSR_Simple_training,nothink,living,2,AB_SIGNAL,"[0.0,0.0,2.0,0.0,0.0,0.0,0.0,0.0]","[-0.3779073387899664,-0.3779073387899664,2.6453513715297645,-0.3779073387899664,-0.3779073387899664,-0.3779073387899664,-0.3779073387899664,-0.3779073387899664]","[-0.03125,-0.03125,0.21875,-0.03125,-0.03125,-0.03125,-0.03125,-0.03125]","[-0.03125,-0.03125,0.21875,-0.03125,-0.03125,-0.03125,-0.03125,-0.03125]",5.290702743059529,0.4375,0.4375
DSR_Simple_training,nothink,prod,2,MULTI_EXACT,"[8.0,8.0,0.0,0.0,2.0,0.5,0.5,0.0]","[1.702004816974948,1.702004816974948,-0.7186242560560892,-0.7186242560560892,-0.11346698779832987,-0.5673349389916493,-0.5673349389916493,-0.7186242560560892]","[0.703125,0.703125,-0.296875,-0.296875,-0.046875,-0.234375,-0.234375,-0.296875]","[0.703125,0.703125,-0.296875,-0.296875,-0.046875,-0.234375,-0.234375,-0.296875]",6.808019267899793,2.8125,2.8125
DSR_Simple_training,nothink,video,19,A_ONLY,"[0.5,-0.25,0.0,0.0,0.0,0.5,0.0,0.0]","[1.6371859983540262,-1.3853112293764838,-0.37781215346631375,-0.37781215346631375,-0.37781215346631375,1.6371859983540262,-0.37781215346631375,-0.37781215346631375]","[0.05078125,-0.04296875,-0.01171875,-0.01171875,-0.01171875,0.05078125,-0.01171875,-0.01171875]","[0.05078125,-0.04296875,-0.01171875,-0.01171875,-0.01171875,0.05078125,-0.01171875,-0.01171875]",6.548743993416105,0.203125,0.203125
DSR_Simple_training,nothink,prod,2,ALL_ZERO,"[0.0,0.0,0.0,0.0,0.0,0.0,0.0,0.0]","[0.0,0.0,0.0,0.0,0.0,0.0,0.0,0.0]","[0.0,0.0,0.0,0.0,0.0,0.0,0.0,0.0]","[0.0,0.0,0.0,0.0,0.0,0.0,0.0,0.0]",0.0,0.0,0.0
DSR_Simple_training,nothink,ad,2,A_ONLY,"[0.0,0.0,0.0,0.5,0.0,0.0,0.0,0.0]","[-0.3777360397241218,-0.3777360397241218,-0.3777360397241218,2.6441522780688524,-0.3777360397241218,-0.3777360397241218,-0.3777360397241218,-0.3777360397241218]","[-0.0078125,-0.0078125,-0.0078125,0.0546875,-0.0078125,-0.0078125,-0.0078125,-0.0078125]","[-0.0078125,-0.0078125,-0.0078125,0.0546875,-0.0078125,-0.0078125,-0.0078125,-0.0078125]",5.288304556137703,0.109375,0.109375
DSR_Simple_training,nothink,video,11,A_ONLY,"[0.0,0.5,0.0,0.0,0.0,0.5,0.0,0.0]","[-0.577083725634154,1.7312511769024619,-0.577083725634154,-0.577083725634154,-0.577083725634154,1.7312511769024619,-0.577083725634154,-0.577083725634154]","[-0.015625,0.046875,-0.015625,-0.015625,-0.015625,0.046875,-0.015625,-0.015625]","[-0.015625,0.046875,-0.015625,-0.015625,-0.015625,0.046875,-0.015625,-0.015625]",6.9250047076098475,0.1875,0.1875
DSR_Simple_training,nothink,ad,2,AB_SIGNAL,"[0.0,0.5,0.0,0.0,2.0,-0.25,0.0,0.0]","[-0.4146369723434797,0.32249542293381755,-0.4146369723434797,-0.4146369723434797,2.533892608765709,-0.7832031699821284,-0.4146369723434797,-0.4146369723434797]","[-0.03515625,0.02734375,-0.03515625,-0.03515625,0.21484375,-0.06640625,-0.03515625,-0.03515625]","[-0.03515625,0.02734375,-0.03515625,-0.03515625,0.21484375,-0.06640625,-0.03515625,-0.03515625]",5.712776063399053,0.484375,0.484375
DSR_Simple_training,nothink,video,16,A_ONLY,"[0.0,0.0,0.5,0.0,0.0,0.5,0.0,0.0]","[-0.577083725634154,-0.577083725634154,1.7312511769024619,-0.577083725634154,-0.577083725634154,1.7312511769024619,-0.577083725634154,-0.577083725634154]","[-0.015625,-0.015625,0.046875,-0.015625,-0.015625,0.046875,-0.015625,-0.015625]","[-0.015625,-0.015625,0.046875,-0.015625,-0.015625,0.046875,-0.015625,-0.015625]",6.9250047076098475,0.1875,0.1875
DSR_Simple_training,nothink,prod,2,AB_SIGNAL,"[0.0,2.0,0.0,0.0,0.0,0.0,0.0,0.0]","[-0.3779073387899664,2.6453513715297645,-0.3779073387899664,-0.3779073387899664,-0.3779073387899664,-0.3779073387899664,-0.3779073387899664,-0.3779073387899664]","[-0.03125,0.21875,-0.03125,-0.03125,-0.03125,-0.03125,-0.03125,-0.03125]","[-0.03125,0.21875,-0.03125,-0.03125,-0.03125,-0.03125,-0.03125,-0.03125]",5.290702743059529,0.4375,0.4375
DSR_Simple_training,nothink,video,13,A_ONLY,"[0.0,0.5,0.0,0.5,0.5,0.0,0.0,0.0]","[-0.7742768013847241,1.290461335641207,-0.7742768013847241,1.290461335641207,1.290461335641207,-0.7742768013847241,-0.7742768013847241,-0.7742768013847241]","[-0.0234375,0.0390625,-0.0234375,0.0390625,0.0390625,-0.0234375,-0.0234375,-0.0234375]","[-0.0234375,0.0390625,-0.0234375,0.0390625,0.0390625,-0.0234375,-0.0234375,-0.0234375]",7.742768013847242,0.234375,0.234375
DSR_Simple_training,nothink,video,20,A_ONLY,"[0.5,0.5,0.0,0.5,0.0,0.5,0.5,0.0]","[0.7742768013847241,0.7742768013847241,-1.290461335641207,0.7742768013847241,-1.290461335641207,0.7742768013847241,0.7742768013847241,-1.290461335641207]","[0.0234375,0.0234375,-0.0390625,0.0234375,-0.0390625,0.0234375,0.0234375,-0.0390625]","[0.0234375,0.0234375,-0.0390625,0.0234375,-0.0390625,0.0234375,0.0234375,-0.0390625]",7.7427680138472414,0.234375,0.234375
DSR_Simple_training,nothink,living,2,AB_SIGNAL,"[0.0,0.0,0.5,0.0,0.0,0.0,2.0,-0.25]","[-0.4146369723434797,-0.4146369723434797,0.32249542293381755,-0.4146369723434797,-0.4146369723434797,-0.4146369723434797,2.533892608765709,-0.7832031699821284]","[-0.03515625,-0.03515625,0.02734375,-0.03515625,-0.03515625,-0.03515625,0.21484375,-0.06640625]","[-0.03515625,-0.03515625,0.02734375,-0.03515625,-0.03515625,-0.03515625,0.21484375,-0.06640625]",5.712776063399053,0.484375,0.484375
DSR_Simple_training,nothink,ad,5,SINGLE_EXACT,"[0.0,8.0,0.0,0.0,0.0,0.5,0.5,0.5]","[-0.45931623647797426,2.6350247250578525,-0.45931623647797426,-0.45931623647797426,-0.45931623647797426,-0.2659199263819851,-0.2659199263819851,-0.2659199263819851]","[-0.1484375,0.8515625,-0.1484375,-0.1484375,-0.1484375,-0.0859375,-0.0859375,-0.0859375]","[-0.1484375,0.8515625,-0.1484375,-0.1484375,-0.1484375,-0.0859375,-0.0859375,-0.0859375]",5.270049450115704,1.703125,1.703125
DSR_Simple_training,nothink,ad,5,A_ONLY,"[-0.25,0.5,0.5,0.5,0.5,0.5,0.5,0.0]","[-2.136897668491498,0.5623414917082888,0.5623414917082888,0.5623414917082888,0.5623414917082888,0.5623414917082888,0.5623414917082888,-1.2371512817582355]","[-0.07421875,0.01953125,0.01953125,0.01953125,0.01953125,0.01953125,0.01953125,-0.04296875]","[-0.07421875,0.01953125,0.01953125,0.01953125,0.01953125,0.01953125,0.01953125,-0.04296875]",6.748097900499467,0.234375,0.234375
DSR_Simple_training,nothink,video,20,A_ONLY,"[0.0,0.0,0.0,0.0,0.5,0.0,0.0,0.5]","[-0.577083725634154,-0.577083725634154,-0.577083725634154,-0.577083725634154,1.7312511769024619,-0.577083725634154,-0.577083725634154,1.7312511769024619]","[-0.015625,-0.015625,-0.015625,-0.015625,0.046875,-0.015625,-0.015625,0.046875]","[-0.015625,-0.015625,-0.015625,-0.015625,0.046875,-0.015625,-0.015625,0.046875]",6.925004707609847,0.1875,0.1875
DSR_Simple_training,nothink,prod,2,ALL_ZERO,"[0.0,0.0,0.0,0.0,0.0,0.0,0.0,0.0]","[0.0,0.0,0.0,0.0,0.0,0.0,0.0,0.0]","[0.0,0.0,0.0,0.0,0.0,0.0,0.0,0.0]","[0.0,0.0,0.0,0.0,0.0,0.0,0.0,0.0]",0.0,0.0,0.0
DSR_Simple_training,nothink,living,2,OTHER,"[0.0,0.0,0.0,0.0,0.0,-0.25,0.0,0.0]","[0.3775078823921866,0.3775078823921866,0.3775078823921866,0.3775078823921866,0.3775078823921866,-2.642555176745306,0.3775078823921866,0.3775078823921866]","[0.00390625,0.00390625,0.00390625,0.00390625,0.00390625,-0.02734375,0.00390625,0.00390625]","[0.00390625,0.00390625,0.00390625,0.00390625,0.00390625,-0.02734375,0.00390625,0.00390625]",5.285110353490612,0.0546875,0.0546875
DSR_Simple_training,nothink,prod,3,ALL_ZERO,"[0.0,0.0,0.0,0.0,0.0,0.0,0.0,0.0]","[0.0,0.0,0.0,0.0,0.0,0.0,0.0,0.0]","[0.0,0.0,0.0,0.0,0.0,0.0,0.0,0.0]","[0.0,0.0,0.0,0.0,0.0,0.0,0.0,0.0]",0.0,0.0,0.0
DSR_Simple_training,nothink,prod,2,A_ONLY,"[-0.25,0.0,0.0,0.5,0.0,0.0,0.0,0.0]","[-1.4404153009086735,-0.16004614454540816,-0.16004614454540816,2.4006921681811226,-0.16004614454540816,-0.16004614454540816,-0.16004614454540816,-0.16004614454540816]","[-0.03515625,-0.00390625,-0.00390625,0.05859375,-0.00390625,-0.00390625,-0.00390625,-0.00390625]","[-0.03515625,-0.00390625,-0.00390625,0.05859375,-0.00390625,-0.00390625,-0.00390625,-0.00390625]",4.801384336362244,0.1171875,0.1171875
DSR_Simple_training,nothink,ad,2,ALL_ZERO,"[0.0,0.0,0.0,0.0,0.0,0.0,0.0,0.0]","[0.0,0.0,0.0,0.0,0.0,0.0,0.0,0.0]","[0.0,0.0,0.0,0.0,0.0,0.0,0.0,0.0]","[0.0,0.0,0.0,0.0,0.0,0.0,0.0,0.0]",0.0,0.0,0.0
DSR_Simple_training,nothink,ad,2,ALL_ZERO,"[0.0,0.0,0.0,0.0,0.0,0.0,0.0,0.0]","[0.0,0.0,0.0,0.0,0.0,0.0,0.0,0.0]","[0.0,0.0,0.0,0.0,0.0,0.0,0.0,0.0]","[0.0,0.0,0.0,0.0,0.0,0.0,0.0,0.0]",0.0,0.0,0.0
DSR_Simple_training,nothink,ad,2,A_ONLY,"[0.0,0.0,0.5,0.0,0.0,0.0,0.0,0.5]","[-0.577083725634154,-0.577083725634154,1.7312511769024619,-0.577083725634154,-0.577083725634154,-0.577083725634154,-0.577083725634154,1.7312511769024619]","[-0.015625,-0.015625,0.046875,-0.015625,-0.015625,-0.015625,-0.015625,0.046875]","[-0.015625,-0.015625,0.046875,-0.015625,-0.015625,-0.015625,-0.015625,0.046875]",6.9250047076098475,0.1875,0.1875
DSR_Simple_training,nothink,prod,2,A_ONLY,"[-0.25,-0.25,0.5,-0.25,-0.25,0.0,0.0,-0.25]","[-0.6296869224438563,-0.6296869224438563,2.3928103052866536,-0.6296869224438563,-0.6296869224438563,0.37781215346631375,0.37781215346631375,-0.6296869224438563]","[-0.01953125,-0.01953125,0.07421875,-0.01953125,-0.01953125,0.01171875,0.01171875,-0.01953125]","[-0.01953125,-0.01953125,0.07421875,-0.01953125,-0.01953125,0.01171875,0.01171875,-0.01953125]",6.296869224438562,0.1953125,0.1953125
DSR_Simple_training,nothink,ad,2,SINGLE_EXACT,"[8.0,0.0,0.0,0.0,0.0,0.0,0.0,0.5]","[2.640512172275095,-0.4044027651232127,-0.4044027651232127,-0.4044027651232127,-0.4044027651232127,-0.4044027651232127,-0.4044027651232127,-0.2140955815358185]","[0.8671875,-0.1328125,-0.1328125,-0.1328125,-0.1328125,-0.1328125,-0.1328125,-0.0703125]","[0.8671875,-0.1328125,-0.1328125,-0.1328125,-0.1328125,-0.1328125,-0.1328125,-0.0703125]",5.2810243445501905,1.734375,1.734375
DSR_Simple_training,nothink,ad,2,A_ONLY,"[0.0,0.5,0.0,0.0,0.0,0.5,0.5,0.0]","[-0.7742768013847241,1.290461335641207,-0.7742768013847241,-0.7742768013847241,-0.7742768013847241,1.290461335641207,1.290461335641207,-0.7742768013847241]","[-0.0234375,0.0390625,-0.0234375,-0.0234375,-0.0234375,0.0390625,0.0390625,-0.0234375]","[-0.0234375,0.0390625,-0.0234375,-0.0234375,-0.0234375,0.0390625,0.0390625,-0.0234375]",7.742768013847242,0.234375,0.234375
DSR_Simple_training,nothink,video,12,OTHER,"[-0.25,-0.25,-0.25,-0.25,0.0,-0.25,0.0,-0.25]","[-0.5768174280738311,-0.5768174280738311,-0.5768174280738311,-0.5768174280738311,1.730452284221493,-0.5768174280738311,1.730452284221493,-0.5768174280738311]","[-0.0078125,-0.0078125,-0.0078125,-0.0078125,0.0234375,-0.0078125,0.0234375,-0.0078125]","[-0.0078125,-0.0078125,-0.0078125,-0.0078125,0.0234375,-0.0078125,0.0234375,-0.0078125]",6.9218091368859715,0.09375,0.09375
DSR_Simple_training,nothink,video,14,A_ONLY,"[0.0,0.5,0.5,0.5,0.0,0.0,0.5,0.5]","[-1.290461335641207,0.7742768013847241,0.7742768013847241,0.7742768013847241,-1.290461335641207,-1.290461335641207,0.7742768013847241,0.7742768013847241]","[-0.0390625,0.0234375,0.0234375,0.0234375,-0.0390625,-0.0390625,0.0234375,0.0234375]","[-0.0390625,0.0234375,0.0234375,0.0234375,-0.0390625,-0.0390625,0.0234375,0.0234375]",7.742768013847242,0.234375,0.234375
DSR_Simple_training,nothink,ad,2,AB_SIGNAL,"[0.0,0.5,0.0,0.0,0.0,0.0,0.0,2.0]","[-0.47450693674776084,0.2847041620486565,-0.47450693674776084,-0.47450693674776084,-0.47450693674776084,-0.47450693674776084,-0.47450693674776084,2.562337458437909]","[-0.0390625,0.0234375,-0.0390625,-0.0390625,-0.0390625,-0.0390625,-0.0390625,0.2109375]","[-0.0390625,0.0234375,-0.0390625,-0.0390625,-0.0390625,-0.0390625,-0.0390625,0.2109375]",5.69408324097313,0.46875,0.46875
DSR_Simple_training,nothink,video,20,OTHER,"[-0.25,0.0,-0.25,0.0,-0.25,0.0,-0.25,0.0]","[-0.9992006394884093,0.9992006394884093,-0.9992006394884093,0.9992006394884093,-0.9992006394884093,0.9992006394884093,-0.9992006394884093,0.9992006394884093]","[-0.015625,0.015625,-0.015625,0.015625,-0.015625,0.015625,-0.015625,0.015625]","[-0.015625,0.015625,-0.015625,0.015625,-0.015625,0.015625,-0.015625,0.015625]",7.993605115907274,0.125,0.125
DSR_Simple_training,nothink,ad,2,ALL_ZERO,"[0.0,0.0,0.0,0.0,0.0,0.0,0.0,0.0]","[0.0,0.0,0.0,0.0,0.0,0.0,0.0,0.0]","[0.0,0.0,0.0,0.0,0.0,0.0,0.0,0.0]","[0.0,0.0,0.0,0.0,0.0,0.0,0.0,0.0]",0.0,0.0,0.0
DSR_Simple_training,nothink,video,12,A_ONLY,"[0.0,0.5,0.0,0.0,0.5,0.0,0.5,0.0]","[-0.7742768013847241,1.290461335641207,-0.7742768013847241,-0.7742768013847241,1.290461335641207,-0.7742768013847241,1.290461335641207,-0.7742768013847241]","[-0.0234375,0.0390625,-0.0234375,-0.0234375,0.0390625,-0.0234375,0.0390625,-0.0234375]","[-0.0234375,0.0390625,-0.0234375,-0.0234375,0.0390625,-0.0234375,0.0390625,-0.0234375]",7.742768013847242,0.234375,0.234375
DSR_Simple_training,nothink,video,15,AB_SIGNAL,"[0.5,0.0,2.0,0.0,0.0,0.5,-0.25,0.5]","[0.14187365769213464,-0.6147858499992501,2.4118521807662887,-0.6147858499992501,-0.6147858499992501,0.14187365769213464,-0.9931156038449425,0.14187365769213464]","[0.01171875,-0.05078125,0.19921875,-0.05078125,-0.05078125,0.01171875,-0.08203125,0.01171875]","[0.01171875,-0.05078125,0.19921875,-0.05078125,-0.05078125,0.01171875,-0.08203125,0.01171875]",5.674946307685386,0.46875,0.46875
DSR_Simple_training,nothink,ad,2,A_ONLY,"[0.0,0.0,0.0,0.0,0.5,0.0,0.0,0.0]","[-0.3777360397241218,-0.3777360397241218,-0.3777360397241218,-0.3777360397241218,2.6441522780688524,-0.3777360397241218,-0.3777360397241218,-0.3777360397241218]","[-0.0078125,-0.0078125,-0.0078125,-0.0078125,0.0546875,-0.0078125,-0.0078125,-0.0078125]","[-0.0078125,-0.0078125,-0.0078125,-0.0078125,0.0546875,-0.0078125,-0.0078125,-0.0078125]",5.288304556137704,0.109375,0.109375
DSR_Simple_training,nothink,video,11,A_ONLY,"[0.0,-0.25,0.0,-0.25,0.0,0.0,-0.25,0.5]","[0.13478181576839013,-0.9434727103787308,0.13478181576839013,-0.9434727103787308,0.13478181576839013,0.13478181576839013,-0.9434727103787308,2.291290868062632]","[0.00390625,-0.02734375,0.00390625,-0.02734375,0.00390625,0.00390625,-0.02734375,0.06640625]","[0.00390625,-0.02734375,0.00390625,-0.02734375,0.00390625,0.00390625,-0.02734375,0.06640625]",5.660836262272385,0.1640625,0.1640625
DSR_Simple_training,nothink,prod,2,A_ONLY,"[0.5,0.5,0.5,0.5,0.0,0.5,0.5,0.5]","[0.3777360397241218,0.3777360397241218,0.3777360397241218,0.3777360397241218,-2.6441522780688524,0.3777360397241218,0.3777360397241218,0.3777360397241218]","[0.0078125,0.0078125,0.0078125,0.0078125,-0.0546875,0.0078125,0.0078125,0.0078125]","[0.0078125,0.0078125,0.0078125,0.0078125,-0.0546875,0.0078125,0.0078125,0.0078125]",5.288304556137704,0.109375,0.109375
DSR_Simple_training,nothink,ad,5,AB_SIGNAL,"[2.0,2.0,0.5,0.5,0.5,0.5,0.0,0.5]","[1.6857380317921073,1.6857380317921073,-0.4436152715242388,-0.4436152715242388,-0.4436152715242388,-0.4436152715242388,-1.1533997059630208,-0.4436152715242388]","[0.1484375,0.1484375,-0.0390625,-0.0390625,-0.0390625,-0.0390625,-0.1015625,-0.0390625]","[0.1484375,0.1484375,-0.0390625,-0.0390625,-0.0390625,-0.0390625,-0.1015625,-0.0390625]",6.74295212716843,0.59375,0.59375
DSR_Simple_training,nothink,prod,2,A_ONLY,"[0.0,0.0,0.0,0.0,0.0,0.0,0.5,0.0]","[-0.3777360397241218,-0.3777360397241218,-0.3777360397241218,-0.3777360397241218,-0.3777360397241218,-0.3777360397241218,2.6441522780688524,-0.3777360397241218]","[-0.0078125,-0.0078125,-0.0078125,-0.0078125,-0.0078125,-0.0078125,0.0546875,-0.0078125]","[-0.0078125,-0.0078125,-0.0078125,-0.0078125,-0.0078125,-0.0078125,0.0546875,-0.0078125]",5.288304556137705,0.109375,0.109375
DSR_Simple_training,nothink,ad,2,A_ONLY,"[0.0,0.5,0.5,-0.25,-0.25,-0.25,0.5,0.5]","[-0.44355230621967595,0.9758150736832871,0.9758150736832871,-1.1532359961711576,-1.1532359961711576,-1.1532359961711576,0.9758150736832871,0.9758150736832871]","[-0.01953125,0.04296875,0.04296875,-0.05078125,-0.05078125,-0.05078125,0.04296875,0.04296875]","[-0.01953125,0.04296875,0.04296875,-0.05078125,-0.05078125,-0.05078125,0.04296875,0.04296875]",7.806520589466297,0.34375,0.34375
DSR_Simple_training,nothink,ad,2,ALL_ZERO,"[0.0,0.0,0.0,0.0,0.0,0.0,0.0,0.0]","[0.0,0.0,0.0,0.0,0.0,0.0,0.0,0.0]","[0.0,0.0,0.0,0.0,0.0,0.0,0.0,0.0]","[0.0,0.0,0.0,0.0,0.0,0.0,0.0,0.0]",0.0,0.0,0.0
DSR_Simple_training,nothink,video,11,SINGLE_EXACT,"[0.0,8.0,0.0,0.5,0.0,0.0,0.0,2.0]","[-0.5029837536338834,2.5628219828012155,-0.5029837536338834,-0.3113708951066897,-0.5029837536338834,-0.5029837536338834,-0.5029837536338834,0.2634676804748913]","[-0.1640625,0.8359375,-0.1640625,-0.1015625,-0.1640625,-0.1640625,-0.1640625,0.0859375]","[-0.1640625,0.8359375,-0.1640625,-0.1015625,-0.1640625,-0.1640625,-0.1640625,0.0859375]",5.652579326552214,1.84375,1.84375
DSR_Simple_training,nothink,prod,3,OTHER,"[0.0,0.0,0.0,0.0,0.0,0.0,0.0,-0.25]","[0.3775078823921866,0.3775078823921866,0.3775078823921866,0.3775078823921866,0.3775078823921866,0.3775078823921866,0.3775078823921866,-2.642555176745306]","[0.00390625,0.00390625,0.00390625,0.00390625,0.00390625,0.00390625,0.00390625,-0.02734375]","[0.00390625,0.00390625,0.00390625,0.00390625,0.00390625,0.00390625,0.00390625,-0.02734375]",5.285110353490612,0.0546875,0.0546875
DSR_Simple_training,nothink,prod,2,ALL_ZERO,"[0.0,0.0,0.0,0.0,0.0,0.0,0.0,0.0]","[0.0,0.0,0.0,0.0,0.0,0.0,0.0,0.0]","[0.0,0.0,0.0,0.0,0.0,0.0,0.0,0.0]","[0.0,0.0,0.0,0.0,0.0,0.0,0.0,0.0]",0.0,0.0,0.0
DSR_Simple_training,nothink,prod,2,ALL_ZERO,"[0.0,0.0,0.0,0.0,0.0,0.0,0.0,0.0]","[0.0,0.0,0.0,0.0,0.0,0.0,0.0,0.0]","[0.0,0.0,0.0,0.0,0.0,0.0,0.0,0.0]","[0.0,0.0,0.0,0.0,0.0,0.0,0.0,0.0]",0.0,0.0,0.0
DSR_Simple_training,nothink,prod,2,OTHER,"[0.0,0.0,-0.25,0.0,-0.25,0.0,0.0,0.0]","[0.5768174280738311,0.5768174280738311,-1.730452284221493,0.5768174280738311,-1.730452284221493,0.5768174280738311,0.5768174280738311,0.5768174280738311]","[0.0078125,0.0078125,-0.0234375,0.0078125,-0.0234375,0.0078125,0.0078125,0.0078125]","[0.0078125,0.0078125,-0.0234375,0.0078125,-0.0234375,0.0078125,0.0078125,0.0078125]",6.921809136885972,0.09375,0.09375
DSR_Simple_training,nothink,living,2,SINGLE_EXACT,"[8.0,0.5,0.0,0.0,0.0,0.0,0.0,2.0]","[2.5628219828012155,-0.3113708951066897,-0.5029837536338834,-0.5029837536338834,-0.5029837536338834,-0.5029837536338834,-0.5029837536338834,0.2634676804748913]","[0.8359375,-0.1015625,-0.1640625,-0.1640625,-0.1640625,-0.1640625,-0.1640625,0.0859375]","[0.8359375,-0.1015625,-0.1640625,-0.1640625,-0.1640625,-0.1640625,-0.1640625,0.0859375]",5.652579326552214,1.84375,1.84375
DSR_Simple_training,nothink,ad,2,A_ONLY,"[0.5,0.0,0.0,0.0,0.5,0.0,0.5,0.0]","[1.290461335641207,-0.7742768013847241,-0.7742768013847241,-0.7742768013847241,1.290461335641207,-0.7742768013847241,1.290461335641207,-0.7742768013847241]","[0.0390625,-0.0234375,-0.0234375,-0.0234375,0.0390625,-0.0234375,0.0390625,-0.0234375]","[0.0390625,-0.0234375,-0.0234375,-0.0234375,0.0390625,-0.0234375,0.0390625,-0.0234375]",7.742768013847242,0.234375,0.234375
DSR_Simple_training,nothink,prod,2,ALL_ZERO,"[0.0,0.0,0.0,0.0,0.0,0.0,0.0,0.0]","[0.0,0.0,0.0,0.0,0.0,0.0,0.0,0.0]","[0.0,0.0,0.0,0.0,0.0,0.0,0.0,0.0]","[0.0,0.0,0.0,0.0,0.0,0.0,0.0,0.0]",0.0,0.0,0.0
DSR_Simple_training,nothink,video,12,A_ONLY,"[0.0,0.5,0.5,0.0,0.0,0.0,0.0,0.0]","[-0.577083725634154,1.7312511769024619,1.7312511769024619,-0.577083725634154,-0.577083725634154,-0.577083725634154,-0.577083725634154,-0.577083725634154]","[-0.015625,0.046875,0.046875,-0.015625,-0.015625,-0.015625,-0.015625,-0.015625]","[-0.015625,0.046875,0.046875,-0.015625,-0.015625,-0.015625,-0.015625,-0.015625]",6.925004707609846,0.1875,0.1875
DSR_Simple_training,nothink,ad,2,AB_SIGNAL,"[0.0,0.0,0.0,0.0,2.0,0.0,0.0,0.0]","[-0.3779073387899664,-0.3779073387899664,-0.3779073387899664,-0.3779073387899664,2.6453513715297645,-0.3779073387899664,-0.3779073387899664,-0.3779073387899664]","[-0.03125,-0.03125,-0.03125,-0.03125,0.21875,-0.03125,-0.03125,-0.03125]","[-0.03125,-0.03125,-0.03125,-0.03125,0.21875,-0.03125,-0.03125,-0.03125]",5.290702743059529,0.4375,0.4375
DSR_Simple_training,nothink,video,20,A_ONLY,"[-0.25,-0.25,-0.25,-0.25,-0.25,0.5,-0.25,-0.25]","[-0.37781215346631375,-0.37781215346631375,-0.37781215346631375,-0.37781215346631375,-0.37781215346631375,2.6446850742641965,-0.37781215346631375,-0.37781215346631375]","[-0.01171875,-0.01171875,-0.01171875,-0.01171875,-0.01171875,0.08203125,-0.01171875,-0.01171875]","[-0.01171875,-0.01171875,-0.01171875,-0.01171875,-0.01171875,0.08203125,-0.01171875,-0.01171875]",5.289370148528393,0.1640625,0.1640625
DSR_Simple_training,nothink,video,13,A_ONLY,"[0.5,0.0,0.0,0.5,0.5,0.0,0.5,0.5]","[0.7742768013847241,-1.290461335641207,-1.290461335641207,0.7742768013847241,0.7742768013847241,-1.290461335641207,0.7742768013847241,0.7742768013847241]","[0.0234375,-0.0390625,-0.0390625,0.0234375,0.0234375,-0.0390625,0.0234375,0.0234375]","[0.0234375,-0.0390625,-0.0390625,0.0234375,0.0234375,-0.0390625,0.0234375,0.0234375]",7.742768013847242,0.234375,0.234375
DSR_Simple_training,nothink,living,3,SINGLE_EXACT,"[0.0,0.0,0.0,0.0,8.0,0.0,0.0,0.5]","[-0.4044027651232127,-0.4044027651232127,-0.4044027651232127,-0.4044027651232127,2.640512172275095,-0.4044027651232127,-0.4044027651232127,-0.2140955815358185]","[-0.1328125,-0.1328125,-0.1328125,-0.1328125,0.8671875,-0.1328125,-0.1328125,-0.0703125]","[-0.1328125,-0.1328125,-0.1328125,-0.1328125,0.8671875,-0.1328125,-0.1328125,-0.0703125]",5.28102434455019,1.734375,1.734375
DSR_Simple_training,nothink,ad,2,A_ONLY,"[0.0,0.0,-0.25,-0.25,-0.25,0.0,0.0,0.5]","[0.13478181576839013,0.13478181576839013,-0.9434727103787308,-0.9434727103787308,-0.9434727103787308,0.13478181576839013,0.13478181576839013,2.291290868062632]","[0.00390625,0.00390625,-0.02734375,-0.02734375,-0.02734375,0.00390625,0.00390625,0.06640625]","[0.00390625,0.00390625,-0.02734375,-0.02734375,-0.02734375,0.00390625,0.00390625,0.06640625]",5.660836262272385,0.1640625,0.1640625
DSR_Simple_training,nothink,video,14,AB_SIGNAL,"[0.0,0.0,0.0,-0.25,-0.25,0.0,2.0,0.0]","[-0.2704618716391109,-0.2704618716391109,-0.2704618716391109,-0.6310777004912588,-0.6310777004912588,-0.2704618716391109,2.6144647591780723,-0.2704618716391109]","[-0.0234375,-0.0234375,-0.0234375,-0.0546875,-0.0546875,-0.0234375,0.2265625,-0.0234375]","[-0.0234375,-0.0234375,-0.0234375,-0.0546875,-0.0546875,-0.0234375,0.2265625,-0.0234375]",5.228929518356144,0.453125,0.453125
DSR_Simple_training,nothink,ad,2,A_ONLY,"[0.5,0.5,0.5,0.0,0.0,0.5,0.5,0.5]","[0.577083725634154,0.577083725634154,0.577083725634154,-1.7312511769024619,-1.7312511769024619,0.577083725634154,0.577083725634154,0.577083725634154]","[0.015625,0.015625,0.015625,-0.046875,-0.046875,0.015625,0.015625,0.015625]","[0.015625,0.015625,0.015625,-0.046875,-0.046875,0.015625,0.015625,0.015625]",6.925004707609847,0.1875,0.1875
DSR_Simple_training,nothink,video,20,A_ONLY,"[0.0,0.5,0.5,0.0,0.0,0.5,0.5,0.5]","[-1.290461335641207,0.7742768013847241,0.7742768013847241,-1.290461335641207,-1.290461335641207,0.7742768013847241,0.7742768013847241,0.7742768013847241]","[-0.0390625,0.0234375,0.0234375,-0.0390625,-0.0390625,0.0234375,0.0234375,0.0234375]","[-0.0390625,0.0234375,0.0234375,-0.0390625,-0.0390625,0.0234375,0.0234375,0.0234375]",7.742768013847242,0.234375,0.234375
DSR_Simple_training,nothink,prod,3,AB_SIGNAL,"[0.0,0.0,0.0,0.0,0.0,0.0,0.0,2.0]","[-0.3779073387899664,-0.3779073387899664,-0.3779073387899664,-0.3779073387899664,-0.3779073387899664,-0.3779073387899664,-0.3779073387899664,2.6453513715297645]","[-0.03125,-0.03125,-0.03125,-0.03125,-0.03125,-0.03125,-0.03125,0.21875]","[-0.03125,-0.03125,-0.03125,-0.03125,-0.03125,-0.03125,-0.03125,0.21875]",5.290702743059529,0.4375,0.4375
DSR_Simple_training,nothink,ad,2,A_ONLY,"[0.0,0.0,0.0,0.0,0.0,0.0,0.5,0.0]","[-0.3777360397241218,-0.3777360397241218,-0.3777360397241218,-0.3777360397241218,-0.3777360397241218,-0.3777360397241218,2.6441522780688524,-0.3777360397241218]","[-0.0078125,-0.0078125,-0.0078125,-0.0078125,-0.0078125,-0.0078125,0.0546875,-0.0078125]","[-0.0078125,-0.0078125,-0.0078125,-0.0078125,-0.0078125,-0.0078125,0.0546875,-0.0078125]",5.288304556137705,0.109375,0.109375
DSR_Simple_training,nothink,ad,3,ALL_ZERO,"[0.0,0.0,0.0,0.0,0.0,0.0,0.0,0.0]","[0.0,0.0,0.0,0.0,0.0,0.0,0.0,0.0]","[0.0,0.0,0.0,0.0,0.0,0.0,0.0,0.0]","[0.0,0.0,0.0,0.0,0.0,0.0,0.0,0.0]",0.0,0.0,0.0
DSR_Simple_training,nothink,living,2,A_ONLY,"[-0.25,0.0,0.5,0.0,0.0,-0.25,0.5,-0.25]","[-0.9645703604022968,-0.10717448448914409,1.6076172673371614,-0.10717448448914409,-0.10717448448914409,-0.9645703604022968,1.6076172673371614,-0.9645703604022968]","[-0.03515625,-0.00390625,0.05859375,-0.00390625,-0.00390625,-0.03515625,0.05859375,-0.03515625]","[-0.03515625,-0.00390625,0.05859375,-0.00390625,-0.00390625,-0.03515625,0.05859375,-0.03515625]",6.4304690693486455,0.234375,0.234375
DSR_Simple_training,nothink,ad,2,ALL_ZERO,"[0.0,0.0,0.0,0.0,0.0,0.0,0.0,0.0]","[0.0,0.0,0.0,0.0,0.0,0.0,0.0,0.0]","[0.0,0.0,0.0,0.0,0.0,0.0,0.0,0.0]","[0.0,0.0,0.0,0.0,0.0,0.0,0.0,0.0]",0.0,0.0,0.0
DSR_Simple_training,nothink,video,14,A_ONLY,"[0.0,0.0,0.0,0.5,0.0,0.0,0.5,0.0]","[-0.577083725634154,-0.577083725634154,-0.577083725634154,1.7312511769024619,-0.577083725634154,-0.577083725634154,1.7312511769024619,-0.577083725634154]","[-0.015625,-0.015625,-0.015625,0.046875,-0.015625,-0.015625,0.046875,-0.015625]","[-0.015625,-0.015625,-0.015625,0.046875,-0.015625,-0.015625,0.046875,-0.015625]",6.925004707609847,0.1875,0.1875
DSR_Simple_training,nothink,video,20,A_ONLY,"[0.0,0.5,0.5,0.0,0.5,0.5,0.0,0.0]","[-0.9996001599360256,0.9996001599360256,0.9996001599360256,-0.9996001599360256,0.9996001599360256,0.9996001599360256,-0.9996001599360256,-0.9996001599360256]","[-0.03125,0.03125,0.03125,-0.03125,0.03125,0.03125,-0.03125,-0.03125]","[-0.03125,0.03125,0.03125,-0.03125,0.03125,0.03125,-0.03125,-0.03125]",7.996801279488204,0.25,0.25
DSR_Simple_training,nothink,prod,2,A_ONLY,"[0.5,0.0,0.5,0.5,0.0,0.0,0.0,0.5]","[0.9996001599360256,-0.9996001599360256,0.9996001599360256,0.9996001599360256,-0.9996001599360256,-0.9996001599360256,-0.9996001599360256,0.9996001599360256]","[0.03125,-0.03125,0.03125,0.03125,-0.03125,-0.03125,-0.03125,0.03125]","[0.03125,-0.03125,0.03125,0.03125,-0.03125,-0.03125,-0.03125,0.03125]",7.996801279488204,0.25,0.25
DSR_Simple_training,nothink,prod,4,ALL_ZERO,"[0.0,0.0,0.0,0.0,0.0,0.0,0.0,0.0]","[0.0,0.0,0.0,0.0,0.0,0.0,0.0,0.0]","[0.0,0.0,0.0,0.0,0.0,0.0,0.0,0.0]","[0.0,0.0,0.0,0.0,0.0,0.0,0.0,0.0]",0.0,0.0,0.0
DSR_Simple_training,nothink,prod,2,ALL_ZERO,"[0.0,0.0,0.0,0.0,0.0,0.0,0.0,0.0]","[0.0,0.0,0.0,0.0,0.0,0.0,0.0,0.0]","[0.0,0.0,0.0,0.0,0.0,0.0,0.0,0.0]","[0.0,0.0,0.0,0.0,0.0,0.0,0.0,0.0]",0.0,0.0,0.0
DSR_Simple_training,nothink,prod,2,OTHER,"[0.0,0.0,-0.25,-0.25,-0.25,-0.25,0.0,0.0]","[0.9992006394884093,0.9992006394884093,-0.9992006394884093,-0.9992006394884093,-0.9992006394884093,-0.9992006394884093,0.9992006394884093,0.9992006394884093]","[0.015625,0.015625,-0.015625,-0.015625,-0.015625,-0.015625,0.015625,0.015625]","[0.015625,0.015625,-0.015625,-0.015625,-0.015625,-0.015625,0.015625,0.015625]",7.993605115907274,0.125,0.125
DSR_Simple_training,nothink,living,2,ALL_ZERO,"[0.0,0.0,0.0,0.0,0.0,0.0,0.0,0.0]","[0.0,0.0,0.0,0.0,0.0,0.0,0.0,0.0]","[0.0,0.0,0.0,0.0,0.0,0.0,0.0,0.0]","[0.0,0.0,0.0,0.0,0.0,0.0,0.0,0.0]",0.0,0.0,0.0
DSR_Simple_training,nothink,living,2,A_ONLY,"[0.0,0.0,0.5,0.0,0.0,0.0,0.0,0.5]","[-0.577083725634154,-0.577083725634154,1.7312511769024619,-0.577083725634154,-0.577083725634154,-0.577083725634154,-0.577083725634154,1.7312511769024619]","[-0.015625,-0.015625,0.046875,-0.015625,-0.015625,-0.015625,-0.015625,0.046875]","[-0.015625,-0.015625,0.046875,-0.015625,-0.015625,-0.015625,-0.015625,0.046875]",6.9250047076098475,0.1875,0.1875
DSR_Simple_training,nothink,prod,3,OTHER,"[0.0,0.0,0.0,0.0,0.0,-0.25,0.0,0.0]","[0.3775078823921866,0.3775078823921866,0.3775078823921866,0.3775078823921866,0.3775078823921866,-2.642555176745306,0.3775078823921866,0.3775078823921866]","[0.00390625,0.00390625,0.00390625,0.00390625,0.00390625,-0.02734375,0.00390625,0.00390625]","[0.00390625,0.00390625,0.00390625,0.00390625,0.00390625,-0.02734375,0.00390625,0.00390625]",5.285110353490612,0.0546875,0.0546875
DSR_Simple_training,nothink,prod,8,SINGLE_EXACT,"[0.0,-0.25,8.0,0.0,0.0,0.0,0.5,0.5]","[-0.41715360161948434,-0.5125029962753664,2.634027027368744,-0.41715360161948434,-0.41715360161948434,-0.41715360161948434,-0.22645481230772008,-0.22645481230772008]","[-0.13671875,-0.16796875,0.86328125,-0.13671875,-0.13671875,-0.13671875,-0.07421875,-0.07421875]","[-0.13671875,-0.16796875,0.86328125,-0.13671875,-0.13671875,-0.13671875,-0.07421875,-0.07421875]",5.268054054737489,1.7265625,1.7265625
DSR_Simple_training,nothink,prod,3,OTHER,"[0.0,0.0,0.0,-0.25,0.0,0.0,0.0,0.0]","[0.3775078823921866,0.3775078823921866,0.3775078823921866,-2.642555176745306,0.3775078823921866,0.3775078823921866,0.3775078823921866,0.3775078823921866]","[0.00390625,0.00390625,0.00390625,-0.02734375,0.00390625,0.00390625,0.00390625,0.00390625]","[0.00390625,0.00390625,0.00390625,-0.02734375,0.00390625,0.00390625,0.00390625,0.00390625]",5.285110353490612,0.0546875,0.0546875
DSR_Simple_training,nothink,prod,2,OTHER,"[-0.25,-0.25,0.0,0.0,-0.25,-0.25,-0.25,-0.25]","[-0.5768174280738311,-0.5768174280738311,1.730452284221493,1.730452284221493,-0.5768174280738311,-0.5768174280738311,-0.5768174280738311,-0.5768174280738311]","[-0.0078125,-0.0078125,0.0234375,0.0234375,-0.0078125,-0.0078125,-0.0078125,-0.0078125]","[-0.0078125,-0.0078125,0.0234375,0.0234375,-0.0078125,-0.0078125,-0.0078125,-0.0078125]",6.9218091368859715,0.09375,0.09375
DSR_Simple_training,nothink,video,12,A_ONLY,"[0.0,0.5,0.0,0.0,0.0,0.0,0.0,0.5]","[-0.577083725634154,1.7312511769024619,-0.577083725634154,-0.577083725634154,-0.577083725634154,-0.577083725634154,-0.577083725634154,1.7312511769024619]","[-0.015625,0.046875,-0.015625,-0.015625,-0.015625,-0.015625,-0.015625,0.046875]","[-0.015625,0.046875,-0.015625,-0.015625,-0.015625,-0.015625,-0.015625,0.046875]",6.9250047076098475,0.1875,0.1875
DSR_Simple_training,nothink,ad,2,A_ONLY,"[0.0,0.0,0.0,0.0,0.0,0.0,0.5,0.0]","[-0.3777360397241218,-0.3777360397241218,-0.3777360397241218,-0.3777360397241218,-0.3777360397241218,-0.3777360397241218,2.6441522780688524,-0.3777360397241218]","[-0.0078125,-0.0078125,-0.0078125,-0.0078125,-0.0078125,-0.0078125,0.0546875,-0.0078125]","[-0.0078125,-0.0078125,-0.0078125,-0.0078125,-0.0078125,-0.0078125,0.0546875,-0.0078125]",5.288304556137705,0.109375,0.109375
DSR_Simple_training,nothink,video,12,A_ONLY,"[0.0,0.0,0.0,0.0,0.0,0.0,0.5,0.0]","[-0.3777360397241218,-0.3777360397241218,-0.3777360397241218,-0.3777360397241218,-0.3777360397241218,-0.3777360397241218,2.6441522780688524,-0.3777360397241218]","[-0.0078125,-0.0078125,-0.0078125,-0.0078125,-0.0078125,-0.0078125,0.0546875,-0.0078125]","[-0.0078125,-0.0078125,-0.0078125,-0.0078125,-0.0078125,-0.0078125,0.0546875,-0.0078125]",5.288304556137705,0.109375,0.109375
DSR_Simple_training,nothink,living,2,A_ONLY,"[0.0,0.5,0.0,0.5,0.0,0.0,0.0,0.0]","[-0.577083725634154,1.7312511769024619,-0.577083725634154,1.7312511769024619,-0.577083725634154,-0.577083725634154,-0.577083725634154,-0.577083725634154]","[-0.015625,0.046875,-0.015625,0.046875,-0.015625,-0.015625,-0.015625,-0.015625]","[-0.015625,0.046875,-0.015625,0.046875,-0.015625,-0.015625,-0.015625,-0.015625]",6.925004707609847,0.1875,0.1875
DSR_Simple_training,nothink,ad,3,SINGLE_EXACT,"[0.0,0.0,0.0,0.0,0.0,0.0,0.0,8.0]","[-0.3779501878348703,-0.3779501878348703,-0.3779501878348703,-0.3779501878348703,-0.3779501878348703,-0.3779501878348703,-0.3779501878348703,2.645651314844092]","[-0.125,-0.125,-0.125,-0.125,-0.125,-0.125,-0.125,0.875]","[-0.125,-0.125,-0.125,-0.125,-0.125,-0.125,-0.125,0.875]",5.291302629688184,1.75,1.75
DSR_Simple_training,nothink,ad,2,A_ONLY,"[0.0,0.0,0.0,0.0,0.0,0.0,0.0,0.5]","[-0.3777360397241218,-0.3777360397241218,-0.3777360397241218,-0.3777360397241218,-0.3777360397241218,-0.3777360397241218,-0.3777360397241218,2.6441522780688524]","[-0.0078125,-0.0078125,-0.0078125,-0.0078125,-0.0078125,-0.0078125,-0.0078125,0.0546875]","[-0.0078125,-0.0078125,-0.0078125,-0.0078125,-0.0078125,-0.0078125,-0.0078125,0.0546875]",5.288304556137705,0.109375,0.109375
DSR_Simple_training,nothink,video,15,A_ONLY,"[0.5,0.5,0.5,0.5,0.0,0.0,0.0,0.5]","[0.7742768013847241,0.7742768013847241,0.7742768013847241,0.7742768013847241,-1.290461335641207,-1.290461335641207,-1.290461335641207,0.7742768013847241]","[0.0234375,0.0234375,0.0234375,0.0234375,-0.0390625,-0.0390625,-0.0390625,0.0234375]","[0.0234375,0.0234375,0.0234375,0.0234375,-0.0390625,-0.0390625,-0.0390625,0.0234375]",7.7427680138472414,0.234375,0.234375
DSR_Simple_training,nothink,prod,2,MULTI_EXACT,"[8.0,8.0,0.0,8.0,0.0,8.0,8.0,0.0]","[0.7745766697578678,0.7745766697578678,-1.290961116263113,0.7745766697578678,-1.290961116263113,0.7745766697578678,0.7745766697578678,-1.290961116263113]","[0.375,0.375,-0.625,0.375,-0.625,0.375,0.375,-0.625]","[0.375,0.375,-0.625,0.375,-0.625,0.375,0.375,-0.625]",7.745766697578677,3.75,3.75
DSR_Simple_training,nothink,ad,3,A_ONLY,"[0.0,0.5,0.5,0.5,0.5,0.5,0.0,0.5]","[-1.7312511769024619,0.577083725634154,0.577083725634154,0.577083725634154,0.577083725634154,0.577083725634154,-1.7312511769024619,0.577083725634154]","[-0.046875,0.015625,0.015625,0.015625,0.015625,0.015625,-0.046875,0.015625]","[-0.046875,0.015625,0.015625,0.015625,0.015625,0.015625,-0.046875,0.015625]",6.9250047076098475,0.1875,0.1875
DSR_Simple_training,nothink,prod,2,ALL_ZERO,"[0.0,0.0,0.0,0.0,0.0,0.0,0.0,0.0]","[0.0,0.0,0.0,0.0,0.0,0.0,0.0,0.0]","[0.0,0.0,0.0,0.0,0.0,0.0,0.0,0.0]","[0.0,0.0,0.0,0.0,0.0,0.0,0.0,0.0]",0.0,0.0,0.0
DSR_Simple_training,nothink,prod,2,A_ONLY,"[0.0,0.0,0.0,0.0,0.0,0.0,0.5,0.0]","[-0.3777360397241218,-0.3777360397241218,-0.3777360397241218,-0.3777360397241218,-0.3777360397241218,-0.3777360397241218,2.6441522780688524,-0.3777360397241218]","[-0.0078125,-0.0078125,-0.0078125,-0.0078125,-0.0078125,-0.0078125,0.0546875,-0.0078125]","[-0.0078125,-0.0078125,-0.0078125,-0.0078125,-0.0078125,-0.0078125,0.0546875,-0.0078125]",5.288304556137705,0.109375,0.109375
DSR_Simple_training,nothink,living,2,A_ONLY,"[0.5,0.0,0.0,0.5,0.5,0.0,0.0,0.0]","[1.290461335641207,-0.7742768013847241,-0.7742768013847241,1.290461335641207,1.290461335641207,-0.7742768013847241,-0.7742768013847241,-0.7742768013847241]","[0.0390625,-0.0234375,-0.0234375,0.0390625,0.0390625,-0.0234375,-0.0234375,-0.0234375]","[0.0390625,-0.0234375,-0.0234375,0.0390625,0.0390625,-0.0234375,-0.0234375,-0.0234375]",7.742768013847242,0.234375,0.234375
DSR_Simple_training,nothink,prod,2,OTHER,"[0.0,-0.25,0.0,0.0,0.0,0.0,0.0,0.0]","[0.3775078823921866,-2.642555176745306,0.3775078823921866,0.3775078823921866,0.3775078823921866,0.3775078823921866,0.3775078823921866,0.3775078823921866]","[0.00390625,-0.02734375,0.00390625,0.00390625,0.00390625,0.00390625,0.00390625,0.00390625]","[0.00390625,-0.02734375,0.00390625,0.00390625,0.00390625,0.00390625,0.00390625,0.00390625]",5.285110353490611,0.0546875,0.0546875
DSR_Simple_training,nothink,prod,2,SINGLE_EXACT,"[0.0,8.0,0.0,0.0,0.0,0.0,0.0,0.0]","[-0.3779501878348703,2.645651314844092,-0.3779501878348703,-0.3779501878348703,-0.3779501878348703,-0.3779501878348703,-0.3779501878348703,-0.3779501878348703]","[-0.125,0.875,-0.125,-0.125,-0.125,-0.125,-0.125,-0.125]","[-0.125,0.875,-0.125,-0.125,-0.125,-0.125,-0.125,-0.125]",5.291302629688184,1.75,1.75
DSR_Simple_training,nothink,ad,2,ALL_ZERO,"[0.0,0.0,0.0,0.0,0.0,0.0,0.0,0.0]","[0.0,0.0,0.0,0.0,0.0,0.0,0.0,0.0]","[0.0,0.0,0.0,0.0,0.0,0.0,0.0,0.0]","[0.0,0.0,0.0,0.0,0.0,0.0,0.0,0.0]",0.0,0.0,0.0
DSR_Simple_training,nothink,ad,2,AB_SIGNAL,"[0.0,0.0,0.5,0.0,0.0,0.0,2.0,-0.25]","[-0.4146369723434797,-0.4146369723434797,0.32249542293381755,-0.4146369723434797,-0.4146369723434797,-0.4146369723434797,2.533892608765709,-0.7832031699821284]","[-0.03515625,-0.03515625,0.02734375,-0.03515625,-0.03515625,-0.03515625,0.21484375,-0.06640625]","[-0.03515625,-0.03515625,0.02734375,-0.03515625,-0.03515625,-0.03515625,0.21484375,-0.06640625]",5.712776063399053,0.484375,0.484375
DSR_Simple_training,nothink,ad,2,ALL_ZERO,"[0.0,0.0,0.0,0.0,0.0,0.0,0.0,0.0]","[0.0,0.0,0.0,0.0,0.0,0.0,0.0,0.0]","[0.0,0.0,0.0,0.0,0.0,0.0,0.0,0.0]","[0.0,0.0,0.0,0.0,0.0,0.0,0.0,0.0]",0.0,0.0,0.0
DSR_Simple_training,nothink,video,20,A_ONLY,"[0.0,0.0,0.0,0.0,0.0,0.5,0.0,0.0]","[-0.3777360397241218,-0.3777360397241218,-0.3777360397241218,-0.3777360397241218,-0.3777360397241218,2.6441522780688524,-0.3777360397241218,-0.3777360397241218]","[-0.0078125,-0.0078125,-0.0078125,-0.0078125,-0.0078125,0.0546875,-0.0078125,-0.0078125]","[-0.0078125,-0.0078125,-0.0078125,-0.0078125,-0.0078125,0.0546875,-0.0078125,-0.0078125]",5.288304556137704,0.109375,0.109375
DSR_Simple_training,nothink,video,14,A_ONLY,"[0.5,0.0,0.5,0.0,0.0,0.0,0.0,0.0]","[1.7312511769024619,-0.577083725634154,1.7312511769024619,-0.577083725634154,-0.577083725634154,-0.577083725634154,-0.577083725634154,-0.577083725634154]","[0.046875,-0.015625,0.046875,-0.015625,-0.015625,-0.015625,-0.015625,-0.015625]","[0.046875,-0.015625,0.046875,-0.015625,-0.015625,-0.015625,-0.015625,-0.015625]",6.925004707609846,0.1875,0.1875
DSR_Simple_training,nothink,video,19,AB_SIGNAL,"[0.5,2.0,0.0,0.5,2.0,0.5,0.0,0.0]","[-0.23788529086630075,1.6651970360641053,-0.8722460665097694,-0.23788529086630075,1.6651970360641053,-0.23788529086630075,-0.8722460665097694,-0.8722460665097694]","[-0.0234375,0.1640625,-0.0859375,-0.0234375,0.1640625,-0.0234375,-0.0859375,-0.0859375]","[-0.0234375,0.1640625,-0.0859375,-0.0234375,0.1640625,-0.0234375,-0.0859375,-0.0859375]",6.660788144256422,0.65625,0.65625
DSR_Simple_training,nothink,prod,2,ALL_ZERO,"[0.0,0.0,0.0,0.0,0.0,0.0,0.0,0.0]","[0.0,0.0,0.0,0.0,0.0,0.0,0.0,0.0]","[0.0,0.0,0.0,0.0,0.0,0.0,0.0,0.0]","[0.0,0.0,0.0,0.0,0.0,0.0,0.0,0.0]",0.0,0.0,0.0
DSR_Simple_training,nothink,video,20,A_ONLY,"[0.0,-0.25,0.0,0.0,0.0,0.0,0.5,0.0]","[-0.16004614454540816,-1.4404153009086735,-0.16004614454540816,-0.16004614454540816,-0.16004614454540816,-0.16004614454540816,2.4006921681811226,-0.16004614454540816]","[-0.00390625,-0.03515625,-0.00390625,-0.00390625,-0.00390625,-0.00390625,0.05859375,-0.00390625]","[-0.00390625,-0.03515625,-0.00390625,-0.00390625,-0.00390625,-0.00390625,0.05859375,-0.00390625]",4.801384336362245,0.1171875,0.1171875
DSR_Simple_training,nothink,video,16,MULTI_EXACT,"[0.5,8.0,0.5,8.0,0.0,0.0,0.5,0.5]","[-0.5261364008685442,1.7287338885680736,-0.5261364008685442,1.7287338885680736,-0.6764610868309854,-0.6764610868309854,-0.5261364008685442,-0.5261364008685442]","[-0.21875,0.71875,-0.21875,0.71875,-0.28125,-0.28125,-0.21875,-0.21875]","[-0.21875,0.71875,-0.21875,0.71875,-0.28125,-0.28125,-0.21875,-0.21875]",6.914935554272295,2.875,2.875
DSR_Simple_training,nothink,video,16,AB_SIGNAL,"[0.5,0.5,0.5,2.0,0.0,0.5,0.0,2.0]","[-0.3332888948140248,-0.3332888948140248,-0.3332888948140248,1.666444474070124,-0.9998666844420744,-0.3332888948140248,-0.9998666844420744,1.666444474070124]","[-0.03125,-0.03125,-0.03125,0.15625,-0.09375,-0.03125,-0.09375,0.15625]","[-0.03125,-0.03125,-0.03125,0.15625,-0.09375,-0.03125,-0.09375,0.15625]",6.665777896280495,0.625,0.625
DSR_Simple_training,nothink,prod,4,A_ONLY,"[0.0,0.0,0.0,0.0,0.0,0.0,0.5,0.0]","[-0.3777360397241218,-0.3777360397241218,-0.3777360397241218,-0.3777360397241218,-0.3777360397241218,-0.3777360397241218,2.6441522780688524,-0.3777360397241218]","[-0.0078125,-0.0078125,-0.0078125,-0.0078125,-0.0078125,-0.0078125,0.0546875,-0.0078125]","[-0.0078125,-0.0078125,-0.0078125,-0.0078125,-0.0078125,-0.0078125,0.0546875,-0.0078125]",5.288304556137705,0.109375,0.109375
DSR_Simple_training,nothink,prod,4,A_ONLY,"[0.5,0.5,0.5,0.5,0.5,0.0,0.5,0.5]","[0.3777360397241218,0.3777360397241218,0.3777360397241218,0.3777360397241218,0.3777360397241218,-2.6441522780688524,0.3777360397241218,0.3777360397241218]","[0.0078125,0.0078125,0.0078125,0.0078125,0.0078125,-0.0546875,0.0078125,0.0078125]","[0.0078125,0.0078125,0.0078125,0.0078125,0.0078125,-0.0546875,0.0078125,0.0078125]",5.288304556137704,0.109375,0.109375
DSR_Simple_training,nothink,living,2,A_ONLY,"[0.0,0.0,0.0,0.0,0.5,0.0,0.5,0.0]","[-0.577083725634154,-0.577083725634154,-0.577083725634154,-0.577083725634154,1.7312511769024619,-0.577083725634154,1.7312511769024619,-0.577083725634154]","[-0.015625,-0.015625,-0.015625,-0.015625,0.046875,-0.015625,0.046875,-0.015625]","[-0.015625,-0.015625,-0.015625,-0.015625,0.046875,-0.015625,0.046875,-0.015625]",6.925004707609847,0.1875,0.1875
DSR_Simple_training,nothink,video,15,A_ONLY,"[0.0,0.5,0.0,0.0,0.0,0.0,0.5,0.0]","[-0.577083725634154,1.7312511769024619,-0.577083725634154,-0.577083725634154,-0.577083725634154,-0.577083725634154,1.7312511769024619,-0.577083725634154]","[-0.015625,0.046875,-0.015625,-0.015625,-0.015625,-0.015625,0.046875,-0.015625]","[-0.015625,0.046875,-0.015625,-0.015625,-0.015625,-0.015625,0.046875,-0.015625]",6.9250047076098475,0.1875,0.1875
DSR_Simple_training,nothink,prod,2,ALL_ZERO,"[0.0,0.0,0.0,0.0,0.0,0.0,0.0,0.0]","[0.0,0.0,0.0,0.0,0.0,0.0,0.0,0.0]","[0.0,0.0,0.0,0.0,0.0,0.0,0.0,0.0]","[0.0,0.0,0.0,0.0,0.0,0.0,0.0,0.0]",0.0,0.0,0.0
DSR_Simple_training,nothink,prod,2,ALL_ZERO,"[0.0,0.0,0.0,0.0,0.0,0.0,0.0,0.0]","[0.0,0.0,0.0,0.0,0.0,0.0,0.0,0.0]","[0.0,0.0,0.0,0.0,0.0,0.0,0.0,0.0]","[0.0,0.0,0.0,0.0,0.0,0.0,0.0,0.0]",0.0,0.0,0.0
DSR_Simple_training,nothink,ad,2,ALL_ZERO,"[0.0,0.0,0.0,0.0,0.0,0.0,0.0,0.0]","[0.0,0.0,0.0,0.0,0.0,0.0,0.0,0.0]","[0.0,0.0,0.0,0.0,0.0,0.0,0.0,0.0]","[0.0,0.0,0.0,0.0,0.0,0.0,0.0,0.0]",0.0,0.0,0.0
DSR_Simple_training,nothink,ad,5,A_ONLY,"[0.5,0.0,0.0,0.0,0.0,-1.0,0.5,0.0]","[1.1544339332823947,0.0,0.0,0.0,0.0,-2.3088678665647895,1.1544339332823947,0.0]","[0.0625,0.0,0.0,0.0,0.0,-0.125,0.0625,0.0]","[0.0625,0.0,0.0,0.0,0.0,-0.125,0.0625,0.0]",4.617735733129579,0.25,0.25
DSR_Simple_training,nothink,video,11,A_ONLY,"[0.0,0.0,0.5,0.0,0.0,0.0,0.0,0.0]","[-0.3777360397241218,-0.3777360397241218,2.6441522780688524,-0.3777360397241218,-0.3777360397241218,-0.3777360397241218,-0.3777360397241218,-0.3777360397241218]","[-0.0078125,-0.0078125,0.0546875,-0.0078125,-0.0078125,-0.0078125,-0.0078125,-0.0078125]","[-0.0078125,-0.0078125,0.0546875,-0.0078125,-0.0078125,-0.0078125,-0.0078125,-0.0078125]",5.288304556137704,0.109375,0.109375
DSR_Simple_training,nothink,prod,2,A_ONLY,"[0.5,0.0,0.0,0.0,0.5,0.5,0.0,0.5]","[0.9996001599360256,-0.9996001599360256,-0.9996001599360256,-0.9996001599360256,0.9996001599360256,0.9996001599360256,-0.9996001599360256,0.9996001599360256]","[0.03125,-0.03125,-0.03125,-0.03125,0.03125,0.03125,-0.03125,0.03125]","[0.03125,-0.03125,-0.03125,-0.03125,0.03125,0.03125,-0.03125,0.03125]",7.996801279488204,0.25,0.25
DSR_Simple_training,nothink,prod,2,A_ONLY,"[-0.25,-0.25,0.5,0.5,-0.25,-0.25,0.0,0.0]","[-0.816230001325593,-0.816230001325593,1.632460002651186,1.632460002651186,-0.816230001325593,-0.816230001325593,0.0,0.0]","[-0.03125,-0.03125,0.0625,0.0625,-0.03125,-0.03125,0.0,0.0]","[-0.03125,-0.03125,0.0625,0.0625,-0.03125,-0.03125,0.0,0.0]",6.529840010604744,0.25,0.25
DSR_Simple_training,nothink,video,11,A_ONLY,"[0.0,0.0,0.0,0.0,0.5,0.0,0.0,0.0]","[-0.3777360397241218,-0.3777360397241218,-0.3777360397241218,-0.3777360397241218,2.6441522780688524,-0.3777360397241218,-0.3777360397241218,-0.3777360397241218]","[-0.0078125,-0.0078125,-0.0078125,-0.0078125,0.0546875,-0.0078125,-0.0078125,-0.0078125]","[-0.0078125,-0.0078125,-0.0078125,-0.0078125,0.0546875,-0.0078125,-0.0078125,-0.0078125]",5.288304556137704,0.109375,0.109375
DSR_Simple_training,nothink,ad,2,A_ONLY,"[0.5,0.0,0.0,0.0,0.0,0.5,0.5,0.0]","[1.290461335641207,-0.7742768013847241,-0.7742768013847241,-0.7742768013847241,-0.7742768013847241,1.290461335641207,1.290461335641207,-0.7742768013847241]","[0.0390625,-0.0234375,-0.0234375,-0.0234375,-0.0234375,0.0390625,0.0390625,-0.0234375]","[0.0390625,-0.0234375,-0.0234375,-0.0234375,-0.0234375,0.0390625,0.0390625,-0.0234375]",7.742768013847242,0.234375,0.234375
DSR_Simple_training,nothink,prod,2,ALL_ZERO,"[0.0,0.0,0.0,0.0,0.0,0.0,0.0,0.0]","[0.0,0.0,0.0,0.0,0.0,0.0,0.0,0.0]","[0.0,0.0,0.0,0.0,0.0,0.0,0.0,0.0]","[0.0,0.0,0.0,0.0,0.0,0.0,0.0,0.0]",0.0,0.0,0.0
DSR_Simple_training,nothink,prod,3,A_ONLY,"[0.0,0.0,0.0,0.0,0.0,0.0,0.5,0.0]","[-0.3777360397241218,-0.3777360397241218,-0.3777360397241218,-0.3777360397241218,-0.3777360397241218,-0.3777360397241218,2.6441522780688524,-0.3777360397241218]","[-0.0078125,-0.0078125,-0.0078125,-0.0078125,-0.0078125,-0.0078125,0.0546875,-0.0078125]","[-0.0078125,-0.0078125,-0.0078125,-0.0078125,-0.0078125,-0.0078125,0.0546875,-0.0078125]",5.288304556137705,0.109375,0.109375
DSR_Simple_training,nothink,living,4,AB_SIGNAL,"[2.0,0.5,0.0,2.0,0.5,0.5,0.5,0.0]","[1.666444474070124,-0.3332888948140248,-0.9998666844420744,1.666444474070124,-0.3332888948140248,-0.3332888948140248,-0.3332888948140248,-0.9998666844420744]","[0.15625,-0.03125,-0.09375,0.15625,-0.03125,-0.03125,-0.03125,-0.09375]","[0.15625,-0.03125,-0.09375,0.15625,-0.03125,-0.03125,-0.03125,-0.09375]",6.665777896280497,0.625,0.625
DSR_Simple_training,nothink,video,20,A_ONLY,"[-0.25,-0.25,0.5,0.5,0.5,0.5,0.5,0.5]","[-1.7315176384090682,-1.7315176384090682,0.577172546136356,0.577172546136356,0.577172546136356,0.577172546136356,0.577172546136356,0.577172546136356]","[-0.0703125,-0.0703125,0.0234375,0.0234375,0.0234375,0.0234375,0.0234375,0.0234375]","[-0.0703125,-0.0703125,0.0234375,0.0234375,0.0234375,0.0234375,0.0234375,0.0234375]",6.926070553636271,0.28125,0.28125
DSR_Simple_training,nothink,prod,2,ALL_ZERO,"[0.0,0.0,0.0,0.0,0.0,0.0,0.0,0.0]","[0.0,0.0,0.0,0.0,0.0,0.0,0.0,0.0]","[0.0,0.0,0.0,0.0,0.0,0.0,0.0,0.0]","[0.0,0.0,0.0,0.0,0.0,0.0,0.0,0.0]",0.0,0.0,0.0
DSR_Simple_training,nothink,ad,3,ALL_ZERO,"[0.0,0.0,0.0,0.0,0.0,0.0,0.0,0.0]","[0.0,0.0,0.0,0.0,0.0,0.0,0.0,0.0]","[0.0,0.0,0.0,0.0,0.0,0.0,0.0,0.0]","[0.0,0.0,0.0,0.0,0.0,0.0,0.0,0.0]",0.0,0.0,0.0
DSR_Simple_training,nothink,ad,2,A_ONLY,"[0.0,0.5,0.0,0.0,0.0,0.5,0.5,0.0]","[-0.7742768013847241,1.290461335641207,-0.7742768013847241,-0.7742768013847241,-0.7742768013847241,1.290461335641207,1.290461335641207,-0.7742768013847241]","[-0.0234375,0.0390625,-0.0234375,-0.0234375,-0.0234375,0.0390625,0.0390625,-0.0234375]","[-0.0234375,0.0390625,-0.0234375,-0.0234375,-0.0234375,0.0390625,0.0390625,-0.0234375]",7.742768013847242,0.234375,0.234375
DSR_Simple_training,nothink,video,20,A_ONLY,"[0.0,0.5,0.0,0.0,0.5,0.5,0.5,0.5]","[-1.290461335641207,0.7742768013847241,-1.290461335641207,-1.290461335641207,0.7742768013847241,0.7742768013847241,0.7742768013847241,0.7742768013847241]","[-0.0390625,0.0234375,-0.0390625,-0.0390625,0.0234375,0.0234375,0.0234375,0.0234375]","[-0.0390625,0.0234375,-0.0390625,-0.0390625,0.0234375,0.0234375,0.0234375,0.0234375]",7.742768013847242,0.234375,0.234375
DSR_Simple_training,nothink,ad,3,ALL_ZERO,"[0.0,0.0,0.0,0.0,0.0,0.0,0.0,0.0]","[0.0,0.0,0.0,0.0,0.0,0.0,0.0,0.0]","[0.0,0.0,0.0,0.0,0.0,0.0,0.0,0.0]","[0.0,0.0,0.0,0.0,0.0,0.0,0.0,0.0]",0.0,0.0,0.0
DSR_Simple_training,nothink,living,7,A_ONLY,"[0.0,0.5,0.5,0.0,0.5,0.0,0.5,0.5]","[-1.290461335641207,0.7742768013847241,0.7742768013847241,-1.290461335641207,0.7742768013847241,-1.290461335641207,0.7742768013847241,0.7742768013847241]","[-0.0390625,0.0234375,0.0234375,-0.0390625,0.0234375,-0.0390625,0.0234375,0.0234375]","[-0.0390625,0.0234375,0.0234375,-0.0390625,0.0234375,-0.0390625,0.0234375,0.0234375]",7.742768013847242,0.234375,0.234375
DSR_Simple_training,nothink,prod,2,A_ONLY,"[0.0,0.5,0.5,0.0,0.0,0.0,0.0,0.5]","[-0.7742768013847241,1.290461335641207,1.290461335641207,-0.7742768013847241,-0.7742768013847241,-0.7742768013847241,-0.7742768013847241,1.290461335641207]","[-0.0234375,0.0390625,0.0390625,-0.0234375,-0.0234375,-0.0234375,-0.0234375,0.0390625]","[-0.0234375,0.0390625,0.0390625,-0.0234375,-0.0234375,-0.0234375,-0.0234375,0.0390625]",7.742768013847242,0.234375,0.234375
DSR_Simple_training,nothink,ad,2,ALL_ZERO,"[0.0,0.0,0.0,0.0,0.0,0.0,0.0,0.0]","[0.0,0.0,0.0,0.0,0.0,0.0,0.0,0.0]","[0.0,0.0,0.0,0.0,0.0,0.0,0.0,0.0]","[0.0,0.0,0.0,0.0,0.0,0.0,0.0,0.0]",0.0,0.0,0.0
DSR_Simple_training,nothink,video,15,A_ONLY,"[0.5,0.0,0.0,0.0,0.0,0.5,0.0,-0.25]","[1.6371859983540262,-0.37781215346631375,-0.37781215346631375,-0.37781215346631375,-0.37781215346631375,1.6371859983540262,-0.37781215346631375,-1.3853112293764838]","[0.05078125,-0.01171875,-0.01171875,-0.01171875,-0.01171875,0.05078125,-0.01171875,-0.04296875]","[0.05078125,-0.01171875,-0.01171875,-0.01171875,-0.01171875,0.05078125,-0.01171875,-0.04296875]",6.548743993416106,0.203125,0.203125
DSR_Simple_training,nothink,video,19,A_ONLY,"[0.0,0.0,0.5,0.5,0.0,0.5,0.0,0.0]","[-0.7742768013847241,-0.7742768013847241,1.290461335641207,1.290461335641207,-0.7742768013847241,1.290461335641207,-0.7742768013847241,-0.7742768013847241]","[-0.0234375,-0.0234375,0.0390625,0.0390625,-0.0234375,0.0390625,-0.0234375,-0.0234375]","[-0.0234375,-0.0234375,0.0390625,0.0390625,-0.0234375,0.0390625,-0.0234375,-0.0234375]",7.742768013847242,0.234375,0.234375
DSR_Simple_training,nothink,video,20,A_ONLY,"[0.0,0.5,0.5,0.5,0.5,0.5,0.0,0.5]","[-1.7312511769024619,0.577083725634154,0.577083725634154,0.577083725634154,0.577083725634154,0.577083725634154,-1.7312511769024619,0.577083725634154]","[-0.046875,0.015625,0.015625,0.015625,0.015625,0.015625,-0.046875,0.015625]","[-0.046875,0.015625,0.015625,0.015625,0.015625,0.015625,-0.046875,0.015625]",6.9250047076098475,0.1875,0.1875
DSR_Simple_training,nothink,ad,3,A_ONLY,"[0.5,0.0,0.0,0.5,0.5,0.5,0.0,0.0]","[0.9996001599360256,-0.9996001599360256,-0.9996001599360256,0.9996001599360256,0.9996001599360256,0.9996001599360256,-0.9996001599360256,-0.9996001599360256]","[0.03125,-0.03125,-0.03125,0.03125,0.03125,0.03125,-0.03125,-0.03125]","[0.03125,-0.03125,-0.03125,0.03125,0.03125,0.03125,-0.03125,-0.03125]",7.996801279488204,0.25,0.25
DSR_Simple_training,nothink,ad,2,A_ONLY,"[0.0,0.0,0.0,0.0,0.0,0.5,0.0,0.0]","[-0.3777360397241218,-0.3777360397241218,-0.3777360397241218,-0.3777360397241218,-0.3777360397241218,2.6441522780688524,-0.3777360397241218,-0.3777360397241218]","[-0.0078125,-0.0078125,-0.0078125,-0.0078125,-0.0078125,0.0546875,-0.0078125,-0.0078125]","[-0.0078125,-0.0078125,-0.0078125,-0.0078125,-0.0078125,0.0546875,-0.0078125,-0.0078125]",5.288304556137704,0.109375,0.109375
DSR_Simple_training,nothink,living,5,AB_SIGNAL,"[0.0,0.0,0.0,0.0,0.0,0.0,0.0,2.0]","[-0.3779073387899664,-0.3779073387899664,-0.3779073387899664,-0.3779073387899664,-0.3779073387899664,-0.3779073387899664,-0.3779073387899664,2.6453513715297645]","[-0.03125,-0.03125,-0.03125,-0.03125,-0.03125,-0.03125,-0.03125,0.21875]","[-0.03125,-0.03125,-0.03125,-0.03125,-0.03125,-0.03125,-0.03125,0.21875]",5.290702743059529,0.4375,0.4375
DSR_Simple_training,nothink,video,11,A_ONLY,"[0.5,0.5,0.0,0.0,0.0,0.5,0.0,0.0]","[1.290461335641207,1.290461335641207,-0.7742768013847241,-0.7742768013847241,-0.7742768013847241,1.290461335641207,-0.7742768013847241,-0.7742768013847241]","[0.0390625,0.0390625,-0.0234375,-0.0234375,-0.0234375,0.0390625,-0.0234375,-0.0234375]","[0.0390625,0.0390625,-0.0234375,-0.0234375,-0.0234375,0.0390625,-0.0234375,-0.0234375]",7.742768013847242,0.234375,0.234375
DSR_Simple_training,nothink,video,13,A_ONLY,"[0.5,0.0,0.0,0.0,0.0,0.0,0.0,0.0]","[2.6441522780688524,-0.3777360397241218,-0.3777360397241218,-0.3777360397241218,-0.3777360397241218,-0.3777360397241218,-0.3777360397241218,-0.3777360397241218]","[0.0546875,-0.0078125,-0.0078125,-0.0078125,-0.0078125,-0.0078125,-0.0078125,-0.0078125]","[0.0546875,-0.0078125,-0.0078125,-0.0078125,-0.0078125,-0.0078125,-0.0078125,-0.0078125]",5.288304556137704,0.109375,0.109375
DSR_Simple_training,nothink,ad,2,ALL_ZERO,"[0.0,0.0,0.0,0.0,0.0,0.0,0.0,0.0]","[0.0,0.0,0.0,0.0,0.0,0.0,0.0,0.0]","[0.0,0.0,0.0,0.0,0.0,0.0,0.0,0.0]","[0.0,0.0,0.0,0.0,0.0,0.0,0.0,0.0]",0.0,0.0,0.0
DSR_Simple_training,nothink,prod,3,ALL_ZERO,"[0.0,0.0,0.0,0.0,0.0,0.0,0.0,0.0]","[0.0,0.0,0.0,0.0,0.0,0.0,0.0,0.0]","[0.0,0.0,0.0,0.0,0.0,0.0,0.0,0.0]","[0.0,0.0,0.0,0.0,0.0,0.0,0.0,0.0]",0.0,0.0,0.0
DSR_Simple_training,nothink,prod,4,ALL_ZERO,"[0.0,0.0,0.0,0.0,0.0,0.0,0.0,0.0]","[0.0,0.0,0.0,0.0,0.0,0.0,0.0,0.0]","[0.0,0.0,0.0,0.0,0.0,0.0,0.0,0.0]","[0.0,0.0,0.0,0.0,0.0,0.0,0.0,0.0]",0.0,0.0,0.0
DSR_Simple_training,nothink,video,18,A_ONLY,"[0.5,-0.25,0.0,0.5,0.5,0.0,0.0,0.5]","[0.9645703604022968,-1.6076172673371614,-0.7502213914240087,0.9645703604022968,0.9645703604022968,-0.7502213914240087,-0.7502213914240087,0.9645703604022968]","[0.03515625,-0.05859375,-0.02734375,0.03515625,0.03515625,-0.02734375,-0.02734375,0.03515625]","[0.03515625,-0.05859375,-0.02734375,0.03515625,0.03515625,-0.02734375,-0.02734375,0.03515625]",7.716562883218374,0.28125,0.28125
DSR_Simple_training,nothink,video,20,A_ONLY,"[0.0,0.0,0.0,0.5,0.0,0.5,0.5,0.0]","[-0.7742768013847241,-0.7742768013847241,-0.7742768013847241,1.290461335641207,-0.7742768013847241,1.290461335641207,1.290461335641207,-0.7742768013847241]","[-0.0234375,-0.0234375,-0.0234375,0.0390625,-0.0234375,0.0390625,0.0390625,-0.0234375]","[-0.0234375,-0.0234375,-0.0234375,0.0390625,-0.0234375,0.0390625,0.0390625,-0.0234375]",7.7427680138472414,0.234375,0.234375
DSR_Simple_training,nothink,prod,2,A_ONLY,"[0.0,0.5,0.5,0.0,0.5,0.0,0.5,0.5]","[-1.290461335641207,0.7742768013847241,0.7742768013847241,-1.290461335641207,0.7742768013847241,-1.290461335641207,0.7742768013847241,0.7742768013847241]","[-0.0390625,0.0234375,0.0234375,-0.0390625,0.0234375,-0.0390625,0.0234375,0.0234375]","[-0.0390625,0.0234375,0.0234375,-0.0390625,0.0234375,-0.0390625,0.0234375,0.0234375]",7.742768013847242,0.234375,0.234375
DSR_Simple_training,nothink,video,11,A_ONLY,"[0.0,0.0,0.0,0.0,0.0,0.5,0.5,0.0]","[-0.577083725634154,-0.577083725634154,-0.577083725634154,-0.577083725634154,-0.577083725634154,1.7312511769024619,1.7312511769024619,-0.577083725634154]","[-0.015625,-0.015625,-0.015625,-0.015625,-0.015625,0.046875,0.046875,-0.015625]","[-0.015625,-0.015625,-0.015625,-0.015625,-0.015625,0.046875,0.046875,-0.015625]",6.9250047076098475,0.1875,0.1875
DSR_Simple_training,nothink,prod,2,AB_SIGNAL,"[0.0,0.5,0.0,0.5,0.0,2.0,0.0,2.0]","[-0.7623998397545558,-0.15247996795091118,-0.7623998397545558,-0.15247996795091118,-0.7623998397545558,1.677279647460023,-0.7623998397545558,1.677279647460023]","[-0.078125,-0.015625,-0.078125,-0.015625,-0.078125,0.171875,-0.078125,0.171875]","[-0.078125,-0.015625,-0.078125,-0.015625,-0.078125,0.171875,-0.078125,0.171875]",6.709118589840092,0.6875,0.6875
DSR_Simple_training,nothink,prod,2,A_ONLY,"[0.0,0.0,0.0,0.0,0.5,0.0,0.5,0.0]","[-0.577083725634154,-0.577083725634154,-0.577083725634154,-0.577083725634154,1.7312511769024619,-0.577083725634154,1.7312511769024619,-0.577083725634154]","[-0.015625,-0.015625,-0.015625,-0.015625,0.046875,-0.015625,0.046875,-0.015625]","[-0.015625,-0.015625,-0.015625,-0.015625,0.046875,-0.015625,0.046875,-0.015625]",6.925004707609847,0.1875,0.1875
DSR_Simple_training,nothink,video,17,A_ONLY,"[0.0,0.0,0.0,0.0,0.0,0.0,0.5,0.0]","[-0.3777360397241218,-0.3777360397241218,-0.3777360397241218,-0.3777360397241218,-0.3777360397241218,-0.3777360397241218,2.6441522780688524,-0.3777360397241218]","[-0.0078125,-0.0078125,-0.0078125,-0.0078125,-0.0078125,-0.0078125,0.0546875,-0.0078125]","[-0.0078125,-0.0078125,-0.0078125,-0.0078125,-0.0078125,-0.0078125,0.0546875,-0.0078125]",5.288304556137705,0.109375,0.109375
DSR_Simple_training,nothink,ad,2,ALL_ZERO,"[0.0,0.0,0.0,0.0,0.0,0.0,0.0,0.0]","[0.0,0.0,0.0,0.0,0.0,0.0,0.0,0.0]","[0.0,0.0,0.0,0.0,0.0,0.0,0.0,0.0]","[0.0,0.0,0.0,0.0,0.0,0.0,0.0,0.0]",0.0,0.0,0.0
DSR_Simple_training,nothink,prod,2,ALL_ZERO,"[0.0,0.0,0.0,0.0,0.0,0.0,0.0,0.0]","[0.0,0.0,0.0,0.0,0.0,0.0,0.0,0.0]","[0.0,0.0,0.0,0.0,0.0,0.0,0.0,0.0]","[0.0,0.0,0.0,0.0,0.0,0.0,0.0,0.0]",0.0,0.0,0.0
DSR_Simple_training,nothink,video,18,A_ONLY,"[0.5,0.0,0.0,0.0,0.0,0.5,0.0,0.5]","[1.290461335641207,-0.7742768013847241,-0.7742768013847241,-0.7742768013847241,-0.7742768013847241,1.290461335641207,-0.7742768013847241,1.290461335641207]","[0.0390625,-0.0234375,-0.0234375,-0.0234375,-0.0234375,0.0390625,-0.0234375,0.0390625]","[0.0390625,-0.0234375,-0.0234375,-0.0234375,-0.0234375,0.0390625,-0.0234375,0.0390625]",7.742768013847242,0.234375,0.234375
DSR_Simple_training,nothink,prod,2,ALL_ZERO,"[0.0,0.0,0.0,0.0,0.0,0.0,0.0,0.0]","[0.0,0.0,0.0,0.0,0.0,0.0,0.0,0.0]","[0.0,0.0,0.0,0.0,0.0,0.0,0.0,0.0]","[0.0,0.0,0.0,0.0,0.0,0.0,0.0,0.0]",0.0,0.0,0.0
DSR_Simple_training,nothink,video,16,A_ONLY,"[0.5,0.0,0.0,0.0,0.0,0.0,0.0,0.5]","[1.7312511769024619,-0.577083725634154,-0.577083725634154,-0.577083725634154,-0.577083725634154,-0.577083725634154,-0.577083725634154,1.7312511769024619]","[0.046875,-0.015625,-0.015625,-0.015625,-0.015625,-0.015625,-0.015625,0.046875]","[0.046875,-0.015625,-0.015625,-0.015625,-0.015625,-0.015625,-0.015625,0.046875]",6.9250047076098475,0.1875,0.1875
DSR_Simple_training,nothink,prod,2,MULTI_EXACT,"[0.0,8.0,8.0,8.0,8.0,0.0,8.0,8.0]","[-1.7320008090122112,0.5773336030040704,0.5773336030040704,0.5773336030040704,0.5773336030040704,-1.7320008090122112,0.5773336030040704,0.5773336030040704]","[-0.75,0.25,0.25,0.25,0.25,-0.75,0.25,0.25]","[-0.75,0.25,0.25,0.25,0.25,-0.75,0.25,0.25]",6.928003236048845,3.0,3.0
DSR_Simple_training,nothink,ad,2,ALL_ZERO,"[0.0,0.0,0.0,0.0,0.0,0.0,0.0,0.0]","[0.0,0.0,0.0,0.0,0.0,0.0,0.0,0.0]","[0.0,0.0,0.0,0.0,0.0,0.0,0.0,0.0]","[0.0,0.0,0.0,0.0,0.0,0.0,0.0,0.0]",0.0,0.0,0.0
DSR_Simple_training,nothink,prod,2,ALL_ZERO,"[0.0,0.0,0.0,0.0,0.0,0.0,0.0,0.0]","[0.0,0.0,0.0,0.0,0.0,0.0,0.0,0.0]","[0.0,0.0,0.0,0.0,0.0,0.0,0.0,0.0]","[0.0,0.0,0.0,0.0,0.0,0.0,0.0,0.0]",0.0,0.0,0.0
DSR_Simple_training,nothink,prod,2,ALL_ZERO,"[0.0,0.0,0.0,0.0,0.0,0.0,0.0,0.0]","[0.0,0.0,0.0,0.0,0.0,0.0,0.0,0.0]","[0.0,0.0,0.0,0.0,0.0,0.0,0.0,0.0]","[0.0,0.0,0.0,0.0,0.0,0.0,0.0,0.0]",0.0,0.0,0.0
DSR_Simple_training,nothink,video,15,A_ONLY,"[0.0,0.5,0.0,0.0,0.0,0.5,0.0,-0.25]","[-0.37781215346631375,1.6371859983540262,-0.37781215346631375,-0.37781215346631375,-0.37781215346631375,1.6371859983540262,-0.37781215346631375,-1.3853112293764838]","[-0.01171875,0.05078125,-0.01171875,-0.01171875,-0.01171875,0.05078125,-0.01171875,-0.04296875]","[-0.01171875,0.05078125,-0.01171875,-0.01171875,-0.01171875,0.05078125,-0.01171875,-0.04296875]",6.548743993416106,0.203125,0.203125
DSR_Simple_training,nothink,video,20,SINGLE_EXACT,"[0.5,-0.25,0.5,0.5,0.0,0.0,2.0,8.0]","[-0.35210339735573704,-0.6434993124087608,-0.35210339735573704,-0.35210339735573704,-0.5463673407244195,-0.5463673407244195,0.23068843275031048,2.5618557531745005]","[-0.11328125,-0.20703125,-0.11328125,-0.11328125,-0.17578125,-0.17578125,0.07421875,0.82421875]","[-0.11328125,-0.20703125,-0.11328125,-0.11328125,-0.17578125,-0.17578125,0.07421875,0.82421875]",5.585088371849622,1.796875,1.796875
DSR_Simple_training,nothink,living,2,A_ONLY,"[0.5,0.5,0.5,0.5,0.5,0.5,0.5,0.5]","[0.0,0.0,0.0,0.0,0.0,0.0,0.0,0.0]","[0.0,0.0,0.0,0.0,0.0,0.0,0.0,0.0]","[0.0,0.0,0.0,0.0,0.0,0.0,0.0,0.0]",0.0,0.0,0.0
DSR_Simple_training,nothink,video,20,A_ONLY,"[0.0,0.0,0.0,0.0,0.0,0.5,0.5,0.5]","[-0.7742768013847241,-0.7742768013847241,-0.7742768013847241,-0.7742768013847241,-0.7742768013847241,1.290461335641207,1.290461335641207,1.290461335641207]","[-0.0234375,-0.0234375,-0.0234375,-0.0234375,-0.0234375,0.0390625,0.0390625,0.0390625]","[-0.0234375,-0.0234375,-0.0234375,-0.0234375,-0.0234375,0.0390625,0.0390625,0.0390625]",7.7427680138472414,0.234375,0.234375
DSR_Simple_training,nothink,video,20,AB_SIGNAL,"[0.5,0.5,0.0,0.0,0.0,2.0,0.0,0.0]","[0.19242046466132331,0.19242046466132331,-0.5772613939839699,-0.5772613939839699,-0.5772613939839699,2.501466040597203,-0.5772613939839699,-0.5772613939839699]","[0.015625,0.015625,-0.046875,-0.046875,-0.046875,0.203125,-0.046875,-0.046875]","[0.015625,0.015625,-0.046875,-0.046875,-0.046875,0.203125,-0.046875,-0.046875]",5.772613939839699,0.46875,0.46875
DSR_Simple_training,nothink,living,2,A_ONLY,"[0.5,0.0,0.0,0.5,0.0,0.0,0.5,0.0]","[1.290461335641207,-0.7742768013847241,-0.7742768013847241,1.290461335641207,-0.7742768013847241,-0.7742768013847241,1.290461335641207,-0.7742768013847241]","[0.0390625,-0.0234375,-0.0234375,0.0390625,-0.0234375,-0.0234375,0.0390625,-0.0234375]","[0.0390625,-0.0234375,-0.0234375,0.0390625,-0.0234375,-0.0234375,0.0390625,-0.0234375]",7.742768013847242,0.234375,0.234375
DSR_Simple_training,nothink,ad,2,SINGLE_EXACT,"[0.5,0.5,0.0,0.0,0.0,8.0,0.0,0.5]","[-0.2659199263819851,-0.2659199263819851,-0.45931623647797426,-0.45931623647797426,-0.45931623647797426,2.6350247250578525,-0.45931623647797426,-0.2659199263819851]","[-0.0859375,-0.0859375,-0.1484375,-0.1484375,-0.1484375,0.8515625,-0.1484375,-0.0859375]","[-0.0859375,-0.0859375,-0.1484375,-0.1484375,-0.1484375,0.8515625,-0.1484375,-0.0859375]",5.270049450115705,1.703125,1.703125
DSR_Simple_training,nothink,video,13,AB_SIGNAL,"[0.0,0.5,0.0,0.5,0.0,0.0,2.0,0.0]","[-0.5772613939839699,0.19242046466132331,-0.5772613939839699,0.19242046466132331,-0.5772613939839699,-0.5772613939839699,2.501466040597203,-0.5772613939839699]","[-0.046875,0.015625,-0.046875,0.015625,-0.046875,-0.046875,0.203125,-0.046875]","[-0.046875,0.015625,-0.046875,0.015625,-0.046875,-0.046875,0.203125,-0.046875]",5.7726139398397,0.46875,0.46875
DSR_Simple_training,nothink,prod,3,A_ONLY,"[0.0,0.0,0.0,0.5,0.0,0.0,0.5,0.0]","[-0.577083725634154,-0.577083725634154,-0.577083725634154,1.7312511769024619,-0.577083725634154,-0.577083725634154,1.7312511769024619,-0.577083725634154]","[-0.015625,-0.015625,-0.015625,0.046875,-0.015625,-0.015625,0.046875,-0.015625]","[-0.015625,-0.015625,-0.015625,0.046875,-0.015625,-0.015625,0.046875,-0.015625]",6.925004707609847,0.1875,0.1875
DSR_Simple_training,nothink,prod,2,ALL_ZERO,"[0.0,0.0,0.0,0.0,0.0,0.0,0.0,0.0]","[0.0,0.0,0.0,0.0,0.0,0.0,0.0,0.0]","[0.0,0.0,0.0,0.0,0.0,0.0,0.0,0.0]","[0.0,0.0,0.0,0.0,0.0,0.0,0.0,0.0]",0.0,0.0,0.0
DSR_Simple_training,nothink,video,19,AB_SIGNAL,"[0.0,0.0,0.5,2.0,0.5,0.0,0.0,0.0]","[-0.5772613939839699,-0.5772613939839699,0.19242046466132331,2.501466040597203,0.19242046466132331,-0.5772613939839699,-0.5772613939839699,-0.5772613939839699]","[-0.046875,-0.046875,0.015625,0.203125,0.015625,-0.046875,-0.046875,-0.046875]","[-0.046875,-0.046875,0.015625,0.203125,0.015625,-0.046875,-0.046875,-0.046875]",5.772613939839699,0.46875,0.46875
DSR_Simple_training,nothink,ad,2,ALL_ZERO,"[0.0,0.0,0.0,0.0,0.0,0.0,0.0,0.0]","[0.0,0.0,0.0,0.0,0.0,0.0,0.0,0.0]","[0.0,0.0,0.0,0.0,0.0,0.0,0.0,0.0]","[0.0,0.0,0.0,0.0,0.0,0.0,0.0,0.0]",0.0,0.0,0.0
DSR_Simple_training,nothink,prod,2,A_ONLY,"[0.0,0.0,0.0,0.0,0.0,0.5,0.0,0.0]","[-0.3777360397241218,-0.3777360397241218,-0.3777360397241218,-0.3777360397241218,-0.3777360397241218,2.6441522780688524,-0.3777360397241218,-0.3777360397241218]","[-0.0078125,-0.0078125,-0.0078125,-0.0078125,-0.0078125,0.0546875,-0.0078125,-0.0078125]","[-0.0078125,-0.0078125,-0.0078125,-0.0078125,-0.0078125,0.0546875,-0.0078125,-0.0078125]",5.288304556137704,0.109375,0.109375
DSR_Simple_training,nothink,ad,2,ALL_ZERO,"[0.0,0.0,0.0,0.0,0.0,0.0,0.0,0.0]","[0.0,0.0,0.0,0.0,0.0,0.0,0.0,0.0]","[0.0,0.0,0.0,0.0,0.0,0.0,0.0,0.0]","[0.0,0.0,0.0,0.0,0.0,0.0,0.0,0.0]",0.0,0.0,0.0
DSR_Simple_training,nothink,ad,2,ALL_ZERO,"[0.0,0.0,0.0,0.0,0.0,0.0,0.0,0.0]","[0.0,0.0,0.0,0.0,0.0,0.0,0.0,0.0]","[0.0,0.0,0.0,0.0,0.0,0.0,0.0,0.0]","[0.0,0.0,0.0,0.0,0.0,0.0,0.0,0.0]",0.0,0.0,0.0
DSR_Simple_training,nothink,ad,6,A_ONLY,"[0.5,0.5,0.0,0.5,0.5,0.5,0.0,0.5]","[0.577083725634154,0.577083725634154,-1.7312511769024619,0.577083725634154,0.577083725634154,0.577083725634154,-1.7312511769024619,0.577083725634154]","[0.015625,0.015625,-0.046875,0.015625,0.015625,0.015625,-0.046875,0.015625]","[0.015625,0.015625,-0.046875,0.015625,0.015625,0.015625,-0.046875,0.015625]",6.9250047076098475,0.1875,0.1875
DSR_Simple_training,nothink,ad,2,ALL_ZERO,"[0.0,0.0,0.0,0.0,0.0,0.0,0.0,0.0]","[0.0,0.0,0.0,0.0,0.0,0.0,0.0,0.0]","[0.0,0.0,0.0,0.0,0.0,0.0,0.0,0.0]","[0.0,0.0,0.0,0.0,0.0,0.0,0.0,0.0]",0.0,0.0,0.0
DSR_Simple_training,nothink,prod,4,ALL_ZERO,"[0.0,0.0,0.0,0.0,0.0,0.0,0.0,0.0]","[0.0,0.0,0.0,0.0,0.0,0.0,0.0,0.0]","[0.0,0.0,0.0,0.0,0.0,0.0,0.0,0.0]","[0.0,0.0,0.0,0.0,0.0,0.0,0.0,0.0]",0.0,0.0,0.0
DSR_Simple_training,nothink,video,12,A_ONLY,"[0.0,0.0,0.0,0.5,0.0,0.5,0.0,0.0]","[-0.577083725634154,-0.577083725634154,-0.577083725634154,1.7312511769024619,-0.577083725634154,1.7312511769024619,-0.577083725634154,-0.577083725634154]","[-0.015625,-0.015625,-0.015625,0.046875,-0.015625,0.046875,-0.015625,-0.015625]","[-0.015625,-0.015625,-0.015625,0.046875,-0.015625,0.046875,-0.015625,-0.015625]",6.925004707609847,0.1875,0.1875
DSR_Simple_training,nothink,living,2,ALL_ZERO,"[0.0,0.0,0.0,0.0,0.0,0.0,0.0,0.0]","[0.0,0.0,0.0,0.0,0.0,0.0,0.0,0.0]","[0.0,0.0,0.0,0.0,0.0,0.0,0.0,0.0]","[0.0,0.0,0.0,0.0,0.0,0.0,0.0,0.0]",0.0,0.0,0.0
DSR_Simple_training,nothink,prod,2,A_ONLY,"[0.0,0.0,0.0,0.0,0.5,0.0,0.0,0.5]","[-0.577083725634154,-0.577083725634154,-0.577083725634154,-0.577083725634154,1.7312511769024619,-0.577083725634154,-0.577083725634154,1.7312511769024619]","[-0.015625,-0.015625,-0.015625,-0.015625,0.046875,-0.015625,-0.015625,0.046875]","[-0.015625,-0.015625,-0.015625,-0.015625,0.046875,-0.015625,-0.015625,0.046875]",6.925004707609847,0.1875,0.1875
DSR_Simple_training,nothink,video,15,A_ONLY,"[0.0,0.0,0.0,0.0,0.0,0.0,0.0,0.5]","[-0.3777360397241218,-0.3777360397241218,-0.3777360397241218,-0.3777360397241218,-0.3777360397241218,-0.3777360397241218,-0.3777360397241218,2.6441522780688524]","[-0.0078125,-0.0078125,-0.0078125,-0.0078125,-0.0078125,-0.0078125,-0.0078125,0.0546875]","[-0.0078125,-0.0078125,-0.0078125,-0.0078125,-0.0078125,-0.0078125,-0.0078125,0.0546875]",5.288304556137705,0.109375,0.109375
DSR_Simple_training,nothink,video,11,A_ONLY,"[0.0,0.0,0.0,0.5,0.0,0.5,0.5,0.0]","[-0.7742768013847241,-0.7742768013847241,-0.7742768013847241,1.290461335641207,-0.7742768013847241,1.290461335641207,1.290461335641207,-0.7742768013847241]","[-0.0234375,-0.0234375,-0.0234375,0.0390625,-0.0234375,0.0390625,0.0390625,-0.0234375]","[-0.0234375,-0.0234375,-0.0234375,0.0390625,-0.0234375,0.0390625,0.0390625,-0.0234375]",7.7427680138472414,0.234375,0.234375
DSR_Simple_training,nothink,video,20,AB_SIGNAL,"[0.0,2.0,0.0,0.5,0.0,0.0,0.0,0.0]","[-0.47450693674776084,2.562337458437909,-0.47450693674776084,0.2847041620486565,-0.47450693674776084,-0.47450693674776084,-0.47450693674776084,-0.47450693674776084]","[-0.0390625,0.2109375,-0.0390625,0.0234375,-0.0390625,-0.0390625,-0.0390625,-0.0390625]","[-0.0390625,0.2109375,-0.0390625,0.0234375,-0.0390625,-0.0390625,-0.0390625,-0.0390625]",5.694083240973131,0.46875,0.46875
DSR_Simple_training,nothink,prod,2,MULTI_EXACT,"[8.0,0.0,0.0,0.0,8.0,0.0,0.0,-0.25]","[1.7315362893574477,-0.5652165089612394,-0.5652165089612394,-0.5652165089612394,1.7315362893574477,-0.5652165089612394,-0.5652165089612394,-0.6369900339086985]","[0.75390625,-0.24609375,-0.24609375,-0.24609375,0.75390625,-0.24609375,-0.24609375,-0.27734375]","[0.75390625,-0.24609375,-0.24609375,-0.24609375,0.75390625,-0.24609375,-0.24609375,-0.27734375]",6.926145157429792,3.015625,3.015625
DSR_Simple_training,nothink,video,14,ALL_ZERO,"[0.0,0.0,0.0,0.0,0.0,0.0,0.0,0.0]","[0.0,0.0,0.0,0.0,0.0,0.0,0.0,0.0]","[0.0,0.0,0.0,0.0,0.0,0.0,0.0,0.0]","[0.0,0.0,0.0,0.0,0.0,0.0,0.0,0.0]",0.0,0.0,0.0
DSR_Simple_training,nothink,video,11,A_ONLY,"[0.0,0.5,0.5,0.0,0.0,0.5,0.5,0.0]","[-0.9996001599360256,0.9996001599360256,0.9996001599360256,-0.9996001599360256,-0.9996001599360256,0.9996001599360256,0.9996001599360256,-0.9996001599360256]","[-0.03125,0.03125,0.03125,-0.03125,-0.03125,0.03125,0.03125,-0.03125]","[-0.03125,0.03125,0.03125,-0.03125,-0.03125,0.03125,0.03125,-0.03125]",7.996801279488204,0.25,0.25
DSR_Simple_training,nothink,video,17,AB_SIGNAL,"[0.5,0.5,0.0,0.5,0.5,2.0,0.0,0.5]","[-0.10719286583336265,-0.10719286583336265,-0.9647357925002639,-0.10719286583336265,-0.10719286583336265,2.465435914167341,-0.9647357925002639,-0.10719286583336265]","[-0.0078125,-0.0078125,-0.0703125,-0.0078125,-0.0078125,0.1796875,-0.0703125,-0.0078125]","[-0.0078125,-0.0078125,-0.0703125,-0.0078125,-0.0078125,0.1796875,-0.0703125,-0.0078125]",4.930871828334682,0.359375,0.359375
DSR_Simple_training,nothink,ad,2,A_ONLY,"[0.5,0.0,0.5,0.0,0.0,0.0,0.0,0.0]","[1.7312511769024619,-0.577083725634154,1.7312511769024619,-0.577083725634154,-0.577083725634154,-0.577083725634154,-0.577083725634154,-0.577083725634154]","[0.046875,-0.015625,0.046875,-0.015625,-0.015625,-0.015625,-0.015625,-0.015625]","[0.046875,-0.015625,0.046875,-0.015625,-0.015625,-0.015625,-0.015625,-0.015625]",6.925004707609846,0.1875,0.1875
DSR_Simple_training,nothink,video,13,AB_SIGNAL,"[2.0,0.0,0.5,0.0,0.0,0.0,0.0,0.5]","[2.501466040597203,-0.5772613939839699,0.19242046466132331,-0.5772613939839699,-0.5772613939839699,-0.5772613939839699,-0.5772613939839699,0.19242046466132331]","[0.203125,-0.046875,0.015625,-0.046875,-0.046875,-0.046875,-0.046875,0.015625]","[0.203125,-0.046875,0.015625,-0.046875,-0.046875,-0.046875,-0.046875,0.015625]",5.772613939839699,0.46875,0.46875
DSR_Simple_training,nothink,ad,2,ALL_ZERO,"[0.0,0.0,0.0,0.0,0.0,0.0,0.0,0.0]","[0.0,0.0,0.0,0.0,0.0,0.0,0.0,0.0]","[0.0,0.0,0.0,0.0,0.0,0.0,0.0,0.0]","[0.0,0.0,0.0,0.0,0.0,0.0,0.0,0.0]",0.0,0.0,0.0
DSR_Simple_training,nothink,prod,2,ALL_ZERO,"[0.0,0.0,0.0,0.0,0.0,0.0,0.0,0.0]","[0.0,0.0,0.0,0.0,0.0,0.0,0.0,0.0]","[0.0,0.0,0.0,0.0,0.0,0.0,0.0,0.0]","[0.0,0.0,0.0,0.0,0.0,0.0,0.0,0.0]",0.0,0.0,0.0
DSR_Simple_training,nothink,prod,3,SINGLE_EXACT,"[0.5,0.0,0.5,0.0,0.0,0.0,0.0,8.0]","[-0.2397224556930883,-0.43150042024755897,-0.2397224556930883,-0.43150042024755897,-0.43150042024755897,-0.43150042024755897,-0.43150042024755897,2.6369470126239714]","[-0.078125,-0.140625,-0.078125,-0.140625,-0.140625,-0.140625,-0.140625,0.859375]","[-0.078125,-0.140625,-0.078125,-0.140625,-0.140625,-0.140625,-0.140625,0.859375]",5.273894025247943,1.71875,1.71875
DSR_Simple_training,nothink,prod,2,A_ONLY,"[0.0,0.5,0.0,0.0,0.0,0.0,0.0,0.0]","[-0.3777360397241218,2.6441522780688524,-0.3777360397241218,-0.3777360397241218,-0.3777360397241218,-0.3777360397241218,-0.3777360397241218,-0.3777360397241218]","[-0.0078125,0.0546875,-0.0078125,-0.0078125,-0.0078125,-0.0078125,-0.0078125,-0.0078125]","[-0.0078125,0.0546875,-0.0078125,-0.0078125,-0.0078125,-0.0078125,-0.0078125,-0.0078125]",5.288304556137704,0.109375,0.109375
DSR_Simple_training,nothink,ad,2,A_ONLY,"[0.5,0.0,0.0,0.0,0.5,0.0,0.5,0.0]","[1.290461335641207,-0.7742768013847241,-0.7742768013847241,-0.7742768013847241,1.290461335641207,-0.7742768013847241,1.290461335641207,-0.7742768013847241]","[0.0390625,-0.0234375,-0.0234375,-0.0234375,0.0390625,-0.0234375,0.0390625,-0.0234375]","[0.0390625,-0.0234375,-0.0234375,-0.0234375,0.0390625,-0.0234375,0.0390625,-0.0234375]",7.742768013847242,0.234375,0.234375
DSR_Simple_training,nothink,video,14,A_ONLY,"[0.0,0.0,0.0,0.0,0.0,0.0,0.0,0.5]","[-0.3777360397241218,-0.3777360397241218,-0.3777360397241218,-0.3777360397241218,-0.3777360397241218,-0.3777360397241218,-0.3777360397241218,2.6441522780688524]","[-0.0078125,-0.0078125,-0.0078125,-0.0078125,-0.0078125,-0.0078125,-0.0078125,0.0546875]","[-0.0078125,-0.0078125,-0.0078125,-0.0078125,-0.0078125,-0.0078125,-0.0078125,0.0546875]",5.288304556137705,0.109375,0.109375
DSR_Simple_training,nothink,living,2,A_ONLY,"[0.5,0.0,0.0,0.0,0.0,0.0,0.0,0.0]","[2.6441522780688524,-0.3777360397241218,-0.3777360397241218,-0.3777360397241218,-0.3777360397241218,-0.3777360397241218,-0.3777360397241218,-0.3777360397241218]","[0.0546875,-0.0078125,-0.0078125,-0.0078125,-0.0078125,-0.0078125,-0.0078125,-0.0078125]","[0.0546875,-0.0078125,-0.0078125,-0.0078125,-0.0078125,-0.0078125,-0.0078125,-0.0078125]",5.288304556137704,0.109375,0.109375
DSR_Simple_training,nothink,video,20,A_ONLY,"[0.0,0.0,0.5,0.0,0.5,0.0,0.0,0.5]","[-0.7742768013847241,-0.7742768013847241,1.290461335641207,-0.7742768013847241,1.290461335641207,-0.7742768013847241,-0.7742768013847241,1.290461335641207]","[-0.0234375,-0.0234375,0.0390625,-0.0234375,0.0390625,-0.0234375,-0.0234375,0.0390625]","[-0.0234375,-0.0234375,0.0390625,-0.0234375,0.0390625,-0.0234375,-0.0234375,0.0390625]",7.7427680138472414,0.234375,0.234375
DSR_Simple_training,nothink,video,13,AB_SIGNAL,"[0.0,2.0,0.5,0.5,0.0,0.0,0.5,0.0]","[-0.6896217739910415,2.4629349071108626,0.09851739628443451,0.09851739628443451,-0.6896217739910415,-0.6896217739910415,0.09851739628443451,-0.6896217739910415]","[-0.0546875,0.1953125,0.0078125,0.0078125,-0.0546875,-0.0546875,0.0078125,-0.0546875]","[-0.0546875,0.1953125,0.0078125,0.0078125,-0.0546875,-0.0546875,0.0078125,-0.0546875]",5.516974191928333,0.4375,0.4375
DSR_Simple_training,nothink,ad,4,A_ONLY,"[0.0,0.0,0.0,0.5,0.0,0.0,0.0,0.5]","[-0.577083725634154,-0.577083725634154,-0.577083725634154,1.7312511769024619,-0.577083725634154,-0.577083725634154,-0.577083725634154,1.7312511769024619]","[-0.015625,-0.015625,-0.015625,0.046875,-0.015625,-0.015625,-0.015625,0.046875]","[-0.015625,-0.015625,-0.015625,0.046875,-0.015625,-0.015625,-0.015625,0.046875]",6.925004707609847,0.1875,0.1875
DSR_Simple_training,nothink,video,11,A_ONLY,"[0.5,0.5,0.0,0.5,0.0,0.0,0.0,0.0]","[1.290461335641207,1.290461335641207,-0.7742768013847241,1.290461335641207,-0.7742768013847241,-0.7742768013847241,-0.7742768013847241,-0.7742768013847241]","[0.0390625,0.0390625,-0.0234375,0.0390625,-0.0234375,-0.0234375,-0.0234375,-0.0234375]","[0.0390625,0.0390625,-0.0234375,0.0390625,-0.0234375,-0.0234375,-0.0234375,-0.0234375]",7.742768013847242,0.234375,0.234375
DSR_Simple_training,nothink,prod,2,ALL_ZERO,"[0.0,0.0,0.0,0.0,0.0,0.0,0.0,0.0]","[0.0,0.0,0.0,0.0,0.0,0.0,0.0,0.0]","[0.0,0.0,0.0,0.0,0.0,0.0,0.0,0.0]","[0.0,0.0,0.0,0.0,0.0,0.0,0.0,0.0]",0.0,0.0,0.0
DSR_Simple_training,nothink,prod,2,A_ONLY,"[0.5,0.5,0.5,0.5,0.0,0.5,0.0,0.0]","[0.7742768013847241,0.7742768013847241,0.7742768013847241,0.7742768013847241,-1.290461335641207,0.7742768013847241,-1.290461335641207,-1.290461335641207]","[0.0234375,0.0234375,0.0234375,0.0234375,-0.0390625,0.0234375,-0.0390625,-0.0390625]","[0.0234375,0.0234375,0.0234375,0.0234375,-0.0390625,0.0234375,-0.0390625,-0.0390625]",7.7427680138472414,0.234375,0.234375
DSR_Simple_training,nothink,prod,2,A_ONLY,"[0.0,0.0,0.0,0.0,0.5,0.0,0.5,0.0]","[-0.577083725634154,-0.577083725634154,-0.577083725634154,-0.577083725634154,1.7312511769024619,-0.577083725634154,1.7312511769024619,-0.577083725634154]","[-0.015625,-0.015625,-0.015625,-0.015625,0.046875,-0.015625,0.046875,-0.015625]","[-0.015625,-0.015625,-0.015625,-0.015625,0.046875,-0.015625,0.046875,-0.015625]",6.925004707609847,0.1875,0.1875
DSR_Simple_training,nothink,living,2,AB_SIGNAL,"[0.0,0.5,-0.25,0.0,0.0,-0.25,2.0,-0.25]","[-0.30722274305295594,0.3950006696395148,-0.6583344493991913,-0.30722274305295594,-0.30722274305295594,-0.6583344493991913,2.501670907716927,-0.6583344493991913]","[-0.02734375,0.03515625,-0.05859375,-0.02734375,-0.02734375,-0.05859375,0.22265625,-0.05859375]","[-0.02734375,0.03515625,-0.05859375,-0.02734375,-0.02734375,-0.05859375,0.22265625,-0.05859375]",5.7933431547128835,0.515625,0.515625
DSR_Simple_training,nothink,living,2,OTHER,"[0.0,-0.25,0.0,0.0,0.0,-0.25,0.0,0.0]","[0.5768174280738311,-1.730452284221493,0.5768174280738311,0.5768174280738311,0.5768174280738311,-1.730452284221493,0.5768174280738311,0.5768174280738311]","[0.0078125,-0.0234375,0.0078125,0.0078125,0.0078125,-0.0234375,0.0078125,0.0078125]","[0.0078125,-0.0234375,0.0078125,0.0078125,0.0078125,-0.0234375,0.0078125,0.0078125]",6.921809136885972,0.09375,0.09375
DSR_Simple_training,nothink,video,17,A_ONLY,"[0.0,0.0,0.5,0.0,0.0,0.0,0.5,0.0]","[-0.577083725634154,-0.577083725634154,1.7312511769024619,-0.577083725634154,-0.577083725634154,-0.577083725634154,1.7312511769024619,-0.577083725634154]","[-0.015625,-0.015625,0.046875,-0.015625,-0.015625,-0.015625,0.046875,-0.015625]","[-0.015625,-0.015625,0.046875,-0.015625,-0.015625,-0.015625,0.046875,-0.015625]",6.9250047076098475,0.1875,0.1875
DSR_Simple_training,nothink,living,2,A_ONLY,"[0.0,0.0,0.5,0.0,0.0,0.0,0.0,0.0]","[-0.3777360397241218,-0.3777360397241218,2.6441522780688524,-0.3777360397241218,-0.3777360397241218,-0.3777360397241218,-0.3777360397241218,-0.3777360397241218]","[-0.0078125,-0.0078125,0.0546875,-0.0078125,-0.0078125,-0.0078125,-0.0078125,-0.0078125]","[-0.0078125,-0.0078125,0.0546875,-0.0078125,-0.0078125,-0.0078125,-0.0078125,-0.0078125]",5.288304556137704,0.109375,0.109375
DSR_Simple_training,nothink,ad,2,A_ONLY,"[0.0,0.0,0.0,0.0,0.0,0.0,0.5,0.0]","[-0.3777360397241218,-0.3777360397241218,-0.3777360397241218,-0.3777360397241218,-0.3777360397241218,-0.3777360397241218,2.6441522780688524,-0.3777360397241218]","[-0.0078125,-0.0078125,-0.0078125,-0.0078125,-0.0078125,-0.0078125,0.0546875,-0.0078125]","[-0.0078125,-0.0078125,-0.0078125,-0.0078125,-0.0078125,-0.0078125,0.0546875,-0.0078125]",5.288304556137705,0.109375,0.109375
DSR_Simple_training,nothink,ad,2,ALL_ZERO,"[0.0,0.0,0.0,0.0,0.0,0.0,0.0,0.0]","[0.0,0.0,0.0,0.0,0.0,0.0,0.0,0.0]","[0.0,0.0,0.0,0.0,0.0,0.0,0.0,0.0]","[0.0,0.0,0.0,0.0,0.0,0.0,0.0,0.0]",0.0,0.0,0.0
DSR_Simple_training,nothink,video,12,A_ONLY,"[0.0,0.0,0.0,0.0,0.0,0.0,0.5,0.0]","[-0.3777360397241218,-0.3777360397241218,-0.3777360397241218,-0.3777360397241218,-0.3777360397241218,-0.3777360397241218,2.6441522780688524,-0.3777360397241218]","[-0.0078125,-0.0078125,-0.0078125,-0.0078125,-0.0078125,-0.0078125,0.0546875,-0.0078125]","[-0.0078125,-0.0078125,-0.0078125,-0.0078125,-0.0078125,-0.0078125,0.0546875,-0.0078125]",5.288304556137705,0.109375,0.109375
DSR_Simple_training,nothink,video,14,ALL_ZERO,"[0.0,0.0,0.0,0.0,0.0,0.0,0.0,0.0]","[0.0,0.0,0.0,0.0,0.0,0.0,0.0,0.0]","[0.0,0.0,0.0,0.0,0.0,0.0,0.0,0.0]","[0.0,0.0,0.0,0.0,0.0,0.0,0.0,0.0]",0.0,0.0,0.0
DSR_Simple_training,nothink,video,13,A_ONLY,"[0.0,0.0,0.5,0.0,0.0,0.0,0.0,0.0]","[-0.3777360397241218,-0.3777360397241218,2.6441522780688524,-0.3777360397241218,-0.3777360397241218,-0.3777360397241218,-0.3777360397241218,-0.3777360397241218]","[-0.0078125,-0.0078125,0.0546875,-0.0078125,-0.0078125,-0.0078125,-0.0078125,-0.0078125]","[-0.0078125,-0.0078125,0.0546875,-0.0078125,-0.0078125,-0.0078125,-0.0078125,-0.0078125]",5.288304556137704,0.109375,0.109375
DSR_Simple_training,nothink,ad,2,A_ONLY,"[0.0,0.5,0.0,0.0,0.0,0.0,0.0,0.0]","[-0.3777360397241218,2.6441522780688524,-0.3777360397241218,-0.3777360397241218,-0.3777360397241218,-0.3777360397241218,-0.3777360397241218,-0.3777360397241218]","[-0.0078125,0.0546875,-0.0078125,-0.0078125,-0.0078125,-0.0078125,-0.0078125,-0.0078125]","[-0.0078125,0.0546875,-0.0078125,-0.0078125,-0.0078125,-0.0078125,-0.0078125,-0.0078125]",5.288304556137704,0.109375,0.109375
DSR_Simple_training,nothink,prod,2,ALL_ZERO,"[0.0,0.0,0.0,0.0,0.0,0.0,0.0,0.0]","[0.0,0.0,0.0,0.0,0.0,0.0,0.0,0.0]","[0.0,0.0,0.0,0.0,0.0,0.0,0.0,0.0]","[0.0,0.0,0.0,0.0,0.0,0.0,0.0,0.0]",0.0,0.0,0.0
DSR_Simple_training,nothink,video,13,A_ONLY,"[0.0,0.0,0.5,0.0,0.0,0.0,0.0,0.0]","[-0.3777360397241218,-0.3777360397241218,2.6441522780688524,-0.3777360397241218,-0.3777360397241218,-0.3777360397241218,-0.3777360397241218,-0.3777360397241218]","[-0.0078125,-0.0078125,0.0546875,-0.0078125,-0.0078125,-0.0078125,-0.0078125,-0.0078125]","[-0.0078125,-0.0078125,0.0546875,-0.0078125,-0.0078125,-0.0078125,-0.0078125,-0.0078125]",5.288304556137704,0.109375,0.109375
DSR_Simple_training,nothink,video,11,A_ONLY,"[0.0,0.0,0.5,0.0,0.0,0.5,0.0,0.5]","[-0.7742768013847241,-0.7742768013847241,1.290461335641207,-0.7742768013847241,-0.7742768013847241,1.290461335641207,-0.7742768013847241,1.290461335641207]","[-0.0234375,-0.0234375,0.0390625,-0.0234375,-0.0234375,0.0390625,-0.0234375,0.0390625]","[-0.0234375,-0.0234375,0.0390625,-0.0234375,-0.0234375,0.0390625,-0.0234375,0.0390625]",7.7427680138472414,0.234375,0.234375
DSR_Simple_training,nothink,living,2,AB_SIGNAL,"[0.0,2.0,0.0,0.0,0.0,0.5,0.0,0.0]","[-0.47450693674776084,2.562337458437909,-0.47450693674776084,-0.47450693674776084,-0.47450693674776084,0.2847041620486565,-0.47450693674776084,-0.47450693674776084]","[-0.0390625,0.2109375,-0.0390625,-0.0390625,-0.0390625,0.0234375,-0.0390625,-0.0390625]","[-0.0390625,0.2109375,-0.0390625,-0.0390625,-0.0390625,0.0234375,-0.0390625,-0.0390625]",5.694083240973131,0.46875,0.46875
DSR_Simple_training,nothink,ad,3,A_ONLY,"[0.5,0.0,0.5,-0.25,-0.25,0.5,0.0,-0.25]","[1.2335307334994625,-0.28466093849987595,1.2335307334994625,-1.043756774499545,-1.043756774499545,1.2335307334994625,-0.28466093849987595,-1.043756774499545]","[0.05078125,-0.01171875,0.05078125,-0.04296875,-0.04296875,0.05078125,-0.01171875,-0.04296875]","[0.05078125,-0.01171875,0.05078125,-0.04296875,-0.04296875,0.05078125,-0.01171875,-0.04296875]",7.401184400996774,0.3046875,0.3046875
DSR_Simple_training,nothink,living,2,A_ONLY,"[0.0,0.0,0.0,0.0,0.0,0.5,0.0,0.0]","[-0.3777360397241218,-0.3777360397241218,-0.3777360397241218,-0.3777360397241218,-0.3777360397241218,2.6441522780688524,-0.3777360397241218,-0.3777360397241218]","[-0.0078125,-0.0078125,-0.0078125,-0.0078125,-0.0078125,0.0546875,-0.0078125,-0.0078125]","[-0.0078125,-0.0078125,-0.0078125,-0.0078125,-0.0078125,0.0546875,-0.0078125,-0.0078125]",5.288304556137704,0.109375,0.109375
DSR_Simple_training,nothink,ad,2,A_ONLY,"[0.0,0.5,0.0,0.0,0.0,0.0,0.5,0.5]","[-0.7742768013847241,1.290461335641207,-0.7742768013847241,-0.7742768013847241,-0.7742768013847241,-0.7742768013847241,1.290461335641207,1.290461335641207]","[-0.0234375,0.0390625,-0.0234375,-0.0234375,-0.0234375,-0.0234375,0.0390625,0.0390625]","[-0.0234375,0.0390625,-0.0234375,-0.0234375,-0.0234375,-0.0234375,0.0390625,0.0390625]",7.742768013847242,0.234375,0.234375
DSR_Simple_training,nothink,prod,2,ALL_ZERO,"[0.0,0.0,0.0,0.0,0.0,0.0,0.0,0.0]","[0.0,0.0,0.0,0.0,0.0,0.0,0.0,0.0]","[0.0,0.0,0.0,0.0,0.0,0.0,0.0,0.0]","[0.0,0.0,0.0,0.0,0.0,0.0,0.0,0.0]",0.0,0.0,0.0
DSR_Simple_training,nothink,ad,2,ALL_ZERO,"[0.0,0.0,0.0,0.0,0.0,0.0,0.0,0.0]","[0.0,0.0,0.0,0.0,0.0,0.0,0.0,0.0]","[0.0,0.0,0.0,0.0,0.0,0.0,0.0,0.0]","[0.0,0.0,0.0,0.0,0.0,0.0,0.0,0.0]",0.0,0.0,0.0
DSR_Simple_training,nothink,video,20,AB_SIGNAL,"[0.5,0.5,0.5,2.0,0.0,0.0,0.0,0.5]","[0.0,0.0,0.0,2.44908980809224,-0.81636326936408,-0.81636326936408,-0.81636326936408,0.0]","[0.0,0.0,0.0,0.1875,-0.0625,-0.0625,-0.0625,0.0]","[0.0,0.0,0.0,0.1875,-0.0625,-0.0625,-0.0625,0.0]",4.89817961618448,0.375,0.375
DSR_Simple_training,nothink,video,12,ALL_ZERO,"[0.0,0.0,0.0,0.0,0.0,0.0,0.0,0.0]","[0.0,0.0,0.0,0.0,0.0,0.0,0.0,0.0]","[0.0,0.0,0.0,0.0,0.0,0.0,0.0,0.0]","[0.0,0.0,0.0,0.0,0.0,0.0,0.0,0.0]",0.0,0.0,0.0
DSR_Simple_training,nothink,video,14,A_ONLY,"[0.5,0.0,0.0,0.0,0.0,0.0,0.0,0.0]","[2.6441522780688524,-0.3777360397241218,-0.3777360397241218,-0.3777360397241218,-0.3777360397241218,-0.3777360397241218,-0.3777360397241218,-0.3777360397241218]","[0.0546875,-0.0078125,-0.0078125,-0.0078125,-0.0078125,-0.0078125,-0.0078125,-0.0078125]","[0.0546875,-0.0078125,-0.0078125,-0.0078125,-0.0078125,-0.0078125,-0.0078125,-0.0078125]",5.288304556137704,0.109375,0.109375
DSR_Simple_training,nothink,video,16,A_ONLY,"[0.0,0.5,0.5,0.0,0.0,0.0,0.0,0.0]","[-0.577083725634154,1.7312511769024619,1.7312511769024619,-0.577083725634154,-0.577083725634154,-0.577083725634154,-0.577083725634154,-0.577083725634154]","[-0.015625,0.046875,0.046875,-0.015625,-0.015625,-0.015625,-0.015625,-0.015625]","[-0.015625,0.046875,0.046875,-0.015625,-0.015625,-0.015625,-0.015625,-0.015625]",6.925004707609846,0.1875,0.1875
DSR_Simple_training,nothink,prod,3,SINGLE_EXACT,"[0.5,0.0,0.0,0.5,8.0,0.0,0.0,0.0]","[-0.2397224556930883,-0.43150042024755897,-0.43150042024755897,-0.2397224556930883,2.6369470126239714,-0.43150042024755897,-0.43150042024755897,-0.43150042024755897]","[-0.078125,-0.140625,-0.140625,-0.078125,0.859375,-0.140625,-0.140625,-0.140625]","[-0.078125,-0.140625,-0.140625,-0.078125,0.859375,-0.140625,-0.140625,-0.140625]",5.273894025247944,1.71875,1.71875
DSR_Simple_training,nothink,prod,2,ALL_ZERO,"[0.0,0.0,0.0,0.0,0.0,0.0,0.0,0.0]","[0.0,0.0,0.0,0.0,0.0,0.0,0.0,0.0]","[0.0,0.0,0.0,0.0,0.0,0.0,0.0,0.0]","[0.0,0.0,0.0,0.0,0.0,0.0,0.0,0.0]",0.0,0.0,0.0
DSR_Simple_training,nothink,ad,2,ALL_ZERO,"[0.0,0.0,0.0,0.0,0.0,0.0,0.0,0.0]","[0.0,0.0,0.0,0.0,0.0,0.0,0.0,0.0]","[0.0,0.0,0.0,0.0,0.0,0.0,0.0,0.0]","[0.0,0.0,0.0,0.0,0.0,0.0,0.0,0.0]",0.0,0.0,0.0
DSR_Simple_training,nothink,prod,2,A_ONLY,"[0.0,0.0,0.0,0.5,0.0,0.0,0.0,0.0]","[-0.3777360397241218,-0.3777360397241218,-0.3777360397241218,2.6441522780688524,-0.3777360397241218,-0.3777360397241218,-0.3777360397241218,-0.3777360397241218]","[-0.0078125,-0.0078125,-0.0078125,0.0546875,-0.0078125,-0.0078125,-0.0078125,-0.0078125]","[-0.0078125,-0.0078125,-0.0078125,0.0546875,-0.0078125,-0.0078125,-0.0078125,-0.0078125]",5.288304556137703,0.109375,0.109375
DSR_Simple_training,nothink,video,12,ALL_ZERO,"[0.0,0.0,0.0,0.0,0.0,0.0,0.0,0.0]","[0.0,0.0,0.0,0.0,0.0,0.0,0.0,0.0]","[0.0,0.0,0.0,0.0,0.0,0.0,0.0,0.0]","[0.0,0.0,0.0,0.0,0.0,0.0,0.0,0.0]",0.0,0.0,0.0
DSR_Simple_training,nothink,prod,2,SINGLE_EXACT,"[0.0,0.0,0.0,0.0,0.0,0.0,8.0,0.5]","[-0.4044027651232127,-0.4044027651232127,-0.4044027651232127,-0.4044027651232127,-0.4044027651232127,-0.4044027651232127,2.640512172275095,-0.2140955815358185]","[-0.1328125,-0.1328125,-0.1328125,-0.1328125,-0.1328125,-0.1328125,0.8671875,-0.0703125]","[-0.1328125,-0.1328125,-0.1328125,-0.1328125,-0.1328125,-0.1328125,0.8671875,-0.0703125]",5.28102434455019,1.734375,1.734375
DSR_Simple_training,nothink,prod,2,MULTI_EXACT,"[0.5,0.5,0.5,8.0,0.5,8.0,0.5,0.5]","[-0.5773324919592446,-0.5773324919592446,-0.5773324919592446,1.731997475877734,-0.5773324919592446,1.731997475877734,-0.5773324919592446,-0.5773324919592446]","[-0.234375,-0.234375,-0.234375,0.703125,-0.234375,0.703125,-0.234375,-0.234375]","[-0.234375,-0.234375,-0.234375,0.703125,-0.234375,0.703125,-0.234375,-0.234375]",6.927989903510936,2.8125,2.8125
DSR_Simple_training,nothink,living,2,A_ONLY,"[0.5,0.5,0.0,0.5,0.0,0.5,0.5,0.0]","[0.7742768013847241,0.7742768013847241,-1.290461335641207,0.7742768013847241,-1.290461335641207,0.7742768013847241,0.7742768013847241,-1.290461335641207]","[0.0234375,0.0234375,-0.0390625,0.0234375,-0.0390625,0.0234375,0.0234375,-0.0390625]","[0.0234375,0.0234375,-0.0390625,0.0234375,-0.0390625,0.0234375,0.0234375,-0.0390625]",7.7427680138472414,0.234375,0.234375
DSR_Simple_training,nothink,living,2,A_ONLY,"[0.5,0.5,0.5,0.5,0.5,0.5,0.5,0.5]","[0.0,0.0,0.0,0.0,0.0,0.0,0.0,0.0]","[0.0,0.0,0.0,0.0,0.0,0.0,0.0,0.0]","[0.0,0.0,0.0,0.0,0.0,0.0,0.0,0.0]",0.0,0.0,0.0
DSR_Simple_training,nothink,video,12,A_ONLY,"[0.0,0.0,0.0,0.0,0.0,0.5,0.0,0.0]","[-0.3777360397241218,-0.3777360397241218,-0.3777360397241218,-0.3777360397241218,-0.3777360397241218,2.6441522780688524,-0.3777360397241218,-0.3777360397241218]","[-0.0078125,-0.0078125,-0.0078125,-0.0078125,-0.0078125,0.0546875,-0.0078125,-0.0078125]","[-0.0078125,-0.0078125,-0.0078125,-0.0078125,-0.0078125,0.0546875,-0.0078125,-0.0078125]",5.288304556137704,0.109375,0.109375
DSR_Simple_training,nothink,ad,4,A_ONLY,"[0.5,0.5,0.5,0.5,0.0,0.0,0.0,0.5]","[0.7742768013847241,0.7742768013847241,0.7742768013847241,0.7742768013847241,-1.290461335641207,-1.290461335641207,-1.290461335641207,0.7742768013847241]","[0.0234375,0.0234375,0.0234375,0.0234375,-0.0390625,-0.0390625,-0.0390625,0.0234375]","[0.0234375,0.0234375,0.0234375,0.0234375,-0.0390625,-0.0390625,-0.0390625,0.0234375]",7.7427680138472414,0.234375,0.234375
DSR_Simple_training,nothink,prod,2,ALL_ZERO,"[0.0,0.0,0.0,0.0,0.0,0.0,0.0,0.0]","[0.0,0.0,0.0,0.0,0.0,0.0,0.0,0.0]","[0.0,0.0,0.0,0.0,0.0,0.0,0.0,0.0]","[0.0,0.0,0.0,0.0,0.0,0.0,0.0,0.0]",0.0,0.0,0.0
DSR_Simple_training,nothink,video,11,A_ONLY,"[0.5,0.5,0.5,0.5,-0.25,0.5,0.0,0.0]","[0.7502213914240087,0.7502213914240087,0.7502213914240087,0.7502213914240087,-1.8219662363154496,0.7502213914240087,-0.9645703604022968,-0.9645703604022968]","[0.02734375,0.02734375,0.02734375,0.02734375,-0.06640625,0.02734375,-0.03515625,-0.03515625]","[0.02734375,0.02734375,0.02734375,0.02734375,-0.06640625,0.02734375,-0.03515625,-0.03515625]",7.5022139142400865,0.2734375,0.2734375
DSR_Simple_training,nothink,video,14,A_ONLY,"[0.0,0.5,0.5,0.0,0.0,0.0,0.0,0.0]","[-0.577083725634154,1.7312511769024619,1.7312511769024619,-0.577083725634154,-0.577083725634154,-0.577083725634154,-0.577083725634154,-0.577083725634154]","[-0.015625,0.046875,0.046875,-0.015625,-0.015625,-0.015625,-0.015625,-0.015625]","[-0.015625,0.046875,0.046875,-0.015625,-0.015625,-0.015625,-0.015625,-0.015625]",6.925004707609846,0.1875,0.1875
DSR_Simple_training,nothink,ad,2,A_ONLY,"[0.0,0.5,0.5,0.5,0.0,0.0,0.0,0.0]","[-0.7742768013847241,1.290461335641207,1.290461335641207,1.290461335641207,-0.7742768013847241,-0.7742768013847241,-0.7742768013847241,-0.7742768013847241]","[-0.0234375,0.0390625,0.0390625,0.0390625,-0.0234375,-0.0234375,-0.0234375,-0.0234375]","[-0.0234375,0.0390625,0.0390625,0.0390625,-0.0234375,-0.0234375,-0.0234375,-0.0234375]",7.742768013847242,0.234375,0.234375
DSR_Simple_training,nothink,video,11,AB_SIGNAL,"[0.5,0.0,0.0,0.0,2.0,0.5,0.0,0.0]","[0.19242046466132331,-0.5772613939839699,-0.5772613939839699,-0.5772613939839699,2.501466040597203,0.19242046466132331,-0.5772613939839699,-0.5772613939839699]","[0.015625,-0.046875,-0.046875,-0.046875,0.203125,0.015625,-0.046875,-0.046875]","[0.015625,-0.046875,-0.046875,-0.046875,0.203125,0.015625,-0.046875,-0.046875]",5.772613939839699,0.46875,0.46875
DSR_Simple_training,nothink,video,15,A_ONLY,"[0.5,0.5,0.5,0.0,0.5,0.5,0.5,0.5]","[0.3777360397241218,0.3777360397241218,0.3777360397241218,-2.6441522780688524,0.3777360397241218,0.3777360397241218,0.3777360397241218,0.3777360397241218]","[0.0078125,0.0078125,0.0078125,-0.0546875,0.0078125,0.0078125,0.0078125,0.0078125]","[0.0078125,0.0078125,0.0078125,-0.0546875,0.0078125,0.0078125,0.0078125,0.0078125]",5.288304556137703,0.109375,0.109375
DSR_Simple_training,nothink,ad,2,A_ONLY,"[0.5,0.0,0.0,0.0,0.0,0.0,0.0,0.0]","[2.6441522780688524,-0.3777360397241218,-0.3777360397241218,-0.3777360397241218,-0.3777360397241218,-0.3777360397241218,-0.3777360397241218,-0.3777360397241218]","[0.0546875,-0.0078125,-0.0078125,-0.0078125,-0.0078125,-0.0078125,-0.0078125,-0.0078125]","[0.0546875,-0.0078125,-0.0078125,-0.0078125,-0.0078125,-0.0078125,-0.0078125,-0.0078125]",5.288304556137704,0.109375,0.109375
DSR_Simple_training,nothink,video,14,A_ONLY,"[0.0,0.0,0.0,0.5,0.0,0.5,0.0,0.0]","[-0.577083725634154,-0.577083725634154,-0.577083725634154,1.7312511769024619,-0.577083725634154,1.7312511769024619,-0.577083725634154,-0.577083725634154]","[-0.015625,-0.015625,-0.015625,0.046875,-0.015625,0.046875,-0.015625,-0.015625]","[-0.015625,-0.015625,-0.015625,0.046875,-0.015625,0.046875,-0.015625,-0.015625]",6.925004707609847,0.1875,0.1875
DSR_Simple_training,nothink,video,20,A_ONLY,"[0.5,0.0,0.0,0.0,0.0,0.5,0.5,0.0]","[1.290461335641207,-0.7742768013847241,-0.7742768013847241,-0.7742768013847241,-0.7742768013847241,1.290461335641207,1.290461335641207,-0.7742768013847241]","[0.0390625,-0.0234375,-0.0234375,-0.0234375,-0.0234375,0.0390625,0.0390625,-0.0234375]","[0.0390625,-0.0234375,-0.0234375,-0.0234375,-0.0234375,0.0390625,0.0390625,-0.0234375]",7.742768013847242,0.234375,0.234375
DSR_Simple_training,nothink,prod,2,ALL_ZERO,"[0.0,0.0,0.0,0.0,0.0,0.0,0.0,0.0]","[0.0,0.0,0.0,0.0,0.0,0.0,0.0,0.0]","[0.0,0.0,0.0,0.0,0.0,0.0,0.0,0.0]","[0.0,0.0,0.0,0.0,0.0,0.0,0.0,0.0]",0.0,0.0,0.0
DSR_Simple_training,nothink,living,2,A_ONLY,"[0.0,0.0,0.0,0.0,0.0,0.0,0.5,0.0]","[-0.3777360397241218,-0.3777360397241218,-0.3777360397241218,-0.3777360397241218,-0.3777360397241218,-0.3777360397241218,2.6441522780688524,-0.3777360397241218]","[-0.0078125,-0.0078125,-0.0078125,-0.0078125,-0.0078125,-0.0078125,0.0546875,-0.0078125]","[-0.0078125,-0.0078125,-0.0078125,-0.0078125,-0.0078125,-0.0078125,0.0546875,-0.0078125]",5.288304556137705,0.109375,0.109375
DSR_Simple_training,nothink,prod,3,ALL_ZERO,"[0.0,0.0,0.0,0.0,0.0,0.0,0.0,0.0]","[0.0,0.0,0.0,0.0,0.0,0.0,0.0,0.0]","[0.0,0.0,0.0,0.0,0.0,0.0,0.0,0.0]","[0.0,0.0,0.0,0.0,0.0,0.0,0.0,0.0]",0.0,0.0,0.0
DSR_Simple_training,nothink,ad,2,A_ONLY,"[0.0,0.5,0.0,0.0,0.0,0.0,0.0,0.0]","[-0.3777360397241218,2.6441522780688524,-0.3777360397241218,-0.3777360397241218,-0.3777360397241218,-0.3777360397241218,-0.3777360397241218,-0.3777360397241218]","[-0.0078125,0.0546875,-0.0078125,-0.0078125,-0.0078125,-0.0078125,-0.0078125,-0.0078125]","[-0.0078125,0.0546875,-0.0078125,-0.0078125,-0.0078125,-0.0078125,-0.0078125,-0.0078125]",5.288304556137704,0.109375,0.109375
DSR_Simple_training,nothink,video,18,A_ONLY,"[0.5,0.0,0.0,0.5,0.0,0.0,0.5,0.5]","[0.9996001599360256,-0.9996001599360256,-0.9996001599360256,0.9996001599360256,-0.9996001599360256,-0.9996001599360256,0.9996001599360256,0.9996001599360256]","[0.03125,-0.03125,-0.03125,0.03125,-0.03125,-0.03125,0.03125,0.03125]","[0.03125,-0.03125,-0.03125,0.03125,-0.03125,-0.03125,0.03125,0.03125]",7.996801279488204,0.25,0.25
DSR_Simple_training,nothink,ad,6,AB_SIGNAL,"[0.0,0.0,0.0,0.0,0.0,0.0,2.0,0.0]","[-0.3779073387899664,-0.3779073387899664,-0.3779073387899664,-0.3779073387899664,-0.3779073387899664,-0.3779073387899664,2.6453513715297645,-0.3779073387899664]","[-0.03125,-0.03125,-0.03125,-0.03125,-0.03125,-0.03125,0.21875,-0.03125]","[-0.03125,-0.03125,-0.03125,-0.03125,-0.03125,-0.03125,0.21875,-0.03125]",5.290702743059529,0.4375,0.4375
DSR_Simple_training,nothink,prod,2,ALL_ZERO,"[0.0,0.0,0.0,0.0,0.0,0.0,0.0,0.0]","[0.0,0.0,0.0,0.0,0.0,0.0,0.0,0.0]","[0.0,0.0,0.0,0.0,0.0,0.0,0.0,0.0]","[0.0,0.0,0.0,0.0,0.0,0.0,0.0,0.0]",0.0,0.0,0.0
DSR_Simple_training,nothink,video,20,ALL_ZERO,"[0.0,0.0,0.0,0.0,0.0,0.0,0.0,0.0]","[0.0,0.0,0.0,0.0,0.0,0.0,0.0,0.0]","[0.0,0.0,0.0,0.0,0.0,0.0,0.0,0.0]","[0.0,0.0,0.0,0.0,0.0,0.0,0.0,0.0]",0.0,0.0,0.0
DSR_Simple_training,nothink,prod,2,ALL_ZERO,"[0.0,0.0,0.0,0.0,0.0,0.0,0.0,0.0]","[0.0,0.0,0.0,0.0,0.0,0.0,0.0,0.0]","[0.0,0.0,0.0,0.0,0.0,0.0,0.0,0.0]","[0.0,0.0,0.0,0.0,0.0,0.0,0.0,0.0]",0.0,0.0,0.0
DSR_Simple_training,nothink,video,11,ALL_ZERO,"[0.0,0.0,0.0,0.0,0.0,0.0,0.0,0.0]","[0.0,0.0,0.0,0.0,0.0,0.0,0.0,0.0]","[0.0,0.0,0.0,0.0,0.0,0.0,0.0,0.0]","[0.0,0.0,0.0,0.0,0.0,0.0,0.0,0.0]",0.0,0.0,0.0
DSR_Simple_training,nothink,prod,2,ALL_ZERO,"[0.0,0.0,0.0,0.0,0.0,0.0,0.0,0.0]","[0.0,0.0,0.0,0.0,0.0,0.0,0.0,0.0]","[0.0,0.0,0.0,0.0,0.0,0.0,0.0,0.0]","[0.0,0.0,0.0,0.0,0.0,0.0,0.0,0.0]",0.0,0.0,0.0
DSR_Simple_training,nothink,video,16,SINGLE_EXACT,"[0.0,0.0,0.0,0.5,0.5,8.0,0.0,0.0]","[-0.43150042024755897,-0.43150042024755897,-0.43150042024755897,-0.2397224556930883,-0.2397224556930883,2.6369470126239714,-0.43150042024755897,-0.43150042024755897]","[-0.140625,-0.140625,-0.140625,-0.078125,-0.078125,0.859375,-0.140625,-0.140625]","[-0.140625,-0.140625,-0.140625,-0.078125,-0.078125,0.859375,-0.140625,-0.140625]",5.273894025247944,1.71875,1.71875
DSR_Simple_training,nothink,video,18,A_ONLY,"[0.0,0.5,0.0,0.5,0.0,0.0,0.5,0.5]","[-0.9996001599360256,0.9996001599360256,-0.9996001599360256,0.9996001599360256,-0.9996001599360256,-0.9996001599360256,0.9996001599360256,0.9996001599360256]","[-0.03125,0.03125,-0.03125,0.03125,-0.03125,-0.03125,0.03125,0.03125]","[-0.03125,0.03125,-0.03125,0.03125,-0.03125,-0.03125,0.03125,0.03125]",7.996801279488204,0.25,0.25
DSR_Simple_training,nothink,video,12,ALL_ZERO,"[0.0,0.0,0.0,0.0,0.0,0.0,0.0,0.0]","[0.0,0.0,0.0,0.0,0.0,0.0,0.0,0.0]","[0.0,0.0,0.0,0.0,0.0,0.0,0.0,0.0]","[0.0,0.0,0.0,0.0,0.0,0.0,0.0,0.0]",0.0,0.0,0.0
DSR_Simple_training,nothink,video,19,AB_SIGNAL,"[0.0,0.0,0.0,2.0,0.5,0.5,0.0,0.0]","[-0.5772613939839699,-0.5772613939839699,-0.5772613939839699,2.501466040597203,0.19242046466132331,0.19242046466132331,-0.5772613939839699,-0.5772613939839699]","[-0.046875,-0.046875,-0.046875,0.203125,0.015625,0.015625,-0.046875,-0.046875]","[-0.046875,-0.046875,-0.046875,0.203125,0.015625,0.015625,-0.046875,-0.046875]",5.772613939839699,0.46875,0.46875
DSR_Simple_training,nothink,prod,5,ALL_ZERO,"[0.0,0.0,0.0,0.0,0.0,0.0,0.0,0.0]","[0.0,0.0,0.0,0.0,0.0,0.0,0.0,0.0]","[0.0,0.0,0.0,0.0,0.0,0.0,0.0,0.0]","[0.0,0.0,0.0,0.0,0.0,0.0,0.0,0.0]",0.0,0.0,0.0
DSR_Simple_training,nothink,video,19,A_ONLY,"[0.0,0.0,0.0,0.5,0.0,0.0,0.0,0.0]","[-0.3777360397241218,-0.3777360397241218,-0.3777360397241218,2.6441522780688524,-0.3777360397241218,-0.3777360397241218,-0.3777360397241218,-0.3777360397241218]","[-0.0078125,-0.0078125,-0.0078125,0.0546875,-0.0078125,-0.0078125,-0.0078125,-0.0078125]","[-0.0078125,-0.0078125,-0.0078125,0.0546875,-0.0078125,-0.0078125,-0.0078125,-0.0078125]",5.288304556137703,0.109375,0.109375
DSR_Simple_training,nothink,video,19,A_ONLY,"[0.0,0.0,0.0,0.5,0.0,-0.25,0.0,0.0]","[-0.16004614454540816,-0.16004614454540816,-0.16004614454540816,2.4006921681811226,-0.16004614454540816,-1.4404153009086735,-0.16004614454540816,-0.16004614454540816]","[-0.00390625,-0.00390625,-0.00390625,0.05859375,-0.00390625,-0.03515625,-0.00390625,-0.00390625]","[-0.00390625,-0.00390625,-0.00390625,0.05859375,-0.00390625,-0.03515625,-0.00390625,-0.00390625]",4.801384336362244,0.1171875,0.1171875
DSR_Simple_training,nothink,ad,2,A_ONLY,"[0.0,0.5,0.0,0.0,0.0,0.0,0.0,0.0]","[-0.3777360397241218,2.6441522780688524,-0.3777360397241218,-0.3777360397241218,-0.3777360397241218,-0.3777360397241218,-0.3777360397241218,-0.3777360397241218]","[-0.0078125,0.0546875,-0.0078125,-0.0078125,-0.0078125,-0.0078125,-0.0078125,-0.0078125]","[-0.0078125,0.0546875,-0.0078125,-0.0078125,-0.0078125,-0.0078125,-0.0078125,-0.0078125]",5.288304556137704,0.109375,0.109375
DSR_Simple_training,nothink,living,2,A_ONLY,"[0.0,0.0,0.0,0.0,0.0,0.5,0.0,0.0]","[-0.3777360397241218,-0.3777360397241218,-0.3777360397241218,-0.3777360397241218,-0.3777360397241218,2.6441522780688524,-0.3777360397241218,-0.3777360397241218]","[-0.0078125,-0.0078125,-0.0078125,-0.0078125,-0.0078125,0.0546875,-0.0078125,-0.0078125]","[-0.0078125,-0.0078125,-0.0078125,-0.0078125,-0.0078125,0.0546875,-0.0078125,-0.0078125]",5.288304556137704,0.109375,0.109375
DSR_Simple_training,nothink,video,20,A_ONLY,"[0.0,0.5,0.0,0.0,0.0,0.0,0.0,0.0]","[-0.3777360397241218,2.6441522780688524,-0.3777360397241218,-0.3777360397241218,-0.3777360397241218,-0.3777360397241218,-0.3777360397241218,-0.3777360397241218]","[-0.0078125,0.0546875,-0.0078125,-0.0078125,-0.0078125,-0.0078125,-0.0078125,-0.0078125]","[-0.0078125,0.0546875,-0.0078125,-0.0078125,-0.0078125,-0.0078125,-0.0078125,-0.0078125]",5.288304556137704,0.109375,0.109375
DSR_Simple_training,nothink,video,11,A_ONLY,"[0.5,0.0,0.5,0.0,0.0,0.0,0.0,0.5]","[1.290461335641207,-0.7742768013847241,1.290461335641207,-0.7742768013847241,-0.7742768013847241,-0.7742768013847241,-0.7742768013847241,1.290461335641207]","[0.0390625,-0.0234375,0.0390625,-0.0234375,-0.0234375,-0.0234375,-0.0234375,0.0390625]","[0.0390625,-0.0234375,0.0390625,-0.0234375,-0.0234375,-0.0234375,-0.0234375,0.0390625]",7.742768013847242,0.234375,0.234375
DSR_Simple_training,nothink,ad,2,AB_SIGNAL,"[0.0,0.0,0.0,2.0,0.0,0.0,0.0,0.0]","[-0.3779073387899664,-0.3779073387899664,-0.3779073387899664,2.6453513715297645,-0.3779073387899664,-0.3779073387899664,-0.3779073387899664,-0.3779073387899664]","[-0.03125,-0.03125,-0.03125,0.21875,-0.03125,-0.03125,-0.03125,-0.03125]","[-0.03125,-0.03125,-0.03125,0.21875,-0.03125,-0.03125,-0.03125,-0.03125]",5.290702743059529,0.4375,0.4375
DSR_Simple_training,nothink,ad,2,A_ONLY,"[0.5,0.0,0.0,0.0,0.0,0.0,0.0,0.0]","[2.6441522780688524,-0.3777360397241218,-0.3777360397241218,-0.3777360397241218,-0.3777360397241218,-0.3777360397241218,-0.3777360397241218,-0.3777360397241218]","[0.0546875,-0.0078125,-0.0078125,-0.0078125,-0.0078125,-0.0078125,-0.0078125,-0.0078125]","[0.0546875,-0.0078125,-0.0078125,-0.0078125,-0.0078125,-0.0078125,-0.0078125,-0.0078125]",5.288304556137704,0.109375,0.109375
DSR_Simple_training,nothink,living,3,ALL_ZERO,"[0.0,0.0,0.0,0.0,0.0,0.0,0.0,0.0]","[0.0,0.0,0.0,0.0,0.0,0.0,0.0,0.0]","[0.0,0.0,0.0,0.0,0.0,0.0,0.0,0.0]","[0.0,0.0,0.0,0.0,0.0,0.0,0.0,0.0]",0.0,0.0,0.0
DSR_Simple_training,nothink,video,20,A_ONLY,"[0.0,0.0,0.5,0.0,0.5,0.0,0.0,0.5]","[-0.7742768013847241,-0.7742768013847241,1.290461335641207,-0.7742768013847241,1.290461335641207,-0.7742768013847241,-0.7742768013847241,1.290461335641207]","[-0.0234375,-0.0234375,0.0390625,-0.0234375,0.0390625,-0.0234375,-0.0234375,0.0390625]","[-0.0234375,-0.0234375,0.0390625,-0.0234375,0.0390625,-0.0234375,-0.0234375,0.0390625]",7.7427680138472414,0.234375,0.234375
DSR_Simple_training,nothink,video,20,A_ONLY,"[0.5,0.0,0.0,0.0,0.0,0.0,0.5,0.0]","[1.7312511769024619,-0.577083725634154,-0.577083725634154,-0.577083725634154,-0.577083725634154,-0.577083725634154,1.7312511769024619,-0.577083725634154]","[0.046875,-0.015625,-0.015625,-0.015625,-0.015625,-0.015625,0.046875,-0.015625]","[0.046875,-0.015625,-0.015625,-0.015625,-0.015625,-0.015625,0.046875,-0.015625]",6.9250047076098475,0.1875,0.1875
DSR_Simple_training,nothink,ad,2,AB_SIGNAL,"[2.0,0.0,0.5,0.5,0.0,0.0,0.0,0.5]","[2.4629349071108626,-0.6896217739910415,0.09851739628443451,0.09851739628443451,-0.6896217739910415,-0.6896217739910415,-0.6896217739910415,0.09851739628443451]","[0.1953125,-0.0546875,0.0078125,0.0078125,-0.0546875,-0.0546875,-0.0546875,0.0078125]","[0.1953125,-0.0546875,0.0078125,0.0078125,-0.0546875,-0.0546875,-0.0546875,0.0078125]",5.516974191928333,0.4375,0.4375
DSR_Simple_training,nothink,prod,2,A_ONLY,"[0.5,0.0,0.0,0.5,0.5,0.5,0.0,0.5]","[0.7742768013847241,-1.290461335641207,-1.290461335641207,0.7742768013847241,0.7742768013847241,0.7742768013847241,-1.290461335641207,0.7742768013847241]","[0.0234375,-0.0390625,-0.0390625,0.0234375,0.0234375,0.0234375,-0.0390625,0.0234375]","[0.0234375,-0.0390625,-0.0390625,0.0234375,0.0234375,0.0234375,-0.0390625,0.0234375]",7.742768013847242,0.234375,0.234375
DSR_Simple_training,nothink,prod,2,A_ONLY,"[0.0,0.0,0.0,0.0,0.5,0.0,0.0,0.0]","[-0.3777360397241218,-0.3777360397241218,-0.3777360397241218,-0.3777360397241218,2.6441522780688524,-0.3777360397241218,-0.3777360397241218,-0.3777360397241218]","[-0.0078125,-0.0078125,-0.0078125,-0.0078125,0.0546875,-0.0078125,-0.0078125,-0.0078125]","[-0.0078125,-0.0078125,-0.0078125,-0.0078125,0.0546875,-0.0078125,-0.0078125,-0.0078125]",5.288304556137704,0.109375,0.109375
DSR_Simple_training,nothink,video,20,A_ONLY,"[0.5,0.0,0.0,0.0,0.0,0.0,0.0,0.0]","[2.6441522780688524,-0.3777360397241218,-0.3777360397241218,-0.3777360397241218,-0.3777360397241218,-0.3777360397241218,-0.3777360397241218,-0.3777360397241218]","[0.0546875,-0.0078125,-0.0078125,-0.0078125,-0.0078125,-0.0078125,-0.0078125,-0.0078125]","[0.0546875,-0.0078125,-0.0078125,-0.0078125,-0.0078125,-0.0078125,-0.0078125,-0.0078125]",5.288304556137704,0.109375,0.109375
DSR_Simple_training,nothink,ad,4,A_ONLY,"[0.5,0.0,0.5,0.0,0.0,0.0,0.5,0.0]","[1.290461335641207,-0.7742768013847241,1.290461335641207,-0.7742768013847241,-0.7742768013847241,-0.7742768013847241,1.290461335641207,-0.7742768013847241]","[0.0390625,-0.0234375,0.0390625,-0.0234375,-0.0234375,-0.0234375,0.0390625,-0.0234375]","[0.0390625,-0.0234375,0.0390625,-0.0234375,-0.0234375,-0.0234375,0.0390625,-0.0234375]",7.742768013847242,0.234375,0.234375
DSR_Simple_training,nothink,video,20,A_ONLY,"[0.5,0.0,0.0,0.5,0.0,0.0,0.0,0.0]","[1.7312511769024619,-0.577083725634154,-0.577083725634154,1.7312511769024619,-0.577083725634154,-0.577083725634154,-0.577083725634154,-0.577083725634154]","[0.046875,-0.015625,-0.015625,0.046875,-0.015625,-0.015625,-0.015625,-0.015625]","[0.046875,-0.015625,-0.015625,0.046875,-0.015625,-0.015625,-0.015625,-0.015625]",6.925004707609847,0.1875,0.1875
DSR_Simple_training,nothink,ad,2,A_ONLY,"[0.0,0.0,0.5,0.0,0.0,0.0,0.0,0.0]","[-0.3777360397241218,-0.3777360397241218,2.6441522780688524,-0.3777360397241218,-0.3777360397241218,-0.3777360397241218,-0.3777360397241218,-0.3777360397241218]","[-0.0078125,-0.0078125,0.0546875,-0.0078125,-0.0078125,-0.0078125,-0.0078125,-0.0078125]","[-0.0078125,-0.0078125,0.0546875,-0.0078125,-0.0078125,-0.0078125,-0.0078125,-0.0078125]",5.288304556137704,0.109375,0.109375
DSR_Simple_training,nothink,prod,2,ALL_ZERO,"[0.0,0.0,0.0,0.0,0.0,0.0,0.0,0.0]","[0.0,0.0,0.0,0.0,0.0,0.0,0.0,0.0]","[0.0,0.0,0.0,0.0,0.0,0.0,0.0,0.0]","[0.0,0.0,0.0,0.0,0.0,0.0,0.0,0.0]",0.0,0.0,0.0
DSR_Simple_training,nothink,ad,2,A_ONLY,"[0.5,0.5,0.0,0.5,0.0,0.0,0.0,0.0]","[1.290461335641207,1.290461335641207,-0.7742768013847241,1.290461335641207,-0.7742768013847241,-0.7742768013847241,-0.7742768013847241,-0.7742768013847241]","[0.0390625,0.0390625,-0.0234375,0.0390625,-0.0234375,-0.0234375,-0.0234375,-0.0234375]","[0.0390625,0.0390625,-0.0234375,0.0390625,-0.0234375,-0.0234375,-0.0234375,-0.0234375]",7.742768013847242,0.234375,0.234375
DSR_Simple_training,nothink,video,20,AB_SIGNAL,"[0.5,0.5,2.0,0.0,0.0,0.0,0.5,0.5]","[0.0,0.0,2.44908980809224,-0.81636326936408,-0.81636326936408,-0.81636326936408,0.0,0.0]","[0.0,0.0,0.1875,-0.0625,-0.0625,-0.0625,0.0,0.0]","[0.0,0.0,0.1875,-0.0625,-0.0625,-0.0625,0.0,0.0]",4.89817961618448,0.375,0.375
DSR_Simple_training,nothink,video,20,A_ONLY,"[0.0,0.0,0.0,0.0,0.0,0.0,0.0,0.5]","[-0.3777360397241218,-0.3777360397241218,-0.3777360397241218,-0.3777360397241218,-0.3777360397241218,-0.3777360397241218,-0.3777360397241218,2.6441522780688524]","[-0.0078125,-0.0078125,-0.0078125,-0.0078125,-0.0078125,-0.0078125,-0.0078125,0.0546875]","[-0.0078125,-0.0078125,-0.0078125,-0.0078125,-0.0078125,-0.0078125,-0.0078125,0.0546875]",5.288304556137705,0.109375,0.109375
DSR_Simple_training,nothink,video,15,ALL_ZERO,"[0.0,0.0,0.0,0.0,0.0,0.0,0.0,0.0]","[0.0,0.0,0.0,0.0,0.0,0.0,0.0,0.0]","[0.0,0.0,0.0,0.0,0.0,0.0,0.0,0.0]","[0.0,0.0,0.0,0.0,0.0,0.0,0.0,0.0]",0.0,0.0,0.0
DSR_Simple_training,nothink,video,16,A_ONLY,"[0.5,0.5,0.0,0.0,0.5,0.0,0.0,0.5]","[0.9996001599360256,0.9996001599360256,-0.9996001599360256,-0.9996001599360256,0.9996001599360256,-0.9996001599360256,-0.9996001599360256,0.9996001599360256]","[0.03125,0.03125,-0.03125,-0.03125,0.03125,-0.03125,-0.03125,0.03125]","[0.03125,0.03125,-0.03125,-0.03125,0.03125,-0.03125,-0.03125,0.03125]",7.996801279488204,0.25,0.25
DSR_Simple_training,nothink,prod,2,A_ONLY,"[0.5,0.5,0.0,0.0,0.0,0.0,0.0,0.0]","[1.7312511769024619,1.7312511769024619,-0.577083725634154,-0.577083725634154,-0.577083725634154,-0.577083725634154,-0.577083725634154,-0.577083725634154]","[0.046875,0.046875,-0.015625,-0.015625,-0.015625,-0.015625,-0.015625,-0.015625]","[0.046875,0.046875,-0.015625,-0.015625,-0.015625,-0.015625,-0.015625,-0.015625]",6.925004707609846,0.1875,0.1875
DSR_Simple_training,nothink,video,13,A_ONLY,"[0.0,0.0,0.5,0.0,0.5,0.0,0.0,0.5]","[-0.7742768013847241,-0.7742768013847241,1.290461335641207,-0.7742768013847241,1.290461335641207,-0.7742768013847241,-0.7742768013847241,1.290461335641207]","[-0.0234375,-0.0234375,0.0390625,-0.0234375,0.0390625,-0.0234375,-0.0234375,0.0390625]","[-0.0234375,-0.0234375,0.0390625,-0.0234375,0.0390625,-0.0234375,-0.0234375,0.0390625]",7.7427680138472414,0.234375,0.234375
DSR_Simple_training,nothink,ad,4,A_ONLY,"[0.0,0.0,0.5,0.0,0.0,0.5,0.0,0.5]","[-0.7742768013847241,-0.7742768013847241,1.290461335641207,-0.7742768013847241,-0.7742768013847241,1.290461335641207,-0.7742768013847241,1.290461335641207]","[-0.0234375,-0.0234375,0.0390625,-0.0234375,-0.0234375,0.0390625,-0.0234375,0.0390625]","[-0.0234375,-0.0234375,0.0390625,-0.0234375,-0.0234375,0.0390625,-0.0234375,0.0390625]",7.7427680138472414,0.234375,0.234375
DSR_Simple_training,nothink,ad,2,A_ONLY,"[0.0,0.0,0.0,0.5,0.0,0.0,0.0,0.0]","[-0.3777360397241218,-0.3777360397241218,-0.3777360397241218,2.6441522780688524,-0.3777360397241218,-0.3777360397241218,-0.3777360397241218,-0.3777360397241218]","[-0.0078125,-0.0078125,-0.0078125,0.0546875,-0.0078125,-0.0078125,-0.0078125,-0.0078125]","[-0.0078125,-0.0078125,-0.0078125,0.0546875,-0.0078125,-0.0078125,-0.0078125,-0.0078125]",5.288304556137703,0.109375,0.109375
DSR_Simple_training,nothink,ad,3,AB_SIGNAL,"[0.0,0.0,0.5,2.0,0.0,0.0,0.0,0.0]","[-0.47450693674776084,-0.47450693674776084,0.2847041620486565,2.562337458437909,-0.47450693674776084,-0.47450693674776084,-0.47450693674776084,-0.47450693674776084]","[-0.0390625,-0.0390625,0.0234375,0.2109375,-0.0390625,-0.0390625,-0.0390625,-0.0390625]","[-0.0390625,-0.0390625,0.0234375,0.2109375,-0.0390625,-0.0390625,-0.0390625,-0.0390625]",5.694083240973131,0.46875,0.46875
DSR_Simple_training,nothink,video,17,A_ONLY,"[0.0,0.5,0.0,0.0,0.0,0.0,0.0,0.0]","[-0.3777360397241218,2.6441522780688524,-0.3777360397241218,-0.3777360397241218,-0.3777360397241218,-0.3777360397241218,-0.3777360397241218,-0.3777360397241218]","[-0.0078125,0.0546875,-0.0078125,-0.0078125,-0.0078125,-0.0078125,-0.0078125,-0.0078125]","[-0.0078125,0.0546875,-0.0078125,-0.0078125,-0.0078125,-0.0078125,-0.0078125,-0.0078125]",5.288304556137704,0.109375,0.109375
DSR_Simple_training,nothink,video,12,A_ONLY,"[0.5,0.0,0.0,0.5,0.0,0.5,0.0,0.0]","[1.290461335641207,-0.7742768013847241,-0.7742768013847241,1.290461335641207,-0.7742768013847241,1.290461335641207,-0.7742768013847241,-0.7742768013847241]","[0.0390625,-0.0234375,-0.0234375,0.0390625,-0.0234375,0.0390625,-0.0234375,-0.0234375]","[0.0390625,-0.0234375,-0.0234375,0.0390625,-0.0234375,0.0390625,-0.0234375,-0.0234375]",7.742768013847242,0.234375,0.234375
DSR_Simple_training,nothink,video,16,A_ONLY,"[0.5,0.5,0.5,0.5,0.0,0.5,0.5,0.5]","[0.3777360397241218,0.3777360397241218,0.3777360397241218,0.3777360397241218,-2.6441522780688524,0.3777360397241218,0.3777360397241218,0.3777360397241218]","[0.0078125,0.0078125,0.0078125,0.0078125,-0.0546875,0.0078125,0.0078125,0.0078125]","[0.0078125,0.0078125,0.0078125,0.0078125,-0.0546875,0.0078125,0.0078125,0.0078125]",5.288304556137704,0.109375,0.109375
DSR_Simple_training,nothink,ad,2,AB_SIGNAL,"[0.0,0.0,0.0,2.0,0.0,0.0,0.0,0.0]","[-0.3779073387899664,-0.3779073387899664,-0.3779073387899664,2.6453513715297645,-0.3779073387899664,-0.3779073387899664,-0.3779073387899664,-0.3779073387899664]","[-0.03125,-0.03125,-0.03125,0.21875,-0.03125,-0.03125,-0.03125,-0.03125]","[-0.03125,-0.03125,-0.03125,0.21875,-0.03125,-0.03125,-0.03125,-0.03125]",5.290702743059529,0.4375,0.4375
DSR_Simple_training,nothink,ad,2,AB_SIGNAL,"[0.0,2.0,0.0,0.0,0.0,0.5,0.0,0.0]","[-0.47450693674776084,2.562337458437909,-0.47450693674776084,-0.47450693674776084,-0.47450693674776084,0.2847041620486565,-0.47450693674776084,-0.47450693674776084]","[-0.0390625,0.2109375,-0.0390625,-0.0390625,-0.0390625,0.0234375,-0.0390625,-0.0390625]","[-0.0390625,0.2109375,-0.0390625,-0.0390625,-0.0390625,0.0234375,-0.0390625,-0.0390625]",5.694083240973131,0.46875,0.46875
DSR_Simple_training,nothink,prod,2,A_ONLY,"[0.5,0.5,0.5,0.5,0.5,0.5,0.5,0.5]","[0.0,0.0,0.0,0.0,0.0,0.0,0.0,0.0]","[0.0,0.0,0.0,0.0,0.0,0.0,0.0,0.0]","[0.0,0.0,0.0,0.0,0.0,0.0,0.0,0.0]",0.0,0.0,0.0
DSR_Simple_training,nothink,ad,6,A_ONLY,"[0.0,0.5,0.5,0.0,0.5,0.5,0.5,0.0]","[-1.290461335641207,0.7742768013847241,0.7742768013847241,-1.290461335641207,0.7742768013847241,0.7742768013847241,0.7742768013847241,-1.290461335641207]","[-0.0390625,0.0234375,0.0234375,-0.0390625,0.0234375,0.0234375,0.0234375,-0.0390625]","[-0.0390625,0.0234375,0.0234375,-0.0390625,0.0234375,0.0234375,0.0234375,-0.0390625]",7.742768013847242,0.234375,0.234375
DSR_Simple_training,nothink,prod,4,ALL_ZERO,"[0.0,0.0,0.0,0.0,0.0,0.0,0.0,0.0]","[0.0,0.0,0.0,0.0,0.0,0.0,0.0,0.0]","[0.0,0.0,0.0,0.0,0.0,0.0,0.0,0.0]","[0.0,0.0,0.0,0.0,0.0,0.0,0.0,0.0]",0.0,0.0,0.0
DSR_Simple_training,nothink,living,2,ALL_ZERO,"[0.0,0.0,0.0,0.0,0.0,0.0,0.0,0.0]","[0.0,0.0,0.0,0.0,0.0,0.0,0.0,0.0]","[0.0,0.0,0.0,0.0,0.0,0.0,0.0,0.0]","[0.0,0.0,0.0,0.0,0.0,0.0,0.0,0.0]",0.0,0.0,0.0
DSR_Simple_training,nothink,video,13,A_ONLY,"[0.0,0.0,0.0,0.0,0.5,0.0,0.5,0.0]","[-0.577083725634154,-0.577083725634154,-0.577083725634154,-0.577083725634154,1.7312511769024619,-0.577083725634154,1.7312511769024619,-0.577083725634154]","[-0.015625,-0.015625,-0.015625,-0.015625,0.046875,-0.015625,0.046875,-0.015625]","[-0.015625,-0.015625,-0.015625,-0.015625,0.046875,-0.015625,0.046875,-0.015625]",6.925004707609847,0.1875,0.1875
DSR_Simple_training,nothink,prod,3,A_ONLY,"[0.5,0.5,0.0,0.5,0.0,0.5,0.5,0.0]","[0.7742768013847241,0.7742768013847241,-1.290461335641207,0.7742768013847241,-1.290461335641207,0.7742768013847241,0.7742768013847241,-1.290461335641207]","[0.0234375,0.0234375,-0.0390625,0.0234375,-0.0390625,0.0234375,0.0234375,-0.0390625]","[0.0234375,0.0234375,-0.0390625,0.0234375,-0.0390625,0.0234375,0.0234375,-0.0390625]",7.7427680138472414,0.234375,0.234375
DSR_Simple_training,nothink,video,20,A_ONLY,"[0.5,0.0,0.0,0.5,0.5,0.5,0.0,0.5]","[0.7742768013847241,-1.290461335641207,-1.290461335641207,0.7742768013847241,0.7742768013847241,0.7742768013847241,-1.290461335641207,0.7742768013847241]","[0.0234375,-0.0390625,-0.0390625,0.0234375,0.0234375,0.0234375,-0.0390625,0.0234375]","[0.0234375,-0.0390625,-0.0390625,0.0234375,0.0234375,0.0234375,-0.0390625,0.0234375]",7.742768013847242,0.234375,0.234375
DSR_Simple_training,nothink,living,2,ALL_ZERO,"[0.0,0.0,0.0,0.0,0.0,0.0,0.0,0.0]","[0.0,0.0,0.0,0.0,0.0,0.0,0.0,0.0]","[0.0,0.0,0.0,0.0,0.0,0.0,0.0,0.0]","[0.0,0.0,0.0,0.0,0.0,0.0,0.0,0.0]",0.0,0.0,0.0
DSR_Simple_training,nothink,prod,2,ALL_ZERO,"[0.0,0.0,0.0,0.0,0.0,0.0,0.0,0.0]","[0.0,0.0,0.0,0.0,0.0,0.0,0.0,0.0]","[0.0,0.0,0.0,0.0,0.0,0.0,0.0,0.0]","[0.0,0.0,0.0,0.0,0.0,0.0,0.0,0.0]",0.0,0.0,0.0
DSR_Simple_training,nothink,video,12,A_ONLY,"[0.5,0.5,0.5,0.5,0.5,0.5,0.5,0.5]","[0.0,0.0,0.0,0.0,0.0,0.0,0.0,0.0]","[0.0,0.0,0.0,0.0,0.0,0.0,0.0,0.0]","[0.0,0.0,0.0,0.0,0.0,0.0,0.0,0.0]",0.0,0.0,0.0
DSR_Simple_training,nothink,ad,2,ALL_ZERO,"[0.0,0.0,0.0,0.0,0.0,0.0,0.0,0.0]","[0.0,0.0,0.0,0.0,0.0,0.0,0.0,0.0]","[0.0,0.0,0.0,0.0,0.0,0.0,0.0,0.0]","[0.0,0.0,0.0,0.0,0.0,0.0,0.0,0.0]",0.0,0.0,0.0
DSR_Simple_training,nothink,ad,2,A_ONLY,"[0.0,0.0,0.0,0.5,0.0,0.0,0.0,0.5]","[-0.577083725634154,-0.577083725634154,-0.577083725634154,1.7312511769024619,-0.577083725634154,-0.577083725634154,-0.577083725634154,1.7312511769024619]","[-0.015625,-0.015625,-0.015625,0.046875,-0.015625,-0.015625,-0.015625,0.046875]","[-0.015625,-0.015625,-0.015625,0.046875,-0.015625,-0.015625,-0.015625,0.046875]",6.925004707609847,0.1875,0.1875
DSR_Simple_training,nothink,ad,5,ALL_ZERO,"[0.0,0.0,0.0,0.0,0.0,0.0,0.0,0.0]","[0.0,0.0,0.0,0.0,0.0,0.0,0.0,0.0]","[0.0,0.0,0.0,0.0,0.0,0.0,0.0,0.0]","[0.0,0.0,0.0,0.0,0.0,0.0,0.0,0.0]",0.0,0.0,0.0
DSR_Simple_training,nothink,video,12,A_ONLY,"[0.0,0.0,0.0,0.5,0.5,0.0,0.5,0.0]","[-0.7742768013847241,-0.7742768013847241,-0.7742768013847241,1.290461335641207,1.290461335641207,-0.7742768013847241,1.290461335641207,-0.7742768013847241]","[-0.0234375,-0.0234375,-0.0234375,0.0390625,0.0390625,-0.0234375,0.0390625,-0.0234375]","[-0.0234375,-0.0234375,-0.0234375,0.0390625,0.0390625,-0.0234375,0.0390625,-0.0234375]",7.7427680138472414,0.234375,0.234375
DSR_Simple_training,nothink,ad,2,ALL_ZERO,"[0.0,0.0,0.0,0.0,0.0,0.0,0.0,0.0]","[0.0,0.0,0.0,0.0,0.0,0.0,0.0,0.0]","[0.0,0.0,0.0,0.0,0.0,0.0,0.0,0.0]","[0.0,0.0,0.0,0.0,0.0,0.0,0.0,0.0]",0.0,0.0,0.0
DSR_Simple_training,nothink,video,18,ALL_ZERO,"[0.0,0.0,0.0,0.0,0.0,0.0,0.0,0.0]","[0.0,0.0,0.0,0.0,0.0,0.0,0.0,0.0]","[0.0,0.0,0.0,0.0,0.0,0.0,0.0,0.0]","[0.0,0.0,0.0,0.0,0.0,0.0,0.0,0.0]",0.0,0.0,0.0
DSR_Simple_training,nothink,ad,3,A_ONLY,"[0.5,0.5,0.5,0.5,0.0,0.5,0.5,0.0]","[0.577083725634154,0.577083725634154,0.577083725634154,0.577083725634154,-1.7312511769024619,0.577083725634154,0.577083725634154,-1.7312511769024619]","[0.015625,0.015625,0.015625,0.015625,-0.046875,0.015625,0.015625,-0.046875]","[0.015625,0.015625,0.015625,0.015625,-0.046875,0.015625,0.015625,-0.046875]",6.925004707609847,0.1875,0.1875
DSR_Simple_training,nothink,ad,3,AB_SIGNAL,"[0.0,0.0,0.0,0.0,2.0,0.5,0.0,2.0]","[-0.6652204646403417,-0.6652204646403417,-0.6652204646403417,-0.6652204646403417,1.7000078540808734,-0.07391338496003796,-0.6652204646403417,1.7000078540808734]","[-0.0703125,-0.0703125,-0.0703125,-0.0703125,0.1796875,-0.0078125,-0.0703125,0.1796875]","[-0.0703125,-0.0703125,-0.0703125,-0.0703125,0.1796875,-0.0078125,-0.0703125,0.1796875]",6.800031416323494,0.71875,0.71875
DSR_Simple_training,nothink,prod,2,ALL_ZERO,"[0.0,0.0,0.0,0.0,0.0,0.0,0.0,0.0]","[0.0,0.0,0.0,0.0,0.0,0.0,0.0,0.0]","[0.0,0.0,0.0,0.0,0.0,0.0,0.0,0.0]","[0.0,0.0,0.0,0.0,0.0,0.0,0.0,0.0]",0.0,0.0,0.0
DSR_Simple_training,nothink,prod,4,MULTI_EXACT,"[0.5,0.0,8.0,8.0,0.0,8.0,8.0,0.5]","[-0.9344878486507585,-1.063382724326725,0.9989352864887419,0.9989352864887419,-1.063382724326725,0.9989352864887419,0.9989352864887419,-0.9344878486507585]","[-0.453125,-0.515625,0.484375,0.484375,-0.515625,0.484375,0.484375,-0.453125]","[-0.453125,-0.515625,0.484375,0.484375,-0.515625,0.484375,0.484375,-0.453125]",7.991482291909934,3.875,3.875
DSR_Simple_training,nothink,video,14,A_ONLY,"[0.5,0.0,0.0,0.0,0.0,0.0,0.0,0.5]","[1.7312511769024619,-0.577083725634154,-0.577083725634154,-0.577083725634154,-0.577083725634154,-0.577083725634154,-0.577083725634154,1.7312511769024619]","[0.046875,-0.015625,-0.015625,-0.015625,-0.015625,-0.015625,-0.015625,0.046875]","[0.046875,-0.015625,-0.015625,-0.015625,-0.015625,-0.015625,-0.015625,0.046875]",6.9250047076098475,0.1875,0.1875
DSR_Simple_training,nothink,video,17,SINGLE_EXACT,"[0.0,0.5,0.5,0.0,0.0,8.0,0.5,0.5]","[-0.4879309895987328,-0.2927585937592397,-0.2927585937592397,-0.4879309895987328,-0.4879309895987328,2.6348273438331575,-0.2927585937592397,-0.2927585937592397]","[-0.15625,-0.09375,-0.09375,-0.15625,-0.15625,0.84375,-0.09375,-0.09375]","[-0.15625,-0.09375,-0.09375,-0.15625,-0.15625,0.84375,-0.09375,-0.09375]",5.269654687666316,1.6875,1.6875
DSR_Simple_training,nothink,video,20,AB_SIGNAL,"[0.0,0.5,0.5,0.5,0.5,0.0,2.0,0.5]","[-0.9647357925002639,-0.10719286583336265,-0.10719286583336265,-0.10719286583336265,-0.10719286583336265,-0.9647357925002639,2.465435914167341,-0.10719286583336265]","[-0.0703125,-0.0078125,-0.0078125,-0.0078125,-0.0078125,-0.0703125,0.1796875,-0.0078125]","[-0.0703125,-0.0078125,-0.0078125,-0.0078125,-0.0078125,-0.0703125,0.1796875,-0.0078125]",4.930871828334682,0.359375,0.359375
DSR_Simple_training,nothink,ad,2,A_ONLY,"[0.5,0.0,0.0,0.5,0.0,0.0,0.0,0.5]","[1.290461335641207,-0.7742768013847241,-0.7742768013847241,1.290461335641207,-0.7742768013847241,-0.7742768013847241,-0.7742768013847241,1.290461335641207]","[0.0390625,-0.0234375,-0.0234375,0.0390625,-0.0234375,-0.0234375,-0.0234375,0.0390625]","[0.0390625,-0.0234375,-0.0234375,0.0390625,-0.0234375,-0.0234375,-0.0234375,0.0390625]",7.742768013847242,0.234375,0.234375
DSR_Simple_training,nothink,living,3,ALL_ZERO,"[0.0,0.0,0.0,0.0,0.0,0.0,0.0,0.0]","[0.0,0.0,0.0,0.0,0.0,0.0,0.0,0.0]","[0.0,0.0,0.0,0.0,0.0,0.0,0.0,0.0]","[0.0,0.0,0.0,0.0,0.0,0.0,0.0,0.0]",0.0,0.0,0.0
DSR_Simple_training,nothink,prod,2,MULTI_EXACT,"[0.0,8.0,0.0,0.0,8.0,0.0,0.0,0.0]","[-0.5773336030040704,1.7320008090122112,-0.5773336030040704,-0.5773336030040704,1.7320008090122112,-0.5773336030040704,-0.5773336030040704,-0.5773336030040704]","[-0.25,0.75,-0.25,-0.25,0.75,-0.25,-0.25,-0.25]","[-0.25,0.75,-0.25,-0.25,0.75,-0.25,-0.25,-0.25]",6.928003236048844,3.0,3.0
DSR_Simple_training,nothink,prod,4,A_ONLY,"[0.0,0.0,0.0,0.0,0.0,0.5,0.0,0.0]","[-0.3777360397241218,-0.3777360397241218,-0.3777360397241218,-0.3777360397241218,-0.3777360397241218,2.6441522780688524,-0.3777360397241218,-0.3777360397241218]","[-0.0078125,-0.0078125,-0.0078125,-0.0078125,-0.0078125,0.0546875,-0.0078125,-0.0078125]","[-0.0078125,-0.0078125,-0.0078125,-0.0078125,-0.0078125,0.0546875,-0.0078125,-0.0078125]",5.288304556137704,0.109375,0.109375
DSR_Simple_training,nothink,video,12,A_ONLY,"[0.0,0.5,0.0,0.0,0.0,0.0,0.5,0.0]","[-0.577083725634154,1.7312511769024619,-0.577083725634154,-0.577083725634154,-0.577083725634154,-0.577083725634154,1.7312511769024619,-0.577083725634154]","[-0.015625,0.046875,-0.015625,-0.015625,-0.015625,-0.015625,0.046875,-0.015625]","[-0.015625,0.046875,-0.015625,-0.015625,-0.015625,-0.015625,0.046875,-0.015625]",6.9250047076098475,0.1875,0.1875
DSR_Simple_training,nothink,living,2,A_ONLY,"[0.5,0.0,0.0,0.5,0.0,0.0,0.0,0.0]","[1.7312511769024619,-0.577083725634154,-0.577083725634154,1.7312511769024619,-0.577083725634154,-0.577083725634154,-0.577083725634154,-0.577083725634154]","[0.046875,-0.015625,-0.015625,0.046875,-0.015625,-0.015625,-0.015625,-0.015625]","[0.046875,-0.015625,-0.015625,0.046875,-0.015625,-0.015625,-0.015625,-0.015625]",6.925004707609847,0.1875,0.1875
DSR_Simple_training,nothink,prod,2,ALL_ZERO,"[0.0,0.0,0.0,0.0,0.0,0.0,0.0,0.0]","[0.0,0.0,0.0,0.0,0.0,0.0,0.0,0.0]","[0.0,0.0,0.0,0.0,0.0,0.0,0.0,0.0]","[0.0,0.0,0.0,0.0,0.0,0.0,0.0,0.0]",0.0,0.0,0.0
DSR_Simple_training,nothink,living,7,A_ONLY,"[0.0,0.0,0.5,0.5,0.5,0.0,0.5,0.0]","[-0.9996001599360256,-0.9996001599360256,0.9996001599360256,0.9996001599360256,0.9996001599360256,-0.9996001599360256,0.9996001599360256,-0.9996001599360256]","[-0.03125,-0.03125,0.03125,0.03125,0.03125,-0.03125,0.03125,-0.03125]","[-0.03125,-0.03125,0.03125,0.03125,0.03125,-0.03125,0.03125,-0.03125]",7.996801279488204,0.25,0.25
DSR_Simple_training,nothink,video,15,MULTI_EXACT,"[0.0,0.5,8.0,0.0,0.5,8.0,0.5,0.0]","[-0.6504753537095894,-0.5017952728616834,1.7284059398569092,-0.6504753537095894,-0.5017952728616834,1.7284059398569092,-0.5017952728616834,-0.6504753537095894]","[-0.2734375,-0.2109375,0.7265625,-0.2734375,-0.2109375,0.7265625,-0.2109375,-0.2734375]","[-0.2734375,-0.2109375,0.7265625,-0.2734375,-0.2109375,0.7265625,-0.2109375,-0.2734375]",6.913623759427637,2.90625,2.90625
DSR_Simple_training,nothink,ad,2,MULTI_EXACT,"[8.0,0.5,8.0,0.5,8.0,0.5,0.5,0.0]","[1.2897690211835553,-0.7467083806852163,1.2897690211835553,-0.7467083806852163,1.2897690211835553,-0.7467083806852163,-0.7467083806852163,-0.882473540809801]","[0.59375,-0.34375,0.59375,-0.34375,0.59375,-0.34375,-0.34375,-0.40625]","[0.59375,-0.34375,0.59375,-0.34375,0.59375,-0.34375,-0.34375,-0.40625]",7.738614127101332,3.5625,3.5625
DSR_Simple_training,nothink,prod,2,A_ONLY,"[0.5,0.0,0.0,0.0,0.0,0.0,0.0,0.0]","[2.6441522780688524,-0.3777360397241218,-0.3777360397241218,-0.3777360397241218,-0.3777360397241218,-0.3777360397241218,-0.3777360397241218,-0.3777360397241218]","[0.0546875,-0.0078125,-0.0078125,-0.0078125,-0.0078125,-0.0078125,-0.0078125,-0.0078125]","[0.0546875,-0.0078125,-0.0078125,-0.0078125,-0.0078125,-0.0078125,-0.0078125,-0.0078125]",5.288304556137704,0.109375,0.109375
DSR_Simple_training,nothink,video,14,ALL_ZERO,"[0.0,0.0,0.0,0.0,0.0,0.0,0.0,0.0]","[0.0,0.0,0.0,0.0,0.0,0.0,0.0,0.0]","[0.0,0.0,0.0,0.0,0.0,0.0,0.0,0.0]","[0.0,0.0,0.0,0.0,0.0,0.0,0.0,0.0]",0.0,0.0,0.0
DSR_Simple_training,nothink,living,2,ALL_ZERO,"[0.0,0.0,0.0,0.0,0.0,0.0,0.0,0.0]","[0.0,0.0,0.0,0.0,0.0,0.0,0.0,0.0]","[0.0,0.0,0.0,0.0,0.0,0.0,0.0,0.0]","[0.0,0.0,0.0,0.0,0.0,0.0,0.0,0.0]",0.0,0.0,0.0
DSR_Simple_training,nothink,living,2,A_ONLY,"[0.0,0.0,0.5,0.0,0.0,0.0,0.0,0.0]","[-0.3777360397241218,-0.3777360397241218,2.6441522780688524,-0.3777360397241218,-0.3777360397241218,-0.3777360397241218,-0.3777360397241218,-0.3777360397241218]","[-0.0078125,-0.0078125,0.0546875,-0.0078125,-0.0078125,-0.0078125,-0.0078125,-0.0078125]","[-0.0078125,-0.0078125,0.0546875,-0.0078125,-0.0078125,-0.0078125,-0.0078125,-0.0078125]",5.288304556137704,0.109375,0.109375
DSR_Simple_training,nothink,prod,2,ALL_ZERO,"[0.0,0.0,0.0,0.0,0.0,0.0,0.0,0.0]","[0.0,0.0,0.0,0.0,0.0,0.0,0.0,0.0]","[0.0,0.0,0.0,0.0,0.0,0.0,0.0,0.0]","[0.0,0.0,0.0,0.0,0.0,0.0,0.0,0.0]",0.0,0.0,0.0
DSR_Simple_training,nothink,ad,3,A_ONLY,"[0.0,0.0,0.5,0.0,0.0,0.0,0.5,0.0]","[-0.577083725634154,-0.577083725634154,1.7312511769024619,-0.577083725634154,-0.577083725634154,-0.577083725634154,1.7312511769024619,-0.577083725634154]","[-0.015625,-0.015625,0.046875,-0.015625,-0.015625,-0.015625,0.046875,-0.015625]","[-0.015625,-0.015625,0.046875,-0.015625,-0.015625,-0.015625,0.046875,-0.015625]",6.9250047076098475,0.1875,0.1875
DSR_Simple_training,nothink,video,20,A_ONLY,"[0.5,0.0,0.0,0.0,0.5,0.5,0.0,0.0]","[1.290461335641207,-0.7742768013847241,-0.7742768013847241,-0.7742768013847241,1.290461335641207,1.290461335641207,-0.7742768013847241,-0.7742768013847241]","[0.0390625,-0.0234375,-0.0234375,-0.0234375,0.0390625,0.0390625,-0.0234375,-0.0234375]","[0.0390625,-0.0234375,-0.0234375,-0.0234375,0.0390625,0.0390625,-0.0234375,-0.0234375]",7.742768013847242,0.234375,0.234375
DSR_Simple_training,nothink,video,17,MULTI_EXACT,"[0.0,8.0,2.0,8.0,0.5,0.0,0.5,0.5]","[-0.7468076049206985,1.7042532522549274,-0.13404239062679205,1.7042532522549274,-0.5936163013472219,-0.7468076049206985,-0.5936163013472219,-0.5936163013472219]","[-0.3046875,0.6953125,-0.0546875,0.6953125,-0.2421875,-0.3046875,-0.2421875,-0.2421875]","[-0.3046875,0.6953125,-0.0546875,0.6953125,-0.2421875,-0.3046875,-0.2421875,-0.2421875]",6.81701300901971,2.78125,2.78125
DSR_Simple_training,nothink,video,17,AB_SIGNAL,"[0.5,0.0,0.0,0.0,0.0,2.0,0.5,0.5]","[0.09851739628443451,-0.6896217739910415,-0.6896217739910415,-0.6896217739910415,-0.6896217739910415,2.4629349071108626,0.09851739628443451,0.09851739628443451]","[0.0078125,-0.0546875,-0.0546875,-0.0546875,-0.0546875,0.1953125,0.0078125,0.0078125]","[0.0078125,-0.0546875,-0.0546875,-0.0546875,-0.0546875,0.1953125,0.0078125,0.0078125]",5.516974191928333,0.4375,0.4375
DSR_Simple_training,nothink,living,2,AB_SIGNAL,"[2.0,2.0,0.0,0.5,0.0,0.5,0.0,0.5]","[1.6651970360641053,1.6651970360641053,-0.8722460665097694,-0.23788529086630075,-0.8722460665097694,-0.23788529086630075,-0.8722460665097694,-0.23788529086630075]","[0.1640625,0.1640625,-0.0859375,-0.0234375,-0.0859375,-0.0234375,-0.0859375,-0.0234375]","[0.1640625,0.1640625,-0.0859375,-0.0234375,-0.0859375,-0.0234375,-0.0859375,-0.0234375]",6.660788144256423,0.65625,0.65625
DSR_Simple_training,nothink,ad,2,A_ONLY,"[0.5,0.0,0.0,0.5,0.0,0.5,0.5,0.5]","[0.7742768013847241,-1.290461335641207,-1.290461335641207,0.7742768013847241,-1.290461335641207,0.7742768013847241,0.7742768013847241,0.7742768013847241]","[0.0234375,-0.0390625,-0.0390625,0.0234375,-0.0390625,0.0234375,0.0234375,0.0234375]","[0.0234375,-0.0390625,-0.0390625,0.0234375,-0.0390625,0.0234375,0.0234375,0.0234375]",7.742768013847242,0.234375,0.234375
DSR_Simple_training,nothink,prod,3,ALL_ZERO,"[0.0,0.0,0.0,0.0,0.0,0.0,0.0,0.0]","[0.0,0.0,0.0,0.0,0.0,0.0,0.0,0.0]","[0.0,0.0,0.0,0.0,0.0,0.0,0.0,0.0]","[0.0,0.0,0.0,0.0,0.0,0.0,0.0,0.0]",0.0,0.0,0.0
DSR_Simple_training,nothink,video,13,A_ONLY,"[0.5,0.0,0.5,0.5,0.0,0.0,0.0,0.0]","[1.290461335641207,-0.7742768013847241,1.290461335641207,1.290461335641207,-0.7742768013847241,-0.7742768013847241,-0.7742768013847241,-0.7742768013847241]","[0.0390625,-0.0234375,0.0390625,0.0390625,-0.0234375,-0.0234375,-0.0234375,-0.0234375]","[0.0390625,-0.0234375,0.0390625,0.0390625,-0.0234375,-0.0234375,-0.0234375,-0.0234375]",7.742768013847242,0.234375,0.234375
DSR_Simple_training,nothink,video,15,A_ONLY,"[0.0,0.0,0.5,0.0,0.0,0.0,0.0,0.0]","[-0.3777360397241218,-0.3777360397241218,2.6441522780688524,-0.3777360397241218,-0.3777360397241218,-0.3777360397241218,-0.3777360397241218,-0.3777360397241218]","[-0.0078125,-0.0078125,0.0546875,-0.0078125,-0.0078125,-0.0078125,-0.0078125,-0.0078125]","[-0.0078125,-0.0078125,0.0546875,-0.0078125,-0.0078125,-0.0078125,-0.0078125,-0.0078125]",5.288304556137704,0.109375,0.109375
DSR_Simple_training,nothink,ad,2,A_ONLY,"[0.0,0.0,0.5,0.0,0.0,0.0,0.5,0.0]","[-0.577083725634154,-0.577083725634154,1.7312511769024619,-0.577083725634154,-0.577083725634154,-0.577083725634154,1.7312511769024619,-0.577083725634154]","[-0.015625,-0.015625,0.046875,-0.015625,-0.015625,-0.015625,0.046875,-0.015625]","[-0.015625,-0.015625,0.046875,-0.015625,-0.015625,-0.015625,0.046875,-0.015625]",6.9250047076098475,0.1875,0.1875
DSR_Simple_training,nothink,video,18,AB_SIGNAL,"[0.0,0.5,0.0,2.0,0.0,0.0,0.5,0.5]","[-0.6896217739910415,0.09851739628443451,-0.6896217739910415,2.4629349071108626,-0.6896217739910415,-0.6896217739910415,0.09851739628443451,0.09851739628443451]","[-0.0546875,0.0078125,-0.0546875,0.1953125,-0.0546875,-0.0546875,0.0078125,0.0078125]","[-0.0546875,0.0078125,-0.0546875,0.1953125,-0.0546875,-0.0546875,0.0078125,0.0078125]",5.516974191928333,0.4375,0.4375
DSR_Simple_training,nothink,prod,2,A_ONLY,"[0.5,0.0,0.0,0.0,0.0,0.5,0.5,0.0]","[1.290461335641207,-0.7742768013847241,-0.7742768013847241,-0.7742768013847241,-0.7742768013847241,1.290461335641207,1.290461335641207,-0.7742768013847241]","[0.0390625,-0.0234375,-0.0234375,-0.0234375,-0.0234375,0.0390625,0.0390625,-0.0234375]","[0.0390625,-0.0234375,-0.0234375,-0.0234375,-0.0234375,0.0390625,0.0390625,-0.0234375]",7.742768013847242,0.234375,0.234375
DSR_Simple_training,nothink,video,13,A_ONLY,"[0.5,0.5,0.5,0.0,0.5,0.0,0.5,0.5]","[0.577083725634154,0.577083725634154,0.577083725634154,-1.7312511769024619,0.577083725634154,-1.7312511769024619,0.577083725634154,0.577083725634154]","[0.015625,0.015625,0.015625,-0.046875,0.015625,-0.046875,0.015625,0.015625]","[0.015625,0.015625,0.015625,-0.046875,0.015625,-0.046875,0.015625,0.015625]",6.925004707609847,0.1875,0.1875
DSR_Simple_training,nothink,ad,2,ALL_ZERO,"[0.0,0.0,0.0,0.0,0.0,0.0,0.0,0.0]","[0.0,0.0,0.0,0.0,0.0,0.0,0.0,0.0]","[0.0,0.0,0.0,0.0,0.0,0.0,0.0,0.0]","[0.0,0.0,0.0,0.0,0.0,0.0,0.0,0.0]",0.0,0.0,0.0
DSR_Simple_training,nothink,video,13,ALL_ZERO,"[0.0,0.0,0.0,0.0,0.0,0.0,0.0,0.0]","[0.0,0.0,0.0,0.0,0.0,0.0,0.0,0.0]","[0.0,0.0,0.0,0.0,0.0,0.0,0.0,0.0]","[0.0,0.0,0.0,0.0,0.0,0.0,0.0,0.0]",0.0,0.0,0.0
DSR_Simple_training,nothink,ad,3,SINGLE_EXACT,"[0.0,0.0,0.5,0.0,0.5,0.5,8.0,0.0]","[-0.45931623647797426,-0.45931623647797426,-0.2659199263819851,-0.45931623647797426,-0.2659199263819851,-0.2659199263819851,2.6350247250578525,-0.45931623647797426]","[-0.1484375,-0.1484375,-0.0859375,-0.1484375,-0.0859375,-0.0859375,0.8515625,-0.1484375]","[-0.1484375,-0.1484375,-0.0859375,-0.1484375,-0.0859375,-0.0859375,0.8515625,-0.1484375]",5.270049450115705,1.703125,1.703125
DSR_Simple_training,nothink,ad,2,A_ONLY,"[0.0,0.0,0.0,0.5,0.0,0.0,0.5,0.0]","[-0.577083725634154,-0.577083725634154,-0.577083725634154,1.7312511769024619,-0.577083725634154,-0.577083725634154,1.7312511769024619,-0.577083725634154]","[-0.015625,-0.015625,-0.015625,0.046875,-0.015625,-0.015625,0.046875,-0.015625]","[-0.015625,-0.015625,-0.015625,0.046875,-0.015625,-0.015625,0.046875,-0.015625]",6.925004707609847,0.1875,0.1875
DSR_Simple_training,nothink,ad,4,A_ONLY,"[0.0,0.5,0.0,0.0,0.0,0.5,0.0,0.0]","[-0.577083725634154,1.7312511769024619,-0.577083725634154,-0.577083725634154,-0.577083725634154,1.7312511769024619,-0.577083725634154,-0.577083725634154]","[-0.015625,0.046875,-0.015625,-0.015625,-0.015625,0.046875,-0.015625,-0.015625]","[-0.015625,0.046875,-0.015625,-0.015625,-0.015625,0.046875,-0.015625,-0.015625]",6.9250047076098475,0.1875,0.1875
DSR_Simple_training,nothink,prod,3,A_ONLY,"[0.0,0.5,0.5,0.0,0.0,0.0,0.5,0.5]","[-0.9996001599360256,0.9996001599360256,0.9996001599360256,-0.9996001599360256,-0.9996001599360256,-0.9996001599360256,0.9996001599360256,0.9996001599360256]","[-0.03125,0.03125,0.03125,-0.03125,-0.03125,-0.03125,0.03125,0.03125]","[-0.03125,0.03125,0.03125,-0.03125,-0.03125,-0.03125,0.03125,0.03125]",7.996801279488204,0.25,0.25
DSR_Simple_training,nothink,living,2,ALL_ZERO,"[0.0,0.0,0.0,0.0,0.0,0.0,0.0,0.0]","[0.0,0.0,0.0,0.0,0.0,0.0,0.0,0.0]","[0.0,0.0,0.0,0.0,0.0,0.0,0.0,0.0]","[0.0,0.0,0.0,0.0,0.0,0.0,0.0,0.0]",0.0,0.0,0.0
DSR_Simple_training,nothink,video,19,AB_SIGNAL,"[0.0,0.0,2.0,0.0,0.5,0.0,0.5,0.0]","[-0.5772613939839699,-0.5772613939839699,2.501466040597203,-0.5772613939839699,0.19242046466132331,-0.5772613939839699,0.19242046466132331,-0.5772613939839699]","[-0.046875,-0.046875,0.203125,-0.046875,0.015625,-0.046875,0.015625,-0.046875]","[-0.046875,-0.046875,0.203125,-0.046875,0.015625,-0.046875,0.015625,-0.046875]",5.772613939839699,0.46875,0.46875
DSR_Simple_training,nothink,living,3,A_ONLY,"[0.0,0.0,0.5,0.0,0.0,0.5,0.0,0.0]","[-0.577083725634154,-0.577083725634154,1.7312511769024619,-0.577083725634154,-0.577083725634154,1.7312511769024619,-0.577083725634154,-0.577083725634154]","[-0.015625,-0.015625,0.046875,-0.015625,-0.015625,0.046875,-0.015625,-0.015625]","[-0.015625,-0.015625,0.046875,-0.015625,-0.015625,0.046875,-0.015625,-0.015625]",6.9250047076098475,0.1875,0.1875
DSR_Simple_training,nothink,ad,2,A_ONLY,"[0.0,0.5,0.0,0.0,0.0,0.5,0.0,0.0]","[-0.577083725634154,1.7312511769024619,-0.577083725634154,-0.577083725634154,-0.577083725634154,1.7312511769024619,-0.577083725634154,-0.577083725634154]","[-0.015625,0.046875,-0.015625,-0.015625,-0.015625,0.046875,-0.015625,-0.015625]","[-0.015625,0.046875,-0.015625,-0.015625,-0.015625,0.046875,-0.015625,-0.015625]",6.9250047076098475,0.1875,0.1875
DSR_Simple_training,nothink,video,20,A_ONLY,"[0.0,0.0,0.0,0.0,0.5,0.5,0.0,0.0]","[-0.577083725634154,-0.577083725634154,-0.577083725634154,-0.577083725634154,1.7312511769024619,1.7312511769024619,-0.577083725634154,-0.577083725634154]","[-0.015625,-0.015625,-0.015625,-0.015625,0.046875,0.046875,-0.015625,-0.015625]","[-0.015625,-0.015625,-0.015625,-0.015625,0.046875,0.046875,-0.015625,-0.015625]",6.925004707609847,0.1875,0.1875
DSR_Simple_training,nothink,prod,2,A_ONLY,"[0.0,0.0,0.0,0.0,0.0,0.5,0.0,0.0]","[-0.3777360397241218,-0.3777360397241218,-0.3777360397241218,-0.3777360397241218,-0.3777360397241218,2.6441522780688524,-0.3777360397241218,-0.3777360397241218]","[-0.0078125,-0.0078125,-0.0078125,-0.0078125,-0.0078125,0.0546875,-0.0078125,-0.0078125]","[-0.0078125,-0.0078125,-0.0078125,-0.0078125,-0.0078125,0.0546875,-0.0078125,-0.0078125]",5.288304556137704,0.109375,0.109375
DSR_Simple_training,nothink,video,19,AB_SIGNAL,"[0.0,2.0,0.0,0.0,0.5,0.0,0.5,0.0]","[-0.5772613939839699,2.501466040597203,-0.5772613939839699,-0.5772613939839699,0.19242046466132331,-0.5772613939839699,0.19242046466132331,-0.5772613939839699]","[-0.046875,0.203125,-0.046875,-0.046875,0.015625,-0.046875,0.015625,-0.046875]","[-0.046875,0.203125,-0.046875,-0.046875,0.015625,-0.046875,0.015625,-0.046875]",5.772613939839699,0.46875,0.46875
DSR_Simple_training,nothink,video,13,ALL_ZERO,"[0.0,0.0,0.0,0.0,0.0,0.0,0.0,0.0]","[0.0,0.0,0.0,0.0,0.0,0.0,0.0,0.0]","[0.0,0.0,0.0,0.0,0.0,0.0,0.0,0.0]","[0.0,0.0,0.0,0.0,0.0,0.0,0.0,0.0]",0.0,0.0,0.0
DSR_Simple_training,nothink,living,2,ALL_ZERO,"[0.0,0.0,0.0,0.0,0.0,0.0,0.0,0.0]","[0.0,0.0,0.0,0.0,0.0,0.0,0.0,0.0]","[0.0,0.0,0.0,0.0,0.0,0.0,0.0,0.0]","[0.0,0.0,0.0,0.0,0.0,0.0,0.0,0.0]",0.0,0.0,0.0
DSR_Simple_training,nothink,video,11,AB_SIGNAL,"[0.5,0.5,0.5,2.0,0.5,0.5,0.5,0.0]","[-0.22937363633367372,-0.22937363633367372,-0.22937363633367372,2.5231099996704107,-0.22937363633367372,-0.22937363633367372,-0.22937363633367372,-1.1468681816683686]","[-0.015625,-0.015625,-0.015625,0.171875,-0.015625,-0.015625,-0.015625,-0.078125]","[-0.015625,-0.015625,-0.015625,0.171875,-0.015625,-0.015625,-0.015625,-0.078125]",5.046219999340821,0.34375,0.34375
DSR_Simple_training,nothink,prod,2,ALL_ZERO,"[0.0,0.0,0.0,0.0,0.0,0.0,0.0,0.0]","[0.0,0.0,0.0,0.0,0.0,0.0,0.0,0.0]","[0.0,0.0,0.0,0.0,0.0,0.0,0.0,0.0]","[0.0,0.0,0.0,0.0,0.0,0.0,0.0,0.0]",0.0,0.0,0.0
DSR_Simple_training,nothink,living,2,A_ONLY,"[0.5,0.0,0.0,0.0,0.0,0.0,0.0,0.5]","[1.7312511769024619,-0.577083725634154,-0.577083725634154,-0.577083725634154,-0.577083725634154,-0.577083725634154,-0.577083725634154,1.7312511769024619]","[0.046875,-0.015625,-0.015625,-0.015625,-0.015625,-0.015625,-0.015625,0.046875]","[0.046875,-0.015625,-0.015625,-0.015625,-0.015625,-0.015625,-0.015625,0.046875]",6.9250047076098475,0.1875,0.1875
DSR_Simple_training,nothink,video,14,SINGLE_EXACT,"[0.5,0.0,0.5,0.0,0.5,8.0,0.5,0.0]","[-0.2927585937592397,-0.4879309895987328,-0.2927585937592397,-0.4879309895987328,-0.2927585937592397,2.6348273438331575,-0.2927585937592397,-0.4879309895987328]","[-0.09375,-0.15625,-0.09375,-0.15625,-0.09375,0.84375,-0.09375,-0.15625]","[-0.09375,-0.15625,-0.09375,-0.15625,-0.09375,0.84375,-0.09375,-0.15625]",5.269654687666315,1.6875,1.6875
DSR_Simple_training,nothink,video,12,ALL_ZERO,"[0.0,0.0,0.0,0.0,0.0,0.0,0.0,0.0]","[0.0,0.0,0.0,0.0,0.0,0.0,0.0,0.0]","[0.0,0.0,0.0,0.0,0.0,0.0,0.0,0.0]","[0.0,0.0,0.0,0.0,0.0,0.0,0.0,0.0]",0.0,0.0,0.0
DSR_Simple_training,nothink,living,2,ALL_ZERO,"[0.0,0.0,0.0,0.0,0.0,0.0,0.0,0.0]","[0.0,0.0,0.0,0.0,0.0,0.0,0.0,0.0]","[0.0,0.0,0.0,0.0,0.0,0.0,0.0,0.0]","[0.0,0.0,0.0,0.0,0.0,0.0,0.0,0.0]",0.0,0.0,0.0
DSR_Simple_training,nothink,video,18,AB_SIGNAL,"[0.0,0.5,2.0,0.5,0.0,0.0,0.0,0.0]","[-0.5772613939839699,0.19242046466132331,2.501466040597203,0.19242046466132331,-0.5772613939839699,-0.5772613939839699,-0.5772613939839699,-0.5772613939839699]","[-0.046875,0.015625,0.203125,0.015625,-0.046875,-0.046875,-0.046875,-0.046875]","[-0.046875,0.015625,0.203125,0.015625,-0.046875,-0.046875,-0.046875,-0.046875]",5.7726139398397,0.46875,0.46875
DSR_Simple_training,nothink,video,12,A_ONLY,"[0.5,0.0,0.5,0.5,0.0,0.0,0.0,0.0]","[1.290461335641207,-0.7742768013847241,1.290461335641207,1.290461335641207,-0.7742768013847241,-0.7742768013847241,-0.7742768013847241,-0.7742768013847241]","[0.0390625,-0.0234375,0.0390625,0.0390625,-0.0234375,-0.0234375,-0.0234375,-0.0234375]","[0.0390625,-0.0234375,0.0390625,0.0390625,-0.0234375,-0.0234375,-0.0234375,-0.0234375]",7.742768013847242,0.234375,0.234375
DSR_Simple_training,nothink,prod,2,A_ONLY,"[0.0,0.0,0.0,0.0,0.0,0.0,0.0,0.5]","[-0.3777360397241218,-0.3777360397241218,-0.3777360397241218,-0.3777360397241218,-0.3777360397241218,-0.3777360397241218,-0.3777360397241218,2.6441522780688524]","[-0.0078125,-0.0078125,-0.0078125,-0.0078125,-0.0078125,-0.0078125,-0.0078125,0.0546875]","[-0.0078125,-0.0078125,-0.0078125,-0.0078125,-0.0078125,-0.0078125,-0.0078125,0.0546875]",5.288304556137705,0.109375,0.109375
DSR_Simple_training,nothink,living,2,A_ONLY,"[0.5,0.5,0.0,0.5,0.5,0.0,0.5,0.5]","[0.577083725634154,0.577083725634154,-1.7312511769024619,0.577083725634154,0.577083725634154,-1.7312511769024619,0.577083725634154,0.577083725634154]","[0.015625,0.015625,-0.046875,0.015625,0.015625,-0.046875,0.015625,0.015625]","[0.015625,0.015625,-0.046875,0.015625,0.015625,-0.046875,0.015625,0.015625]",6.9250047076098475,0.1875,0.1875
DSR_Simple_training,nothink,living,3,A_ONLY,"[0.5,0.0,0.0,0.0,0.0,0.5,0.0,0.0]","[1.7312511769024619,-0.577083725634154,-0.577083725634154,-0.577083725634154,-0.577083725634154,1.7312511769024619,-0.577083725634154,-0.577083725634154]","[0.046875,-0.015625,-0.015625,-0.015625,-0.015625,0.046875,-0.015625,-0.015625]","[0.046875,-0.015625,-0.015625,-0.015625,-0.015625,0.046875,-0.015625,-0.015625]",6.9250047076098475,0.1875,0.1875
DSR_Simple_training,nothink,prod,2,ALL_ZERO,"[0.0,0.0,0.0,0.0,0.0,0.0,0.0,0.0]","[0.0,0.0,0.0,0.0,0.0,0.0,0.0,0.0]","[0.0,0.0,0.0,0.0,0.0,0.0,0.0,0.0]","[0.0,0.0,0.0,0.0,0.0,0.0,0.0,0.0]",0.0,0.0,0.0
DSR_Simple_training,nothink,video,20,ALL_ZERO,"[0.0,0.0,0.0,0.0,0.0,0.0,0.0,0.0]","[0.0,0.0,0.0,0.0,0.0,0.0,0.0,0.0]","[0.0,0.0,0.0,0.0,0.0,0.0,0.0,0.0]","[0.0,0.0,0.0,0.0,0.0,0.0,0.0,0.0]",0.0,0.0,0.0
DSR_Simple_training,nothink,video,16,A_ONLY,"[0.0,0.5,0.0,0.0,0.0,0.0,0.0,0.5]","[-0.577083725634154,1.7312511769024619,-0.577083725634154,-0.577083725634154,-0.577083725634154,-0.577083725634154,-0.577083725634154,1.7312511769024619]","[-0.015625,0.046875,-0.015625,-0.015625,-0.015625,-0.015625,-0.015625,0.046875]","[-0.015625,0.046875,-0.015625,-0.015625,-0.015625,-0.015625,-0.015625,0.046875]",6.9250047076098475,0.1875,0.1875
DSR_Simple_training,nothink,ad,2,ALL_ZERO,"[0.0,0.0,0.0,0.0,0.0,0.0,0.0,0.0]","[0.0,0.0,0.0,0.0,0.0,0.0,0.0,0.0]","[0.0,0.0,0.0,0.0,0.0,0.0,0.0,0.0]","[0.0,0.0,0.0,0.0,0.0,0.0,0.0,0.0]",0.0,0.0,0.0
DSR_Simple_training,nothink,ad,2,AB_SIGNAL,"[0.0,2.0,2.0,2.0,0.0,2.0,2.0,2.0]","[-1.7318508306602218,0.5772836102200739,0.5772836102200739,0.5772836102200739,-1.7318508306602218,0.5772836102200739,0.5772836102200739,0.5772836102200739]","[-0.1875,0.0625,0.0625,0.0625,-0.1875,0.0625,0.0625,0.0625]","[-0.1875,0.0625,0.0625,0.0625,-0.1875,0.0625,0.0625,0.0625]",6.927403322640887,0.75,0.75
DSR_Simple_training,nothink,prod,2,ALL_ZERO,"[0.0,0.0,0.0,0.0,0.0,0.0,0.0,0.0]","[0.0,0.0,0.0,0.0,0.0,0.0,0.0,0.0]","[0.0,0.0,0.0,0.0,0.0,0.0,0.0,0.0]","[0.0,0.0,0.0,0.0,0.0,0.0,0.0,0.0]",0.0,0.0,0.0
DSR_Simple_training,nothink,ad,2,ALL_ZERO,"[0.0,0.0,0.0,0.0,0.0,0.0,0.0,0.0]","[0.0,0.0,0.0,0.0,0.0,0.0,0.0,0.0]","[0.0,0.0,0.0,0.0,0.0,0.0,0.0,0.0]","[0.0,0.0,0.0,0.0,0.0,0.0,0.0,0.0]",0.0,0.0,0.0
DSR_Simple_training,nothink,prod,2,ALL_ZERO,"[0.0,0.0,0.0,0.0,0.0,0.0,0.0,0.0]","[0.0,0.0,0.0,0.0,0.0,0.0,0.0,0.0]","[0.0,0.0,0.0,0.0,0.0,0.0,0.0,0.0]","[0.0,0.0,0.0,0.0,0.0,0.0,0.0,0.0]",0.0,0.0,0.0
DSR_Simple_training,nothink,video,17,AB_SIGNAL,"[0.5,2.0,0.0,0.5,0.0,0.5,0.5,0.5]","[-0.10719286583336265,2.465435914167341,-0.9647357925002639,-0.10719286583336265,-0.9647357925002639,-0.10719286583336265,-0.10719286583336265,-0.10719286583336265]","[-0.0078125,0.1796875,-0.0703125,-0.0078125,-0.0703125,-0.0078125,-0.0078125,-0.0078125]","[-0.0078125,0.1796875,-0.0703125,-0.0078125,-0.0703125,-0.0078125,-0.0078125,-0.0078125]",4.930871828334682,0.359375,0.359375
DSR_Simple_training,nothink,living,2,OTHER,"[-0.25,-0.25,-0.25,-0.25,-0.25,-0.25,-0.25,0.0]","[-0.3775078823921866,-0.3775078823921866,-0.3775078823921866,-0.3775078823921866,-0.3775078823921866,-0.3775078823921866,-0.3775078823921866,2.642555176745306]","[-0.00390625,-0.00390625,-0.00390625,-0.00390625,-0.00390625,-0.00390625,-0.00390625,0.02734375]","[-0.00390625,-0.00390625,-0.00390625,-0.00390625,-0.00390625,-0.00390625,-0.00390625,0.02734375]",5.285110353490612,0.0546875,0.0546875
DSR_Simple_training,nothink,prod,2,ALL_ZERO,"[0.0,0.0,0.0,0.0,0.0,0.0,0.0,0.0]","[0.0,0.0,0.0,0.0,0.0,0.0,0.0,0.0]","[0.0,0.0,0.0,0.0,0.0,0.0,0.0,0.0]","[0.0,0.0,0.0,0.0,0.0,0.0,0.0,0.0]",0.0,0.0,0.0
DSR_Simple_training,nothink,video,13,SINGLE_EXACT,"[0.5,0.0,0.5,2.0,0.0,0.0,8.0,0.0]","[-0.338740628700695,-0.5323067022439493,-0.338740628700695,0.24195759192906785,-0.5323067022439493,-0.5323067022439493,2.564750474448119,-0.5323067022439493]","[-0.109375,-0.171875,-0.109375,0.078125,-0.171875,-0.171875,0.828125,-0.171875]","[-0.109375,-0.171875,-0.109375,0.078125,-0.171875,-0.171875,0.828125,-0.171875]",5.613416132754375,1.8125,1.8125
DSR_Simple_training,nothink,prod,3,A_ONLY,"[0.5,0.0,0.5,0.5,0.0,0.5,0.5,0.5]","[0.577083725634154,-1.7312511769024619,0.577083725634154,0.577083725634154,-1.7312511769024619,0.577083725634154,0.577083725634154,0.577083725634154]","[0.015625,-0.046875,0.015625,0.015625,-0.046875,0.015625,0.015625,0.015625]","[0.015625,-0.046875,0.015625,0.015625,-0.046875,0.015625,0.015625,0.015625]",6.9250047076098475,0.1875,0.1875
DSR_Simple_training,nothink,video,14,A_ONLY,"[0.0,0.5,0.0,0.0,0.5,0.5,0.0,0.0]","[-0.7742768013847241,1.290461335641207,-0.7742768013847241,-0.7742768013847241,1.290461335641207,1.290461335641207,-0.7742768013847241,-0.7742768013847241]","[-0.0234375,0.0390625,-0.0234375,-0.0234375,0.0390625,0.0390625,-0.0234375,-0.0234375]","[-0.0234375,0.0390625,-0.0234375,-0.0234375,0.0390625,0.0390625,-0.0234375,-0.0234375]",7.742768013847242,0.234375,0.234375
DSR_Simple_training,nothink,prod,2,ALL_ZERO,"[0.0,0.0,0.0,0.0,0.0,0.0,0.0,0.0]","[0.0,0.0,0.0,0.0,0.0,0.0,0.0,0.0]","[0.0,0.0,0.0,0.0,0.0,0.0,0.0,0.0]","[0.0,0.0,0.0,0.0,0.0,0.0,0.0,0.0]",0.0,0.0,0.0
DSR_Simple_training,nothink,video,13,A_ONLY,"[0.0,0.0,0.5,0.0,0.5,0.0,0.5,0.0]","[-0.7742768013847241,-0.7742768013847241,1.290461335641207,-0.7742768013847241,1.290461335641207,-0.7742768013847241,1.290461335641207,-0.7742768013847241]","[-0.0234375,-0.0234375,0.0390625,-0.0234375,0.0390625,-0.0234375,0.0390625,-0.0234375]","[-0.0234375,-0.0234375,0.0390625,-0.0234375,0.0390625,-0.0234375,0.0390625,-0.0234375]",7.7427680138472414,0.234375,0.234375
DSR_Simple_training,nothink,video,12,ALL_ZERO,"[0.0,0.0,0.0,0.0,0.0,0.0,0.0,0.0]","[0.0,0.0,0.0,0.0,0.0,0.0,0.0,0.0]","[0.0,0.0,0.0,0.0,0.0,0.0,0.0,0.0]","[0.0,0.0,0.0,0.0,0.0,0.0,0.0,0.0]",0.0,0.0,0.0
DSR_Simple_training,nothink,video,13,A_ONLY,"[0.5,0.0,0.5,0.0,0.0,0.0,0.0,0.5]","[1.290461335641207,-0.7742768013847241,1.290461335641207,-0.7742768013847241,-0.7742768013847241,-0.7742768013847241,-0.7742768013847241,1.290461335641207]","[0.0390625,-0.0234375,0.0390625,-0.0234375,-0.0234375,-0.0234375,-0.0234375,0.0390625]","[0.0390625,-0.0234375,0.0390625,-0.0234375,-0.0234375,-0.0234375,-0.0234375,0.0390625]",7.742768013847242,0.234375,0.234375
DSR_Simple_training,nothink,prod,3,ALL_ZERO,"[0.0,0.0,0.0,0.0,0.0,0.0,0.0,0.0]","[0.0,0.0,0.0,0.0,0.0,0.0,0.0,0.0]","[0.0,0.0,0.0,0.0,0.0,0.0,0.0,0.0]","[0.0,0.0,0.0,0.0,0.0,0.0,0.0,0.0]",0.0,0.0,0.0
DSR_Simple_training,nothink,prod,2,OTHER,"[-0.25,0.0,0.0,0.0,0.0,0.0,0.0,0.0]","[-2.642555176745306,0.3775078823921866,0.3775078823921866,0.3775078823921866,0.3775078823921866,0.3775078823921866,0.3775078823921866,0.3775078823921866]","[-0.02734375,0.00390625,0.00390625,0.00390625,0.00390625,0.00390625,0.00390625,0.00390625]","[-0.02734375,0.00390625,0.00390625,0.00390625,0.00390625,0.00390625,0.00390625,0.00390625]",5.285110353490611,0.0546875,0.0546875
DSR_Simple_training,nothink,prod,3,SINGLE_EXACT,"[0.5,0.0,0.0,8.0,0.5,0.0,0.0,0.0]","[-0.2397224556930883,-0.43150042024755897,-0.43150042024755897,2.6369470126239714,-0.2397224556930883,-0.43150042024755897,-0.43150042024755897,-0.43150042024755897]","[-0.078125,-0.140625,-0.140625,0.859375,-0.078125,-0.140625,-0.140625,-0.140625]","[-0.078125,-0.140625,-0.140625,0.859375,-0.078125,-0.140625,-0.140625,-0.140625]",5.273894025247944,1.71875,1.71875
DSR_Simple_training,nothink,video,16,A_ONLY,"[0.0,0.5,0.5,0.0,0.5,0.0,0.0,0.0]","[-0.7742768013847241,1.290461335641207,1.290461335641207,-0.7742768013847241,1.290461335641207,-0.7742768013847241,-0.7742768013847241,-0.7742768013847241]","[-0.0234375,0.0390625,0.0390625,-0.0234375,0.0390625,-0.0234375,-0.0234375,-0.0234375]","[-0.0234375,0.0390625,0.0390625,-0.0234375,0.0390625,-0.0234375,-0.0234375,-0.0234375]",7.742768013847242,0.234375,0.234375
DSR_Simple_training,nothink,ad,2,A_ONLY,"[0.5,0.5,0.5,0.5,0.5,0.5,0.5,0.5]","[0.0,0.0,0.0,0.0,0.0,0.0,0.0,0.0]","[0.0,0.0,0.0,0.0,0.0,0.0,0.0,0.0]","[0.0,0.0,0.0,0.0,0.0,0.0,0.0,0.0]",0.0,0.0,0.0
DSR_Simple_training,nothink,video,20,A_ONLY,"[0.5,0.5,0.0,0.5,-0.25,0.5,0.5,-0.25]","[0.755700443682495,0.755700443682495,-0.755700443682495,0.755700443682495,-1.51140088736499,0.755700443682495,0.755700443682495,-1.51140088736499]","[0.03125,0.03125,-0.03125,0.03125,-0.0625,0.03125,0.03125,-0.0625]","[0.03125,0.03125,-0.03125,0.03125,-0.0625,0.03125,0.03125,-0.0625]",7.5570044368249505,0.3125,0.3125
DSR_Simple_training,nothink,video,17,AB_SIGNAL,"[0.0,0.0,0.5,0.0,2.0,0.5,0.5,0.5]","[-0.81636326936408,-0.81636326936408,0.0,-0.81636326936408,2.44908980809224,0.0,0.0,0.0]","[-0.0625,-0.0625,0.0,-0.0625,0.1875,0.0,0.0,0.0]","[-0.0625,-0.0625,0.0,-0.0625,0.1875,0.0,0.0,0.0]",4.89817961618448,0.375,0.375
DSR_Simple_training,nothink,living,3,A_ONLY,"[0.0,0.0,0.0,0.0,0.0,0.5,0.0,0.0]","[-0.3777360397241218,-0.3777360397241218,-0.3777360397241218,-0.3777360397241218,-0.3777360397241218,2.6441522780688524,-0.3777360397241218,-0.3777360397241218]","[-0.0078125,-0.0078125,-0.0078125,-0.0078125,-0.0078125,0.0546875,-0.0078125,-0.0078125]","[-0.0078125,-0.0078125,-0.0078125,-0.0078125,-0.0078125,0.0546875,-0.0078125,-0.0078125]",5.288304556137704,0.109375,0.109375
DSR_Simple_training,nothink,ad,2,ALL_ZERO,"[0.0,0.0,0.0,0.0,0.0,0.0,0.0,0.0]","[0.0,0.0,0.0,0.0,0.0,0.0,0.0,0.0]","[0.0,0.0,0.0,0.0,0.0,0.0,0.0,0.0]","[0.0,0.0,0.0,0.0,0.0,0.0,0.0,0.0]",0.0,0.0,0.0
DSR_Simple_training,nothink,video,18,SINGLE_EXACT,"[0.5,0.0,8.0,0.5,0.5,0.5,0.5,0.0]","[-0.3203165888890644,-0.5174344897438732,2.6364519239330684,-0.3203165888890644,-0.3203165888890644,-0.3203165888890644,-0.3203165888890644,-0.5174344897438732]","[-0.1015625,-0.1640625,0.8359375,-0.1015625,-0.1015625,-0.1015625,-0.1015625,-0.1640625]","[-0.1015625,-0.1640625,0.8359375,-0.1015625,-0.1015625,-0.1015625,-0.1015625,-0.1640625]",5.272903847866138,1.671875,1.671875
DSR_Simple_training,nothink,video,17,AB_SIGNAL,"[0.5,0.5,2.0,0.0,0.5,0.5,0.0,0.0]","[0.0,0.0,2.44908980809224,-0.81636326936408,0.0,0.0,-0.81636326936408,-0.81636326936408]","[0.0,0.0,0.1875,-0.0625,0.0,0.0,-0.0625,-0.0625]","[0.0,0.0,0.1875,-0.0625,0.0,0.0,-0.0625,-0.0625]",4.89817961618448,0.375,0.375
DSR_Simple_training,nothink,video,13,ALL_ZERO,"[0.0,0.0,0.0,0.0,0.0,0.0,0.0,0.0]","[0.0,0.0,0.0,0.0,0.0,0.0,0.0,0.0]","[0.0,0.0,0.0,0.0,0.0,0.0,0.0,0.0]","[0.0,0.0,0.0,0.0,0.0,0.0,0.0,0.0]",0.0,0.0,0.0
DSR_Simple_training,nothink,video,15,A_ONLY,"[0.0,0.0,0.0,0.0,0.0,0.0,0.0,0.5]","[-0.3777360397241218,-0.3777360397241218,-0.3777360397241218,-0.3777360397241218,-0.3777360397241218,-0.3777360397241218,-0.3777360397241218,2.6441522780688524]","[-0.0078125,-0.0078125,-0.0078125,-0.0078125,-0.0078125,-0.0078125,-0.0078125,0.0546875]","[-0.0078125,-0.0078125,-0.0078125,-0.0078125,-0.0078125,-0.0078125,-0.0078125,0.0546875]",5.288304556137705,0.109375,0.109375
DSR_Simple_training,nothink,prod,2,MULTI_EXACT,"[8.0,0.0,0.0,0.5,0.0,8.0,0.0,0.0]","[1.7300844084511133,-0.6009766892514393,-0.6009766892514393,-0.45528537064502983,-0.6009766892514393,1.7300844084511133,-0.6009766892514393,-0.6009766892514393]","[0.7421875,-0.2578125,-0.2578125,-0.1953125,-0.2578125,0.7421875,-0.2578125,-0.2578125]","[0.7421875,-0.2578125,-0.2578125,-0.1953125,-0.2578125,0.7421875,-0.2578125,-0.2578125]",6.920337633804452,2.96875,2.96875
DSR_Simple_training,nothink,living,2,A_ONLY,"[0.0,0.0,0.0,0.0,0.0,0.5,0.0,0.0]","[-0.3777360397241218,-0.3777360397241218,-0.3777360397241218,-0.3777360397241218,-0.3777360397241218,2.6441522780688524,-0.3777360397241218,-0.3777360397241218]","[-0.0078125,-0.0078125,-0.0078125,-0.0078125,-0.0078125,0.0546875,-0.0078125,-0.0078125]","[-0.0078125,-0.0078125,-0.0078125,-0.0078125,-0.0078125,0.0546875,-0.0078125,-0.0078125]",5.288304556137704,0.109375,0.109375
DSR_Simple_training,nothink,video,13,AB_SIGNAL,"[0.0,0.0,2.0,0.0,0.0,0.0,0.0,0.0]","[-0.3779073387899664,-0.3779073387899664,2.6453513715297645,-0.3779073387899664,-0.3779073387899664,-0.3779073387899664,-0.3779073387899664,-0.3779073387899664]","[-0.03125,-0.03125,0.21875,-0.03125,-0.03125,-0.03125,-0.03125,-0.03125]","[-0.03125,-0.03125,0.21875,-0.03125,-0.03125,-0.03125,-0.03125,-0.03125]",5.290702743059529,0.4375,0.4375
DSR_Simple_training,nothink,ad,3,AB_SIGNAL,"[0.0,2.0,2.0,2.0,2.0,2.0,0.0,2.0]","[-1.7318508306602218,0.5772836102200739,0.5772836102200739,0.5772836102200739,0.5772836102200739,0.5772836102200739,-1.7318508306602218,0.5772836102200739]","[-0.1875,0.0625,0.0625,0.0625,0.0625,0.0625,-0.1875,0.0625]","[-0.1875,0.0625,0.0625,0.0625,0.0625,0.0625,-0.1875,0.0625]",6.927403322640887,0.75,0.75
DSR_Simple_training,nothink,video,13,A_ONLY,"[0.0,0.0,0.5,0.0,0.0,0.0,0.0,0.0]","[-0.3777360397241218,-0.3777360397241218,2.6441522780688524,-0.3777360397241218,-0.3777360397241218,-0.3777360397241218,-0.3777360397241218,-0.3777360397241218]","[-0.0078125,-0.0078125,0.0546875,-0.0078125,-0.0078125,-0.0078125,-0.0078125,-0.0078125]","[-0.0078125,-0.0078125,0.0546875,-0.0078125,-0.0078125,-0.0078125,-0.0078125,-0.0078125]",5.288304556137704,0.109375,0.109375
DSR_Simple_training,nothink,prod,2,A_ONLY,"[0.0,0.5,0.0,0.0,0.5,0.0,0.0,0.0]","[-0.577083725634154,1.7312511769024619,-0.577083725634154,-0.577083725634154,1.7312511769024619,-0.577083725634154,-0.577083725634154,-0.577083725634154]","[-0.015625,0.046875,-0.015625,-0.015625,0.046875,-0.015625,-0.015625,-0.015625]","[-0.015625,0.046875,-0.015625,-0.015625,0.046875,-0.015625,-0.015625,-0.015625]",6.9250047076098475,0.1875,0.1875
DSR_Simple_training,nothink,ad,2,ALL_ZERO,"[0.0,0.0,0.0,0.0,0.0,0.0,0.0,0.0]","[0.0,0.0,0.0,0.0,0.0,0.0,0.0,0.0]","[0.0,0.0,0.0,0.0,0.0,0.0,0.0,0.0]","[0.0,0.0,0.0,0.0,0.0,0.0,0.0,0.0]",0.0,0.0,0.0
DSR_Simple_training,nothink,prod,5,A_ONLY,"[0.0,0.0,0.0,0.0,0.0,0.5,0.0,0.5]","[-0.577083725634154,-0.577083725634154,-0.577083725634154,-0.577083725634154,-0.577083725634154,1.7312511769024619,-0.577083725634154,1.7312511769024619]","[-0.015625,-0.015625,-0.015625,-0.015625,-0.015625,0.046875,-0.015625,0.046875]","[-0.015625,-0.015625,-0.015625,-0.015625,-0.015625,0.046875,-0.015625,0.046875]",6.9250047076098475,0.1875,0.1875
DSR_Simple_training,nothink,living,2,A_ONLY,"[0.0,0.0,0.0,0.5,0.5,0.5,0.0,0.5]","[-0.9996001599360256,-0.9996001599360256,-0.9996001599360256,0.9996001599360256,0.9996001599360256,0.9996001599360256,-0.9996001599360256,0.9996001599360256]","[-0.03125,-0.03125,-0.03125,0.03125,0.03125,0.03125,-0.03125,0.03125]","[-0.03125,-0.03125,-0.03125,0.03125,0.03125,0.03125,-0.03125,0.03125]",7.996801279488204,0.25,0.25
DSR_Simple_training,nothink,video,20,A_ONLY,"[0.5,0.0,0.0,0.0,0.0,0.0,0.5,0.5]","[1.290461335641207,-0.7742768013847241,-0.7742768013847241,-0.7742768013847241,-0.7742768013847241,-0.7742768013847241,1.290461335641207,1.290461335641207]","[0.0390625,-0.0234375,-0.0234375,-0.0234375,-0.0234375,-0.0234375,0.0390625,0.0390625]","[0.0390625,-0.0234375,-0.0234375,-0.0234375,-0.0234375,-0.0234375,0.0390625,0.0390625]",7.742768013847242,0.234375,0.234375
DSR_Simple_training,nothink,video,11,A_ONLY,"[0.5,0.5,0.5,0.0,0.5,0.5,0.0,0.5]","[0.577083725634154,0.577083725634154,0.577083725634154,-1.7312511769024619,0.577083725634154,0.577083725634154,-1.7312511769024619,0.577083725634154]","[0.015625,0.015625,0.015625,-0.046875,0.015625,0.015625,-0.046875,0.015625]","[0.015625,0.015625,0.015625,-0.046875,0.015625,0.015625,-0.046875,0.015625]",6.925004707609847,0.1875,0.1875
DSR_Simple_training,nothink,video,12,ALL_ZERO,"[0.0,0.0,0.0,0.0,0.0,0.0,0.0,0.0]","[0.0,0.0,0.0,0.0,0.0,0.0,0.0,0.0]","[0.0,0.0,0.0,0.0,0.0,0.0,0.0,0.0]","[0.0,0.0,0.0,0.0,0.0,0.0,0.0,0.0]",0.0,0.0,0.0
DSR_Simple_training,nothink,video,17,A_ONLY,"[0.0,0.5,0.0,0.0,0.0,0.5,0.0,0.5]","[-0.7742768013847241,1.290461335641207,-0.7742768013847241,-0.7742768013847241,-0.7742768013847241,1.290461335641207,-0.7742768013847241,1.290461335641207]","[-0.0234375,0.0390625,-0.0234375,-0.0234375,-0.0234375,0.0390625,-0.0234375,0.0390625]","[-0.0234375,0.0390625,-0.0234375,-0.0234375,-0.0234375,0.0390625,-0.0234375,0.0390625]",7.742768013847242,0.234375,0.234375
DSR_Simple_training,nothink,video,20,AB_SIGNAL,"[2.0,0.0,0.0,0.0,0.0,0.5,0.0,0.0]","[2.562337458437909,-0.47450693674776084,-0.47450693674776084,-0.47450693674776084,-0.47450693674776084,0.2847041620486565,-0.47450693674776084,-0.47450693674776084]","[0.2109375,-0.0390625,-0.0390625,-0.0390625,-0.0390625,0.0234375,-0.0390625,-0.0390625]","[0.2109375,-0.0390625,-0.0390625,-0.0390625,-0.0390625,0.0234375,-0.0390625,-0.0390625]",5.694083240973131,0.46875,0.46875
DSR_Simple_training,nothink,prod,2,ALL_ZERO,"[0.0,0.0,0.0,0.0,0.0,0.0,0.0,0.0]","[0.0,0.0,0.0,0.0,0.0,0.0,0.0,0.0]","[0.0,0.0,0.0,0.0,0.0,0.0,0.0,0.0]","[0.0,0.0,0.0,0.0,0.0,0.0,0.0,0.0]",0.0,0.0,0.0
DSR_Simple_training,nothink,prod,2,ALL_ZERO,"[0.0,0.0,0.0,0.0,0.0,0.0,0.0,0.0]","[0.0,0.0,0.0,0.0,0.0,0.0,0.0,0.0]","[0.0,0.0,0.0,0.0,0.0,0.0,0.0,0.0]","[0.0,0.0,0.0,0.0,0.0,0.0,0.0,0.0]",0.0,0.0,0.0
DSR_Simple_training,nothink,prod,4,ALL_ZERO,"[0.0,0.0,0.0,0.0,0.0,0.0,0.0,0.0]","[0.0,0.0,0.0,0.0,0.0,0.0,0.0,0.0]","[0.0,0.0,0.0,0.0,0.0,0.0,0.0,0.0]","[0.0,0.0,0.0,0.0,0.0,0.0,0.0,0.0]",0.0,0.0,0.0
DSR_Simple_training,nothink,ad,2,ALL_ZERO,"[0.0,0.0,0.0,0.0,0.0,0.0,0.0,0.0]","[0.0,0.0,0.0,0.0,0.0,0.0,0.0,0.0]","[0.0,0.0,0.0,0.0,0.0,0.0,0.0,0.0]","[0.0,0.0,0.0,0.0,0.0,0.0,0.0,0.0]",0.0,0.0,0.0
DSR_Simple_training,nothink,ad,8,A_ONLY,"[0.5,0.5,0.5,0.0,0.5,0.0,0.5,0.5]","[0.577083725634154,0.577083725634154,0.577083725634154,-1.7312511769024619,0.577083725634154,-1.7312511769024619,0.577083725634154,0.577083725634154]","[0.015625,0.015625,0.015625,-0.046875,0.015625,-0.046875,0.015625,0.015625]","[0.015625,0.015625,0.015625,-0.046875,0.015625,-0.046875,0.015625,0.015625]",6.925004707609847,0.1875,0.1875
DSR_Simple_training,nothink,prod,4,ALL_ZERO,"[0.0,0.0,0.0,0.0,0.0,0.0,0.0,0.0]","[0.0,0.0,0.0,0.0,0.0,0.0,0.0,0.0]","[0.0,0.0,0.0,0.0,0.0,0.0,0.0,0.0]","[0.0,0.0,0.0,0.0,0.0,0.0,0.0,0.0]",0.0,0.0,0.0
DSR_Simple_training,nothink,prod,3,ALL_ZERO,"[0.0,0.0,0.0,0.0,0.0,0.0,0.0,0.0]","[0.0,0.0,0.0,0.0,0.0,0.0,0.0,0.0]","[0.0,0.0,0.0,0.0,0.0,0.0,0.0,0.0]","[0.0,0.0,0.0,0.0,0.0,0.0,0.0,0.0]",0.0,0.0,0.0
DSR_Simple_training,nothink,video,20,A_ONLY,"[0.0,0.5,0.0,0.0,0.5,0.0,0.5,0.0]","[-0.7742768013847241,1.290461335641207,-0.7742768013847241,-0.7742768013847241,1.290461335641207,-0.7742768013847241,1.290461335641207,-0.7742768013847241]","[-0.0234375,0.0390625,-0.0234375,-0.0234375,0.0390625,-0.0234375,0.0390625,-0.0234375]","[-0.0234375,0.0390625,-0.0234375,-0.0234375,0.0390625,-0.0234375,0.0390625,-0.0234375]",7.742768013847242,0.234375,0.234375
DSR_Simple_training,nothink,video,16,A_ONLY,"[0.0,0.0,0.5,0.0,0.0,0.0,0.0,0.0]","[-0.3777360397241218,-0.3777360397241218,2.6441522780688524,-0.3777360397241218,-0.3777360397241218,-0.3777360397241218,-0.3777360397241218,-0.3777360397241218]","[-0.0078125,-0.0078125,0.0546875,-0.0078125,-0.0078125,-0.0078125,-0.0078125,-0.0078125]","[-0.0078125,-0.0078125,0.0546875,-0.0078125,-0.0078125,-0.0078125,-0.0078125,-0.0078125]",5.288304556137704,0.109375,0.109375
DSR_Simple_training,nothink,video,20,A_ONLY,"[0.0,0.0,0.5,0.0,0.0,0.0,0.0,0.0]","[-0.3777360397241218,-0.3777360397241218,2.6441522780688524,-0.3777360397241218,-0.3777360397241218,-0.3777360397241218,-0.3777360397241218,-0.3777360397241218]","[-0.0078125,-0.0078125,0.0546875,-0.0078125,-0.0078125,-0.0078125,-0.0078125,-0.0078125]","[-0.0078125,-0.0078125,0.0546875,-0.0078125,-0.0078125,-0.0078125,-0.0078125,-0.0078125]",5.288304556137704,0.109375,0.109375
DSR_Simple_training,nothink,ad,2,A_ONLY,"[0.0,0.0,0.5,0.0,0.0,0.0,0.0,0.0]","[-0.3777360397241218,-0.3777360397241218,2.6441522780688524,-0.3777360397241218,-0.3777360397241218,-0.3777360397241218,-0.3777360397241218,-0.3777360397241218]","[-0.0078125,-0.0078125,0.0546875,-0.0078125,-0.0078125,-0.0078125,-0.0078125,-0.0078125]","[-0.0078125,-0.0078125,0.0546875,-0.0078125,-0.0078125,-0.0078125,-0.0078125,-0.0078125]",5.288304556137704,0.109375,0.109375
DSR_Simple_training,nothink,video,15,SINGLE_EXACT,"[0.5,0.5,8.0,0.0,0.5,0.5,0.0,0.5]","[-0.3203165888890644,-0.3203165888890644,2.6364519239330684,-0.5174344897438732,-0.3203165888890644,-0.3203165888890644,-0.5174344897438732,-0.3203165888890644]","[-0.1015625,-0.1015625,0.8359375,-0.1640625,-0.1015625,-0.1015625,-0.1640625,-0.1015625]","[-0.1015625,-0.1015625,0.8359375,-0.1640625,-0.1015625,-0.1015625,-0.1640625,-0.1015625]",5.272903847866137,1.671875,1.671875
DSR_Simple_training,nothink,prod,2,ALL_ZERO,"[0.0,0.0,0.0,0.0,0.0,0.0,0.0,0.0]","[0.0,0.0,0.0,0.0,0.0,0.0,0.0,0.0]","[0.0,0.0,0.0,0.0,0.0,0.0,0.0,0.0]","[0.0,0.0,0.0,0.0,0.0,0.0,0.0,0.0]",0.0,0.0,0.0
DSR_Simple_training,nothink,ad,2,A_ONLY,"[0.5,0.0,0.0,0.0,0.0,0.0,0.0,0.0]","[2.6441522780688524,-0.3777360397241218,-0.3777360397241218,-0.3777360397241218,-0.3777360397241218,-0.3777360397241218,-0.3777360397241218,-0.3777360397241218]","[0.0546875,-0.0078125,-0.0078125,-0.0078125,-0.0078125,-0.0078125,-0.0078125,-0.0078125]","[0.0546875,-0.0078125,-0.0078125,-0.0078125,-0.0078125,-0.0078125,-0.0078125,-0.0078125]",5.288304556137704,0.109375,0.109375
DSR_Simple_training,nothink,ad,2,ALL_ZERO,"[0.0,0.0,0.0,0.0,0.0,0.0,0.0,0.0]","[0.0,0.0,0.0,0.0,0.0,0.0,0.0,0.0]","[0.0,0.0,0.0,0.0,0.0,0.0,0.0,0.0]","[0.0,0.0,0.0,0.0,0.0,0.0,0.0,0.0]",0.0,0.0,0.0
DSR_Simple_training,nothink,prod,3,ALL_ZERO,"[0.0,0.0,0.0,0.0,0.0,0.0,0.0,0.0]","[0.0,0.0,0.0,0.0,0.0,0.0,0.0,0.0]","[0.0,0.0,0.0,0.0,0.0,0.0,0.0,0.0]","[0.0,0.0,0.0,0.0,0.0,0.0,0.0,0.0]",0.0,0.0,0.0
DSR_Simple_training,nothink,ad,2,SINGLE_EXACT,"[0.5,0.0,0.0,0.0,0.0,0.5,8.0,0.0]","[-0.2397224556930883,-0.43150042024755897,-0.43150042024755897,-0.43150042024755897,-0.43150042024755897,-0.2397224556930883,2.6369470126239714,-0.43150042024755897]","[-0.078125,-0.140625,-0.140625,-0.140625,-0.140625,-0.078125,0.859375,-0.140625]","[-0.078125,-0.140625,-0.140625,-0.140625,-0.140625,-0.078125,0.859375,-0.140625]",5.273894025247943,1.71875,1.71875
DSR_Simple_training,nothink,video,15,A_ONLY,"[0.5,0.0,0.0,0.0,0.5,0.0,0.0,0.5]","[1.290461335641207,-0.7742768013847241,-0.7742768013847241,-0.7742768013847241,1.290461335641207,-0.7742768013847241,-0.7742768013847241,1.290461335641207]","[0.0390625,-0.0234375,-0.0234375,-0.0234375,0.0390625,-0.0234375,-0.0234375,0.0390625]","[0.0390625,-0.0234375,-0.0234375,-0.0234375,0.0390625,-0.0234375,-0.0234375,0.0390625]",7.742768013847242,0.234375,0.234375
DSR_Simple_training,nothink,video,11,AB_SIGNAL,"[0.5,0.0,2.0,0.5,0.0,2.0,0.5,2.0]","[-0.5173936947202658,-1.1087007744005695,1.2565275443206454,-0.5173936947202658,-1.1087007744005695,1.2565275443206454,-0.5173936947202658,1.2565275443206454]","[-0.0546875,-0.1171875,0.1328125,-0.0546875,-0.1171875,0.1328125,-0.0546875,0.1328125]","[-0.0546875,-0.1171875,0.1328125,-0.0546875,-0.1171875,0.1328125,-0.0546875,0.1328125]",7.539165265923872,0.796875,0.796875
DSR_Simple_training,nothink,ad,3,A_ONLY,"[0.0,0.0,0.5,0.0,0.5,0.0,0.0,0.0]","[-0.577083725634154,-0.577083725634154,1.7312511769024619,-0.577083725634154,1.7312511769024619,-0.577083725634154,-0.577083725634154,-0.577083725634154]","[-0.015625,-0.015625,0.046875,-0.015625,0.046875,-0.015625,-0.015625,-0.015625]","[-0.015625,-0.015625,0.046875,-0.015625,0.046875,-0.015625,-0.015625,-0.015625]",6.9250047076098475,0.1875,0.1875
DSR_Simple_training,nothink,prod,2,ALL_ZERO,"[0.0,0.0,0.0,0.0,0.0,0.0,0.0,0.0]","[0.0,0.0,0.0,0.0,0.0,0.0,0.0,0.0]","[0.0,0.0,0.0,0.0,0.0,0.0,0.0,0.0]","[0.0,0.0,0.0,0.0,0.0,0.0,0.0,0.0]",0.0,0.0,0.0
DSR_Simple_training,nothink,prod,2,ALL_ZERO,"[0.0,0.0,0.0,0.0,0.0,0.0,0.0,0.0]","[0.0,0.0,0.0,0.0,0.0,0.0,0.0,0.0]","[0.0,0.0,0.0,0.0,0.0,0.0,0.0,0.0]","[0.0,0.0,0.0,0.0,0.0,0.0,0.0,0.0]",0.0,0.0,0.0
DSR_Simple_training,nothink,video,17,ALL_ZERO,"[0.0,0.0,0.0,0.0,0.0,0.0,0.0,0.0]","[0.0,0.0,0.0,0.0,0.0,0.0,0.0,0.0]","[0.0,0.0,0.0,0.0,0.0,0.0,0.0,0.0]","[0.0,0.0,0.0,0.0,0.0,0.0,0.0,0.0]",0.0,0.0,0.0
DSR_Simple_training,nothink,video,20,ALL_ZERO,"[0.0,0.0,0.0,0.0,0.0,0.0,0.0,0.0]","[0.0,0.0,0.0,0.0,0.0,0.0,0.0,0.0]","[0.0,0.0,0.0,0.0,0.0,0.0,0.0,0.0]","[0.0,0.0,0.0,0.0,0.0,0.0,0.0,0.0]",0.0,0.0,0.0
DSR_Simple_training,nothink,prod,2,ALL_ZERO,"[0.0,0.0,0.0,0.0,0.0,0.0,0.0,0.0]","[0.0,0.0,0.0,0.0,0.0,0.0,0.0,0.0]","[0.0,0.0,0.0,0.0,0.0,0.0,0.0,0.0]","[0.0,0.0,0.0,0.0,0.0,0.0,0.0,0.0]",0.0,0.0,0.0
DSR_Simple_training,nothink,ad,2,A_ONLY,"[0.5,0.0,0.0,0.5,0.0,0.0,0.0,0.0]","[1.7312511769024619,-0.577083725634154,-0.577083725634154,1.7312511769024619,-0.577083725634154,-0.577083725634154,-0.577083725634154,-0.577083725634154]","[0.046875,-0.015625,-0.015625,0.046875,-0.015625,-0.015625,-0.015625,-0.015625]","[0.046875,-0.015625,-0.015625,0.046875,-0.015625,-0.015625,-0.015625,-0.015625]",6.925004707609847,0.1875,0.1875
DSR_Simple_training,nothink,ad,2,AB_SIGNAL,"[2.0,0.0,0.0,0.0,0.5,2.0,2.0,0.0]","[1.272197799081255,-0.8704511256871745,-0.8704511256871745,-0.8704511256871745,-0.3347888944950671,1.272197799081255,1.272197799081255,-0.8704511256871745]","[0.1484375,-0.1015625,-0.1015625,-0.1015625,-0.0390625,0.1484375,0.1484375,-0.1015625]","[0.1484375,-0.1015625,-0.1015625,-0.1015625,-0.0390625,0.1484375,0.1484375,-0.1015625]",7.633186794487529,0.890625,0.890625
DSR_Simple_training,nothink,video,15,A_ONLY,"[0.0,0.0,0.0,0.5,0.0,0.0,0.0,0.5]","[-0.577083725634154,-0.577083725634154,-0.577083725634154,1.7312511769024619,-0.577083725634154,-0.577083725634154,-0.577083725634154,1.7312511769024619]","[-0.015625,-0.015625,-0.015625,0.046875,-0.015625,-0.015625,-0.015625,0.046875]","[-0.015625,-0.015625,-0.015625,0.046875,-0.015625,-0.015625,-0.015625,0.046875]",6.925004707609847,0.1875,0.1875
DSR_Simple_training,nothink,prod,2,ALL_ZERO,"[0.0,0.0,0.0,0.0,0.0,0.0,0.0,0.0]","[0.0,0.0,0.0,0.0,0.0,0.0,0.0,0.0]","[0.0,0.0,0.0,0.0,0.0,0.0,0.0,0.0]","[0.0,0.0,0.0,0.0,0.0,0.0,0.0,0.0]",0.0,0.0,0.0
DSR_Simple_training,nothink,ad,2,ALL_ZERO,"[0.0,0.0,0.0,0.0,0.0,0.0,0.0,0.0]","[0.0,0.0,0.0,0.0,0.0,0.0,0.0,0.0]","[0.0,0.0,0.0,0.0,0.0,0.0,0.0,0.0]","[0.0,0.0,0.0,0.0,0.0,0.0,0.0,0.0]",0.0,0.0,0.0
DSR_Simple_training,nothink,video,14,A_ONLY,"[0.5,0.5,0.5,0.5,0.5,0.0,0.5,0.5]","[0.3777360397241218,0.3777360397241218,0.3777360397241218,0.3777360397241218,0.3777360397241218,-2.6441522780688524,0.3777360397241218,0.3777360397241218]","[0.0078125,0.0078125,0.0078125,0.0078125,0.0078125,-0.0546875,0.0078125,0.0078125]","[0.0078125,0.0078125,0.0078125,0.0078125,0.0078125,-0.0546875,0.0078125,0.0078125]",5.288304556137704,0.109375,0.109375
DSR_Simple_training,nothink,video,20,A_ONLY,"[0.5,0.0,0.0,0.0,0.5,0.0,0.0,0.0]","[1.7312511769024619,-0.577083725634154,-0.577083725634154,-0.577083725634154,1.7312511769024619,-0.577083725634154,-0.577083725634154,-0.577083725634154]","[0.046875,-0.015625,-0.015625,-0.015625,0.046875,-0.015625,-0.015625,-0.015625]","[0.046875,-0.015625,-0.015625,-0.015625,0.046875,-0.015625,-0.015625,-0.015625]",6.9250047076098475,0.1875,0.1875
DSR_Simple_training,nothink,ad,5,A_ONLY,"[0.5,0.5,0.5,0.5,0.5,0.5,0.5,0.5]","[0.0,0.0,0.0,0.0,0.0,0.0,0.0,0.0]","[0.0,0.0,0.0,0.0,0.0,0.0,0.0,0.0]","[0.0,0.0,0.0,0.0,0.0,0.0,0.0,0.0]",0.0,0.0,0.0
DSR_Simple_training,nothink,video,11,AB_SIGNAL,"[0.5,0.0,0.0,0.0,0.0,2.0,2.0,0.0]","[-0.07391338496003796,-0.6652204646403417,-0.6652204646403417,-0.6652204646403417,-0.6652204646403417,1.7000078540808734,1.7000078540808734,-0.6652204646403417]","[-0.0078125,-0.0703125,-0.0703125,-0.0703125,-0.0703125,0.1796875,0.1796875,-0.0703125]","[-0.0078125,-0.0703125,-0.0703125,-0.0703125,-0.0703125,0.1796875,0.1796875,-0.0703125]",6.800031416323494,0.71875,0.71875
DSR_Simple_training,nothink,video,16,AB_SIGNAL,"[0.0,0.5,0.0,0.0,0.0,2.0,0.5,0.0]","[-0.5772613939839699,0.19242046466132331,-0.5772613939839699,-0.5772613939839699,-0.5772613939839699,2.501466040597203,0.19242046466132331,-0.5772613939839699]","[-0.046875,0.015625,-0.046875,-0.046875,-0.046875,0.203125,0.015625,-0.046875]","[-0.046875,0.015625,-0.046875,-0.046875,-0.046875,0.203125,0.015625,-0.046875]",5.772613939839699,0.46875,0.46875
DSR_Simple_training,nothink,video,14,A_ONLY,"[0.0,0.0,0.5,0.0,0.0,0.0,0.0,0.0]","[-0.3777360397241218,-0.3777360397241218,2.6441522780688524,-0.3777360397241218,-0.3777360397241218,-0.3777360397241218,-0.3777360397241218,-0.3777360397241218]","[-0.0078125,-0.0078125,0.0546875,-0.0078125,-0.0078125,-0.0078125,-0.0078125,-0.0078125]","[-0.0078125,-0.0078125,0.0546875,-0.0078125,-0.0078125,-0.0078125,-0.0078125,-0.0078125]",5.288304556137704,0.109375,0.109375
DSR_Simple_training,nothink,ad,3,A_ONLY,"[0.5,0.0,0.0,0.5,0.0,0.0,0.0,0.0]","[1.7312511769024619,-0.577083725634154,-0.577083725634154,1.7312511769024619,-0.577083725634154,-0.577083725634154,-0.577083725634154,-0.577083725634154]","[0.046875,-0.015625,-0.015625,0.046875,-0.015625,-0.015625,-0.015625,-0.015625]","[0.046875,-0.015625,-0.015625,0.046875,-0.015625,-0.015625,-0.015625,-0.015625]",6.925004707609847,0.1875,0.1875
DSR_Simple_training,nothink,prod,2,ALL_ZERO,"[0.0,0.0,0.0,0.0,0.0,0.0,0.0,0.0]","[0.0,0.0,0.0,0.0,0.0,0.0,0.0,0.0]","[0.0,0.0,0.0,0.0,0.0,0.0,0.0,0.0]","[0.0,0.0,0.0,0.0,0.0,0.0,0.0,0.0]",0.0,0.0,0.0
DSR_Simple_training,nothink,video,17,A_ONLY,"[0.0,0.0,0.0,0.5,0.0,0.0,0.0,0.0]","[-0.3777360397241218,-0.3777360397241218,-0.3777360397241218,2.6441522780688524,-0.3777360397241218,-0.3777360397241218,-0.3777360397241218,-0.3777360397241218]","[-0.0078125,-0.0078125,-0.0078125,0.0546875,-0.0078125,-0.0078125,-0.0078125,-0.0078125]","[-0.0078125,-0.0078125,-0.0078125,0.0546875,-0.0078125,-0.0078125,-0.0078125,-0.0078125]",5.288304556137703,0.109375,0.109375
DSR_Simple_training,nothink,prod,2,A_ONLY,"[0.0,0.0,0.0,0.0,0.0,0.5,0.0,0.0]","[-0.3777360397241218,-0.3777360397241218,-0.3777360397241218,-0.3777360397241218,-0.3777360397241218,2.6441522780688524,-0.3777360397241218,-0.3777360397241218]","[-0.0078125,-0.0078125,-0.0078125,-0.0078125,-0.0078125,0.0546875,-0.0078125,-0.0078125]","[-0.0078125,-0.0078125,-0.0078125,-0.0078125,-0.0078125,0.0546875,-0.0078125,-0.0078125]",5.288304556137704,0.109375,0.109375
DSR_Simple_training,nothink,prod,3,ALL_ZERO,"[0.0,0.0,0.0,0.0,0.0,0.0,0.0,0.0]","[0.0,0.0,0.0,0.0,0.0,0.0,0.0,0.0]","[0.0,0.0,0.0,0.0,0.0,0.0,0.0,0.0]","[0.0,0.0,0.0,0.0,0.0,0.0,0.0,0.0]",0.0,0.0,0.0
DSR_Simple_training,nothink,ad,2,A_ONLY,"[0.0,0.0,0.0,0.0,0.0,0.0,0.5,0.0]","[-0.3777360397241218,-0.3777360397241218,-0.3777360397241218,-0.3777360397241218,-0.3777360397241218,-0.3777360397241218,2.6441522780688524,-0.3777360397241218]","[-0.0078125,-0.0078125,-0.0078125,-0.0078125,-0.0078125,-0.0078125,0.0546875,-0.0078125]","[-0.0078125,-0.0078125,-0.0078125,-0.0078125,-0.0078125,-0.0078125,0.0546875,-0.0078125]",5.288304556137705,0.109375,0.109375
DSR_Simple_training,nothink,video,15,A_ONLY,"[0.5,0.0,0.5,0.5,0.5,0.0,0.0,0.0]","[0.9996001599360256,-0.9996001599360256,0.9996001599360256,0.9996001599360256,0.9996001599360256,-0.9996001599360256,-0.9996001599360256,-0.9996001599360256]","[0.03125,-0.03125,0.03125,0.03125,0.03125,-0.03125,-0.03125,-0.03125]","[0.03125,-0.03125,0.03125,0.03125,0.03125,-0.03125,-0.03125,-0.03125]",7.996801279488204,0.25,0.25
DSR_Simple_training,nothink,living,2,A_ONLY,"[0.0,0.0,0.0,0.0,0.5,0.0,0.0,0.0]","[-0.3777360397241218,-0.3777360397241218,-0.3777360397241218,-0.3777360397241218,2.6441522780688524,-0.3777360397241218,-0.3777360397241218,-0.3777360397241218]","[-0.0078125,-0.0078125,-0.0078125,-0.0078125,0.0546875,-0.0078125,-0.0078125,-0.0078125]","[-0.0078125,-0.0078125,-0.0078125,-0.0078125,0.0546875,-0.0078125,-0.0078125,-0.0078125]",5.288304556137704,0.109375,0.109375
DSR_Simple_training,nothink,ad,3,A_ONLY,"[0.0,0.0,0.5,0.0,0.5,0.0,0.0,0.0]","[-0.577083725634154,-0.577083725634154,1.7312511769024619,-0.577083725634154,1.7312511769024619,-0.577083725634154,-0.577083725634154,-0.577083725634154]","[-0.015625,-0.015625,0.046875,-0.015625,0.046875,-0.015625,-0.015625,-0.015625]","[-0.015625,-0.015625,0.046875,-0.015625,0.046875,-0.015625,-0.015625,-0.015625]",6.9250047076098475,0.1875,0.1875
DSR_Simple_training,nothink,prod,2,SINGLE_EXACT,"[0.5,0.0,0.0,0.0,0.0,0.0,0.5,8.0]","[-0.2397224556930883,-0.43150042024755897,-0.43150042024755897,-0.43150042024755897,-0.43150042024755897,-0.43150042024755897,-0.2397224556930883,2.6369470126239714]","[-0.078125,-0.140625,-0.140625,-0.140625,-0.140625,-0.140625,-0.078125,0.859375]","[-0.078125,-0.140625,-0.140625,-0.140625,-0.140625,-0.140625,-0.078125,0.859375]",5.273894025247943,1.71875,1.71875
DSR_Simple_training,nothink,video,20,ALL_ZERO,"[0.0,0.0,0.0,0.0,0.0,0.0,0.0,0.0]","[0.0,0.0,0.0,0.0,0.0,0.0,0.0,0.0]","[0.0,0.0,0.0,0.0,0.0,0.0,0.0,0.0]","[0.0,0.0,0.0,0.0,0.0,0.0,0.0,0.0]",0.0,0.0,0.0
DSR_Simple_training,nothink,video,20,AB_SIGNAL,"[0.5,2.0,2.0,0.0,0.0,0.5,0.5,2.0]","[-0.5173936947202658,1.2565275443206454,1.2565275443206454,-1.1087007744005695,-1.1087007744005695,-0.5173936947202658,-0.5173936947202658,1.2565275443206454]","[-0.0546875,0.1328125,0.1328125,-0.1171875,-0.1171875,-0.0546875,-0.0546875,0.1328125]","[-0.0546875,0.1328125,0.1328125,-0.1171875,-0.1171875,-0.0546875,-0.0546875,0.1328125]",7.539165265923872,0.796875,0.796875
DSR_Simple_training,nothink,video,11,ALL_ZERO,"[0.0,0.0,0.0,0.0,0.0,0.0,0.0,0.0]","[0.0,0.0,0.0,0.0,0.0,0.0,0.0,0.0]","[0.0,0.0,0.0,0.0,0.0,0.0,0.0,0.0]","[0.0,0.0,0.0,0.0,0.0,0.0,0.0,0.0]",0.0,0.0,0.0
DSR_Simple_training,nothink,video,11,ALL_ZERO,"[0.0,0.0,0.0,0.0,0.0,0.0,0.0,0.0]","[0.0,0.0,0.0,0.0,0.0,0.0,0.0,0.0]","[0.0,0.0,0.0,0.0,0.0,0.0,0.0,0.0]","[0.0,0.0,0.0,0.0,0.0,0.0,0.0,0.0]",0.0,0.0,0.0
DSR_Simple_training,nothink,prod,2,ALL_ZERO,"[0.0,0.0,0.0,0.0,0.0,0.0,0.0,0.0]","[0.0,0.0,0.0,0.0,0.0,0.0,0.0,0.0]","[0.0,0.0,0.0,0.0,0.0,0.0,0.0,0.0]","[0.0,0.0,0.0,0.0,0.0,0.0,0.0,0.0]",0.0,0.0,0.0
DSR_Simple_training,nothink,ad,2,ALL_ZERO,"[0.0,0.0,0.0,0.0,0.0,0.0,0.0,0.0]","[0.0,0.0,0.0,0.0,0.0,0.0,0.0,0.0]","[0.0,0.0,0.0,0.0,0.0,0.0,0.0,0.0]","[0.0,0.0,0.0,0.0,0.0,0.0,0.0,0.0]",0.0,0.0,0.0
DSR_Simple_training,nothink,prod,2,ALL_ZERO,"[0.0,0.0,0.0,0.0,0.0,0.0,0.0,0.0]","[0.0,0.0,0.0,0.0,0.0,0.0,0.0,0.0]","[0.0,0.0,0.0,0.0,0.0,0.0,0.0,0.0]","[0.0,0.0,0.0,0.0,0.0,0.0,0.0,0.0]",0.0,0.0,0.0
DSR_Simple_training,nothink,video,11,A_ONLY,"[0.0,0.0,0.0,0.0,0.0,0.0,0.5,0.0]","[-0.3777360397241218,-0.3777360397241218,-0.3777360397241218,-0.3777360397241218,-0.3777360397241218,-0.3777360397241218,2.6441522780688524,-0.3777360397241218]","[-0.0078125,-0.0078125,-0.0078125,-0.0078125,-0.0078125,-0.0078125,0.0546875,-0.0078125]","[-0.0078125,-0.0078125,-0.0078125,-0.0078125,-0.0078125,-0.0078125,0.0546875,-0.0078125]",5.288304556137705,0.109375,0.109375
DSR_Simple_training,nothink,prod,2,A_ONLY,"[0.0,0.5,0.0,0.0,0.0,0.0,0.5,0.5]","[-0.7742768013847241,1.290461335641207,-0.7742768013847241,-0.7742768013847241,-0.7742768013847241,-0.7742768013847241,1.290461335641207,1.290461335641207]","[-0.0234375,0.0390625,-0.0234375,-0.0234375,-0.0234375,-0.0234375,0.0390625,0.0390625]","[-0.0234375,0.0390625,-0.0234375,-0.0234375,-0.0234375,-0.0234375,0.0390625,0.0390625]",7.742768013847242,0.234375,0.234375
DSR_Simple_training,nothink,living,2,A_ONLY,"[0.5,0.0,0.0,0.0,0.0,0.5,0.0,0.5]","[1.290461335641207,-0.7742768013847241,-0.7742768013847241,-0.7742768013847241,-0.7742768013847241,1.290461335641207,-0.7742768013847241,1.290461335641207]","[0.0390625,-0.0234375,-0.0234375,-0.0234375,-0.0234375,0.0390625,-0.0234375,0.0390625]","[0.0390625,-0.0234375,-0.0234375,-0.0234375,-0.0234375,0.0390625,-0.0234375,0.0390625]",7.742768013847242,0.234375,0.234375
DSR_Simple_training,nothink,living,2,ALL_ZERO,"[0.0,0.0,0.0,0.0,0.0,0.0,0.0,0.0]","[0.0,0.0,0.0,0.0,0.0,0.0,0.0,0.0]","[0.0,0.0,0.0,0.0,0.0,0.0,0.0,0.0]","[0.0,0.0,0.0,0.0,0.0,0.0,0.0,0.0]",0.0,0.0,0.0
DSR_Simple_training,nothink,ad,2,AB_SIGNAL,"[0.5,0.0,0.5,0.5,0.0,0.0,0.0,2.0]","[0.09851739628443451,-0.6896217739910415,0.09851739628443451,0.09851739628443451,-0.6896217739910415,-0.6896217739910415,-0.6896217739910415,2.4629349071108626]","[0.0078125,-0.0546875,0.0078125,0.0078125,-0.0546875,-0.0546875,-0.0546875,0.1953125]","[0.0078125,-0.0546875,0.0078125,0.0078125,-0.0546875,-0.0546875,-0.0546875,0.1953125]",5.516974191928332,0.4375,0.4375
DSR_Simple_training,nothink,video,11,AB_SIGNAL,"[0.5,0.0,0.0,2.0,0.5,0.0,0.0,0.5]","[0.09851739628443451,-0.6896217739910415,-0.6896217739910415,2.4629349071108626,0.09851739628443451,-0.6896217739910415,-0.6896217739910415,0.09851739628443451]","[0.0078125,-0.0546875,-0.0546875,0.1953125,0.0078125,-0.0546875,-0.0546875,0.0078125]","[0.0078125,-0.0546875,-0.0546875,0.1953125,0.0078125,-0.0546875,-0.0546875,0.0078125]",5.516974191928333,0.4375,0.4375
DSR_Simple_training,nothink,ad,4,AB_SIGNAL,"[0.5,0.5,0.0,0.5,0.0,0.0,2.0,0.0]","[0.09851739628443451,0.09851739628443451,-0.6896217739910415,0.09851739628443451,-0.6896217739910415,-0.6896217739910415,2.4629349071108626,-0.6896217739910415]","[0.0078125,0.0078125,-0.0546875,0.0078125,-0.0546875,-0.0546875,0.1953125,-0.0546875]","[0.0078125,0.0078125,-0.0546875,0.0078125,-0.0546875,-0.0546875,0.1953125,-0.0546875]",5.516974191928332,0.4375,0.4375
DSR_Simple_training,nothink,ad,2,A_ONLY,"[0.0,0.0,0.0,0.0,0.0,0.0,0.5,0.0]","[-0.3777360397241218,-0.3777360397241218,-0.3777360397241218,-0.3777360397241218,-0.3777360397241218,-0.3777360397241218,2.6441522780688524,-0.3777360397241218]","[-0.0078125,-0.0078125,-0.0078125,-0.0078125,-0.0078125,-0.0078125,0.0546875,-0.0078125]","[-0.0078125,-0.0078125,-0.0078125,-0.0078125,-0.0078125,-0.0078125,0.0546875,-0.0078125]",5.288304556137705,0.109375,0.109375
DSR_Simple_training,nothink,prod,2,MULTI_EXACT,"[0.0,0.5,0.0,0.5,0.0,8.0,8.0,0.0]","[-0.6253367061549848,-0.47819865764792957,-0.6253367061549848,-0.47819865764792957,-0.6253367061549848,1.7288720699578992,1.7288720699578992,-0.6253367061549848]","[-0.265625,-0.203125,-0.265625,-0.203125,-0.265625,0.734375,0.734375,-0.265625]","[-0.265625,-0.203125,-0.265625,-0.203125,-0.265625,0.734375,0.734375,-0.265625]",6.915488279831597,2.9375,2.9375
DSR_Simple_training,nothink,prod,3,ALL_ZERO,"[0.0,0.0,0.0,0.0,0.0,0.0,0.0,0.0]","[0.0,0.0,0.0,0.0,0.0,0.0,0.0,0.0]","[0.0,0.0,0.0,0.0,0.0,0.0,0.0,0.0]","[0.0,0.0,0.0,0.0,0.0,0.0,0.0,0.0]",0.0,0.0,0.0
DSR_Simple_training,nothink,prod,2,ALL_ZERO,"[0.0,0.0,0.0,0.0,0.0,0.0,0.0,0.0]","[0.0,0.0,0.0,0.0,0.0,0.0,0.0,0.0]","[0.0,0.0,0.0,0.0,0.0,0.0,0.0,0.0]","[0.0,0.0,0.0,0.0,0.0,0.0,0.0,0.0]",0.0,0.0,0.0
DSR_Simple_training,nothink,ad,2,A_ONLY,"[0.5,0.0,0.5,0.0,0.5,0.5,0.0,0.0]","[0.9996001599360256,-0.9996001599360256,0.9996001599360256,-0.9996001599360256,0.9996001599360256,0.9996001599360256,-0.9996001599360256,-0.9996001599360256]","[0.03125,-0.03125,0.03125,-0.03125,0.03125,0.03125,-0.03125,-0.03125]","[0.03125,-0.03125,0.03125,-0.03125,0.03125,0.03125,-0.03125,-0.03125]",7.996801279488204,0.25,0.25
DSR_Simple_training,nothink,ad,2,AB_SIGNAL,"[2.0,0.5,0.0,0.5,0.0,0.5,0.0,0.0]","[2.4629349071108626,0.09851739628443451,-0.6896217739910415,0.09851739628443451,-0.6896217739910415,0.09851739628443451,-0.6896217739910415,-0.6896217739910415]","[0.1953125,0.0078125,-0.0546875,0.0078125,-0.0546875,0.0078125,-0.0546875,-0.0546875]","[0.1953125,0.0078125,-0.0546875,0.0078125,-0.0546875,0.0078125,-0.0546875,-0.0546875]",5.516974191928332,0.4375,0.4375
DSR_Simple_training,nothink,ad,2,A_ONLY,"[0.0,0.5,0.0,0.0,0.5,0.0,0.0,0.0]","[-0.577083725634154,1.7312511769024619,-0.577083725634154,-0.577083725634154,1.7312511769024619,-0.577083725634154,-0.577083725634154,-0.577083725634154]","[-0.015625,0.046875,-0.015625,-0.015625,0.046875,-0.015625,-0.015625,-0.015625]","[-0.015625,0.046875,-0.015625,-0.015625,0.046875,-0.015625,-0.015625,-0.015625]",6.9250047076098475,0.1875,0.1875
DSR_Simple_training,nothink,video,20,A_ONLY,"[0.0,0.0,0.0,0.0,0.5,0.5,0.0,0.0]","[-0.577083725634154,-0.577083725634154,-0.577083725634154,-0.577083725634154,1.7312511769024619,1.7312511769024619,-0.577083725634154,-0.577083725634154]","[-0.015625,-0.015625,-0.015625,-0.015625,0.046875,0.046875,-0.015625,-0.015625]","[-0.015625,-0.015625,-0.015625,-0.015625,0.046875,0.046875,-0.015625,-0.015625]",6.925004707609847,0.1875,0.1875
DSR_Simple_training,nothink,living,3,A_ONLY,"[0.5,0.0,0.5,0.5,0.0,0.5,0.5,0.0]","[0.7742768013847241,-1.290461335641207,0.7742768013847241,0.7742768013847241,-1.290461335641207,0.7742768013847241,0.7742768013847241,-1.290461335641207]","[0.0234375,-0.0390625,0.0234375,0.0234375,-0.0390625,0.0234375,0.0234375,-0.0390625]","[0.0234375,-0.0390625,0.0234375,0.0234375,-0.0390625,0.0234375,0.0234375,-0.0390625]",7.742768013847242,0.234375,0.234375
DSR_Simple_training,nothink,video,20,A_ONLY,"[0.0,0.5,0.5,0.0,0.0,0.0,0.5,0.0]","[-0.7742768013847241,1.290461335641207,1.290461335641207,-0.7742768013847241,-0.7742768013847241,-0.7742768013847241,1.290461335641207,-0.7742768013847241]","[-0.0234375,0.0390625,0.0390625,-0.0234375,-0.0234375,-0.0234375,0.0390625,-0.0234375]","[-0.0234375,0.0390625,0.0390625,-0.0234375,-0.0234375,-0.0234375,0.0390625,-0.0234375]",7.742768013847242,0.234375,0.234375
DSR_Simple_training,nothink,video,13,A_ONLY,"[0.5,-0.25,-0.25,0.5,-0.25,-0.25,0.5,-0.25]","[1.2906389910776077,-0.7743833946465646,-0.7743833946465646,1.2906389910776077,-0.7743833946465646,-0.7743833946465646,1.2906389910776077,-0.7743833946465646]","[0.05859375,-0.03515625,-0.03515625,0.05859375,-0.03515625,-0.03515625,0.05859375,-0.03515625]","[0.05859375,-0.03515625,-0.03515625,0.05859375,-0.03515625,-0.03515625,0.05859375,-0.03515625]",7.743833946465647,0.3515625,0.3515625
DSR_Simple_training,nothink,video,16,AB_SIGNAL,"[0.5,0.0,0.5,0.0,0.0,2.0,0.0,0.5]","[0.09851739628443451,-0.6896217739910415,0.09851739628443451,-0.6896217739910415,-0.6896217739910415,2.4629349071108626,-0.6896217739910415,0.09851739628443451]","[0.0078125,-0.0546875,0.0078125,-0.0546875,-0.0546875,0.1953125,-0.0546875,0.0078125]","[0.0078125,-0.0546875,0.0078125,-0.0546875,-0.0546875,0.1953125,-0.0546875,0.0078125]",5.516974191928333,0.4375,0.4375
DSR_Simple_training,nothink,video,20,AB_SIGNAL,"[0.5,0.0,0.0,0.5,0.0,2.0,0.0,0.0]","[0.19242046466132331,-0.5772613939839699,-0.5772613939839699,0.19242046466132331,-0.5772613939839699,2.501466040597203,-0.5772613939839699,-0.5772613939839699]","[0.015625,-0.046875,-0.046875,0.015625,-0.046875,0.203125,-0.046875,-0.046875]","[0.015625,-0.046875,-0.046875,0.015625,-0.046875,0.203125,-0.046875,-0.046875]",5.772613939839699,0.46875,0.46875
DSR_Simple_training,nothink,prod,4,MULTI_EXACT,"[0.5,8.0,0.5,8.0,0.0,0.0,0.5,0.0]","[-0.5017952728616834,1.7284059398569092,-0.5017952728616834,1.7284059398569092,-0.6504753537095894,-0.6504753537095894,-0.5017952728616834,-0.6504753537095894]","[-0.2109375,0.7265625,-0.2109375,0.7265625,-0.2734375,-0.2734375,-0.2109375,-0.2734375]","[-0.2109375,0.7265625,-0.2109375,0.7265625,-0.2734375,-0.2734375,-0.2109375,-0.2734375]",6.9136237594276375,2.90625,2.90625
DSR_Simple_training,nothink,prod,3,ALL_ZERO,"[0.0,0.0,0.0,0.0,0.0,0.0,0.0,0.0]","[0.0,0.0,0.0,0.0,0.0,0.0,0.0,0.0]","[0.0,0.0,0.0,0.0,0.0,0.0,0.0,0.0]","[0.0,0.0,0.0,0.0,0.0,0.0,0.0,0.0]",0.0,0.0,0.0
DSR_Simple_training,nothink,ad,7,A_ONLY,"[0.5,0.5,0.0,0.0,0.0,0.0,0.0,0.5]","[1.290461335641207,1.290461335641207,-0.7742768013847241,-0.7742768013847241,-0.7742768013847241,-0.7742768013847241,-0.7742768013847241,1.290461335641207]","[0.0390625,0.0390625,-0.0234375,-0.0234375,-0.0234375,-0.0234375,-0.0234375,0.0390625]","[0.0390625,0.0390625,-0.0234375,-0.0234375,-0.0234375,-0.0234375,-0.0234375,0.0390625]",7.742768013847242,0.234375,0.234375
DSR_Simple_training,nothink,ad,2,ALL_ZERO,"[0.0,0.0,0.0,0.0,0.0,0.0,0.0,0.0]","[0.0,0.0,0.0,0.0,0.0,0.0,0.0,0.0]","[0.0,0.0,0.0,0.0,0.0,0.0,0.0,0.0]","[0.0,0.0,0.0,0.0,0.0,0.0,0.0,0.0]",0.0,0.0,0.0
DSR_Simple_training,nothink,video,16,A_ONLY,"[0.0,0.0,0.0,0.5,0.5,0.0,0.0,0.0]","[-0.577083725634154,-0.577083725634154,-0.577083725634154,1.7312511769024619,1.7312511769024619,-0.577083725634154,-0.577083725634154,-0.577083725634154]","[-0.015625,-0.015625,-0.015625,0.046875,0.046875,-0.015625,-0.015625,-0.015625]","[-0.015625,-0.015625,-0.015625,0.046875,0.046875,-0.015625,-0.015625,-0.015625]",6.925004707609847,0.1875,0.1875
DSR_Simple_training,nothink,video,11,AB_SIGNAL,"[0.0,0.5,0.5,2.0,0.5,0.5,0.5,0.0]","[-0.9647357925002639,-0.10719286583336265,-0.10719286583336265,2.465435914167341,-0.10719286583336265,-0.10719286583336265,-0.10719286583336265,-0.9647357925002639]","[-0.0703125,-0.0078125,-0.0078125,0.1796875,-0.0078125,-0.0078125,-0.0078125,-0.0703125]","[-0.0703125,-0.0078125,-0.0078125,0.1796875,-0.0078125,-0.0078125,-0.0078125,-0.0703125]",4.930871828334682,0.359375,0.359375
DSR_Simple_training,nothink,prod,2,ALL_ZERO,"[0.0,0.0,0.0,0.0,0.0,0.0,0.0,0.0]","[0.0,0.0,0.0,0.0,0.0,0.0,0.0,0.0]","[0.0,0.0,0.0,0.0,0.0,0.0,0.0,0.0]","[0.0,0.0,0.0,0.0,0.0,0.0,0.0,0.0]",0.0,0.0,0.0
DSR_Simple_training,nothink,ad,2,ALL_ZERO,"[0.0,0.0,0.0,0.0,0.0,0.0,0.0,0.0]","[0.0,0.0,0.0,0.0,0.0,0.0,0.0,0.0]","[0.0,0.0,0.0,0.0,0.0,0.0,0.0,0.0]","[0.0,0.0,0.0,0.0,0.0,0.0,0.0,0.0]",0.0,0.0,0.0
DSR_Simple_training,nothink,ad,4,ALL_ZERO,"[0.0,0.0,0.0,0.0,0.0,0.0,0.0,0.0]","[0.0,0.0,0.0,0.0,0.0,0.0,0.0,0.0]","[0.0,0.0,0.0,0.0,0.0,0.0,0.0,0.0]","[0.0,0.0,0.0,0.0,0.0,0.0,0.0,0.0]",0.0,0.0,0.0
DSR_Simple_training,nothink,living,2,AB_SIGNAL,"[0.0,0.0,0.0,2.0,0.0,2.0,0.0,0.5]","[-0.6652204646403417,-0.6652204646403417,-0.6652204646403417,1.7000078540808734,-0.6652204646403417,1.7000078540808734,-0.6652204646403417,-0.07391338496003796]","[-0.0703125,-0.0703125,-0.0703125,0.1796875,-0.0703125,0.1796875,-0.0703125,-0.0078125]","[-0.0703125,-0.0703125,-0.0703125,0.1796875,-0.0703125,0.1796875,-0.0703125,-0.0078125]",6.800031416323494,0.71875,0.71875
DSR_Simple_training,nothink,prod,2,ALL_ZERO,"[0.0,0.0,0.0,0.0,0.0,0.0,0.0,0.0]","[0.0,0.0,0.0,0.0,0.0,0.0,0.0,0.0]","[0.0,0.0,0.0,0.0,0.0,0.0,0.0,0.0]","[0.0,0.0,0.0,0.0,0.0,0.0,0.0,0.0]",0.0,0.0,0.0
DSR_Simple_training,nothink,video,12,ALL_ZERO,"[0.0,0.0,0.0,0.0,0.0,0.0,0.0,0.0]","[0.0,0.0,0.0,0.0,0.0,0.0,0.0,0.0]","[0.0,0.0,0.0,0.0,0.0,0.0,0.0,0.0]","[0.0,0.0,0.0,0.0,0.0,0.0,0.0,0.0]",0.0,0.0,0.0
DSR_Simple_training,nothink,prod,2,MULTI_EXACT,"[8.0,0.0,0.5,0.5,0.0,0.5,0.0,8.0]","[1.7284059398569092,-0.6504753537095894,-0.5017952728616834,-0.5017952728616834,-0.6504753537095894,-0.5017952728616834,-0.6504753537095894,1.7284059398569092]","[0.7265625,-0.2734375,-0.2109375,-0.2109375,-0.2734375,-0.2109375,-0.2734375,0.7265625]","[0.7265625,-0.2734375,-0.2109375,-0.2109375,-0.2734375,-0.2109375,-0.2734375,0.7265625]",6.913623759427637,2.90625,2.90625
DSR_Simple_training,nothink,video,11,ALL_ZERO,"[0.0,0.0,0.0,0.0,0.0,0.0,0.0,0.0]","[0.0,0.0,0.0,0.0,0.0,0.0,0.0,0.0]","[0.0,0.0,0.0,0.0,0.0,0.0,0.0,0.0]","[0.0,0.0,0.0,0.0,0.0,0.0,0.0,0.0]",0.0,0.0,0.0
DSR_Simple_training,nothink,video,13,ALL_ZERO,"[0.0,0.0,0.0,0.0,0.0,0.0,0.0,0.0]","[0.0,0.0,0.0,0.0,0.0,0.0,0.0,0.0]","[0.0,0.0,0.0,0.0,0.0,0.0,0.0,0.0]","[0.0,0.0,0.0,0.0,0.0,0.0,0.0,0.0]",0.0,0.0,0.0
DSR_Simple_training,nothink,prod,3,ALL_ZERO,"[0.0,0.0,0.0,0.0,0.0,0.0,0.0,0.0]","[0.0,0.0,0.0,0.0,0.0,0.0,0.0,0.0]","[0.0,0.0,0.0,0.0,0.0,0.0,0.0,0.0]","[0.0,0.0,0.0,0.0,0.0,0.0,0.0,0.0]",0.0,0.0,0.0
DSR_Simple_training,nothink,ad,2,ALL_ZERO,"[0.0,0.0,0.0,0.0,0.0,0.0,0.0,0.0]","[0.0,0.0,0.0,0.0,0.0,0.0,0.0,0.0]","[0.0,0.0,0.0,0.0,0.0,0.0,0.0,0.0]","[0.0,0.0,0.0,0.0,0.0,0.0,0.0,0.0]",0.0,0.0,0.0
DSR_Simple_training,nothink,prod,3,ALL_ZERO,"[0.0,0.0,0.0,0.0,0.0,0.0,0.0,0.0]","[0.0,0.0,0.0,0.0,0.0,0.0,0.0,0.0]","[0.0,0.0,0.0,0.0,0.0,0.0,0.0,0.0]","[0.0,0.0,0.0,0.0,0.0,0.0,0.0,0.0]",0.0,0.0,0.0
DSR_Simple_training,nothink,living,2,A_ONLY,"[0.0,0.0,0.5,0.0,0.0,0.0,0.0,0.0]","[-0.3777360397241218,-0.3777360397241218,2.6441522780688524,-0.3777360397241218,-0.3777360397241218,-0.3777360397241218,-0.3777360397241218,-0.3777360397241218]","[-0.0078125,-0.0078125,0.0546875,-0.0078125,-0.0078125,-0.0078125,-0.0078125,-0.0078125]","[-0.0078125,-0.0078125,0.0546875,-0.0078125,-0.0078125,-0.0078125,-0.0078125,-0.0078125]",5.288304556137704,0.109375,0.109375
DSR_Simple_training,nothink,video,20,A_ONLY,"[0.0,0.5,0.5,0.0,0.5,0.5,0.5,0.0]","[-1.290461335641207,0.7742768013847241,0.7742768013847241,-1.290461335641207,0.7742768013847241,0.7742768013847241,0.7742768013847241,-1.290461335641207]","[-0.0390625,0.0234375,0.0234375,-0.0390625,0.0234375,0.0234375,0.0234375,-0.0390625]","[-0.0390625,0.0234375,0.0234375,-0.0390625,0.0234375,0.0234375,0.0234375,-0.0390625]",7.742768013847242,0.234375,0.234375
DSR_Simple_training,nothink,prod,2,A_ONLY,"[0.0,0.0,0.0,0.0,0.0,0.0,0.0,0.5]","[-0.3777360397241218,-0.3777360397241218,-0.3777360397241218,-0.3777360397241218,-0.3777360397241218,-0.3777360397241218,-0.3777360397241218,2.6441522780688524]","[-0.0078125,-0.0078125,-0.0078125,-0.0078125,-0.0078125,-0.0078125,-0.0078125,0.0546875]","[-0.0078125,-0.0078125,-0.0078125,-0.0078125,-0.0078125,-0.0078125,-0.0078125,0.0546875]",5.288304556137705,0.109375,0.109375
DSR_Simple_training,nothink,prod,2,ALL_ZERO,"[0.0,0.0,0.0,0.0,0.0,0.0,0.0,0.0]","[0.0,0.0,0.0,0.0,0.0,0.0,0.0,0.0]","[0.0,0.0,0.0,0.0,0.0,0.0,0.0,0.0]","[0.0,0.0,0.0,0.0,0.0,0.0,0.0,0.0]",0.0,0.0,0.0
DSR_Simple_training,nothink,video,17,A_ONLY,"[0.0,0.0,0.0,0.5,0.0,0.5,0.0,0.5]","[-0.7742768013847241,-0.7742768013847241,-0.7742768013847241,1.290461335641207,-0.7742768013847241,1.290461335641207,-0.7742768013847241,1.290461335641207]","[-0.0234375,-0.0234375,-0.0234375,0.0390625,-0.0234375,0.0390625,-0.0234375,0.0390625]","[-0.0234375,-0.0234375,-0.0234375,0.0390625,-0.0234375,0.0390625,-0.0234375,0.0390625]",7.7427680138472414,0.234375,0.234375
DSR_Simple_training,nothink,prod,3,A_ONLY,"[0.5,0.5,0.0,0.5,0.5,0.0,0.5,0.5]","[0.577083725634154,0.577083725634154,-1.7312511769024619,0.577083725634154,0.577083725634154,-1.7312511769024619,0.577083725634154,0.577083725634154]","[0.015625,0.015625,-0.046875,0.015625,0.015625,-0.046875,0.015625,0.015625]","[0.015625,0.015625,-0.046875,0.015625,0.015625,-0.046875,0.015625,0.015625]",6.9250047076098475,0.1875,0.1875
DSR_Simple_training,nothink,living,2,ALL_ZERO,"[0.0,0.0,0.0,0.0,0.0,0.0,0.0,0.0]","[0.0,0.0,0.0,0.0,0.0,0.0,0.0,0.0]","[0.0,0.0,0.0,0.0,0.0,0.0,0.0,0.0]","[0.0,0.0,0.0,0.0,0.0,0.0,0.0,0.0]",0.0,0.0,0.0
DSR_Simple_training,nothink,video,12,A_ONLY,"[0.5,0.0,0.0,0.0,0.0,0.0,0.0,0.0]","[2.6441522780688524,-0.3777360397241218,-0.3777360397241218,-0.3777360397241218,-0.3777360397241218,-0.3777360397241218,-0.3777360397241218,-0.3777360397241218]","[0.0546875,-0.0078125,-0.0078125,-0.0078125,-0.0078125,-0.0078125,-0.0078125,-0.0078125]","[0.0546875,-0.0078125,-0.0078125,-0.0078125,-0.0078125,-0.0078125,-0.0078125,-0.0078125]",5.288304556137704,0.109375,0.109375
DSR_Simple_training,nothink,living,2,AB_SIGNAL,"[0.0,0.0,0.5,0.0,0.0,2.0,0.5,0.0]","[-0.5772613939839699,-0.5772613939839699,0.19242046466132331,-0.5772613939839699,-0.5772613939839699,2.501466040597203,0.19242046466132331,-0.5772613939839699]","[-0.046875,-0.046875,0.015625,-0.046875,-0.046875,0.203125,0.015625,-0.046875]","[-0.046875,-0.046875,0.015625,-0.046875,-0.046875,0.203125,0.015625,-0.046875]",5.772613939839698,0.46875,0.46875
DSR_Simple_training,nothink,living,2,A_ONLY,"[0.0,0.5,0.0,0.5,0.5,0.0,0.5,0.0]","[-0.9996001599360256,0.9996001599360256,-0.9996001599360256,0.9996001599360256,0.9996001599360256,-0.9996001599360256,0.9996001599360256,-0.9996001599360256]","[-0.03125,0.03125,-0.03125,0.03125,0.03125,-0.03125,0.03125,-0.03125]","[-0.03125,0.03125,-0.03125,0.03125,0.03125,-0.03125,0.03125,-0.03125]",7.996801279488204,0.25,0.25
DSR_Simple_training,nothink,living,3,AB_SIGNAL,"[2.0,0.5,0.5,0.5,0.0,0.5,0.5,0.5]","[2.5231099996704107,-0.22937363633367372,-0.22937363633367372,-0.22937363633367372,-1.1468681816683686,-0.22937363633367372,-0.22937363633367372,-0.22937363633367372]","[0.171875,-0.015625,-0.015625,-0.015625,-0.078125,-0.015625,-0.015625,-0.015625]","[0.171875,-0.015625,-0.015625,-0.015625,-0.078125,-0.015625,-0.015625,-0.015625]",5.0462199993408206,0.34375,0.34375
DSR_Simple_training,nothink,ad,2,ALL_ZERO,"[0.0,0.0,0.0,0.0,0.0,0.0,0.0,0.0]","[0.0,0.0,0.0,0.0,0.0,0.0,0.0,0.0]","[0.0,0.0,0.0,0.0,0.0,0.0,0.0,0.0]","[0.0,0.0,0.0,0.0,0.0,0.0,0.0,0.0]",0.0,0.0,0.0
DSR_Simple_training,nothink,video,14,A_ONLY,"[0.0,0.5,0.0,0.0,0.0,0.0,0.0,0.0]","[-0.3777360397241218,2.6441522780688524,-0.3777360397241218,-0.3777360397241218,-0.3777360397241218,-0.3777360397241218,-0.3777360397241218,-0.3777360397241218]","[-0.0078125,0.0546875,-0.0078125,-0.0078125,-0.0078125,-0.0078125,-0.0078125,-0.0078125]","[-0.0078125,0.0546875,-0.0078125,-0.0078125,-0.0078125,-0.0078125,-0.0078125,-0.0078125]",5.288304556137704,0.109375,0.109375
DSR_Simple_training,nothink,video,18,A_ONLY,"[0.5,0.5,0.5,0.0,0.0,0.0,0.0,0.0]","[1.290461335641207,1.290461335641207,1.290461335641207,-0.7742768013847241,-0.7742768013847241,-0.7742768013847241,-0.7742768013847241,-0.7742768013847241]","[0.0390625,0.0390625,0.0390625,-0.0234375,-0.0234375,-0.0234375,-0.0234375,-0.0234375]","[0.0390625,0.0390625,0.0390625,-0.0234375,-0.0234375,-0.0234375,-0.0234375,-0.0234375]",7.742768013847242,0.234375,0.234375
DSR_Simple_training,nothink,living,3,A_ONLY,"[0.0,0.0,0.5,0.0,0.0,0.0,0.0,0.0]","[-0.3777360397241218,-0.3777360397241218,2.6441522780688524,-0.3777360397241218,-0.3777360397241218,-0.3777360397241218,-0.3777360397241218,-0.3777360397241218]","[-0.0078125,-0.0078125,0.0546875,-0.0078125,-0.0078125,-0.0078125,-0.0078125,-0.0078125]","[-0.0078125,-0.0078125,0.0546875,-0.0078125,-0.0078125,-0.0078125,-0.0078125,-0.0078125]",5.288304556137704,0.109375,0.109375
DSR_Simple_training,nothink,ad,2,A_ONLY,"[0.0,0.0,0.0,0.0,0.0,0.0,0.5,0.0]","[-0.3777360397241218,-0.3777360397241218,-0.3777360397241218,-0.3777360397241218,-0.3777360397241218,-0.3777360397241218,2.6441522780688524,-0.3777360397241218]","[-0.0078125,-0.0078125,-0.0078125,-0.0078125,-0.0078125,-0.0078125,0.0546875,-0.0078125]","[-0.0078125,-0.0078125,-0.0078125,-0.0078125,-0.0078125,-0.0078125,0.0546875,-0.0078125]",5.288304556137705,0.109375,0.109375
DSR_Simple_training,nothink,ad,4,A_ONLY,"[0.5,0.5,0.0,0.0,0.0,0.0,0.5,0.0]","[1.290461335641207,1.290461335641207,-0.7742768013847241,-0.7742768013847241,-0.7742768013847241,-0.7742768013847241,1.290461335641207,-0.7742768013847241]","[0.0390625,0.0390625,-0.0234375,-0.0234375,-0.0234375,-0.0234375,0.0390625,-0.0234375]","[0.0390625,0.0390625,-0.0234375,-0.0234375,-0.0234375,-0.0234375,0.0390625,-0.0234375]",7.742768013847242,0.234375,0.234375
DSR_Simple_training,nothink,prod,2,SINGLE_EXACT,"[0.0,0.0,0.0,0.0,0.0,0.0,0.0,8.0]","[-0.3779501878348703,-0.3779501878348703,-0.3779501878348703,-0.3779501878348703,-0.3779501878348703,-0.3779501878348703,-0.3779501878348703,2.645651314844092]","[-0.125,-0.125,-0.125,-0.125,-0.125,-0.125,-0.125,0.875]","[-0.125,-0.125,-0.125,-0.125,-0.125,-0.125,-0.125,0.875]",5.291302629688184,1.75,1.75
DSR_Simple_training,nothink,video,20,SINGLE_EXACT,"[0.0,0.0,0.0,0.0,0.0,0.0,8.0,0.0]","[-0.3779501878348703,-0.3779501878348703,-0.3779501878348703,-0.3779501878348703,-0.3779501878348703,-0.3779501878348703,2.645651314844092,-0.3779501878348703]","[-0.125,-0.125,-0.125,-0.125,-0.125,-0.125,0.875,-0.125]","[-0.125,-0.125,-0.125,-0.125,-0.125,-0.125,0.875,-0.125]",5.291302629688184,1.75,1.75
DSR_Simple_training,nothink,video,16,A_ONLY,"[0.0,0.0,0.0,0.0,0.5,0.5,0.0,0.5]","[-0.7742768013847241,-0.7742768013847241,-0.7742768013847241,-0.7742768013847241,1.290461335641207,1.290461335641207,-0.7742768013847241,1.290461335641207]","[-0.0234375,-0.0234375,-0.0234375,-0.0234375,0.0390625,0.0390625,-0.0234375,0.0390625]","[-0.0234375,-0.0234375,-0.0234375,-0.0234375,0.0390625,0.0390625,-0.0234375,0.0390625]",7.7427680138472414,0.234375,0.234375
DSR_Simple_training,nothink,ad,2,ALL_ZERO,"[0.0,0.0,0.0,0.0,0.0,0.0,0.0,0.0]","[0.0,0.0,0.0,0.0,0.0,0.0,0.0,0.0]","[0.0,0.0,0.0,0.0,0.0,0.0,0.0,0.0]","[0.0,0.0,0.0,0.0,0.0,0.0,0.0,0.0]",0.0,0.0,0.0
DSR_Simple_training,nothink,video,11,ALL_ZERO,"[0.0,0.0,0.0,0.0,0.0,0.0,0.0,0.0]","[0.0,0.0,0.0,0.0,0.0,0.0,0.0,0.0]","[0.0,0.0,0.0,0.0,0.0,0.0,0.0,0.0]","[0.0,0.0,0.0,0.0,0.0,0.0,0.0,0.0]",0.0,0.0,0.0
DSR_Simple_training,nothink,prod,2,SINGLE_EXACT,"[8.0,0.0,0.0,0.0,0.0,-0.25,0.0,0.0]","[2.64439846268046,-0.3643393437470856,-0.3643393437470856,-0.3643393437470856,-0.3643393437470856,-0.4583624001979464,-0.3643393437470856,-0.3643393437470856]","[0.87890625,-0.12109375,-0.12109375,-0.12109375,-0.12109375,-0.15234375,-0.12109375,-0.12109375]","[0.87890625,-0.12109375,-0.12109375,-0.12109375,-0.12109375,-0.15234375,-0.12109375,-0.12109375]",5.288796925360919,1.7578125,1.7578125
DSR_Simple_training,nothink,ad,2,A_ONLY,"[0.5,0.0,0.0,0.0,0.0,0.0,0.0,0.0]","[2.6441522780688524,-0.3777360397241218,-0.3777360397241218,-0.3777360397241218,-0.3777360397241218,-0.3777360397241218,-0.3777360397241218,-0.3777360397241218]","[0.0546875,-0.0078125,-0.0078125,-0.0078125,-0.0078125,-0.0078125,-0.0078125,-0.0078125]","[0.0546875,-0.0078125,-0.0078125,-0.0078125,-0.0078125,-0.0078125,-0.0078125,-0.0078125]",5.288304556137704,0.109375,0.109375
DSR_Simple_training,nothink,prod,2,A_ONLY,"[0.0,0.0,0.5,0.0,0.5,0.0,0.5,0.5]","[-0.9996001599360256,-0.9996001599360256,0.9996001599360256,-0.9996001599360256,0.9996001599360256,-0.9996001599360256,0.9996001599360256,0.9996001599360256]","[-0.03125,-0.03125,0.03125,-0.03125,0.03125,-0.03125,0.03125,0.03125]","[-0.03125,-0.03125,0.03125,-0.03125,0.03125,-0.03125,0.03125,0.03125]",7.996801279488204,0.25,0.25
DSR_Simple_training,nothink,video,13,AB_SIGNAL,"[0.0,2.0,0.5,0.0,0.0,0.5,0.0,0.0]","[-0.5772613939839699,2.501466040597203,0.19242046466132331,-0.5772613939839699,-0.5772613939839699,0.19242046466132331,-0.5772613939839699,-0.5772613939839699]","[-0.046875,0.203125,0.015625,-0.046875,-0.046875,0.015625,-0.046875,-0.046875]","[-0.046875,0.203125,0.015625,-0.046875,-0.046875,0.015625,-0.046875,-0.046875]",5.772613939839699,0.46875,0.46875
DSR_Simple_training,nothink,prod,2,ALL_ZERO,"[0.0,0.0,0.0,0.0,0.0,0.0,0.0,0.0]","[0.0,0.0,0.0,0.0,0.0,0.0,0.0,0.0]","[0.0,0.0,0.0,0.0,0.0,0.0,0.0,0.0]","[0.0,0.0,0.0,0.0,0.0,0.0,0.0,0.0]",0.0,0.0,0.0
DSR_Simple_training,nothink,prod,4,ALL_ZERO,"[0.0,0.0,0.0,0.0,0.0,0.0,0.0,0.0]","[0.0,0.0,0.0,0.0,0.0,0.0,0.0,0.0]","[0.0,0.0,0.0,0.0,0.0,0.0,0.0,0.0]","[0.0,0.0,0.0,0.0,0.0,0.0,0.0,0.0]",0.0,0.0,0.0
DSR_Simple_training,nothink,ad,3,A_ONLY,"[0.0,0.0,0.5,0.0,0.0,0.0,0.0,0.5]","[-0.577083725634154,-0.577083725634154,1.7312511769024619,-0.577083725634154,-0.577083725634154,-0.577083725634154,-0.577083725634154,1.7312511769024619]","[-0.015625,-0.015625,0.046875,-0.015625,-0.015625,-0.015625,-0.015625,0.046875]","[-0.015625,-0.015625,0.046875,-0.015625,-0.015625,-0.015625,-0.015625,0.046875]",6.9250047076098475,0.1875,0.1875
DSR_Simple_training,nothink,video,11,A_ONLY,"[0.0,0.5,0.5,0.0,0.0,0.0,0.0,0.0]","[-0.577083725634154,1.7312511769024619,1.7312511769024619,-0.577083725634154,-0.577083725634154,-0.577083725634154,-0.577083725634154,-0.577083725634154]","[-0.015625,0.046875,0.046875,-0.015625,-0.015625,-0.015625,-0.015625,-0.015625]","[-0.015625,0.046875,0.046875,-0.015625,-0.015625,-0.015625,-0.015625,-0.015625]",6.925004707609846,0.1875,0.1875
DSR_Simple_training,nothink,ad,2,A_ONLY,"[0.0,0.0,0.0,0.0,0.0,0.5,0.5,0.5]","[-0.7742768013847241,-0.7742768013847241,-0.7742768013847241,-0.7742768013847241,-0.7742768013847241,1.290461335641207,1.290461335641207,1.290461335641207]","[-0.0234375,-0.0234375,-0.0234375,-0.0234375,-0.0234375,0.0390625,0.0390625,0.0390625]","[-0.0234375,-0.0234375,-0.0234375,-0.0234375,-0.0234375,0.0390625,0.0390625,0.0390625]",7.7427680138472414,0.234375,0.234375
DSR_Simple_training,nothink,prod,2,MULTI_EXACT,"[0.0,0.5,8.0,0.5,8.0,0.0,8.0,0.5]","[-0.8538999476872337,-0.7199548578539421,1.2892214896454313,-0.7199548578539421,1.2892214896454313,-0.8538999476872337,1.2892214896454313,-0.7199548578539421]","[-0.3984375,-0.3359375,0.6015625,-0.3359375,0.6015625,-0.3984375,0.6015625,-0.3359375]","[-0.3984375,-0.3359375,0.6015625,-0.3359375,0.6015625,-0.3984375,0.6015625,-0.3359375]",7.735328937872588,3.609375,3.609375
DSR_Simple_training,nothink,prod,2,ALL_ZERO,"[0.0,0.0,0.0,0.0,0.0,0.0,0.0,0.0]","[0.0,0.0,0.0,0.0,0.0,0.0,0.0,0.0]","[0.0,0.0,0.0,0.0,0.0,0.0,0.0,0.0]","[0.0,0.0,0.0,0.0,0.0,0.0,0.0,0.0]",0.0,0.0,0.0
DSR_Simple_training,nothink,prod,2,MULTI_EXACT,"[0.5,8.0,8.0,8.0,8.0,8.0,8.0,0.5]","[-1.731997475877734,0.5773324919592446,0.5773324919592446,0.5773324919592446,0.5773324919592446,0.5773324919592446,0.5773324919592446,-1.731997475877734]","[-0.703125,0.234375,0.234375,0.234375,0.234375,0.234375,0.234375,-0.703125]","[-0.703125,0.234375,0.234375,0.234375,0.234375,0.234375,0.234375,-0.703125]",6.927989903510936,2.8125,2.8125
DSR_Simple_training,nothink,video,11,A_ONLY,"[0.0,0.0,0.0,0.0,0.0,0.5,0.0,0.5]","[-0.577083725634154,-0.577083725634154,-0.577083725634154,-0.577083725634154,-0.577083725634154,1.7312511769024619,-0.577083725634154,1.7312511769024619]","[-0.015625,-0.015625,-0.015625,-0.015625,-0.015625,0.046875,-0.015625,0.046875]","[-0.015625,-0.015625,-0.015625,-0.015625,-0.015625,0.046875,-0.015625,0.046875]",6.9250047076098475,0.1875,0.1875
DSR_Simple_training,nothink,prod,3,A_ONLY,"[0.0,0.0,0.0,0.0,0.0,0.5,0.5,0.5]","[-0.7742768013847241,-0.7742768013847241,-0.7742768013847241,-0.7742768013847241,-0.7742768013847241,1.290461335641207,1.290461335641207,1.290461335641207]","[-0.0234375,-0.0234375,-0.0234375,-0.0234375,-0.0234375,0.0390625,0.0390625,0.0390625]","[-0.0234375,-0.0234375,-0.0234375,-0.0234375,-0.0234375,0.0390625,0.0390625,0.0390625]",7.7427680138472414,0.234375,0.234375
DSR_Simple_training,nothink,prod,5,A_ONLY,"[0.0,0.5,0.0,0.0,0.0,0.0,0.0,0.5]","[-0.577083725634154,1.7312511769024619,-0.577083725634154,-0.577083725634154,-0.577083725634154,-0.577083725634154,-0.577083725634154,1.7312511769024619]","[-0.015625,0.046875,-0.015625,-0.015625,-0.015625,-0.015625,-0.015625,0.046875]","[-0.015625,0.046875,-0.015625,-0.015625,-0.015625,-0.015625,-0.015625,0.046875]",6.9250047076098475,0.1875,0.1875
DSR_Simple_training,nothink,ad,3,A_ONLY,"[0.0,0.5,0.0,0.0,0.0,0.0,0.0,0.0]","[-0.3777360397241218,2.6441522780688524,-0.3777360397241218,-0.3777360397241218,-0.3777360397241218,-0.3777360397241218,-0.3777360397241218,-0.3777360397241218]","[-0.0078125,0.0546875,-0.0078125,-0.0078125,-0.0078125,-0.0078125,-0.0078125,-0.0078125]","[-0.0078125,0.0546875,-0.0078125,-0.0078125,-0.0078125,-0.0078125,-0.0078125,-0.0078125]",5.288304556137704,0.109375,0.109375
DSR_Simple_training,nothink,prod,8,SINGLE_EXACT,"[0.0,2.0,0.0,2.0,0.0,0.0,8.0,0.5]","[-0.6086470897769881,0.1704211851375567,-0.6086470897769881,0.1704211851375567,-0.6086470897769881,-0.6086470897769881,2.507626009881191,-0.4138800210483519]","[-0.1953125,0.0546875,-0.1953125,0.0546875,-0.1953125,-0.1953125,0.8046875,-0.1328125]","[-0.1953125,0.0546875,-0.1953125,0.0546875,-0.1953125,-0.1953125,0.8046875,-0.1328125]",5.696936760312609,1.828125,1.828125
DSR_Simple_training,nothink,video,11,A_ONLY,"[0.0,0.0,0.0,0.0,0.5,0.0,0.0,0.0]","[-0.3777360397241218,-0.3777360397241218,-0.3777360397241218,-0.3777360397241218,2.6441522780688524,-0.3777360397241218,-0.3777360397241218,-0.3777360397241218]","[-0.0078125,-0.0078125,-0.0078125,-0.0078125,0.0546875,-0.0078125,-0.0078125,-0.0078125]","[-0.0078125,-0.0078125,-0.0078125,-0.0078125,0.0546875,-0.0078125,-0.0078125,-0.0078125]",5.288304556137704,0.109375,0.109375
DSR_Simple_training,nothink,video,14,A_ONLY,"[0.0,0.0,0.5,0.0,0.0,0.5,0.0,0.0]","[-0.577083725634154,-0.577083725634154,1.7312511769024619,-0.577083725634154,-0.577083725634154,1.7312511769024619,-0.577083725634154,-0.577083725634154]","[-0.015625,-0.015625,0.046875,-0.015625,-0.015625,0.046875,-0.015625,-0.015625]","[-0.015625,-0.015625,0.046875,-0.015625,-0.015625,0.046875,-0.015625,-0.015625]",6.9250047076098475,0.1875,0.1875
DSR_Simple_training,nothink,video,12,ALL_ZERO,"[0.0,0.0,0.0,0.0,0.0,0.0,0.0,0.0]","[0.0,0.0,0.0,0.0,0.0,0.0,0.0,0.0]","[0.0,0.0,0.0,0.0,0.0,0.0,0.0,0.0]","[0.0,0.0,0.0,0.0,0.0,0.0,0.0,0.0]",0.0,0.0,0.0
DSR_Simple_training,nothink,living,3,SINGLE_EXACT,"[0.0,0.0,0.5,0.0,0.5,8.0,0.0,0.0]","[-0.43150042024755897,-0.43150042024755897,-0.2397224556930883,-0.43150042024755897,-0.2397224556930883,2.6369470126239714,-0.43150042024755897,-0.43150042024755897]","[-0.140625,-0.140625,-0.078125,-0.140625,-0.078125,0.859375,-0.140625,-0.140625]","[-0.140625,-0.140625,-0.078125,-0.140625,-0.078125,0.859375,-0.140625,-0.140625]",5.273894025247944,1.71875,1.71875
DSR_Simple_training,nothink,video,15,A_ONLY,"[0.0,0.0,0.0,0.0,0.0,0.5,0.0,0.0]","[-0.3777360397241218,-0.3777360397241218,-0.3777360397241218,-0.3777360397241218,-0.3777360397241218,2.6441522780688524,-0.3777360397241218,-0.3777360397241218]","[-0.0078125,-0.0078125,-0.0078125,-0.0078125,-0.0078125,0.0546875,-0.0078125,-0.0078125]","[-0.0078125,-0.0078125,-0.0078125,-0.0078125,-0.0078125,0.0546875,-0.0078125,-0.0078125]",5.288304556137704,0.109375,0.109375
DSR_Simple_training,nothink,living,2,A_ONLY,"[0.0,0.0,0.0,0.0,0.0,0.0,0.0,0.5]","[-0.3777360397241218,-0.3777360397241218,-0.3777360397241218,-0.3777360397241218,-0.3777360397241218,-0.3777360397241218,-0.3777360397241218,2.6441522780688524]","[-0.0078125,-0.0078125,-0.0078125,-0.0078125,-0.0078125,-0.0078125,-0.0078125,0.0546875]","[-0.0078125,-0.0078125,-0.0078125,-0.0078125,-0.0078125,-0.0078125,-0.0078125,0.0546875]",5.288304556137705,0.109375,0.109375
DSR_Simple_training,nothink,ad,2,ALL_ZERO,"[0.0,0.0,0.0,0.0,0.0,0.0,0.0,0.0]","[0.0,0.0,0.0,0.0,0.0,0.0,0.0,0.0]","[0.0,0.0,0.0,0.0,0.0,0.0,0.0,0.0]","[0.0,0.0,0.0,0.0,0.0,0.0,0.0,0.0]",0.0,0.0,0.0
DSR_Simple_training,nothink,video,11,A_ONLY,"[0.0,0.5,0.0,0.0,0.0,0.0,0.5,0.0]","[-0.577083725634154,1.7312511769024619,-0.577083725634154,-0.577083725634154,-0.577083725634154,-0.577083725634154,1.7312511769024619,-0.577083725634154]","[-0.015625,0.046875,-0.015625,-0.015625,-0.015625,-0.015625,0.046875,-0.015625]","[-0.015625,0.046875,-0.015625,-0.015625,-0.015625,-0.015625,0.046875,-0.015625]",6.9250047076098475,0.1875,0.1875
DSR_Simple_training,nothink,ad,2,ALL_ZERO,"[0.0,0.0,0.0,0.0,0.0,0.0,0.0,0.0]","[0.0,0.0,0.0,0.0,0.0,0.0,0.0,0.0]","[0.0,0.0,0.0,0.0,0.0,0.0,0.0,0.0]","[0.0,0.0,0.0,0.0,0.0,0.0,0.0,0.0]",0.0,0.0,0.0
DSR_Simple_training,nothink,ad,2,A_ONLY,"[0.0,0.0,0.5,0.0,0.0,0.0,0.0,0.5]","[-0.577083725634154,-0.577083725634154,1.7312511769024619,-0.577083725634154,-0.577083725634154,-0.577083725634154,-0.577083725634154,1.7312511769024619]","[-0.015625,-0.015625,0.046875,-0.015625,-0.015625,-0.015625,-0.015625,0.046875]","[-0.015625,-0.015625,0.046875,-0.015625,-0.015625,-0.015625,-0.015625,0.046875]",6.9250047076098475,0.1875,0.1875
DSR_Simple_training,nothink,ad,2,ALL_ZERO,"[0.0,0.0,0.0,0.0,0.0,0.0,0.0,0.0]","[0.0,0.0,0.0,0.0,0.0,0.0,0.0,0.0]","[0.0,0.0,0.0,0.0,0.0,0.0,0.0,0.0]","[0.0,0.0,0.0,0.0,0.0,0.0,0.0,0.0]",0.0,0.0,0.0
DSR_Simple_training,nothink,ad,2,MULTI_EXACT,"[0.5,8.0,0.5,0.0,0.0,8.0,8.0,0.0]","[-0.6942202249824876,1.2892661321103343,-0.6942202249824876,-0.8264526487886757,-0.8264526487886757,1.2892661321103343,1.2892661321103343,-0.8264526487886757]","[-0.328125,0.609375,-0.328125,-0.390625,-0.390625,0.609375,0.609375,-0.390625]","[-0.328125,0.609375,-0.328125,-0.390625,-0.390625,0.609375,0.609375,-0.390625]",7.735596792662006,3.65625,3.65625
DSR_Simple_training,nothink,ad,4,A_ONLY,"[0.0,0.5,0.0,0.0,0.0,0.0,0.0,0.0]","[-0.3777360397241218,2.6441522780688524,-0.3777360397241218,-0.3777360397241218,-0.3777360397241218,-0.3777360397241218,-0.3777360397241218,-0.3777360397241218]","[-0.0078125,0.0546875,-0.0078125,-0.0078125,-0.0078125,-0.0078125,-0.0078125,-0.0078125]","[-0.0078125,0.0546875,-0.0078125,-0.0078125,-0.0078125,-0.0078125,-0.0078125,-0.0078125]",5.288304556137704,0.109375,0.109375
DSR_Simple_training,nothink,ad,5,A_ONLY,"[0.5,0.0,0.5,0.0,0.5,0.5,0.0,0.0]","[0.9996001599360256,-0.9996001599360256,0.9996001599360256,-0.9996001599360256,0.9996001599360256,0.9996001599360256,-0.9996001599360256,-0.9996001599360256]","[0.03125,-0.03125,0.03125,-0.03125,0.03125,0.03125,-0.03125,-0.03125]","[0.03125,-0.03125,0.03125,-0.03125,0.03125,0.03125,-0.03125,-0.03125]",7.996801279488204,0.25,0.25
DSR_Simple_training,nothink,living,2,ALL_ZERO,"[0.0,0.0,0.0,0.0,0.0,0.0,0.0,0.0]","[0.0,0.0,0.0,0.0,0.0,0.0,0.0,0.0]","[0.0,0.0,0.0,0.0,0.0,0.0,0.0,0.0]","[0.0,0.0,0.0,0.0,0.0,0.0,0.0,0.0]",0.0,0.0,0.0
DSR_Simple_training,nothink,video,20,SINGLE_EXACT,"[0.5,2.0,0.0,8.0,0.5,0.5,0.0,2.0]","[-0.4751294959945936,0.1250340778933141,-0.6751840206238962,2.525688373444945,-0.4751294959945936,-0.4751294959945936,-0.6751840206238962,0.1250340778933141]","[-0.1484375,0.0390625,-0.2109375,0.7890625,-0.1484375,-0.1484375,-0.2109375,0.0390625]","[-0.1484375,0.0390625,-0.2109375,0.7890625,-0.1484375,-0.1484375,-0.2109375,0.0390625]",5.551513058463146,1.734375,1.734375
DSR_Simple_training,nothink,video,19,A_ONLY,"[0.0,0.5,0.0,0.0,0.0,0.5,0.5,0.0]","[-0.7742768013847241,1.290461335641207,-0.7742768013847241,-0.7742768013847241,-0.7742768013847241,1.290461335641207,1.290461335641207,-0.7742768013847241]","[-0.0234375,0.0390625,-0.0234375,-0.0234375,-0.0234375,0.0390625,0.0390625,-0.0234375]","[-0.0234375,0.0390625,-0.0234375,-0.0234375,-0.0234375,0.0390625,0.0390625,-0.0234375]",7.742768013847242,0.234375,0.234375
DSR_Simple_training,nothink,ad,6,A_ONLY,"[0.0,0.5,0.0,0.0,0.5,0.5,0.0,0.5]","[-0.9996001599360256,0.9996001599360256,-0.9996001599360256,-0.9996001599360256,0.9996001599360256,0.9996001599360256,-0.9996001599360256,0.9996001599360256]","[-0.03125,0.03125,-0.03125,-0.03125,0.03125,0.03125,-0.03125,0.03125]","[-0.03125,0.03125,-0.03125,-0.03125,0.03125,0.03125,-0.03125,0.03125]",7.996801279488204,0.25,0.25
DSR_Simple_training,nothink,ad,2,ALL_ZERO,"[0.0,0.0,0.0,0.0,0.0,0.0,0.0,0.0]","[0.0,0.0,0.0,0.0,0.0,0.0,0.0,0.0]","[0.0,0.0,0.0,0.0,0.0,0.0,0.0,0.0]","[0.0,0.0,0.0,0.0,0.0,0.0,0.0,0.0]",0.0,0.0,0.0
DSR_Simple_training,nothink,ad,2,A_ONLY,"[0.5,0.0,0.0,0.5,0.0,0.0,0.0,0.5]","[1.290461335641207,-0.7742768013847241,-0.7742768013847241,1.290461335641207,-0.7742768013847241,-0.7742768013847241,-0.7742768013847241,1.290461335641207]","[0.0390625,-0.0234375,-0.0234375,0.0390625,-0.0234375,-0.0234375,-0.0234375,0.0390625]","[0.0390625,-0.0234375,-0.0234375,0.0390625,-0.0234375,-0.0234375,-0.0234375,0.0390625]",7.742768013847242,0.234375,0.234375
DSR_Simple_training,nothink,video,13,A_ONLY,"[0.0,0.0,0.5,0.5,0.0,0.5,0.0,0.5]","[-0.9996001599360256,-0.9996001599360256,0.9996001599360256,0.9996001599360256,-0.9996001599360256,0.9996001599360256,-0.9996001599360256,0.9996001599360256]","[-0.03125,-0.03125,0.03125,0.03125,-0.03125,0.03125,-0.03125,0.03125]","[-0.03125,-0.03125,0.03125,0.03125,-0.03125,0.03125,-0.03125,0.03125]",7.996801279488204,0.25,0.25
DSR_Simple_training,nothink,prod,2,ALL_ZERO,"[0.0,0.0,0.0,0.0,0.0,0.0,0.0,0.0]","[0.0,0.0,0.0,0.0,0.0,0.0,0.0,0.0]","[0.0,0.0,0.0,0.0,0.0,0.0,0.0,0.0]","[0.0,0.0,0.0,0.0,0.0,0.0,0.0,0.0]",0.0,0.0,0.0
DSR_Simple_training,nothink,video,20,A_ONLY,"[0.0,0.0,0.5,0.0,0.0,0.5,0.0,0.0]","[-0.577083725634154,-0.577083725634154,1.7312511769024619,-0.577083725634154,-0.577083725634154,1.7312511769024619,-0.577083725634154,-0.577083725634154]","[-0.015625,-0.015625,0.046875,-0.015625,-0.015625,0.046875,-0.015625,-0.015625]","[-0.015625,-0.015625,0.046875,-0.015625,-0.015625,0.046875,-0.015625,-0.015625]",6.9250047076098475,0.1875,0.1875
DSR_Simple_training,nothink,video,20,A_ONLY,"[0.5,0.5,0.0,0.0,0.5,0.0,0.0,0.0]","[1.290461335641207,1.290461335641207,-0.7742768013847241,-0.7742768013847241,1.290461335641207,-0.7742768013847241,-0.7742768013847241,-0.7742768013847241]","[0.0390625,0.0390625,-0.0234375,-0.0234375,0.0390625,-0.0234375,-0.0234375,-0.0234375]","[0.0390625,0.0390625,-0.0234375,-0.0234375,0.0390625,-0.0234375,-0.0234375,-0.0234375]",7.742768013847242,0.234375,0.234375
DSR_Simple_training,nothink,prod,3,ALL_ZERO,"[0.0,0.0,0.0,0.0,0.0,0.0,0.0,0.0]","[0.0,0.0,0.0,0.0,0.0,0.0,0.0,0.0]","[0.0,0.0,0.0,0.0,0.0,0.0,0.0,0.0]","[0.0,0.0,0.0,0.0,0.0,0.0,0.0,0.0]",0.0,0.0,0.0
DSR_Simple_training,nothink,living,8,SINGLE_EXACT,"[0.0,8.0,0.5,0.5,0.5,0.0,0.0,0.5]","[-0.4879309895987328,2.6348273438331575,-0.2927585937592397,-0.2927585937592397,-0.2927585937592397,-0.4879309895987328,-0.4879309895987328,-0.2927585937592397]","[-0.15625,0.84375,-0.09375,-0.09375,-0.09375,-0.15625,-0.15625,-0.09375]","[-0.15625,0.84375,-0.09375,-0.09375,-0.09375,-0.15625,-0.15625,-0.09375]",5.269654687666316,1.6875,1.6875
DSR_Simple_training,nothink,video,15,AB_SIGNAL,"[0.5,0.0,0.0,0.5,0.0,2.0,0.0,0.0]","[0.19242046466132331,-0.5772613939839699,-0.5772613939839699,0.19242046466132331,-0.5772613939839699,2.501466040597203,-0.5772613939839699,-0.5772613939839699]","[0.015625,-0.046875,-0.046875,0.015625,-0.046875,0.203125,-0.046875,-0.046875]","[0.015625,-0.046875,-0.046875,0.015625,-0.046875,0.203125,-0.046875,-0.046875]",5.772613939839699,0.46875,0.46875
DSR_Simple_training,nothink,prod,2,MULTI_EXACT,"[8.0,2.0,0.5,8.0,2.0,8.0,8.0,2.0]","[0.9897475330483453,-0.8733066468073635,-1.3390701917712906,0.9897475330483453,-0.8733066468073635,0.9897475330483453,0.9897475330483453,-0.8733066468073635]","[0.3984375,-0.3515625,-0.5390625,0.3984375,-0.3515625,0.3984375,0.3984375,-0.3515625]","[0.3984375,-0.3515625,-0.5390625,0.3984375,-0.3515625,0.3984375,0.3984375,-0.3515625]",7.917980264386762,3.1875,3.1875
DSR_Simple_training,nothink,video,12,A_ONLY,"[0.0,0.5,0.5,0.0,0.0,0.5,0.0,0.5]","[-0.9996001599360256,0.9996001599360256,0.9996001599360256,-0.9996001599360256,-0.9996001599360256,0.9996001599360256,-0.9996001599360256,0.9996001599360256]","[-0.03125,0.03125,0.03125,-0.03125,-0.03125,0.03125,-0.03125,0.03125]","[-0.03125,0.03125,0.03125,-0.03125,-0.03125,0.03125,-0.03125,0.03125]",7.996801279488204,0.25,0.25
DSR_Simple_training,nothink,ad,2,AB_SIGNAL,"[0.0,0.0,0.0,0.0,0.0,0.0,2.0,0.0]","[-0.3779073387899664,-0.3779073387899664,-0.3779073387899664,-0.3779073387899664,-0.3779073387899664,-0.3779073387899664,2.6453513715297645,-0.3779073387899664]","[-0.03125,-0.03125,-0.03125,-0.03125,-0.03125,-0.03125,0.21875,-0.03125]","[-0.03125,-0.03125,-0.03125,-0.03125,-0.03125,-0.03125,0.21875,-0.03125]",5.290702743059529,0.4375,0.4375
DSR_Simple_training,nothink,video,20,A_ONLY,"[0.0,0.0,0.0,0.0,0.5,0.5,0.0,0.5]","[-0.7742768013847241,-0.7742768013847241,-0.7742768013847241,-0.7742768013847241,1.290461335641207,1.290461335641207,-0.7742768013847241,1.290461335641207]","[-0.0234375,-0.0234375,-0.0234375,-0.0234375,0.0390625,0.0390625,-0.0234375,0.0390625]","[-0.0234375,-0.0234375,-0.0234375,-0.0234375,0.0390625,0.0390625,-0.0234375,0.0390625]",7.7427680138472414,0.234375,0.234375
DSR_Simple_training,nothink,ad,2,MULTI_EXACT,"[0.0,0.0,0.0,0.0,8.0,0.0,0.0,8.0]","[-0.5773336030040704,-0.5773336030040704,-0.5773336030040704,-0.5773336030040704,1.7320008090122112,-0.5773336030040704,-0.5773336030040704,1.7320008090122112]","[-0.25,-0.25,-0.25,-0.25,0.75,-0.25,-0.25,0.75]","[-0.25,-0.25,-0.25,-0.25,0.75,-0.25,-0.25,0.75]",6.928003236048845,3.0,3.0
DSR_Simple_training,nothink,video,11,ALL_ZERO,"[0.0,0.0,0.0,0.0,0.0,0.0,0.0,0.0]","[0.0,0.0,0.0,0.0,0.0,0.0,0.0,0.0]","[0.0,0.0,0.0,0.0,0.0,0.0,0.0,0.0]","[0.0,0.0,0.0,0.0,0.0,0.0,0.0,0.0]",0.0,0.0,0.0
DSR_Simple_training,nothink,living,2,A_ONLY,"[0.0,0.0,0.0,0.0,0.5,0.0,0.0,0.5]","[-0.577083725634154,-0.577083725634154,-0.577083725634154,-0.577083725634154,1.7312511769024619,-0.577083725634154,-0.577083725634154,1.7312511769024619]","[-0.015625,-0.015625,-0.015625,-0.015625,0.046875,-0.015625,-0.015625,0.046875]","[-0.015625,-0.015625,-0.015625,-0.015625,0.046875,-0.015625,-0.015625,0.046875]",6.925004707609847,0.1875,0.1875
DSR_Simple_training,nothink,prod,2,ALL_ZERO,"[0.0,0.0,0.0,0.0,0.0,0.0,0.0,0.0]","[0.0,0.0,0.0,0.0,0.0,0.0,0.0,0.0]","[0.0,0.0,0.0,0.0,0.0,0.0,0.0,0.0]","[0.0,0.0,0.0,0.0,0.0,0.0,0.0,0.0]",0.0,0.0,0.0
DSR_Simple_training,nothink,living,3,AB_SIGNAL,"[2.0,0.0,0.0,0.0,0.0,0.0,0.0,0.0]","[2.6453513715297645,-0.3779073387899664,-0.3779073387899664,-0.3779073387899664,-0.3779073387899664,-0.3779073387899664,-0.3779073387899664,-0.3779073387899664]","[0.21875,-0.03125,-0.03125,-0.03125,-0.03125,-0.03125,-0.03125,-0.03125]","[0.21875,-0.03125,-0.03125,-0.03125,-0.03125,-0.03125,-0.03125,-0.03125]",5.290702743059529,0.4375,0.4375
DSR_Simple_training,nothink,video,16,A_ONLY,"[0.0,0.5,0.0,0.5,0.0,0.5,0.5,0.0]","[-0.9996001599360256,0.9996001599360256,-0.9996001599360256,0.9996001599360256,-0.9996001599360256,0.9996001599360256,0.9996001599360256,-0.9996001599360256]","[-0.03125,0.03125,-0.03125,0.03125,-0.03125,0.03125,0.03125,-0.03125]","[-0.03125,0.03125,-0.03125,0.03125,-0.03125,0.03125,0.03125,-0.03125]",7.996801279488204,0.25,0.25
DSR_Simple_training,nothink,living,7,A_ONLY,"[0.0,0.0,0.0,0.0,0.0,0.0,0.0,0.5]","[-0.3777360397241218,-0.3777360397241218,-0.3777360397241218,-0.3777360397241218,-0.3777360397241218,-0.3777360397241218,-0.3777360397241218,2.6441522780688524]","[-0.0078125,-0.0078125,-0.0078125,-0.0078125,-0.0078125,-0.0078125,-0.0078125,0.0546875]","[-0.0078125,-0.0078125,-0.0078125,-0.0078125,-0.0078125,-0.0078125,-0.0078125,0.0546875]",5.288304556137705,0.109375,0.109375
DSR_Simple_training,nothink,prod,2,ALL_ZERO,"[0.0,0.0,0.0,0.0,0.0,0.0,0.0,0.0]","[0.0,0.0,0.0,0.0,0.0,0.0,0.0,0.0]","[0.0,0.0,0.0,0.0,0.0,0.0,0.0,0.0]","[0.0,0.0,0.0,0.0,0.0,0.0,0.0,0.0]",0.0,0.0,0.0
DSR_Simple_training,nothink,video,20,A_ONLY,"[0.0,0.0,0.5,0.5,0.0,0.5,0.5,0.0]","[-0.9996001599360256,-0.9996001599360256,0.9996001599360256,0.9996001599360256,-0.9996001599360256,0.9996001599360256,0.9996001599360256,-0.9996001599360256]","[-0.03125,-0.03125,0.03125,0.03125,-0.03125,0.03125,0.03125,-0.03125]","[-0.03125,-0.03125,0.03125,0.03125,-0.03125,0.03125,0.03125,-0.03125]",7.996801279488204,0.25,0.25
DSR_Simple_training,nothink,ad,4,A_ONLY,"[0.5,0.0,0.5,0.5,0.5,0.0,0.0,0.0]","[0.9996001599360256,-0.9996001599360256,0.9996001599360256,0.9996001599360256,0.9996001599360256,-0.9996001599360256,-0.9996001599360256,-0.9996001599360256]","[0.03125,-0.03125,0.03125,0.03125,0.03125,-0.03125,-0.03125,-0.03125]","[0.03125,-0.03125,0.03125,0.03125,0.03125,-0.03125,-0.03125,-0.03125]",7.996801279488204,0.25,0.25
DSR_Simple_training,nothink,ad,2,ALL_ZERO,"[0.0,0.0,0.0,0.0,0.0,0.0,0.0,0.0]","[0.0,0.0,0.0,0.0,0.0,0.0,0.0,0.0]","[0.0,0.0,0.0,0.0,0.0,0.0,0.0,0.0]","[0.0,0.0,0.0,0.0,0.0,0.0,0.0,0.0]",0.0,0.0,0.0
DSR_Simple_training,nothink,prod,3,A_ONLY,"[0.5,0.5,0.5,0.5,0.0,0.0,0.0,0.5]","[0.7742768013847241,0.7742768013847241,0.7742768013847241,0.7742768013847241,-1.290461335641207,-1.290461335641207,-1.290461335641207,0.7742768013847241]","[0.0234375,0.0234375,0.0234375,0.0234375,-0.0390625,-0.0390625,-0.0390625,0.0234375]","[0.0234375,0.0234375,0.0234375,0.0234375,-0.0390625,-0.0390625,-0.0390625,0.0234375]",7.7427680138472414,0.234375,0.234375
DSR_Simple_training,nothink,video,20,A_ONLY,"[0.0,0.5,0.0,0.0,0.5,0.5,0.5,0.0]","[-0.9996001599360256,0.9996001599360256,-0.9996001599360256,-0.9996001599360256,0.9996001599360256,0.9996001599360256,0.9996001599360256,-0.9996001599360256]","[-0.03125,0.03125,-0.03125,-0.03125,0.03125,0.03125,0.03125,-0.03125]","[-0.03125,0.03125,-0.03125,-0.03125,0.03125,0.03125,0.03125,-0.03125]",7.996801279488204,0.25,0.25
DSR_Simple_training,nothink,prod,2,ALL_ZERO,"[0.0,0.0,0.0,0.0,0.0,0.0,0.0,0.0]","[0.0,0.0,0.0,0.0,0.0,0.0,0.0,0.0]","[0.0,0.0,0.0,0.0,0.0,0.0,0.0,0.0]","[0.0,0.0,0.0,0.0,0.0,0.0,0.0,0.0]",0.0,0.0,0.0
DSR_Simple_training,nothink,ad,2,AB_SIGNAL,"[0.0,0.0,0.0,0.0,0.0,0.0,2.0,0.0]","[-0.3779073387899664,-0.3779073387899664,-0.3779073387899664,-0.3779073387899664,-0.3779073387899664,-0.3779073387899664,2.6453513715297645,-0.3779073387899664]","[-0.03125,-0.03125,-0.03125,-0.03125,-0.03125,-0.03125,0.21875,-0.03125]","[-0.03125,-0.03125,-0.03125,-0.03125,-0.03125,-0.03125,0.21875,-0.03125]",5.290702743059529,0.4375,0.4375
DSR_Simple_training,nothink,prod,2,MULTI_EXACT,"[8.0,8.0,0.5,0.0,8.0,8.0,8.0,8.0]","[0.5769329850523552,0.5769329850523552,-1.6563559893438586,-1.805241920970273,0.5769329850523552,0.5769329850523552,0.5769329850523552,0.5769329850523552]","[0.2421875,0.2421875,-0.6953125,-0.7578125,0.2421875,0.2421875,0.2421875,0.2421875]","[0.2421875,0.2421875,-0.6953125,-0.7578125,0.2421875,0.2421875,0.2421875,0.2421875]",6.923195820628264,2.90625,2.90625
DSR_Simple_training,nothink,prod,3,ALL_ZERO,"[0.0,0.0,0.0,0.0,0.0,0.0,0.0,0.0]","[0.0,0.0,0.0,0.0,0.0,0.0,0.0,0.0]","[0.0,0.0,0.0,0.0,0.0,0.0,0.0,0.0]","[0.0,0.0,0.0,0.0,0.0,0.0,0.0,0.0]",0.0,0.0,0.0
DSR_Simple_training,nothink,prod,2,ALL_ZERO,"[0.0,0.0,0.0,0.0,0.0,0.0,0.0,0.0]","[0.0,0.0,0.0,0.0,0.0,0.0,0.0,0.0]","[0.0,0.0,0.0,0.0,0.0,0.0,0.0,0.0]","[0.0,0.0,0.0,0.0,0.0,0.0,0.0,0.0]",0.0,0.0,0.0
DSR_Simple_training,nothink,living,4,AB_SIGNAL,"[0.0,2.0,0.0,0.0,0.0,0.0,0.5,0.5]","[-0.5772613939839699,2.501466040597203,-0.5772613939839699,-0.5772613939839699,-0.5772613939839699,-0.5772613939839699,0.19242046466132331,0.19242046466132331]","[-0.046875,0.203125,-0.046875,-0.046875,-0.046875,-0.046875,0.015625,0.015625]","[-0.046875,0.203125,-0.046875,-0.046875,-0.046875,-0.046875,0.015625,0.015625]",5.772613939839699,0.46875,0.46875
DSR_Simple_training,nothink,video,20,A_ONLY,"[0.5,0.0,0.0,0.0,0.0,0.0,0.5,0.0]","[1.7312511769024619,-0.577083725634154,-0.577083725634154,-0.577083725634154,-0.577083725634154,-0.577083725634154,1.7312511769024619,-0.577083725634154]","[0.046875,-0.015625,-0.015625,-0.015625,-0.015625,-0.015625,0.046875,-0.015625]","[0.046875,-0.015625,-0.015625,-0.015625,-0.015625,-0.015625,0.046875,-0.015625]",6.9250047076098475,0.1875,0.1875
DSR_Simple_training,nothink,prod,2,A_ONLY,"[0.0,0.0,0.0,0.0,0.0,0.0,0.0,0.5]","[-0.3777360397241218,-0.3777360397241218,-0.3777360397241218,-0.3777360397241218,-0.3777360397241218,-0.3777360397241218,-0.3777360397241218,2.6441522780688524]","[-0.0078125,-0.0078125,-0.0078125,-0.0078125,-0.0078125,-0.0078125,-0.0078125,0.0546875]","[-0.0078125,-0.0078125,-0.0078125,-0.0078125,-0.0078125,-0.0078125,-0.0078125,0.0546875]",5.288304556137705,0.109375,0.109375
DSR_Simple_training,nothink,ad,3,SINGLE_EXACT,"[0.0,8.0,0.5,0.5,0.0,0.0,0.0,0.5]","[-0.45931623647797426,2.6350247250578525,-0.2659199263819851,-0.2659199263819851,-0.45931623647797426,-0.45931623647797426,-0.45931623647797426,-0.2659199263819851]","[-0.1484375,0.8515625,-0.0859375,-0.0859375,-0.1484375,-0.1484375,-0.1484375,-0.0859375]","[-0.1484375,0.8515625,-0.0859375,-0.0859375,-0.1484375,-0.1484375,-0.1484375,-0.0859375]",5.270049450115705,1.703125,1.703125
DSR_Simple_training,nothink,living,2,A_ONLY,"[0.5,0.0,0.5,0.0,0.0,0.0,0.0,0.0]","[1.7312511769024619,-0.577083725634154,1.7312511769024619,-0.577083725634154,-0.577083725634154,-0.577083725634154,-0.577083725634154,-0.577083725634154]","[0.046875,-0.015625,0.046875,-0.015625,-0.015625,-0.015625,-0.015625,-0.015625]","[0.046875,-0.015625,0.046875,-0.015625,-0.015625,-0.015625,-0.015625,-0.015625]",6.925004707609846,0.1875,0.1875
DSR_Simple_training,nothink,prod,2,SINGLE_EXACT,"[0.0,8.0,0.0,0.0,0.0,0.0,0.0,0.0]","[-0.3779501878348703,2.645651314844092,-0.3779501878348703,-0.3779501878348703,-0.3779501878348703,-0.3779501878348703,-0.3779501878348703,-0.3779501878348703]","[-0.125,0.875,-0.125,-0.125,-0.125,-0.125,-0.125,-0.125]","[-0.125,0.875,-0.125,-0.125,-0.125,-0.125,-0.125,-0.125]",5.291302629688184,1.75,1.75
DSR_Simple_training,nothink,ad,5,SINGLE_EXACT,"[0.5,0.0,0.0,0.0,0.0,0.0,0.5,8.0]","[-0.2397224556930883,-0.43150042024755897,-0.43150042024755897,-0.43150042024755897,-0.43150042024755897,-0.43150042024755897,-0.2397224556930883,2.6369470126239714]","[-0.078125,-0.140625,-0.140625,-0.140625,-0.140625,-0.140625,-0.078125,0.859375]","[-0.078125,-0.140625,-0.140625,-0.140625,-0.140625,-0.140625,-0.078125,0.859375]",5.273894025247943,1.71875,1.71875
DSR_Simple_training,nothink,ad,2,A_ONLY,"[0.5,0.0,0.0,0.0,0.0,0.0,0.0,0.0]","[2.6441522780688524,-0.3777360397241218,-0.3777360397241218,-0.3777360397241218,-0.3777360397241218,-0.3777360397241218,-0.3777360397241218,-0.3777360397241218]","[0.0546875,-0.0078125,-0.0078125,-0.0078125,-0.0078125,-0.0078125,-0.0078125,-0.0078125]","[0.0546875,-0.0078125,-0.0078125,-0.0078125,-0.0078125,-0.0078125,-0.0078125,-0.0078125]",5.288304556137704,0.109375,0.109375
DSR_Simple_training,nothink,ad,2,ALL_ZERO,"[0.0,0.0,0.0,0.0,0.0,0.0,0.0,0.0]","[0.0,0.0,0.0,0.0,0.0,0.0,0.0,0.0]","[0.0,0.0,0.0,0.0,0.0,0.0,0.0,0.0]","[0.0,0.0,0.0,0.0,0.0,0.0,0.0,0.0]",0.0,0.0,0.0
DSR_Simple_training,nothink,ad,2,ALL_ZERO,"[0.0,0.0,0.0,0.0,0.0,0.0,0.0,0.0]","[0.0,0.0,0.0,0.0,0.0,0.0,0.0,0.0]","[0.0,0.0,0.0,0.0,0.0,0.0,0.0,0.0]","[0.0,0.0,0.0,0.0,0.0,0.0,0.0,0.0]",0.0,0.0,0.0
DSR_Simple_training,nothink,living,2,ALL_ZERO,"[0.0,0.0,0.0,0.0,0.0,0.0,0.0,0.0]","[0.0,0.0,0.0,0.0,0.0,0.0,0.0,0.0]","[0.0,0.0,0.0,0.0,0.0,0.0,0.0,0.0]","[0.0,0.0,0.0,0.0,0.0,0.0,0.0,0.0]",0.0,0.0,0.0
DSR_Simple_training,nothink,living,2,A_ONLY,"[0.0,0.0,0.5,0.0,0.0,0.0,0.0,0.0]","[-0.3777360397241218,-0.3777360397241218,2.6441522780688524,-0.3777360397241218,-0.3777360397241218,-0.3777360397241218,-0.3777360397241218,-0.3777360397241218]","[-0.0078125,-0.0078125,0.0546875,-0.0078125,-0.0078125,-0.0078125,-0.0078125,-0.0078125]","[-0.0078125,-0.0078125,0.0546875,-0.0078125,-0.0078125,-0.0078125,-0.0078125,-0.0078125]",5.288304556137704,0.109375,0.109375
DSR_Simple_training,nothink,video,16,A_ONLY,"[0.5,0.5,0.0,0.0,0.0,0.0,0.5,0.5]","[0.9996001599360256,0.9996001599360256,-0.9996001599360256,-0.9996001599360256,-0.9996001599360256,-0.9996001599360256,0.9996001599360256,0.9996001599360256]","[0.03125,0.03125,-0.03125,-0.03125,-0.03125,-0.03125,0.03125,0.03125]","[0.03125,0.03125,-0.03125,-0.03125,-0.03125,-0.03125,0.03125,0.03125]",7.996801279488204,0.25,0.25
DSR_Simple_training,nothink,video,20,AB_SIGNAL,"[2.0,0.5,0.5,0.5,0.5,0.0,0.5,0.5]","[2.5231099996704107,-0.22937363633367372,-0.22937363633367372,-0.22937363633367372,-0.22937363633367372,-1.1468681816683686,-0.22937363633367372,-0.22937363633367372]","[0.171875,-0.015625,-0.015625,-0.015625,-0.015625,-0.078125,-0.015625,-0.015625]","[0.171875,-0.015625,-0.015625,-0.015625,-0.015625,-0.078125,-0.015625,-0.015625]",5.0462199993408206,0.34375,0.34375
DSR_Simple_training,nothink,prod,3,ALL_ZERO,"[0.0,0.0,0.0,0.0,0.0,0.0,0.0,0.0]","[0.0,0.0,0.0,0.0,0.0,0.0,0.0,0.0]","[0.0,0.0,0.0,0.0,0.0,0.0,0.0,0.0]","[0.0,0.0,0.0,0.0,0.0,0.0,0.0,0.0]",0.0,0.0,0.0
DSR_Simple_training,nothink,prod,2,AB_SIGNAL,"[0.5,0.5,2.0,2.0,2.0,2.0,0.5,2.0]","[-1.2908166954357372,-1.2908166954357372,0.7744900172614423,0.7744900172614423,0.7744900172614423,0.7744900172614423,-1.2908166954357372,0.7744900172614423]","[-0.1171875,-0.1171875,0.0703125,0.0703125,0.0703125,0.0703125,-0.1171875,0.0703125]","[-0.1171875,-0.1171875,0.0703125,0.0703125,0.0703125,0.0703125,-0.1171875,0.0703125]",7.744900172614423,0.703125,0.703125
DSR_Simple_training,nothink,prod,2,A_ONLY,"[0.0,0.0,0.0,0.5,0.5,0.0,0.0,0.0]","[-0.577083725634154,-0.577083725634154,-0.577083725634154,1.7312511769024619,1.7312511769024619,-0.577083725634154,-0.577083725634154,-0.577083725634154]","[-0.015625,-0.015625,-0.015625,0.046875,0.046875,-0.015625,-0.015625,-0.015625]","[-0.015625,-0.015625,-0.015625,0.046875,0.046875,-0.015625,-0.015625,-0.015625]",6.925004707609847,0.1875,0.1875
DSR_Simple_training,nothink,ad,2,ALL_ZERO,"[0.0,0.0,0.0,0.0,0.0,0.0,0.0,0.0]","[0.0,0.0,0.0,0.0,0.0,0.0,0.0,0.0]","[0.0,0.0,0.0,0.0,0.0,0.0,0.0,0.0]","[0.0,0.0,0.0,0.0,0.0,0.0,0.0,0.0]",0.0,0.0,0.0
DSR_Simple_training,nothink,living,2,A_ONLY,"[0.5,0.5,0.0,0.0,0.5,0.5,0.0,0.0]","[0.9996001599360256,0.9996001599360256,-0.9996001599360256,-0.9996001599360256,0.9996001599360256,0.9996001599360256,-0.9996001599360256,-0.9996001599360256]","[0.03125,0.03125,-0.03125,-0.03125,0.03125,0.03125,-0.03125,-0.03125]","[0.03125,0.03125,-0.03125,-0.03125,0.03125,0.03125,-0.03125,-0.03125]",7.996801279488204,0.25,0.25
DSR_Simple_training,nothink,prod,2,ALL_ZERO,"[0.0,0.0,0.0,0.0,0.0,0.0,0.0,0.0]","[0.0,0.0,0.0,0.0,0.0,0.0,0.0,0.0]","[0.0,0.0,0.0,0.0,0.0,0.0,0.0,0.0]","[0.0,0.0,0.0,0.0,0.0,0.0,0.0,0.0]",0.0,0.0,0.0
DSR_Simple_training,nothink,ad,2,A_ONLY,"[0.0,0.0,0.0,0.0,0.0,0.0,0.5,0.0]","[-0.3777360397241218,-0.3777360397241218,-0.3777360397241218,-0.3777360397241218,-0.3777360397241218,-0.3777360397241218,2.6441522780688524,-0.3777360397241218]","[-0.0078125,-0.0078125,-0.0078125,-0.0078125,-0.0078125,-0.0078125,0.0546875,-0.0078125]","[-0.0078125,-0.0078125,-0.0078125,-0.0078125,-0.0078125,-0.0078125,0.0546875,-0.0078125]",5.288304556137705,0.109375,0.109375
DSR_Simple_training,nothink,prod,2,ALL_ZERO,"[0.0,0.0,0.0,0.0,0.0,0.0,0.0,0.0]","[0.0,0.0,0.0,0.0,0.0,0.0,0.0,0.0]","[0.0,0.0,0.0,0.0,0.0,0.0,0.0,0.0]","[0.0,0.0,0.0,0.0,0.0,0.0,0.0,0.0]",0.0,0.0,0.0
DSR_Simple_training,nothink,prod,2,ALL_ZERO,"[0.0,0.0,0.0,0.0,0.0,0.0,0.0,0.0]","[0.0,0.0,0.0,0.0,0.0,0.0,0.0,0.0]","[0.0,0.0,0.0,0.0,0.0,0.0,0.0,0.0]","[0.0,0.0,0.0,0.0,0.0,0.0,0.0,0.0]",0.0,0.0,0.0
DSR_Simple_training,nothink,video,12,ALL_ZERO,"[0.0,0.0,0.0,0.0,0.0,0.0,0.0,0.0]","[0.0,0.0,0.0,0.0,0.0,0.0,0.0,0.0]","[0.0,0.0,0.0,0.0,0.0,0.0,0.0,0.0]","[0.0,0.0,0.0,0.0,0.0,0.0,0.0,0.0]",0.0,0.0,0.0
DSR_Simple_training,nothink,ad,2,ALL_ZERO,"[0.0,0.0,0.0,0.0,0.0,0.0,0.0,0.0]","[0.0,0.0,0.0,0.0,0.0,0.0,0.0,0.0]","[0.0,0.0,0.0,0.0,0.0,0.0,0.0,0.0]","[0.0,0.0,0.0,0.0,0.0,0.0,0.0,0.0]",0.0,0.0,0.0
DSR_Simple_training,nothink,ad,5,SINGLE_EXACT,"[0.0,0.0,0.0,0.5,0.5,0.0,8.0,0.0]","[-0.43150042024755897,-0.43150042024755897,-0.43150042024755897,-0.2397224556930883,-0.2397224556930883,-0.43150042024755897,2.6369470126239714,-0.43150042024755897]","[-0.140625,-0.140625,-0.140625,-0.078125,-0.078125,-0.140625,0.859375,-0.140625]","[-0.140625,-0.140625,-0.140625,-0.078125,-0.078125,-0.140625,0.859375,-0.140625]",5.273894025247943,1.71875,1.71875
DSR_Simple_training,nothink,living,2,A_ONLY,"[0.0,0.0,0.0,0.0,0.0,0.5,0.0,0.0]","[-0.3777360397241218,-0.3777360397241218,-0.3777360397241218,-0.3777360397241218,-0.3777360397241218,2.6441522780688524,-0.3777360397241218,-0.3777360397241218]","[-0.0078125,-0.0078125,-0.0078125,-0.0078125,-0.0078125,0.0546875,-0.0078125,-0.0078125]","[-0.0078125,-0.0078125,-0.0078125,-0.0078125,-0.0078125,0.0546875,-0.0078125,-0.0078125]",5.288304556137704,0.109375,0.109375
DSR_Simple_training,nothink,ad,2,ALL_ZERO,"[0.0,0.0,0.0,0.0,0.0,0.0,0.0,0.0]","[0.0,0.0,0.0,0.0,0.0,0.0,0.0,0.0]","[0.0,0.0,0.0,0.0,0.0,0.0,0.0,0.0]","[0.0,0.0,0.0,0.0,0.0,0.0,0.0,0.0]",0.0,0.0,0.0
DSR_Simple_training,nothink,prod,4,A_ONLY,"[0.0,0.5,0.5,0.5,0.0,0.0,0.0,0.5]","[-0.9996001599360256,0.9996001599360256,0.9996001599360256,0.9996001599360256,-0.9996001599360256,-0.9996001599360256,-0.9996001599360256,0.9996001599360256]","[-0.03125,0.03125,0.03125,0.03125,-0.03125,-0.03125,-0.03125,0.03125]","[-0.03125,0.03125,0.03125,0.03125,-0.03125,-0.03125,-0.03125,0.03125]",7.996801279488204,0.25,0.25
DSR_Simple_training,nothink,video,20,A_ONLY,"[0.0,0.5,0.5,0.5,0.0,0.0,0.0,0.5]","[-0.9996001599360256,0.9996001599360256,0.9996001599360256,0.9996001599360256,-0.9996001599360256,-0.9996001599360256,-0.9996001599360256,0.9996001599360256]","[-0.03125,0.03125,0.03125,0.03125,-0.03125,-0.03125,-0.03125,0.03125]","[-0.03125,0.03125,0.03125,0.03125,-0.03125,-0.03125,-0.03125,0.03125]",7.996801279488204,0.25,0.25
DSR_Simple_training,nothink,prod,2,ALL_ZERO,"[0.0,0.0,0.0,0.0,0.0,0.0,0.0,0.0]","[0.0,0.0,0.0,0.0,0.0,0.0,0.0,0.0]","[0.0,0.0,0.0,0.0,0.0,0.0,0.0,0.0]","[0.0,0.0,0.0,0.0,0.0,0.0,0.0,0.0]",0.0,0.0,0.0
DSR_Simple_training,nothink,video,20,SINGLE_EXACT,"[0.0,8.0,0.0,0.0,0.0,0.0,0.0,0.5]","[-0.4044027651232127,2.640512172275095,-0.4044027651232127,-0.4044027651232127,-0.4044027651232127,-0.4044027651232127,-0.4044027651232127,-0.2140955815358185]","[-0.1328125,0.8671875,-0.1328125,-0.1328125,-0.1328125,-0.1328125,-0.1328125,-0.0703125]","[-0.1328125,0.8671875,-0.1328125,-0.1328125,-0.1328125,-0.1328125,-0.1328125,-0.0703125]",5.2810243445501905,1.734375,1.734375
DSR_Simple_training,nothink,ad,2,ALL_ZERO,"[0.0,0.0,0.0,0.0,0.0,0.0,0.0,0.0]","[0.0,0.0,0.0,0.0,0.0,0.0,0.0,0.0]","[0.0,0.0,0.0,0.0,0.0,0.0,0.0,0.0]","[0.0,0.0,0.0,0.0,0.0,0.0,0.0,0.0]",0.0,0.0,0.0
DSR_Simple_training,nothink,living,3,AB_SIGNAL,"[0.5,0.0,2.0,0.0,2.0,0.5,2.0,2.0]","[-0.7000616194265429,-1.2601109149677772,0.98008626719716,-1.2601109149677772,0.98008626719716,-0.7000616194265429,0.98008626719716,0.98008626719716]","[-0.078125,-0.140625,0.109375,-0.140625,0.109375,-0.078125,0.109375,0.109375]","[-0.078125,-0.140625,0.109375,-0.140625,0.109375,-0.078125,0.109375,0.109375]",7.84069013757728,0.875,0.875
DSR_Simple_training,nothink,video,11,A_ONLY,"[0.5,0.5,0.5,0.0,0.5,0.0,0.0,0.0]","[0.9996001599360256,0.9996001599360256,0.9996001599360256,-0.9996001599360256,0.9996001599360256,-0.9996001599360256,-0.9996001599360256,-0.9996001599360256]","[0.03125,0.03125,0.03125,-0.03125,0.03125,-0.03125,-0.03125,-0.03125]","[0.03125,0.03125,0.03125,-0.03125,0.03125,-0.03125,-0.03125,-0.03125]",7.996801279488204,0.25,0.25
DSR_Simple_training,nothink,prod,3,A_ONLY,"[0.0,0.0,0.0,0.0,0.0,0.0,0.0,0.5]","[-0.3777360397241218,-0.3777360397241218,-0.3777360397241218,-0.3777360397241218,-0.3777360397241218,-0.3777360397241218,-0.3777360397241218,2.6441522780688524]","[-0.0078125,-0.0078125,-0.0078125,-0.0078125,-0.0078125,-0.0078125,-0.0078125,0.0546875]","[-0.0078125,-0.0078125,-0.0078125,-0.0078125,-0.0078125,-0.0078125,-0.0078125,0.0546875]",5.288304556137705,0.109375,0.109375
DSR_Simple_training,nothink,prod,2,AB_SIGNAL,"[0.5,0.5,0.0,0.0,0.0,0.0,2.0,2.0]","[-0.15247996795091118,-0.15247996795091118,-0.7623998397545558,-0.7623998397545558,-0.7623998397545558,-0.7623998397545558,1.677279647460023,1.677279647460023]","[-0.015625,-0.015625,-0.078125,-0.078125,-0.078125,-0.078125,0.171875,0.171875]","[-0.015625,-0.015625,-0.078125,-0.078125,-0.078125,-0.078125,0.171875,0.171875]",6.709118589840092,0.6875,0.6875
DSR_Simple_training,nothink,ad,2,A_ONLY,"[0.5,0.0,0.0,0.0,0.0,0.0,0.0,0.0]","[2.6441522780688524,-0.3777360397241218,-0.3777360397241218,-0.3777360397241218,-0.3777360397241218,-0.3777360397241218,-0.3777360397241218,-0.3777360397241218]","[0.0546875,-0.0078125,-0.0078125,-0.0078125,-0.0078125,-0.0078125,-0.0078125,-0.0078125]","[0.0546875,-0.0078125,-0.0078125,-0.0078125,-0.0078125,-0.0078125,-0.0078125,-0.0078125]",5.288304556137704,0.109375,0.109375
DSR_Simple_training,nothink,video,12,A_ONLY,"[0.0,0.0,0.0,0.0,0.0,0.0,0.0,0.5]","[-0.3777360397241218,-0.3777360397241218,-0.3777360397241218,-0.3777360397241218,-0.3777360397241218,-0.3777360397241218,-0.3777360397241218,2.6441522780688524]","[-0.0078125,-0.0078125,-0.0078125,-0.0078125,-0.0078125,-0.0078125,-0.0078125,0.0546875]","[-0.0078125,-0.0078125,-0.0078125,-0.0078125,-0.0078125,-0.0078125,-0.0078125,0.0546875]",5.288304556137705,0.109375,0.109375
DSR_Simple_training,nothink,ad,3,A_ONLY,"[0.0,0.0,0.5,0.0,0.0,0.0,0.0,0.5]","[-0.577083725634154,-0.577083725634154,1.7312511769024619,-0.577083725634154,-0.577083725634154,-0.577083725634154,-0.577083725634154,1.7312511769024619]","[-0.015625,-0.015625,0.046875,-0.015625,-0.015625,-0.015625,-0.015625,0.046875]","[-0.015625,-0.015625,0.046875,-0.015625,-0.015625,-0.015625,-0.015625,0.046875]",6.9250047076098475,0.1875,0.1875
DSR_Simple_training,nothink,prod,3,ALL_ZERO,"[0.0,0.0,0.0,0.0,0.0,0.0,0.0,0.0]","[0.0,0.0,0.0,0.0,0.0,0.0,0.0,0.0]","[0.0,0.0,0.0,0.0,0.0,0.0,0.0,0.0]","[0.0,0.0,0.0,0.0,0.0,0.0,0.0,0.0]",0.0,0.0,0.0
DSR_Simple_training,nothink,prod,2,ALL_ZERO,"[0.0,0.0,0.0,0.0,0.0,0.0,0.0,0.0]","[0.0,0.0,0.0,0.0,0.0,0.0,0.0,0.0]","[0.0,0.0,0.0,0.0,0.0,0.0,0.0,0.0]","[0.0,0.0,0.0,0.0,0.0,0.0,0.0,0.0]",0.0,0.0,0.0
DSR_Simple_training,nothink,prod,2,ALL_ZERO,"[0.0,0.0,0.0,0.0,0.0,0.0,0.0,0.0]","[0.0,0.0,0.0,0.0,0.0,0.0,0.0,0.0]","[0.0,0.0,0.0,0.0,0.0,0.0,0.0,0.0]","[0.0,0.0,0.0,0.0,0.0,0.0,0.0,0.0]",0.0,0.0,0.0
DSR_Simple_training,nothink,ad,2,ALL_ZERO,"[0.0,0.0,0.0,0.0,0.0,0.0,0.0,0.0]","[0.0,0.0,0.0,0.0,0.0,0.0,0.0,0.0]","[0.0,0.0,0.0,0.0,0.0,0.0,0.0,0.0]","[0.0,0.0,0.0,0.0,0.0,0.0,0.0,0.0]",0.0,0.0,0.0
DSR_Simple_training,nothink,video,20,AB_SIGNAL,"[2.0,0.5,2.0,0.5,0.5,0.0,0.5,0.5]","[1.6857380317921073,-0.4436152715242388,1.6857380317921073,-0.4436152715242388,-0.4436152715242388,-1.1533997059630208,-0.4436152715242388,-0.4436152715242388]","[0.1484375,-0.0390625,0.1484375,-0.0390625,-0.0390625,-0.1015625,-0.0390625,-0.0390625]","[0.1484375,-0.0390625,0.1484375,-0.0390625,-0.0390625,-0.1015625,-0.0390625,-0.0390625]",6.74295212716843,0.59375,0.59375
DSR_Simple_training,nothink,video,17,ALL_ZERO,"[0.0,0.0,0.0,0.0,0.0,0.0,0.0,0.0]","[0.0,0.0,0.0,0.0,0.0,0.0,0.0,0.0]","[0.0,0.0,0.0,0.0,0.0,0.0,0.0,0.0]","[0.0,0.0,0.0,0.0,0.0,0.0,0.0,0.0]",0.0,0.0,0.0
DSR_Simple_training,nothink,ad,2,A_ONLY,"[0.0,0.0,0.0,0.0,0.0,0.5,0.5,0.5]","[-0.7742768013847241,-0.7742768013847241,-0.7742768013847241,-0.7742768013847241,-0.7742768013847241,1.290461335641207,1.290461335641207,1.290461335641207]","[-0.0234375,-0.0234375,-0.0234375,-0.0234375,-0.0234375,0.0390625,0.0390625,0.0390625]","[-0.0234375,-0.0234375,-0.0234375,-0.0234375,-0.0234375,0.0390625,0.0390625,0.0390625]",7.7427680138472414,0.234375,0.234375
DSR_Simple_training,nothink,living,2,SINGLE_EXACT,"[0.0,0.0,0.0,0.5,8.0,0.0,0.0,0.0]","[-0.4044027651232127,-0.4044027651232127,-0.4044027651232127,-0.2140955815358185,2.640512172275095,-0.4044027651232127,-0.4044027651232127,-0.4044027651232127]","[-0.1328125,-0.1328125,-0.1328125,-0.0703125,0.8671875,-0.1328125,-0.1328125,-0.1328125]","[-0.1328125,-0.1328125,-0.1328125,-0.0703125,0.8671875,-0.1328125,-0.1328125,-0.1328125]",5.2810243445501905,1.734375,1.734375
DSR_Simple_training,nothink,prod,2,A_ONLY,"[0.0,0.5,0.5,0.5,0.0,0.5,0.5,0.5]","[-1.7312511769024619,0.577083725634154,0.577083725634154,0.577083725634154,-1.7312511769024619,0.577083725634154,0.577083725634154,0.577083725634154]","[-0.046875,0.015625,0.015625,0.015625,-0.046875,0.015625,0.015625,0.015625]","[-0.046875,0.015625,0.015625,0.015625,-0.046875,0.015625,0.015625,0.015625]",6.9250047076098475,0.1875,0.1875
DSR_Simple_training,nothink,living,2,ALL_ZERO,"[0.0,0.0,0.0,0.0,0.0,0.0,0.0,0.0]","[0.0,0.0,0.0,0.0,0.0,0.0,0.0,0.0]","[0.0,0.0,0.0,0.0,0.0,0.0,0.0,0.0]","[0.0,0.0,0.0,0.0,0.0,0.0,0.0,0.0]",0.0,0.0,0.0
DSR_Simple_training,nothink,ad,4,A_ONLY,"[0.0,0.0,0.5,0.0,0.5,0.5,0.0,0.0]","[-0.7742768013847241,-0.7742768013847241,1.290461335641207,-0.7742768013847241,1.290461335641207,1.290461335641207,-0.7742768013847241,-0.7742768013847241]","[-0.0234375,-0.0234375,0.0390625,-0.0234375,0.0390625,0.0390625,-0.0234375,-0.0234375]","[-0.0234375,-0.0234375,0.0390625,-0.0234375,0.0390625,0.0390625,-0.0234375,-0.0234375]",7.7427680138472414,0.234375,0.234375
DSR_Simple_training,nothink,living,2,AB_SIGNAL,"[0.0,0.0,0.0,0.5,2.0,0.0,2.0,0.5]","[-0.7623998397545558,-0.7623998397545558,-0.7623998397545558,-0.15247996795091118,1.677279647460023,-0.7623998397545558,1.677279647460023,-0.15247996795091118]","[-0.078125,-0.078125,-0.078125,-0.015625,0.171875,-0.078125,0.171875,-0.015625]","[-0.078125,-0.078125,-0.078125,-0.015625,0.171875,-0.078125,0.171875,-0.015625]",6.709118589840092,0.6875,0.6875
DSR_Simple_training,nothink,video,18,AB_SIGNAL,"[0.0,0.0,0.5,0.5,0.0,2.0,0.0,2.0]","[-0.7623998397545558,-0.7623998397545558,-0.15247996795091118,-0.15247996795091118,-0.7623998397545558,1.677279647460023,-0.7623998397545558,1.677279647460023]","[-0.078125,-0.078125,-0.015625,-0.015625,-0.078125,0.171875,-0.078125,0.171875]","[-0.078125,-0.078125,-0.015625,-0.015625,-0.078125,0.171875,-0.078125,0.171875]",6.709118589840092,0.6875,0.6875
DSR_Simple_training,nothink,video,19,AB_SIGNAL,"[0.5,0.0,0.5,0.0,0.5,0.0,2.0,0.5]","[0.0,-0.81636326936408,0.0,-0.81636326936408,0.0,-0.81636326936408,2.44908980809224,0.0]","[0.0,-0.0625,0.0,-0.0625,0.0,-0.0625,0.1875,0.0]","[0.0,-0.0625,0.0,-0.0625,0.0,-0.0625,0.1875,0.0]",4.89817961618448,0.375,0.375
DSR_Simple_training,nothink,ad,2,ALL_ZERO,"[0.0,0.0,0.0,0.0,0.0,0.0,0.0,0.0]","[0.0,0.0,0.0,0.0,0.0,0.0,0.0,0.0]","[0.0,0.0,0.0,0.0,0.0,0.0,0.0,0.0]","[0.0,0.0,0.0,0.0,0.0,0.0,0.0,0.0]",0.0,0.0,0.0
DSR_Simple_training,nothink,video,11,SINGLE_EXACT,"[0.0,0.0,0.0,0.5,8.0,0.0,0.0,0.0]","[-0.4044027651232127,-0.4044027651232127,-0.4044027651232127,-0.2140955815358185,2.640512172275095,-0.4044027651232127,-0.4044027651232127,-0.4044027651232127]","[-0.1328125,-0.1328125,-0.1328125,-0.0703125,0.8671875,-0.1328125,-0.1328125,-0.1328125]","[-0.1328125,-0.1328125,-0.1328125,-0.0703125,0.8671875,-0.1328125,-0.1328125,-0.1328125]",5.2810243445501905,1.734375,1.734375
DSR_Simple_training,nothink,ad,2,ALL_ZERO,"[0.0,0.0,0.0,0.0,0.0,0.0,0.0,0.0]","[0.0,0.0,0.0,0.0,0.0,0.0,0.0,0.0]","[0.0,0.0,0.0,0.0,0.0,0.0,0.0,0.0]","[0.0,0.0,0.0,0.0,0.0,0.0,0.0,0.0]",0.0,0.0,0.0
DSR_Simple_training,nothink,video,20,A_ONLY,"[0.0,0.0,0.5,0.0,0.5,0.5,0.0,0.5]","[-0.9996001599360256,-0.9996001599360256,0.9996001599360256,-0.9996001599360256,0.9996001599360256,0.9996001599360256,-0.9996001599360256,0.9996001599360256]","[-0.03125,-0.03125,0.03125,-0.03125,0.03125,0.03125,-0.03125,0.03125]","[-0.03125,-0.03125,0.03125,-0.03125,0.03125,0.03125,-0.03125,0.03125]",7.996801279488204,0.25,0.25
DSR_Simple_training,nothink,video,13,A_ONLY,"[0.0,0.0,0.0,0.0,0.0,0.0,0.5,0.0]","[-0.3777360397241218,-0.3777360397241218,-0.3777360397241218,-0.3777360397241218,-0.3777360397241218,-0.3777360397241218,2.6441522780688524,-0.3777360397241218]","[-0.0078125,-0.0078125,-0.0078125,-0.0078125,-0.0078125,-0.0078125,0.0546875,-0.0078125]","[-0.0078125,-0.0078125,-0.0078125,-0.0078125,-0.0078125,-0.0078125,0.0546875,-0.0078125]",5.288304556137705,0.109375,0.109375
DSR_Simple_training,nothink,prod,2,ALL_ZERO,"[0.0,0.0,0.0,0.0,0.0,0.0,0.0,0.0]","[0.0,0.0,0.0,0.0,0.0,0.0,0.0,0.0]","[0.0,0.0,0.0,0.0,0.0,0.0,0.0,0.0]","[0.0,0.0,0.0,0.0,0.0,0.0,0.0,0.0]",0.0,0.0,0.0
DSR_Simple_training,nothink,video,12,A_ONLY,"[0.0,0.0,0.0,0.5,0.0,0.0,0.0,0.0]","[-0.3777360397241218,-0.3777360397241218,-0.3777360397241218,2.6441522780688524,-0.3777360397241218,-0.3777360397241218,-0.3777360397241218,-0.3777360397241218]","[-0.0078125,-0.0078125,-0.0078125,0.0546875,-0.0078125,-0.0078125,-0.0078125,-0.0078125]","[-0.0078125,-0.0078125,-0.0078125,0.0546875,-0.0078125,-0.0078125,-0.0078125,-0.0078125]",5.288304556137703,0.109375,0.109375
DSR_Simple_training,nothink,living,3,SINGLE_EXACT,"[0.5,0.0,0.0,0.5,0.0,-0.25,0.0,8.0]","[-0.22645481230772008,-0.41715360161948434,-0.41715360161948434,-0.22645481230772008,-0.41715360161948434,-0.5125029962753664,-0.41715360161948434,2.634027027368744]","[-0.07421875,-0.13671875,-0.13671875,-0.07421875,-0.13671875,-0.16796875,-0.13671875,0.86328125]","[-0.07421875,-0.13671875,-0.13671875,-0.07421875,-0.13671875,-0.16796875,-0.13671875,0.86328125]",5.268054054737488,1.7265625,1.7265625
DSR_Simple_training,nothink,prod,2,ALL_ZERO,"[0.0,0.0,0.0,0.0,0.0,0.0,0.0,0.0]","[0.0,0.0,0.0,0.0,0.0,0.0,0.0,0.0]","[0.0,0.0,0.0,0.0,0.0,0.0,0.0,0.0]","[0.0,0.0,0.0,0.0,0.0,0.0,0.0,0.0]",0.0,0.0,0.0
DSR_Simple_training,nothink,prod,2,A_ONLY,"[0.0,0.0,0.5,0.0,0.5,0.0,0.0,0.0]","[-0.577083725634154,-0.577083725634154,1.7312511769024619,-0.577083725634154,1.7312511769024619,-0.577083725634154,-0.577083725634154,-0.577083725634154]","[-0.015625,-0.015625,0.046875,-0.015625,0.046875,-0.015625,-0.015625,-0.015625]","[-0.015625,-0.015625,0.046875,-0.015625,0.046875,-0.015625,-0.015625,-0.015625]",6.9250047076098475,0.1875,0.1875
DSR_Simple_training,nothink,ad,2,ALL_ZERO,"[0.0,0.0,0.0,0.0,0.0,0.0,0.0,0.0]","[0.0,0.0,0.0,0.0,0.0,0.0,0.0,0.0]","[0.0,0.0,0.0,0.0,0.0,0.0,0.0,0.0]","[0.0,0.0,0.0,0.0,0.0,0.0,0.0,0.0]",0.0,0.0,0.0
DSR_Simple_training,nothink,video,13,A_ONLY,"[0.5,0.5,0.5,0.5,0.5,0.0,0.5,0.0]","[0.577083725634154,0.577083725634154,0.577083725634154,0.577083725634154,0.577083725634154,-1.7312511769024619,0.577083725634154,-1.7312511769024619]","[0.015625,0.015625,0.015625,0.015625,0.015625,-0.046875,0.015625,-0.046875]","[0.015625,0.015625,0.015625,0.015625,0.015625,-0.046875,0.015625,-0.046875]",6.9250047076098475,0.1875,0.1875
DSR_Simple_training,nothink,ad,2,A_ONLY,"[0.0,0.0,0.5,0.0,0.0,0.0,0.0,0.0]","[-0.3777360397241218,-0.3777360397241218,2.6441522780688524,-0.3777360397241218,-0.3777360397241218,-0.3777360397241218,-0.3777360397241218,-0.3777360397241218]","[-0.0078125,-0.0078125,0.0546875,-0.0078125,-0.0078125,-0.0078125,-0.0078125,-0.0078125]","[-0.0078125,-0.0078125,0.0546875,-0.0078125,-0.0078125,-0.0078125,-0.0078125,-0.0078125]",5.288304556137704,0.109375,0.109375
DSR_Simple_training,nothink,video,20,A_ONLY,"[0.0,0.0,0.0,0.0,0.5,0.0,0.0,0.5]","[-0.577083725634154,-0.577083725634154,-0.577083725634154,-0.577083725634154,1.7312511769024619,-0.577083725634154,-0.577083725634154,1.7312511769024619]","[-0.015625,-0.015625,-0.015625,-0.015625,0.046875,-0.015625,-0.015625,0.046875]","[-0.015625,-0.015625,-0.015625,-0.015625,0.046875,-0.015625,-0.015625,0.046875]",6.925004707609847,0.1875,0.1875
DSR_Simple_training,nothink,video,20,AB_SIGNAL,"[0.5,2.0,0.5,0.5,0.5,0.5,0.0,0.5]","[-0.22937363633367372,2.5231099996704107,-0.22937363633367372,-0.22937363633367372,-0.22937363633367372,-0.22937363633367372,-1.1468681816683686,-0.22937363633367372]","[-0.015625,0.171875,-0.015625,-0.015625,-0.015625,-0.015625,-0.078125,-0.015625]","[-0.015625,0.171875,-0.015625,-0.015625,-0.015625,-0.015625,-0.078125,-0.015625]",5.0462199993408206,0.34375,0.34375
DSR_Simple_training,nothink,prod,3,ALL_ZERO,"[0.0,0.0,0.0,0.0,0.0,0.0,0.0,0.0]","[0.0,0.0,0.0,0.0,0.0,0.0,0.0,0.0]","[0.0,0.0,0.0,0.0,0.0,0.0,0.0,0.0]","[0.0,0.0,0.0,0.0,0.0,0.0,0.0,0.0]",0.0,0.0,0.0
DSR_Simple_training,nothink,ad,2,ALL_ZERO,"[0.0,0.0,0.0,0.0,0.0,0.0,0.0,0.0]","[0.0,0.0,0.0,0.0,0.0,0.0,0.0,0.0]","[0.0,0.0,0.0,0.0,0.0,0.0,0.0,0.0]","[0.0,0.0,0.0,0.0,0.0,0.0,0.0,0.0]",0.0,0.0,0.0
DSR_Simple_training,nothink,prod,2,SINGLE_EXACT,"[0.0,0.0,0.0,0.0,0.0,0.0,8.0,0.0]","[-0.3779501878348703,-0.3779501878348703,-0.3779501878348703,-0.3779501878348703,-0.3779501878348703,-0.3779501878348703,2.645651314844092,-0.3779501878348703]","[-0.125,-0.125,-0.125,-0.125,-0.125,-0.125,0.875,-0.125]","[-0.125,-0.125,-0.125,-0.125,-0.125,-0.125,0.875,-0.125]",5.291302629688184,1.75,1.75
DSR_Simple_training,nothink,video,20,ALL_ZERO,"[0.0,0.0,0.0,0.0,0.0,0.0,0.0,0.0]","[0.0,0.0,0.0,0.0,0.0,0.0,0.0,0.0]","[0.0,0.0,0.0,0.0,0.0,0.0,0.0,0.0]","[0.0,0.0,0.0,0.0,0.0,0.0,0.0,0.0]",0.0,0.0,0.0
DSR_Simple_training,nothink,prod,2,ALL_ZERO,"[0.0,0.0,0.0,0.0,0.0,0.0,0.0,0.0]","[0.0,0.0,0.0,0.0,0.0,0.0,0.0,0.0]","[0.0,0.0,0.0,0.0,0.0,0.0,0.0,0.0]","[0.0,0.0,0.0,0.0,0.0,0.0,0.0,0.0]",0.0,0.0,0.0
DSR_Simple_training,nothink,prod,7,AB_SIGNAL,"[0.0,0.0,0.0,0.0,2.0,0.5,0.0,0.0]","[-0.47450693674776084,-0.47450693674776084,-0.47450693674776084,-0.47450693674776084,2.562337458437909,0.2847041620486565,-0.47450693674776084,-0.47450693674776084]","[-0.0390625,-0.0390625,-0.0390625,-0.0390625,0.2109375,0.0234375,-0.0390625,-0.0390625]","[-0.0390625,-0.0390625,-0.0390625,-0.0390625,0.2109375,0.0234375,-0.0390625,-0.0390625]",5.694083240973131,0.46875,0.46875
DSR_Simple_training,nothink,ad,4,A_ONLY,"[0.0,0.0,0.0,0.5,0.5,0.5,0.0,0.0]","[-0.7742768013847241,-0.7742768013847241,-0.7742768013847241,1.290461335641207,1.290461335641207,1.290461335641207,-0.7742768013847241,-0.7742768013847241]","[-0.0234375,-0.0234375,-0.0234375,0.0390625,0.0390625,0.0390625,-0.0234375,-0.0234375]","[-0.0234375,-0.0234375,-0.0234375,0.0390625,0.0390625,0.0390625,-0.0234375,-0.0234375]",7.7427680138472414,0.234375,0.234375
DSR_Simple_training,nothink,prod,2,A_ONLY,"[0.5,0.0,0.0,0.5,0.0,0.5,0.5,0.5]","[0.7742768013847241,-1.290461335641207,-1.290461335641207,0.7742768013847241,-1.290461335641207,0.7742768013847241,0.7742768013847241,0.7742768013847241]","[0.0234375,-0.0390625,-0.0390625,0.0234375,-0.0390625,0.0234375,0.0234375,0.0234375]","[0.0234375,-0.0390625,-0.0390625,0.0234375,-0.0390625,0.0234375,0.0234375,0.0234375]",7.742768013847242,0.234375,0.234375
DSR_Simple_training,nothink,video,12,A_ONLY,"[0.0,0.0,0.0,0.0,0.0,0.5,0.0,0.0]","[-0.3777360397241218,-0.3777360397241218,-0.3777360397241218,-0.3777360397241218,-0.3777360397241218,2.6441522780688524,-0.3777360397241218,-0.3777360397241218]","[-0.0078125,-0.0078125,-0.0078125,-0.0078125,-0.0078125,0.0546875,-0.0078125,-0.0078125]","[-0.0078125,-0.0078125,-0.0078125,-0.0078125,-0.0078125,0.0546875,-0.0078125,-0.0078125]",5.288304556137704,0.109375,0.109375
DSR_Simple_training,nothink,prod,2,ALL_ZERO,"[0.0,0.0,0.0,0.0,0.0,0.0,0.0,0.0]","[0.0,0.0,0.0,0.0,0.0,0.0,0.0,0.0]","[0.0,0.0,0.0,0.0,0.0,0.0,0.0,0.0]","[0.0,0.0,0.0,0.0,0.0,0.0,0.0,0.0]",0.0,0.0,0.0
DSR_Simple_training,nothink,ad,2,A_ONLY,"[0.0,0.5,0.0,0.0,0.0,0.0,0.0,0.0]","[-0.3777360397241218,2.6441522780688524,-0.3777360397241218,-0.3777360397241218,-0.3777360397241218,-0.3777360397241218,-0.3777360397241218,-0.3777360397241218]","[-0.0078125,0.0546875,-0.0078125,-0.0078125,-0.0078125,-0.0078125,-0.0078125,-0.0078125]","[-0.0078125,0.0546875,-0.0078125,-0.0078125,-0.0078125,-0.0078125,-0.0078125,-0.0078125]",5.288304556137704,0.109375,0.109375
DSR_Simple_training,nothink,ad,2,A_ONLY,"[0.0,0.0,0.0,0.0,0.0,0.5,0.0,0.0]","[-0.3777360397241218,-0.3777360397241218,-0.3777360397241218,-0.3777360397241218,-0.3777360397241218,2.6441522780688524,-0.3777360397241218,-0.3777360397241218]","[-0.0078125,-0.0078125,-0.0078125,-0.0078125,-0.0078125,0.0546875,-0.0078125,-0.0078125]","[-0.0078125,-0.0078125,-0.0078125,-0.0078125,-0.0078125,0.0546875,-0.0078125,-0.0078125]",5.288304556137704,0.109375,0.109375
DSR_Simple_training,nothink,video,11,A_ONLY,"[0.0,0.0,0.0,0.0,0.0,0.0,0.0,0.5]","[-0.3777360397241218,-0.3777360397241218,-0.3777360397241218,-0.3777360397241218,-0.3777360397241218,-0.3777360397241218,-0.3777360397241218,2.6441522780688524]","[-0.0078125,-0.0078125,-0.0078125,-0.0078125,-0.0078125,-0.0078125,-0.0078125,0.0546875]","[-0.0078125,-0.0078125,-0.0078125,-0.0078125,-0.0078125,-0.0078125,-0.0078125,0.0546875]",5.288304556137705,0.109375,0.109375
DSR_Simple_training,nothink,video,15,A_ONLY,"[0.0,0.0,0.0,0.5,0.0,0.0,0.0,0.0]","[-0.3777360397241218,-0.3777360397241218,-0.3777360397241218,2.6441522780688524,-0.3777360397241218,-0.3777360397241218,-0.3777360397241218,-0.3777360397241218]","[-0.0078125,-0.0078125,-0.0078125,0.0546875,-0.0078125,-0.0078125,-0.0078125,-0.0078125]","[-0.0078125,-0.0078125,-0.0078125,0.0546875,-0.0078125,-0.0078125,-0.0078125,-0.0078125]",5.288304556137703,0.109375,0.109375
DSR_Simple_training,nothink,video,12,AB_SIGNAL,"[0.0,2.0,0.0,0.5,0.0,0.5,0.5,0.0]","[-0.6896217739910415,2.4629349071108626,-0.6896217739910415,0.09851739628443451,-0.6896217739910415,0.09851739628443451,0.09851739628443451,-0.6896217739910415]","[-0.0546875,0.1953125,-0.0546875,0.0078125,-0.0546875,0.0078125,0.0078125,-0.0546875]","[-0.0546875,0.1953125,-0.0546875,0.0078125,-0.0546875,0.0078125,0.0078125,-0.0546875]",5.516974191928333,0.4375,0.4375
DSR_Simple_training,nothink,prod,2,ALL_ZERO,"[0.0,0.0,0.0,0.0,0.0,0.0,0.0,0.0]","[0.0,0.0,0.0,0.0,0.0,0.0,0.0,0.0]","[0.0,0.0,0.0,0.0,0.0,0.0,0.0,0.0]","[0.0,0.0,0.0,0.0,0.0,0.0,0.0,0.0]",0.0,0.0,0.0
DSR_Simple_training,nothink,ad,2,ALL_ZERO,"[0.0,0.0,0.0,0.0,0.0,0.0,0.0,0.0]","[0.0,0.0,0.0,0.0,0.0,0.0,0.0,0.0]","[0.0,0.0,0.0,0.0,0.0,0.0,0.0,0.0]","[0.0,0.0,0.0,0.0,0.0,0.0,0.0,0.0]",0.0,0.0,0.0
DSR_Simple_training,nothink,ad,2,A_ONLY,"[0.5,0.5,0.0,0.0,0.5,0.0,0.0,0.0]","[1.290461335641207,1.290461335641207,-0.7742768013847241,-0.7742768013847241,1.290461335641207,-0.7742768013847241,-0.7742768013847241,-0.7742768013847241]","[0.0390625,0.0390625,-0.0234375,-0.0234375,0.0390625,-0.0234375,-0.0234375,-0.0234375]","[0.0390625,0.0390625,-0.0234375,-0.0234375,0.0390625,-0.0234375,-0.0234375,-0.0234375]",7.742768013847242,0.234375,0.234375
DSR_Simple_training,nothink,prod,2,A_ONLY,"[0.0,0.0,0.0,0.0,0.0,0.0,0.5,0.0]","[-0.3777360397241218,-0.3777360397241218,-0.3777360397241218,-0.3777360397241218,-0.3777360397241218,-0.3777360397241218,2.6441522780688524,-0.3777360397241218]","[-0.0078125,-0.0078125,-0.0078125,-0.0078125,-0.0078125,-0.0078125,0.0546875,-0.0078125]","[-0.0078125,-0.0078125,-0.0078125,-0.0078125,-0.0078125,-0.0078125,0.0546875,-0.0078125]",5.288304556137705,0.109375,0.109375
DSR_Simple_training,nothink,prod,2,ALL_ZERO,"[0.0,0.0,0.0,0.0,0.0,0.0,0.0,0.0]","[0.0,0.0,0.0,0.0,0.0,0.0,0.0,0.0]","[0.0,0.0,0.0,0.0,0.0,0.0,0.0,0.0]","[0.0,0.0,0.0,0.0,0.0,0.0,0.0,0.0]",0.0,0.0,0.0
DSR_Simple_training,nothink,living,3,ALL_ZERO,"[0.0,0.0,0.0,0.0,0.0,0.0,0.0,0.0]","[0.0,0.0,0.0,0.0,0.0,0.0,0.0,0.0]","[0.0,0.0,0.0,0.0,0.0,0.0,0.0,0.0]","[0.0,0.0,0.0,0.0,0.0,0.0,0.0,0.0]",0.0,0.0,0.0
DSR_Simple_training,nothink,living,2,A_ONLY,"[0.0,0.0,0.0,0.5,0.0,0.0,0.0,0.0]","[-0.3777360397241218,-0.3777360397241218,-0.3777360397241218,2.6441522780688524,-0.3777360397241218,-0.3777360397241218,-0.3777360397241218,-0.3777360397241218]","[-0.0078125,-0.0078125,-0.0078125,0.0546875,-0.0078125,-0.0078125,-0.0078125,-0.0078125]","[-0.0078125,-0.0078125,-0.0078125,0.0546875,-0.0078125,-0.0078125,-0.0078125,-0.0078125]",5.288304556137703,0.109375,0.109375
DSR_Simple_training,nothink,ad,2,ALL_ZERO,"[0.0,0.0,0.0,0.0,0.0,0.0,0.0,0.0]","[0.0,0.0,0.0,0.0,0.0,0.0,0.0,0.0]","[0.0,0.0,0.0,0.0,0.0,0.0,0.0,0.0]","[0.0,0.0,0.0,0.0,0.0,0.0,0.0,0.0]",0.0,0.0,0.0
DSR_Simple_training,nothink,ad,2,ALL_ZERO,"[0.0,0.0,0.0,0.0,0.0,0.0,0.0,0.0]","[0.0,0.0,0.0,0.0,0.0,0.0,0.0,0.0]","[0.0,0.0,0.0,0.0,0.0,0.0,0.0,0.0]","[0.0,0.0,0.0,0.0,0.0,0.0,0.0,0.0]",0.0,0.0,0.0
DSR_Simple_training,nothink,video,12,A_ONLY,"[0.0,0.0,0.5,0.5,0.0,0.0,0.0,0.0]","[-0.577083725634154,-0.577083725634154,1.7312511769024619,1.7312511769024619,-0.577083725634154,-0.577083725634154,-0.577083725634154,-0.577083725634154]","[-0.015625,-0.015625,0.046875,0.046875,-0.015625,-0.015625,-0.015625,-0.015625]","[-0.015625,-0.015625,0.046875,0.046875,-0.015625,-0.015625,-0.015625,-0.015625]",6.925004707609847,0.1875,0.1875
DSR_Simple_training,nothink,prod,2,A_ONLY,"[0.0,0.0,0.0,0.5,0.0,0.5,0.5,0.0]","[-0.7742768013847241,-0.7742768013847241,-0.7742768013847241,1.290461335641207,-0.7742768013847241,1.290461335641207,1.290461335641207,-0.7742768013847241]","[-0.0234375,-0.0234375,-0.0234375,0.0390625,-0.0234375,0.0390625,0.0390625,-0.0234375]","[-0.0234375,-0.0234375,-0.0234375,0.0390625,-0.0234375,0.0390625,0.0390625,-0.0234375]",7.7427680138472414,0.234375,0.234375
DSR_Simple_training,nothink,living,2,A_ONLY,"[0.0,0.0,0.0,0.0,0.0,0.5,0.0,0.0]","[-0.3777360397241218,-0.3777360397241218,-0.3777360397241218,-0.3777360397241218,-0.3777360397241218,2.6441522780688524,-0.3777360397241218,-0.3777360397241218]","[-0.0078125,-0.0078125,-0.0078125,-0.0078125,-0.0078125,0.0546875,-0.0078125,-0.0078125]","[-0.0078125,-0.0078125,-0.0078125,-0.0078125,-0.0078125,0.0546875,-0.0078125,-0.0078125]",5.288304556137704,0.109375,0.109375
DSR_Simple_training,nothink,prod,5,ALL_ZERO,"[0.0,0.0,0.0,0.0,0.0,0.0,0.0,0.0]","[0.0,0.0,0.0,0.0,0.0,0.0,0.0,0.0]","[0.0,0.0,0.0,0.0,0.0,0.0,0.0,0.0]","[0.0,0.0,0.0,0.0,0.0,0.0,0.0,0.0]",0.0,0.0,0.0
DSR_Simple_training,nothink,ad,2,A_ONLY,"[0.0,0.0,0.0,0.0,0.5,0.0,0.5,0.0]","[-0.577083725634154,-0.577083725634154,-0.577083725634154,-0.577083725634154,1.7312511769024619,-0.577083725634154,1.7312511769024619,-0.577083725634154]","[-0.015625,-0.015625,-0.015625,-0.015625,0.046875,-0.015625,0.046875,-0.015625]","[-0.015625,-0.015625,-0.015625,-0.015625,0.046875,-0.015625,0.046875,-0.015625]",6.925004707609847,0.1875,0.1875
DSR_Simple_training,nothink,video,20,A_ONLY,"[0.5,0.0,0.0,0.0,0.5,0.0,0.0,0.0]","[1.7312511769024619,-0.577083725634154,-0.577083725634154,-0.577083725634154,1.7312511769024619,-0.577083725634154,-0.577083725634154,-0.577083725634154]","[0.046875,-0.015625,-0.015625,-0.015625,0.046875,-0.015625,-0.015625,-0.015625]","[0.046875,-0.015625,-0.015625,-0.015625,0.046875,-0.015625,-0.015625,-0.015625]",6.9250047076098475,0.1875,0.1875
DSR_Simple_training,nothink,living,2,ALL_ZERO,"[0.0,0.0,0.0,0.0,0.0,0.0,0.0,0.0]","[0.0,0.0,0.0,0.0,0.0,0.0,0.0,0.0]","[0.0,0.0,0.0,0.0,0.0,0.0,0.0,0.0]","[0.0,0.0,0.0,0.0,0.0,0.0,0.0,0.0]",0.0,0.0,0.0
DSR_Simple_training,nothink,ad,3,A_ONLY,"[0.0,0.0,0.0,0.5,0.0,0.0,0.0,0.0]","[-0.3777360397241218,-0.3777360397241218,-0.3777360397241218,2.6441522780688524,-0.3777360397241218,-0.3777360397241218,-0.3777360397241218,-0.3777360397241218]","[-0.0078125,-0.0078125,-0.0078125,0.0546875,-0.0078125,-0.0078125,-0.0078125,-0.0078125]","[-0.0078125,-0.0078125,-0.0078125,0.0546875,-0.0078125,-0.0078125,-0.0078125,-0.0078125]",5.288304556137703,0.109375,0.109375
DSR_Simple_training,nothink,video,20,ALL_ZERO,"[0.0,0.0,0.0,0.0,0.0,0.0,0.0,0.0]","[0.0,0.0,0.0,0.0,0.0,0.0,0.0,0.0]","[0.0,0.0,0.0,0.0,0.0,0.0,0.0,0.0]","[0.0,0.0,0.0,0.0,0.0,0.0,0.0,0.0]",0.0,0.0,0.0
DSR_Simple_training,nothink,prod,3,ALL_ZERO,"[0.0,0.0,0.0,0.0,0.0,0.0,0.0,0.0]","[0.0,0.0,0.0,0.0,0.0,0.0,0.0,0.0]","[0.0,0.0,0.0,0.0,0.0,0.0,0.0,0.0]","[0.0,0.0,0.0,0.0,0.0,0.0,0.0,0.0]",0.0,0.0,0.0
DSR_Simple_training,nothink,video,15,AB_SIGNAL,"[0.0,0.0,0.0,0.0,2.0,0.0,0.0,0.5]","[-0.47450693674776084,-0.47450693674776084,-0.47450693674776084,-0.47450693674776084,2.562337458437909,-0.47450693674776084,-0.47450693674776084,0.2847041620486565]","[-0.0390625,-0.0390625,-0.0390625,-0.0390625,0.2109375,-0.0390625,-0.0390625,0.0234375]","[-0.0390625,-0.0390625,-0.0390625,-0.0390625,0.2109375,-0.0390625,-0.0390625,0.0234375]",5.694083240973131,0.46875,0.46875
DSR_Simple_training,nothink,video,13,ALL_ZERO,"[0.0,0.0,0.0,0.0,0.0,0.0,0.0,0.0]","[0.0,0.0,0.0,0.0,0.0,0.0,0.0,0.0]","[0.0,0.0,0.0,0.0,0.0,0.0,0.0,0.0]","[0.0,0.0,0.0,0.0,0.0,0.0,0.0,0.0]",0.0,0.0,0.0
DSR_Simple_training,nothink,ad,4,SINGLE_EXACT,"[0.5,2.0,0.5,0.0,8.0,0.5,0.5,0.0]","[-0.39604333153740434,0.19802166576870217,-0.39604333153740434,-0.5940649973061065,2.574281654993128,-0.39604333153740434,-0.39604333153740434,-0.5940649973061065]","[-0.125,0.0625,-0.125,-0.1875,0.8125,-0.125,-0.125,-0.1875]","[-0.125,0.0625,-0.125,-0.1875,0.8125,-0.125,-0.125,-0.1875]",5.544606641523661,1.75,1.75
DSR_Simple_training,nothink,prod,2,ALL_ZERO,"[0.0,0.0,0.0,0.0,0.0,0.0,0.0,0.0]","[0.0,0.0,0.0,0.0,0.0,0.0,0.0,0.0]","[0.0,0.0,0.0,0.0,0.0,0.0,0.0,0.0]","[0.0,0.0,0.0,0.0,0.0,0.0,0.0,0.0]",0.0,0.0,0.0
DSR_Simple_training,nothink,living,2,SINGLE_EXACT,"[0.0,0.0,0.5,2.0,0.0,0.0,8.0,0.0]","[-0.5029837536338834,-0.5029837536338834,-0.3113708951066897,0.2634676804748913,-0.5029837536338834,-0.5029837536338834,2.5628219828012155,-0.5029837536338834]","[-0.1640625,-0.1640625,-0.1015625,0.0859375,-0.1640625,-0.1640625,0.8359375,-0.1640625]","[-0.1640625,-0.1640625,-0.1015625,0.0859375,-0.1640625,-0.1640625,0.8359375,-0.1640625]",5.652579326552213,1.84375,1.84375
DSR_Simple_training,nothink,prod,2,A_ONLY,"[0.0,0.0,0.0,0.0,0.0,0.5,0.0,0.5]","[-0.577083725634154,-0.577083725634154,-0.577083725634154,-0.577083725634154,-0.577083725634154,1.7312511769024619,-0.577083725634154,1.7312511769024619]","[-0.015625,-0.015625,-0.015625,-0.015625,-0.015625,0.046875,-0.015625,0.046875]","[-0.015625,-0.015625,-0.015625,-0.015625,-0.015625,0.046875,-0.015625,0.046875]",6.9250047076098475,0.1875,0.1875
DSR_Simple_training,nothink,ad,3,A_ONLY,"[0.5,0.5,0.5,0.5,0.5,0.5,0.5,0.0]","[0.3777360397241218,0.3777360397241218,0.3777360397241218,0.3777360397241218,0.3777360397241218,0.3777360397241218,0.3777360397241218,-2.6441522780688524]","[0.0078125,0.0078125,0.0078125,0.0078125,0.0078125,0.0078125,0.0078125,-0.0546875]","[0.0078125,0.0078125,0.0078125,0.0078125,0.0078125,0.0078125,0.0078125,-0.0546875]",5.288304556137705,0.109375,0.109375
DSR_Simple_training,nothink,video,20,AB_SIGNAL,"[0.0,0.0,0.0,0.0,0.0,0.0,2.0,0.0]","[-0.3779073387899664,-0.3779073387899664,-0.3779073387899664,-0.3779073387899664,-0.3779073387899664,-0.3779073387899664,2.6453513715297645,-0.3779073387899664]","[-0.03125,-0.03125,-0.03125,-0.03125,-0.03125,-0.03125,0.21875,-0.03125]","[-0.03125,-0.03125,-0.03125,-0.03125,-0.03125,-0.03125,0.21875,-0.03125]",5.290702743059529,0.4375,0.4375
DSR_Simple_training,nothink,prod,3,ALL_ZERO,"[0.0,0.0,0.0,0.0,0.0,0.0,0.0,0.0]","[0.0,0.0,0.0,0.0,0.0,0.0,0.0,0.0]","[0.0,0.0,0.0,0.0,0.0,0.0,0.0,0.0]","[0.0,0.0,0.0,0.0,0.0,0.0,0.0,0.0]",0.0,0.0,0.0
DSR_Simple_training,nothink,living,2,ALL_ZERO,"[0.0,0.0,0.0,0.0,0.0,0.0,0.0,0.0]","[0.0,0.0,0.0,0.0,0.0,0.0,0.0,0.0]","[0.0,0.0,0.0,0.0,0.0,0.0,0.0,0.0]","[0.0,0.0,0.0,0.0,0.0,0.0,0.0,0.0]",0.0,0.0,0.0
DSR_Simple_training,nothink,video,12,ALL_ZERO,"[0.0,0.0,0.0,0.0,0.0,0.0,0.0,0.0]","[0.0,0.0,0.0,0.0,0.0,0.0,0.0,0.0]","[0.0,0.0,0.0,0.0,0.0,0.0,0.0,0.0]","[0.0,0.0,0.0,0.0,0.0,0.0,0.0,0.0]",0.0,0.0,0.0
DSR_Simple_training,nothink,video,11,AB_SIGNAL,"[0.0,0.5,0.0,0.0,0.0,0.0,0.0,2.0]","[-0.47450693674776084,0.2847041620486565,-0.47450693674776084,-0.47450693674776084,-0.47450693674776084,-0.47450693674776084,-0.47450693674776084,2.562337458437909]","[-0.0390625,0.0234375,-0.0390625,-0.0390625,-0.0390625,-0.0390625,-0.0390625,0.2109375]","[-0.0390625,0.0234375,-0.0390625,-0.0390625,-0.0390625,-0.0390625,-0.0390625,0.2109375]",5.69408324097313,0.46875,0.46875
DSR_Simple_training,nothink,video,15,A_ONLY,"[0.5,0.5,0.0,0.0,0.0,0.0,0.0,0.0]","[1.7312511769024619,1.7312511769024619,-0.577083725634154,-0.577083725634154,-0.577083725634154,-0.577083725634154,-0.577083725634154,-0.577083725634154]","[0.046875,0.046875,-0.015625,-0.015625,-0.015625,-0.015625,-0.015625,-0.015625]","[0.046875,0.046875,-0.015625,-0.015625,-0.015625,-0.015625,-0.015625,-0.015625]",6.925004707609846,0.1875,0.1875
DSR_Simple_training,nothink,prod,3,ALL_ZERO,"[0.0,0.0,0.0,0.0,0.0,0.0,0.0,0.0]","[0.0,0.0,0.0,0.0,0.0,0.0,0.0,0.0]","[0.0,0.0,0.0,0.0,0.0,0.0,0.0,0.0]","[0.0,0.0,0.0,0.0,0.0,0.0,0.0,0.0]",0.0,0.0,0.0
DSR_Simple_training,nothink,video,20,A_ONLY,"[0.0,0.5,0.5,0.5,0.5,0.5,0.5,0.5]","[-2.6441522780688524,0.3777360397241218,0.3777360397241218,0.3777360397241218,0.3777360397241218,0.3777360397241218,0.3777360397241218,0.3777360397241218]","[-0.0546875,0.0078125,0.0078125,0.0078125,0.0078125,0.0078125,0.0078125,0.0078125]","[-0.0546875,0.0078125,0.0078125,0.0078125,0.0078125,0.0078125,0.0078125,0.0078125]",5.288304556137704,0.109375,0.109375
DSR_Simple_training,nothink,ad,2,ALL_ZERO,"[0.0,0.0,0.0,0.0,0.0,0.0,0.0,0.0]","[0.0,0.0,0.0,0.0,0.0,0.0,0.0,0.0]","[0.0,0.0,0.0,0.0,0.0,0.0,0.0,0.0]","[0.0,0.0,0.0,0.0,0.0,0.0,0.0,0.0]",0.0,0.0,0.0
DSR_Simple_training,nothink,living,2,ALL_ZERO,"[0.0,0.0,0.0,0.0,0.0,0.0,0.0,0.0]","[0.0,0.0,0.0,0.0,0.0,0.0,0.0,0.0]","[0.0,0.0,0.0,0.0,0.0,0.0,0.0,0.0]","[0.0,0.0,0.0,0.0,0.0,0.0,0.0,0.0]",0.0,0.0,0.0
DSR_Simple_training,nothink,ad,3,A_ONLY,"[0.5,0.5,0.5,0.5,0.0,0.0,0.5,0.5]","[0.577083725634154,0.577083725634154,0.577083725634154,0.577083725634154,-1.7312511769024619,-1.7312511769024619,0.577083725634154,0.577083725634154]","[0.015625,0.015625,0.015625,0.015625,-0.046875,-0.046875,0.015625,0.015625]","[0.015625,0.015625,0.015625,0.015625,-0.046875,-0.046875,0.015625,0.015625]",6.925004707609847,0.1875,0.1875
DSR_Simple_training,nothink,prod,2,ALL_ZERO,"[0.0,0.0,0.0,0.0,0.0,0.0,0.0,0.0]","[0.0,0.0,0.0,0.0,0.0,0.0,0.0,0.0]","[0.0,0.0,0.0,0.0,0.0,0.0,0.0,0.0]","[0.0,0.0,0.0,0.0,0.0,0.0,0.0,0.0]",0.0,0.0,0.0
DSR_Simple_training,nothink,video,20,A_ONLY,"[0.5,0.5,0.5,0.0,0.0,0.0,0.0,0.0]","[1.290461335641207,1.290461335641207,1.290461335641207,-0.7742768013847241,-0.7742768013847241,-0.7742768013847241,-0.7742768013847241,-0.7742768013847241]","[0.0390625,0.0390625,0.0390625,-0.0234375,-0.0234375,-0.0234375,-0.0234375,-0.0234375]","[0.0390625,0.0390625,0.0390625,-0.0234375,-0.0234375,-0.0234375,-0.0234375,-0.0234375]",7.742768013847242,0.234375,0.234375
DSR_Simple_training,nothink,ad,2,MULTI_EXACT,"[0.0,0.0,8.0,0.0,0.0,8.0,8.0,8.0]","[-0.9999750006249845,-0.9999750006249845,0.9999750006249845,-0.9999750006249845,-0.9999750006249845,0.9999750006249845,0.9999750006249845,0.9999750006249845]","[-0.5,-0.5,0.5,-0.5,-0.5,0.5,0.5,0.5]","[-0.5,-0.5,0.5,-0.5,-0.5,0.5,0.5,0.5]",7.999800004999876,4.0,4.0
DSR_Simple_training,nothink,ad,2,AB_SIGNAL,"[2.0,0.0,0.0,0.0,0.0,0.0,0.0,0.0]","[2.6453513715297645,-0.3779073387899664,-0.3779073387899664,-0.3779073387899664,-0.3779073387899664,-0.3779073387899664,-0.3779073387899664,-0.3779073387899664]","[0.21875,-0.03125,-0.03125,-0.03125,-0.03125,-0.03125,-0.03125,-0.03125]","[0.21875,-0.03125,-0.03125,-0.03125,-0.03125,-0.03125,-0.03125,-0.03125]",5.290702743059529,0.4375,0.4375
DSR_Simple_training,nothink,video,12,A_ONLY,"[0.0,0.0,0.5,0.5,0.5,0.0,0.0,0.0]","[-0.7742768013847241,-0.7742768013847241,1.290461335641207,1.290461335641207,1.290461335641207,-0.7742768013847241,-0.7742768013847241,-0.7742768013847241]","[-0.0234375,-0.0234375,0.0390625,0.0390625,0.0390625,-0.0234375,-0.0234375,-0.0234375]","[-0.0234375,-0.0234375,0.0390625,0.0390625,0.0390625,-0.0234375,-0.0234375,-0.0234375]",7.742768013847242,0.234375,0.234375
DSR_Simple_training,nothink,video,11,A_ONLY,"[0.0,0.0,0.0,0.0,0.0,0.0,0.5,0.0]","[-0.3777360397241218,-0.3777360397241218,-0.3777360397241218,-0.3777360397241218,-0.3777360397241218,-0.3777360397241218,2.6441522780688524,-0.3777360397241218]","[-0.0078125,-0.0078125,-0.0078125,-0.0078125,-0.0078125,-0.0078125,0.0546875,-0.0078125]","[-0.0078125,-0.0078125,-0.0078125,-0.0078125,-0.0078125,-0.0078125,0.0546875,-0.0078125]",5.288304556137705,0.109375,0.109375
DSR_Simple_training,nothink,ad,3,A_ONLY,"[0.0,0.0,0.5,0.0,0.0,0.0,0.0,0.0]","[-0.3777360397241218,-0.3777360397241218,2.6441522780688524,-0.3777360397241218,-0.3777360397241218,-0.3777360397241218,-0.3777360397241218,-0.3777360397241218]","[-0.0078125,-0.0078125,0.0546875,-0.0078125,-0.0078125,-0.0078125,-0.0078125,-0.0078125]","[-0.0078125,-0.0078125,0.0546875,-0.0078125,-0.0078125,-0.0078125,-0.0078125,-0.0078125]",5.288304556137704,0.109375,0.109375
DSR_Simple_training,nothink,video,13,AB_SIGNAL,"[2.0,0.0,0.5,0.5,0.0,0.5,0.0,0.0]","[2.4629349071108626,-0.6896217739910415,0.09851739628443451,0.09851739628443451,-0.6896217739910415,0.09851739628443451,-0.6896217739910415,-0.6896217739910415]","[0.1953125,-0.0546875,0.0078125,0.0078125,-0.0546875,0.0078125,-0.0546875,-0.0546875]","[0.1953125,-0.0546875,0.0078125,0.0078125,-0.0546875,0.0078125,-0.0546875,-0.0546875]",5.516974191928333,0.4375,0.4375
DSR_Simple_training,nothink,prod,2,ALL_ZERO,"[0.0,0.0,0.0,0.0,0.0,0.0,0.0,0.0]","[0.0,0.0,0.0,0.0,0.0,0.0,0.0,0.0]","[0.0,0.0,0.0,0.0,0.0,0.0,0.0,0.0]","[0.0,0.0,0.0,0.0,0.0,0.0,0.0,0.0]",0.0,0.0,0.0
DSR_Simple_training,nothink,video,12,MULTI_EXACT,"[0.0,0.5,0.5,0.5,8.0,0.5,8.0,8.0]","[-0.882473540809801,-0.7467083806852163,-0.7467083806852163,-0.7467083806852163,1.2897690211835553,-0.7467083806852163,1.2897690211835553,1.2897690211835553]","[-0.40625,-0.34375,-0.34375,-0.34375,0.59375,-0.34375,0.59375,0.59375]","[-0.40625,-0.34375,-0.34375,-0.34375,0.59375,-0.34375,0.59375,0.59375]",7.738614127101331,3.5625,3.5625
DSR_Simple_training,nothink,living,2,SINGLE_EXACT,"[0.5,0.0,0.0,0.5,0.5,0.5,2.0,8.0]","[-0.39604333153740434,-0.5940649973061065,-0.5940649973061065,-0.39604333153740434,-0.39604333153740434,-0.39604333153740434,0.19802166576870217,2.574281654993128]","[-0.125,-0.1875,-0.1875,-0.125,-0.125,-0.125,0.0625,0.8125]","[-0.125,-0.1875,-0.1875,-0.125,-0.125,-0.125,0.0625,0.8125]",5.544606641523661,1.75,1.75
DSR_Simple_training,nothink,ad,5,MULTI_EXACT,"[0.5,0.5,0.5,0.0,0.5,8.0,0.0,8.0]","[-0.5261364008685442,-0.5261364008685442,-0.5261364008685442,-0.6764610868309854,-0.5261364008685442,1.7287338885680736,-0.6764610868309854,1.7287338885680736]","[-0.21875,-0.21875,-0.21875,-0.28125,-0.21875,0.71875,-0.28125,0.71875]","[-0.21875,-0.21875,-0.21875,-0.28125,-0.21875,0.71875,-0.28125,0.71875]",6.914935554272295,2.875,2.875
DSR_Simple_training,nothink,prod,3,AB_SIGNAL,"[0.0,0.0,0.0,0.0,0.0,0.0,0.0,2.0]","[-0.3779073387899664,-0.3779073387899664,-0.3779073387899664,-0.3779073387899664,-0.3779073387899664,-0.3779073387899664,-0.3779073387899664,2.6453513715297645]","[-0.03125,-0.03125,-0.03125,-0.03125,-0.03125,-0.03125,-0.03125,0.21875]","[-0.03125,-0.03125,-0.03125,-0.03125,-0.03125,-0.03125,-0.03125,0.21875]",5.290702743059529,0.4375,0.4375
DSR_Simple_training,nothink,prod,3,ALL_ZERO,"[0.0,0.0,0.0,0.0,0.0,0.0,0.0,0.0]","[0.0,0.0,0.0,0.0,0.0,0.0,0.0,0.0]","[0.0,0.0,0.0,0.0,0.0,0.0,0.0,0.0]","[0.0,0.0,0.0,0.0,0.0,0.0,0.0,0.0]",0.0,0.0,0.0
DSR_Simple_training,nothink,video,20,ALL_ZERO,"[0.0,0.0,0.0,0.0,0.0,0.0,0.0,0.0]","[0.0,0.0,0.0,0.0,0.0,0.0,0.0,0.0]","[0.0,0.0,0.0,0.0,0.0,0.0,0.0,0.0]","[0.0,0.0,0.0,0.0,0.0,0.0,0.0,0.0]",0.0,0.0,0.0
DSR_Simple_training,nothink,ad,9,A_ONLY,"[0.5,0.0,0.0,0.0,0.0,0.0,0.0,0.5]","[1.7312511769024619,-0.577083725634154,-0.577083725634154,-0.577083725634154,-0.577083725634154,-0.577083725634154,-0.577083725634154,1.7312511769024619]","[0.046875,-0.015625,-0.015625,-0.015625,-0.015625,-0.015625,-0.015625,0.046875]","[0.046875,-0.015625,-0.015625,-0.015625,-0.015625,-0.015625,-0.015625,0.046875]",6.9250047076098475,0.1875,0.1875
DSR_Simple_training,nothink,living,3,A_ONLY,"[0.5,0.5,0.5,0.0,0.0,0.0,0.5,0.5]","[0.7742768013847241,0.7742768013847241,0.7742768013847241,-1.290461335641207,-1.290461335641207,-1.290461335641207,0.7742768013847241,0.7742768013847241]","[0.0234375,0.0234375,0.0234375,-0.0390625,-0.0390625,-0.0390625,0.0234375,0.0234375]","[0.0234375,0.0234375,0.0234375,-0.0390625,-0.0390625,-0.0390625,0.0234375,0.0234375]",7.7427680138472414,0.234375,0.234375
DSR_Simple_training,nothink,ad,3,SINGLE_EXACT,"[0.5,0.0,0.5,0.5,8.0,0.0,0.0,0.5]","[-0.2927585937592397,-0.4879309895987328,-0.2927585937592397,-0.2927585937592397,2.6348273438331575,-0.4879309895987328,-0.4879309895987328,-0.2927585937592397]","[-0.09375,-0.15625,-0.09375,-0.09375,0.84375,-0.15625,-0.15625,-0.09375]","[-0.09375,-0.15625,-0.09375,-0.09375,0.84375,-0.15625,-0.15625,-0.09375]",5.269654687666316,1.6875,1.6875
DSR_Simple_training,nothink,video,14,AB_SIGNAL,"[0.0,0.0,0.0,2.0,0.5,0.0,0.0,2.0]","[-0.6652204646403417,-0.6652204646403417,-0.6652204646403417,1.7000078540808734,-0.07391338496003796,-0.6652204646403417,-0.6652204646403417,1.7000078540808734]","[-0.0703125,-0.0703125,-0.0703125,0.1796875,-0.0078125,-0.0703125,-0.0703125,0.1796875]","[-0.0703125,-0.0703125,-0.0703125,0.1796875,-0.0078125,-0.0703125,-0.0703125,0.1796875]",6.800031416323494,0.71875,0.71875
DSR_Simple_training,nothink,ad,2,A_ONLY,"[0.0,0.0,0.5,0.0,0.0,0.5,0.5,0.5]","[-0.9996001599360256,-0.9996001599360256,0.9996001599360256,-0.9996001599360256,-0.9996001599360256,0.9996001599360256,0.9996001599360256,0.9996001599360256]","[-0.03125,-0.03125,0.03125,-0.03125,-0.03125,0.03125,0.03125,0.03125]","[-0.03125,-0.03125,0.03125,-0.03125,-0.03125,0.03125,0.03125,0.03125]",7.996801279488204,0.25,0.25
DSR_Simple_training,nothink,ad,2,A_ONLY,"[0.0,0.0,0.0,0.0,0.0,0.5,0.0,0.5]","[-0.577083725634154,-0.577083725634154,-0.577083725634154,-0.577083725634154,-0.577083725634154,1.7312511769024619,-0.577083725634154,1.7312511769024619]","[-0.015625,-0.015625,-0.015625,-0.015625,-0.015625,0.046875,-0.015625,0.046875]","[-0.015625,-0.015625,-0.015625,-0.015625,-0.015625,0.046875,-0.015625,0.046875]",6.9250047076098475,0.1875,0.1875
DSR_Simple_training,nothink,video,19,AB_SIGNAL,"[0.0,2.0,2.0,0.0,0.5,2.0,2.0,0.5]","[-1.2601109149677772,0.98008626719716,0.98008626719716,-1.2601109149677772,-0.7000616194265429,0.98008626719716,0.98008626719716,-0.7000616194265429]","[-0.140625,0.109375,0.109375,-0.140625,-0.078125,0.109375,0.109375,-0.078125]","[-0.140625,0.109375,0.109375,-0.140625,-0.078125,0.109375,0.109375,-0.078125]",7.840690137577281,0.875,0.875
DSR_Simple_training,nothink,video,13,AB_SIGNAL,"[0.5,0.5,2.0,0.5,2.0,0.5,0.0,2.0]","[-0.6323755421516846,-0.6323755421516846,1.2647510843033691,-0.6323755421516846,1.2647510843033691,-0.6323755421516846,-1.2647510843033691,1.2647510843033691]","[-0.0625,-0.0625,0.125,-0.0625,0.125,-0.0625,-0.125,0.125]","[-0.0625,-0.0625,0.125,-0.0625,0.125,-0.0625,-0.125,0.125]",7.588506505820215,0.75,0.75
DSR_Simple_training,nothink,prod,2,ALL_ZERO,"[0.0,0.0,0.0,0.0,0.0,0.0,0.0,0.0]","[0.0,0.0,0.0,0.0,0.0,0.0,0.0,0.0]","[0.0,0.0,0.0,0.0,0.0,0.0,0.0,0.0]","[0.0,0.0,0.0,0.0,0.0,0.0,0.0,0.0]",0.0,0.0,0.0
DSR_Simple_training,nothink,living,2,AB_SIGNAL,"[0.0,0.0,0.0,2.0,0.0,0.0,0.0,2.0]","[-0.5772836102200739,-0.5772836102200739,-0.5772836102200739,1.7318508306602218,-0.5772836102200739,-0.5772836102200739,-0.5772836102200739,1.7318508306602218]","[-0.0625,-0.0625,-0.0625,0.1875,-0.0625,-0.0625,-0.0625,0.1875]","[-0.0625,-0.0625,-0.0625,0.1875,-0.0625,-0.0625,-0.0625,0.1875]",6.927403322640887,0.75,0.75
DSR_Simple_training,nothink,ad,2,ALL_ZERO,"[0.0,0.0,0.0,0.0,0.0,0.0,0.0,0.0]","[0.0,0.0,0.0,0.0,0.0,0.0,0.0,0.0]","[0.0,0.0,0.0,0.0,0.0,0.0,0.0,0.0]","[0.0,0.0,0.0,0.0,0.0,0.0,0.0,0.0]",0.0,0.0,0.0
DSR_Simple_training,nothink,living,3,A_ONLY,"[0.0,0.5,0.0,0.5,0.0,0.5,0.0,0.0]","[-0.7742768013847241,1.290461335641207,-0.7742768013847241,1.290461335641207,-0.7742768013847241,1.290461335641207,-0.7742768013847241,-0.7742768013847241]","[-0.0234375,0.0390625,-0.0234375,0.0390625,-0.0234375,0.0390625,-0.0234375,-0.0234375]","[-0.0234375,0.0390625,-0.0234375,0.0390625,-0.0234375,0.0390625,-0.0234375,-0.0234375]",7.742768013847242,0.234375,0.234375
DSR_Simple_training,nothink,video,20,AB_SIGNAL,"[0.5,2.0,0.5,0.5,2.0,0.0,0.0,0.0]","[-0.23788529086630075,1.6651970360641053,-0.23788529086630075,-0.23788529086630075,1.6651970360641053,-0.8722460665097694,-0.8722460665097694,-0.8722460665097694]","[-0.0234375,0.1640625,-0.0234375,-0.0234375,0.1640625,-0.0859375,-0.0859375,-0.0859375]","[-0.0234375,0.1640625,-0.0234375,-0.0234375,0.1640625,-0.0859375,-0.0859375,-0.0859375]",6.660788144256422,0.65625,0.65625
DSR_Simple_training,nothink,video,20,AB_SIGNAL,"[0.0,0.5,0.0,0.0,0.0,0.5,2.0,0.5]","[-0.6896217739910415,0.09851739628443451,-0.6896217739910415,-0.6896217739910415,-0.6896217739910415,0.09851739628443451,2.4629349071108626,0.09851739628443451]","[-0.0546875,0.0078125,-0.0546875,-0.0546875,-0.0546875,0.0078125,0.1953125,0.0078125]","[-0.0546875,0.0078125,-0.0546875,-0.0546875,-0.0546875,0.0078125,0.1953125,0.0078125]",5.516974191928333,0.4375,0.4375
DSR_Simple_training,nothink,living,2,A_ONLY,"[0.0,0.0,0.0,0.0,0.0,0.5,0.0,0.0]","[-0.3777360397241218,-0.3777360397241218,-0.3777360397241218,-0.3777360397241218,-0.3777360397241218,2.6441522780688524,-0.3777360397241218,-0.3777360397241218]","[-0.0078125,-0.0078125,-0.0078125,-0.0078125,-0.0078125,0.0546875,-0.0078125,-0.0078125]","[-0.0078125,-0.0078125,-0.0078125,-0.0078125,-0.0078125,0.0546875,-0.0078125,-0.0078125]",5.288304556137704,0.109375,0.109375
DSR_Simple_training,nothink,living,2,AB_SIGNAL,"[0.5,0.5,0.0,0.0,0.5,0.5,0.5,2.0]","[-0.10719286583336265,-0.10719286583336265,-0.9647357925002639,-0.9647357925002639,-0.10719286583336265,-0.10719286583336265,-0.10719286583336265,2.465435914167341]","[-0.0078125,-0.0078125,-0.0703125,-0.0703125,-0.0078125,-0.0078125,-0.0078125,0.1796875]","[-0.0078125,-0.0078125,-0.0703125,-0.0703125,-0.0078125,-0.0078125,-0.0078125,0.1796875]",4.930871828334682,0.359375,0.359375
DSR_Simple_training,nothink,ad,3,A_ONLY,"[0.0,-0.25,0.0,0.0,0.0,0.0,0.5,0.0]","[-0.16004614454540816,-1.4404153009086735,-0.16004614454540816,-0.16004614454540816,-0.16004614454540816,-0.16004614454540816,2.4006921681811226,-0.16004614454540816]","[-0.00390625,-0.03515625,-0.00390625,-0.00390625,-0.00390625,-0.00390625,0.05859375,-0.00390625]","[-0.00390625,-0.03515625,-0.00390625,-0.00390625,-0.00390625,-0.00390625,0.05859375,-0.00390625]",4.801384336362245,0.1171875,0.1171875
DSR_Simple_training,nothink,ad,3,SINGLE_EXACT,"[0.0,0.0,0.5,8.0,0.0,0.0,0.0,0.0]","[-0.4044027651232127,-0.4044027651232127,-0.2140955815358185,2.640512172275095,-0.4044027651232127,-0.4044027651232127,-0.4044027651232127,-0.4044027651232127]","[-0.1328125,-0.1328125,-0.0703125,0.8671875,-0.1328125,-0.1328125,-0.1328125,-0.1328125]","[-0.1328125,-0.1328125,-0.0703125,0.8671875,-0.1328125,-0.1328125,-0.1328125,-0.1328125]",5.2810243445501905,1.734375,1.734375
DSR_Simple_training,nothink,prod,2,ALL_ZERO,"[0.0,0.0,0.0,0.0,0.0,0.0,0.0,0.0]","[0.0,0.0,0.0,0.0,0.0,0.0,0.0,0.0]","[0.0,0.0,0.0,0.0,0.0,0.0,0.0,0.0]","[0.0,0.0,0.0,0.0,0.0,0.0,0.0,0.0]",0.0,0.0,0.0
DSR_Simple_training,nothink,prod,2,A_ONLY,"[0.0,0.0,0.0,0.0,0.5,0.0,0.5,0.0]","[-0.577083725634154,-0.577083725634154,-0.577083725634154,-0.577083725634154,1.7312511769024619,-0.577083725634154,1.7312511769024619,-0.577083725634154]","[-0.015625,-0.015625,-0.015625,-0.015625,0.046875,-0.015625,0.046875,-0.015625]","[-0.015625,-0.015625,-0.015625,-0.015625,0.046875,-0.015625,0.046875,-0.015625]",6.925004707609847,0.1875,0.1875
DSR_Simple_training,nothink,ad,2,ALL_ZERO,"[0.0,0.0,0.0,0.0,0.0,0.0,0.0,0.0]","[0.0,0.0,0.0,0.0,0.0,0.0,0.0,0.0]","[0.0,0.0,0.0,0.0,0.0,0.0,0.0,0.0]","[0.0,0.0,0.0,0.0,0.0,0.0,0.0,0.0]",0.0,0.0,0.0
DSR_Simple_training,nothink,ad,3,ALL_ZERO,"[0.0,0.0,0.0,0.0,0.0,0.0,0.0,0.0]","[0.0,0.0,0.0,0.0,0.0,0.0,0.0,0.0]","[0.0,0.0,0.0,0.0,0.0,0.0,0.0,0.0]","[0.0,0.0,0.0,0.0,0.0,0.0,0.0,0.0]",0.0,0.0,0.0
DSR_Simple_training,nothink,ad,2,AB_SIGNAL,"[0.0,0.0,0.0,0.5,0.5,0.0,2.0,0.0]","[-0.5772613939839699,-0.5772613939839699,-0.5772613939839699,0.19242046466132331,0.19242046466132331,-0.5772613939839699,2.501466040597203,-0.5772613939839699]","[-0.046875,-0.046875,-0.046875,0.015625,0.015625,-0.046875,0.203125,-0.046875]","[-0.046875,-0.046875,-0.046875,0.015625,0.015625,-0.046875,0.203125,-0.046875]",5.772613939839699,0.46875,0.46875
DSR_Simple_training,nothink,ad,2,AB_SIGNAL,"[0.0,0.0,0.5,0.0,2.0,0.0,0.0,0.0]","[-0.47450693674776084,-0.47450693674776084,0.2847041620486565,-0.47450693674776084,2.562337458437909,-0.47450693674776084,-0.47450693674776084,-0.47450693674776084]","[-0.0390625,-0.0390625,0.0234375,-0.0390625,0.2109375,-0.0390625,-0.0390625,-0.0390625]","[-0.0390625,-0.0390625,0.0234375,-0.0390625,0.2109375,-0.0390625,-0.0390625,-0.0390625]",5.694083240973131,0.46875,0.46875
DSR_Simple_training,nothink,video,13,AB_SIGNAL,"[0.0,0.0,0.5,2.0,0.0,0.5,2.0,0.5]","[-0.8722460665097694,-0.8722460665097694,-0.23788529086630075,1.6651970360641053,-0.8722460665097694,-0.23788529086630075,1.6651970360641053,-0.23788529086630075]","[-0.0859375,-0.0859375,-0.0234375,0.1640625,-0.0859375,-0.0234375,0.1640625,-0.0234375]","[-0.0859375,-0.0859375,-0.0234375,0.1640625,-0.0859375,-0.0234375,0.1640625,-0.0234375]",6.660788144256422,0.65625,0.65625
DSR_Simple_training,nothink,living,2,A_ONLY,"[0.0,0.5,0.5,0.0,0.5,0.0,0.0,0.0]","[-0.7742768013847241,1.290461335641207,1.290461335641207,-0.7742768013847241,1.290461335641207,-0.7742768013847241,-0.7742768013847241,-0.7742768013847241]","[-0.0234375,0.0390625,0.0390625,-0.0234375,0.0390625,-0.0234375,-0.0234375,-0.0234375]","[-0.0234375,0.0390625,0.0390625,-0.0234375,0.0390625,-0.0234375,-0.0234375,-0.0234375]",7.742768013847242,0.234375,0.234375
DSR_Simple_training,nothink,living,2,A_ONLY,"[0.0,0.0,0.5,0.0,0.0,0.0,0.0,0.0]","[-0.3777360397241218,-0.3777360397241218,2.6441522780688524,-0.3777360397241218,-0.3777360397241218,-0.3777360397241218,-0.3777360397241218,-0.3777360397241218]","[-0.0078125,-0.0078125,0.0546875,-0.0078125,-0.0078125,-0.0078125,-0.0078125,-0.0078125]","[-0.0078125,-0.0078125,0.0546875,-0.0078125,-0.0078125,-0.0078125,-0.0078125,-0.0078125]",5.288304556137704,0.109375,0.109375
DSR_Simple_training,nothink,prod,3,A_ONLY,"[0.0,0.0,0.0,0.5,0.0,0.0,0.0,0.0]","[-0.3777360397241218,-0.3777360397241218,-0.3777360397241218,2.6441522780688524,-0.3777360397241218,-0.3777360397241218,-0.3777360397241218,-0.3777360397241218]","[-0.0078125,-0.0078125,-0.0078125,0.0546875,-0.0078125,-0.0078125,-0.0078125,-0.0078125]","[-0.0078125,-0.0078125,-0.0078125,0.0546875,-0.0078125,-0.0078125,-0.0078125,-0.0078125]",5.288304556137703,0.109375,0.109375
DSR_Simple_training,nothink,ad,2,ALL_ZERO,"[0.0,0.0,0.0,0.0,0.0,0.0,0.0,0.0]","[0.0,0.0,0.0,0.0,0.0,0.0,0.0,0.0]","[0.0,0.0,0.0,0.0,0.0,0.0,0.0,0.0]","[0.0,0.0,0.0,0.0,0.0,0.0,0.0,0.0]",0.0,0.0,0.0
DSR_Simple_training,nothink,ad,2,A_ONLY,"[0.5,0.0,0.0,0.0,0.0,0.0,0.0,0.0]","[2.6441522780688524,-0.3777360397241218,-0.3777360397241218,-0.3777360397241218,-0.3777360397241218,-0.3777360397241218,-0.3777360397241218,-0.3777360397241218]","[0.0546875,-0.0078125,-0.0078125,-0.0078125,-0.0078125,-0.0078125,-0.0078125,-0.0078125]","[0.0546875,-0.0078125,-0.0078125,-0.0078125,-0.0078125,-0.0078125,-0.0078125,-0.0078125]",5.288304556137704,0.109375,0.109375
DSR_Simple_training,nothink,ad,2,ALL_ZERO,"[0.0,0.0,0.0,0.0,0.0,0.0,0.0,0.0]","[0.0,0.0,0.0,0.0,0.0,0.0,0.0,0.0]","[0.0,0.0,0.0,0.0,0.0,0.0,0.0,0.0]","[0.0,0.0,0.0,0.0,0.0,0.0,0.0,0.0]",0.0,0.0,0.0
DSR_Simple_training,nothink,video,20,A_ONLY,"[0.0,0.5,0.5,0.5,0.5,0.0,0.5,0.0]","[-1.290461335641207,0.7742768013847241,0.7742768013847241,0.7742768013847241,0.7742768013847241,-1.290461335641207,0.7742768013847241,-1.290461335641207]","[-0.0390625,0.0234375,0.0234375,0.0234375,0.0234375,-0.0390625,0.0234375,-0.0390625]","[-0.0390625,0.0234375,0.0234375,0.0234375,0.0234375,-0.0390625,0.0234375,-0.0390625]",7.742768013847242,0.234375,0.234375
DSR_Simple_training,nothink,video,12,A_ONLY,"[0.5,0.0,0.0,0.5,0.5,0.5,0.5,0.5]","[0.577083725634154,-1.7312511769024619,-1.7312511769024619,0.577083725634154,0.577083725634154,0.577083725634154,0.577083725634154,0.577083725634154]","[0.015625,-0.046875,-0.046875,0.015625,0.015625,0.015625,0.015625,0.015625]","[0.015625,-0.046875,-0.046875,0.015625,0.015625,0.015625,0.015625,0.015625]",6.925004707609846,0.1875,0.1875
DSR_Simple_training,nothink,prod,2,ALL_ZERO,"[0.0,0.0,0.0,0.0,0.0,0.0,0.0,0.0]","[0.0,0.0,0.0,0.0,0.0,0.0,0.0,0.0]","[0.0,0.0,0.0,0.0,0.0,0.0,0.0,0.0]","[0.0,0.0,0.0,0.0,0.0,0.0,0.0,0.0]",0.0,0.0,0.0
DSR_Simple_training,nothink,prod,5,MULTI_EXACT,"[2.0,0.5,8.0,8.0,8.0,2.0,8.0,0.5]","[-0.7683273306262655,-1.2073715195555599,0.9878494250909127,0.9878494250909127,0.9878494250909127,-0.7683273306262655,0.9878494250909127,-1.2073715195555599]","[-0.328125,-0.515625,0.421875,0.421875,0.421875,-0.328125,0.421875,-0.515625]","[-0.328125,-0.515625,0.421875,0.421875,0.421875,-0.328125,0.421875,-0.515625]",7.9027954007273005,3.375,3.375
DSR_Simple_training,nothink,prod,3,ALL_ZERO,"[0.0,0.0,0.0,0.0,0.0,0.0,0.0,0.0]","[0.0,0.0,0.0,0.0,0.0,0.0,0.0,0.0]","[0.0,0.0,0.0,0.0,0.0,0.0,0.0,0.0]","[0.0,0.0,0.0,0.0,0.0,0.0,0.0,0.0]",0.0,0.0,0.0
DSR_Simple_training,nothink,video,13,ALL_ZERO,"[0.0,0.0,0.0,0.0,0.0,0.0,0.0,0.0]","[0.0,0.0,0.0,0.0,0.0,0.0,0.0,0.0]","[0.0,0.0,0.0,0.0,0.0,0.0,0.0,0.0]","[0.0,0.0,0.0,0.0,0.0,0.0,0.0,0.0]",0.0,0.0,0.0
DSR_Simple_training,nothink,living,2,A_ONLY,"[0.0,0.0,0.0,0.0,0.0,0.5,0.0,0.0]","[-0.3777360397241218,-0.3777360397241218,-0.3777360397241218,-0.3777360397241218,-0.3777360397241218,2.6441522780688524,-0.3777360397241218,-0.3777360397241218]","[-0.0078125,-0.0078125,-0.0078125,-0.0078125,-0.0078125,0.0546875,-0.0078125,-0.0078125]","[-0.0078125,-0.0078125,-0.0078125,-0.0078125,-0.0078125,0.0546875,-0.0078125,-0.0078125]",5.288304556137704,0.109375,0.109375
DSR_Simple_training,nothink,video,14,A_ONLY,"[0.5,0.0,0.5,0.0,0.5,0.0,0.0,0.5]","[0.9996001599360256,-0.9996001599360256,0.9996001599360256,-0.9996001599360256,0.9996001599360256,-0.9996001599360256,-0.9996001599360256,0.9996001599360256]","[0.03125,-0.03125,0.03125,-0.03125,0.03125,-0.03125,-0.03125,0.03125]","[0.03125,-0.03125,0.03125,-0.03125,0.03125,-0.03125,-0.03125,0.03125]",7.996801279488204,0.25,0.25
DSR_Simple_training,nothink,video,18,SINGLE_EXACT,"[0.0,8.0,0.0,0.0,0.0,0.5,0.5,2.0]","[-0.5323067022439493,2.564750474448119,-0.5323067022439493,-0.5323067022439493,-0.5323067022439493,-0.338740628700695,-0.338740628700695,0.24195759192906785]","[-0.171875,0.828125,-0.171875,-0.171875,-0.171875,-0.109375,-0.109375,0.078125]","[-0.171875,0.828125,-0.171875,-0.171875,-0.171875,-0.109375,-0.109375,0.078125]",5.613416132754374,1.8125,1.8125
DSR_Simple_training,nothink,prod,3,A_ONLY,"[0.0,0.5,0.0,0.0,0.5,0.0,0.0,0.5]","[-0.7742768013847241,1.290461335641207,-0.7742768013847241,-0.7742768013847241,1.290461335641207,-0.7742768013847241,-0.7742768013847241,1.290461335641207]","[-0.0234375,0.0390625,-0.0234375,-0.0234375,0.0390625,-0.0234375,-0.0234375,0.0390625]","[-0.0234375,0.0390625,-0.0234375,-0.0234375,0.0390625,-0.0234375,-0.0234375,0.0390625]",7.742768013847242,0.234375,0.234375
DSR_Simple_training,nothink,living,3,A_ONLY,"[0.0,0.5,0.0,0.0,0.0,0.0,0.0,0.0]","[-0.3777360397241218,2.6441522780688524,-0.3777360397241218,-0.3777360397241218,-0.3777360397241218,-0.3777360397241218,-0.3777360397241218,-0.3777360397241218]","[-0.0078125,0.0546875,-0.0078125,-0.0078125,-0.0078125,-0.0078125,-0.0078125,-0.0078125]","[-0.0078125,0.0546875,-0.0078125,-0.0078125,-0.0078125,-0.0078125,-0.0078125,-0.0078125]",5.288304556137704,0.109375,0.109375
DSR_Simple_training,nothink,ad,4,MULTI_EXACT,"[8.0,0.0,0.5,0.5,0.5,0.0,0.0,8.0]","[1.7284059398569092,-0.6504753537095894,-0.5017952728616834,-0.5017952728616834,-0.5017952728616834,-0.6504753537095894,-0.6504753537095894,1.7284059398569092]","[0.7265625,-0.2734375,-0.2109375,-0.2109375,-0.2109375,-0.2734375,-0.2734375,0.7265625]","[0.7265625,-0.2734375,-0.2109375,-0.2109375,-0.2109375,-0.2734375,-0.2734375,0.7265625]",6.9136237594276375,2.90625,2.90625
DSR_Simple_training,nothink,video,20,A_ONLY,"[0.0,0.5,0.5,0.0,0.5,0.5,0.0,0.0]","[-0.9996001599360256,0.9996001599360256,0.9996001599360256,-0.9996001599360256,0.9996001599360256,0.9996001599360256,-0.9996001599360256,-0.9996001599360256]","[-0.03125,0.03125,0.03125,-0.03125,0.03125,0.03125,-0.03125,-0.03125]","[-0.03125,0.03125,0.03125,-0.03125,0.03125,0.03125,-0.03125,-0.03125]",7.996801279488204,0.25,0.25
DSR_Simple_training,nothink,video,16,A_ONLY,"[0.0,0.5,0.5,0.0,0.5,0.0,0.5,0.5]","[-1.290461335641207,0.7742768013847241,0.7742768013847241,-1.290461335641207,0.7742768013847241,-1.290461335641207,0.7742768013847241,0.7742768013847241]","[-0.0390625,0.0234375,0.0234375,-0.0390625,0.0234375,-0.0390625,0.0234375,0.0234375]","[-0.0390625,0.0234375,0.0234375,-0.0390625,0.0234375,-0.0390625,0.0234375,0.0234375]",7.742768013847242,0.234375,0.234375
DSR_Simple_training,nothink,ad,4,SINGLE_EXACT,"[8.0,0.5,2.0,0.5,0.0,0.5,0.5,0.5]","[2.5821693059065076,-0.42618328349913237,0.17548723438199568,-0.42618328349913237,-0.6267401227928416,-0.42618328349913237,-0.42618328349913237,-0.42618328349913237]","[0.8046875,-0.1328125,0.0546875,-0.1328125,-0.1953125,-0.1328125,-0.1328125,-0.1328125]","[0.8046875,-0.1328125,0.0546875,-0.1328125,-0.1953125,-0.1328125,-0.1328125,-0.1328125]",5.515313080577007,1.71875,1.71875
DSR_Simple_training,nothink,prod,3,ALL_ZERO,"[0.0,0.0,0.0,0.0,0.0,0.0,0.0,0.0]","[0.0,0.0,0.0,0.0,0.0,0.0,0.0,0.0]","[0.0,0.0,0.0,0.0,0.0,0.0,0.0,0.0]","[0.0,0.0,0.0,0.0,0.0,0.0,0.0,0.0]",0.0,0.0,0.0
DSR_Simple_training,nothink,video,13,AB_SIGNAL,"[0.0,0.0,0.0,0.0,0.0,2.0,0.0,0.0]","[-0.3779073387899664,-0.3779073387899664,-0.3779073387899664,-0.3779073387899664,-0.3779073387899664,2.6453513715297645,-0.3779073387899664,-0.3779073387899664]","[-0.03125,-0.03125,-0.03125,-0.03125,-0.03125,0.21875,-0.03125,-0.03125]","[-0.03125,-0.03125,-0.03125,-0.03125,-0.03125,0.21875,-0.03125,-0.03125]",5.290702743059529,0.4375,0.4375
DSR_Simple_training,nothink,ad,2,ALL_ZERO,"[0.0,0.0,0.0,0.0,0.0,0.0,0.0,0.0]","[0.0,0.0,0.0,0.0,0.0,0.0,0.0,0.0]","[0.0,0.0,0.0,0.0,0.0,0.0,0.0,0.0]","[0.0,0.0,0.0,0.0,0.0,0.0,0.0,0.0]",0.0,0.0,0.0
DSR_Simple_training,nothink,video,18,A_ONLY,"[0.0,0.0,0.0,0.0,0.5,0.0,0.0,0.0]","[-0.3777360397241218,-0.3777360397241218,-0.3777360397241218,-0.3777360397241218,2.6441522780688524,-0.3777360397241218,-0.3777360397241218,-0.3777360397241218]","[-0.0078125,-0.0078125,-0.0078125,-0.0078125,0.0546875,-0.0078125,-0.0078125,-0.0078125]","[-0.0078125,-0.0078125,-0.0078125,-0.0078125,0.0546875,-0.0078125,-0.0078125,-0.0078125]",5.288304556137704,0.109375,0.109375
DSR_Simple_training,nothink,prod,2,ALL_ZERO,"[0.0,0.0,0.0,0.0,0.0,0.0,0.0,0.0]","[0.0,0.0,0.0,0.0,0.0,0.0,0.0,0.0]","[0.0,0.0,0.0,0.0,0.0,0.0,0.0,0.0]","[0.0,0.0,0.0,0.0,0.0,0.0,0.0,0.0]",0.0,0.0,0.0
DSR_Simple_training,nothink,ad,2,ALL_ZERO,"[0.0,0.0,0.0,0.0,0.0,0.0,0.0,0.0]","[0.0,0.0,0.0,0.0,0.0,0.0,0.0,0.0]","[0.0,0.0,0.0,0.0,0.0,0.0,0.0,0.0]","[0.0,0.0,0.0,0.0,0.0,0.0,0.0,0.0]",0.0,0.0,0.0
DSR_Simple_training,nothink,ad,2,ALL_ZERO,"[0.0,0.0,0.0,0.0,0.0,0.0,0.0,0.0]","[0.0,0.0,0.0,0.0,0.0,0.0,0.0,0.0]","[0.0,0.0,0.0,0.0,0.0,0.0,0.0,0.0]","[0.0,0.0,0.0,0.0,0.0,0.0,0.0,0.0]",0.0,0.0,0.0
DSR_Simple_training,nothink,video,14,A_ONLY,"[0.5,0.5,0.0,0.0,0.0,0.5,0.0,0.0]","[1.290461335641207,1.290461335641207,-0.7742768013847241,-0.7742768013847241,-0.7742768013847241,1.290461335641207,-0.7742768013847241,-0.7742768013847241]","[0.0390625,0.0390625,-0.0234375,-0.0234375,-0.0234375,0.0390625,-0.0234375,-0.0234375]","[0.0390625,0.0390625,-0.0234375,-0.0234375,-0.0234375,0.0390625,-0.0234375,-0.0234375]",7.742768013847242,0.234375,0.234375
DSR_Simple_training,nothink,living,2,ALL_ZERO,"[0.0,0.0,0.0,0.0,0.0,0.0,0.0,0.0]","[0.0,0.0,0.0,0.0,0.0,0.0,0.0,0.0]","[0.0,0.0,0.0,0.0,0.0,0.0,0.0,0.0]","[0.0,0.0,0.0,0.0,0.0,0.0,0.0,0.0]",0.0,0.0,0.0
DSR_Simple_training,nothink,video,11,A_ONLY,"[0.5,0.0,0.0,0.0,0.0,0.5,0.0,0.0]","[1.7312511769024619,-0.577083725634154,-0.577083725634154,-0.577083725634154,-0.577083725634154,1.7312511769024619,-0.577083725634154,-0.577083725634154]","[0.046875,-0.015625,-0.015625,-0.015625,-0.015625,0.046875,-0.015625,-0.015625]","[0.046875,-0.015625,-0.015625,-0.015625,-0.015625,0.046875,-0.015625,-0.015625]",6.9250047076098475,0.1875,0.1875
DSR_Simple_training,nothink,ad,3,A_ONLY,"[0.5,0.0,0.5,0.0,0.0,0.0,0.0,0.0]","[1.7312511769024619,-0.577083725634154,1.7312511769024619,-0.577083725634154,-0.577083725634154,-0.577083725634154,-0.577083725634154,-0.577083725634154]","[0.046875,-0.015625,0.046875,-0.015625,-0.015625,-0.015625,-0.015625,-0.015625]","[0.046875,-0.015625,0.046875,-0.015625,-0.015625,-0.015625,-0.015625,-0.015625]",6.925004707609846,0.1875,0.1875
DSR_Simple_training,nothink,ad,2,SINGLE_EXACT,"[0.0,0.0,0.0,0.0,0.0,0.0,8.0,0.5]","[-0.4044027651232127,-0.4044027651232127,-0.4044027651232127,-0.4044027651232127,-0.4044027651232127,-0.4044027651232127,2.640512172275095,-0.2140955815358185]","[-0.1328125,-0.1328125,-0.1328125,-0.1328125,-0.1328125,-0.1328125,0.8671875,-0.0703125]","[-0.1328125,-0.1328125,-0.1328125,-0.1328125,-0.1328125,-0.1328125,0.8671875,-0.0703125]",5.28102434455019,1.734375,1.734375
DSR_Simple_training,nothink,ad,2,ALL_ZERO,"[0.0,0.0,0.0,0.0,0.0,0.0,0.0,0.0]","[0.0,0.0,0.0,0.0,0.0,0.0,0.0,0.0]","[0.0,0.0,0.0,0.0,0.0,0.0,0.0,0.0]","[0.0,0.0,0.0,0.0,0.0,0.0,0.0,0.0]",0.0,0.0,0.0
DSR_Simple_training,nothink,ad,2,AB_SIGNAL,"[0.5,0.0,2.0,2.0,2.0,0.0,2.0,2.0]","[-0.9034619889954529,-1.4594385976080393,0.7644678368423063,0.7644678368423063,0.7644678368423063,-1.4594385976080393,0.7644678368423063,0.7644678368423063]","[-0.1015625,-0.1640625,0.0859375,0.0859375,0.0859375,-0.1640625,0.0859375,0.0859375]","[-0.1015625,-0.1640625,0.0859375,0.0859375,0.0859375,-0.1640625,0.0859375,0.0859375]",7.644678368423063,0.859375,0.859375
DSR_Simple_training,nothink,video,20,A_ONLY,"[0.0,0.0,0.0,0.0,0.0,0.0,0.0,0.5]","[-0.3777360397241218,-0.3777360397241218,-0.3777360397241218,-0.3777360397241218,-0.3777360397241218,-0.3777360397241218,-0.3777360397241218,2.6441522780688524]","[-0.0078125,-0.0078125,-0.0078125,-0.0078125,-0.0078125,-0.0078125,-0.0078125,0.0546875]","[-0.0078125,-0.0078125,-0.0078125,-0.0078125,-0.0078125,-0.0078125,-0.0078125,0.0546875]",5.288304556137705,0.109375,0.109375
DSR_Simple_training,nothink,prod,2,A_ONLY,"[0.0,0.0,0.0,0.0,0.0,0.5,0.0,0.5]","[-0.577083725634154,-0.577083725634154,-0.577083725634154,-0.577083725634154,-0.577083725634154,1.7312511769024619,-0.577083725634154,1.7312511769024619]","[-0.015625,-0.015625,-0.015625,-0.015625,-0.015625,0.046875,-0.015625,0.046875]","[-0.015625,-0.015625,-0.015625,-0.015625,-0.015625,0.046875,-0.015625,0.046875]",6.9250047076098475,0.1875,0.1875
DSR_Simple_training,nothink,video,11,AB_SIGNAL,"[2.0,0.0,0.0,0.5,0.0,0.0,2.0,0.0]","[1.7000078540808734,-0.6652204646403417,-0.6652204646403417,-0.07391338496003796,-0.6652204646403417,-0.6652204646403417,1.7000078540808734,-0.6652204646403417]","[0.1796875,-0.0703125,-0.0703125,-0.0078125,-0.0703125,-0.0703125,0.1796875,-0.0703125]","[0.1796875,-0.0703125,-0.0703125,-0.0078125,-0.0703125,-0.0703125,0.1796875,-0.0703125]",6.800031416323494,0.71875,0.71875
DSR_Simple_training,nothink,prod,2,A_ONLY,"[0.0,0.0,0.5,-0.25,0.0,0.0,0.5,-0.25]","[-0.22933155424365537,-0.22933155424365537,1.6053208797055876,-1.1466577712182768,-0.22933155424365537,-0.22933155424365537,1.6053208797055876,-1.1466577712182768]","[-0.0078125,-0.0078125,0.0546875,-0.0390625,-0.0078125,-0.0078125,0.0546875,-0.0390625]","[-0.0078125,-0.0078125,0.0546875,-0.0390625,-0.0078125,-0.0078125,0.0546875,-0.0390625]",6.421283518822351,0.21875,0.21875
DSR_Simple_training,nothink,video,20,A_ONLY,"[0.5,0.5,0.5,0.5,0.5,0.5,0.5,0.5]","[0.0,0.0,0.0,0.0,0.0,0.0,0.0,0.0]","[0.0,0.0,0.0,0.0,0.0,0.0,0.0,0.0]","[0.0,0.0,0.0,0.0,0.0,0.0,0.0,0.0]",0.0,0.0,0.0
DSR_Simple_training,nothink,video,12,A_ONLY,"[0.0,0.0,0.5,0.0,0.0,0.0,0.0,0.0]","[-0.3777360397241218,-0.3777360397241218,2.6441522780688524,-0.3777360397241218,-0.3777360397241218,-0.3777360397241218,-0.3777360397241218,-0.3777360397241218]","[-0.0078125,-0.0078125,0.0546875,-0.0078125,-0.0078125,-0.0078125,-0.0078125,-0.0078125]","[-0.0078125,-0.0078125,0.0546875,-0.0078125,-0.0078125,-0.0078125,-0.0078125,-0.0078125]",5.288304556137704,0.109375,0.109375
DSR_Simple_training,nothink,video,14,ALL_ZERO,"[0.0,0.0,0.0,0.0,0.0,0.0,0.0,0.0]","[0.0,0.0,0.0,0.0,0.0,0.0,0.0,0.0]","[0.0,0.0,0.0,0.0,0.0,0.0,0.0,0.0]","[0.0,0.0,0.0,0.0,0.0,0.0,0.0,0.0]",0.0,0.0,0.0
DSR_Simple_training,nothink,video,12,A_ONLY,"[0.0,0.5,0.0,0.5,0.0,0.0,0.0,0.5]","[-0.7742768013847241,1.290461335641207,-0.7742768013847241,1.290461335641207,-0.7742768013847241,-0.7742768013847241,-0.7742768013847241,1.290461335641207]","[-0.0234375,0.0390625,-0.0234375,0.0390625,-0.0234375,-0.0234375,-0.0234375,0.0390625]","[-0.0234375,0.0390625,-0.0234375,0.0390625,-0.0234375,-0.0234375,-0.0234375,0.0390625]",7.742768013847242,0.234375,0.234375
DSR_Simple_training,nothink,prod,2,MULTI_EXACT,"[8.0,8.0,0.0,0.0,0.5,0.5,0.5,0.5]","[1.7287338885680736,1.7287338885680736,-0.6764610868309854,-0.6764610868309854,-0.5261364008685442,-0.5261364008685442,-0.5261364008685442,-0.5261364008685442]","[0.71875,0.71875,-0.28125,-0.28125,-0.21875,-0.21875,-0.21875,-0.21875]","[0.71875,0.71875,-0.28125,-0.28125,-0.21875,-0.21875,-0.21875,-0.21875]",6.914935554272294,2.875,2.875
DSR_Simple_training,nothink,prod,2,AB_SIGNAL,"[2.0,0.5,0.5,0.0,0.0,2.0,0.0,0.5]","[1.6651970360641053,-0.23788529086630075,-0.23788529086630075,-0.8722460665097694,-0.8722460665097694,1.6651970360641053,-0.8722460665097694,-0.23788529086630075]","[0.1640625,-0.0234375,-0.0234375,-0.0859375,-0.0859375,0.1640625,-0.0859375,-0.0234375]","[0.1640625,-0.0234375,-0.0234375,-0.0859375,-0.0859375,0.1640625,-0.0859375,-0.0234375]",6.660788144256422,0.65625,0.65625
DSR_Simple_training,nothink,ad,2,ALL_ZERO,"[0.0,0.0,0.0,0.0,0.0,0.0,0.0,0.0]","[0.0,0.0,0.0,0.0,0.0,0.0,0.0,0.0]","[0.0,0.0,0.0,0.0,0.0,0.0,0.0,0.0]","[0.0,0.0,0.0,0.0,0.0,0.0,0.0,0.0]",0.0,0.0,0.0
DSR_Simple_training,nothink,ad,3,SINGLE_EXACT,"[0.0,0.0,8.0,0.0,0.0,0.0,0.0,0.0]","[-0.3779501878348703,-0.3779501878348703,2.645651314844092,-0.3779501878348703,-0.3779501878348703,-0.3779501878348703,-0.3779501878348703,-0.3779501878348703]","[-0.125,-0.125,0.875,-0.125,-0.125,-0.125,-0.125,-0.125]","[-0.125,-0.125,0.875,-0.125,-0.125,-0.125,-0.125,-0.125]",5.291302629688185,1.75,1.75
DSR_Simple_training,nothink,ad,2,AB_SIGNAL,"[0.0,2.0,2.0,2.0,2.0,2.0,2.0,2.0]","[-2.6453513715297645,0.3779073387899664,0.3779073387899664,0.3779073387899664,0.3779073387899664,0.3779073387899664,0.3779073387899664,0.3779073387899664]","[-0.21875,0.03125,0.03125,0.03125,0.03125,0.03125,0.03125,0.03125]","[-0.21875,0.03125,0.03125,0.03125,0.03125,0.03125,0.03125,0.03125]",5.290702743059529,0.4375,0.4375
DSR_Simple_training,nothink,video,15,SINGLE_EXACT,"[0.0,0.0,8.0,0.0,0.0,0.5,0.0,0.0]","[-0.4044027651232127,-0.4044027651232127,2.640512172275095,-0.4044027651232127,-0.4044027651232127,-0.2140955815358185,-0.4044027651232127,-0.4044027651232127]","[-0.1328125,-0.1328125,0.8671875,-0.1328125,-0.1328125,-0.0703125,-0.1328125,-0.1328125]","[-0.1328125,-0.1328125,0.8671875,-0.1328125,-0.1328125,-0.0703125,-0.1328125,-0.1328125]",5.28102434455019,1.734375,1.734375
DSR_Simple_training,nothink,living,4,A_ONLY,"[0.0,0.5,0.0,0.0,0.0,0.0,0.5,0.5]","[-0.7742768013847241,1.290461335641207,-0.7742768013847241,-0.7742768013847241,-0.7742768013847241,-0.7742768013847241,1.290461335641207,1.290461335641207]","[-0.0234375,0.0390625,-0.0234375,-0.0234375,-0.0234375,-0.0234375,0.0390625,0.0390625]","[-0.0234375,0.0390625,-0.0234375,-0.0234375,-0.0234375,-0.0234375,0.0390625,0.0390625]",7.742768013847242,0.234375,0.234375
DSR_Simple_training,nothink,ad,5,A_ONLY,"[0.0,0.0,0.5,0.0,0.0,0.0,0.0,0.0]","[-0.3777360397241218,-0.3777360397241218,2.6441522780688524,-0.3777360397241218,-0.3777360397241218,-0.3777360397241218,-0.3777360397241218,-0.3777360397241218]","[-0.0078125,-0.0078125,0.0546875,-0.0078125,-0.0078125,-0.0078125,-0.0078125,-0.0078125]","[-0.0078125,-0.0078125,0.0546875,-0.0078125,-0.0078125,-0.0078125,-0.0078125,-0.0078125]",5.288304556137704,0.109375,0.109375
DSR_Simple_training,nothink,video,11,A_ONLY,"[0.0,0.5,0.0,0.5,0.5,0.0,0.5,0.0]","[-0.9996001599360256,0.9996001599360256,-0.9996001599360256,0.9996001599360256,0.9996001599360256,-0.9996001599360256,0.9996001599360256,-0.9996001599360256]","[-0.03125,0.03125,-0.03125,0.03125,0.03125,-0.03125,0.03125,-0.03125]","[-0.03125,0.03125,-0.03125,0.03125,0.03125,-0.03125,0.03125,-0.03125]",7.996801279488204,0.25,0.25
DSR_Simple_training,nothink,video,20,A_ONLY,"[0.0,0.0,0.5,0.0,0.5,0.0,0.5,0.0]","[-0.7742768013847241,-0.7742768013847241,1.290461335641207,-0.7742768013847241,1.290461335641207,-0.7742768013847241,1.290461335641207,-0.7742768013847241]","[-0.0234375,-0.0234375,0.0390625,-0.0234375,0.0390625,-0.0234375,0.0390625,-0.0234375]","[-0.0234375,-0.0234375,0.0390625,-0.0234375,0.0390625,-0.0234375,0.0390625,-0.0234375]",7.7427680138472414,0.234375,0.234375
DSR_Simple_training,nothink,ad,3,SINGLE_EXACT,"[0.5,0.0,0.5,0.0,0.5,0.5,0.0,8.0]","[-0.2927585937592397,-0.4879309895987328,-0.2927585937592397,-0.4879309895987328,-0.2927585937592397,-0.2927585937592397,-0.4879309895987328,2.6348273438331575]","[-0.09375,-0.15625,-0.09375,-0.15625,-0.09375,-0.09375,-0.15625,0.84375]","[-0.09375,-0.15625,-0.09375,-0.15625,-0.09375,-0.09375,-0.15625,0.84375]",5.269654687666314,1.6875,1.6875
DSR_Simple_training,nothink,video,19,ALL_ZERO,"[0.0,0.0,0.0,0.0,0.0,0.0,0.0,0.0]","[0.0,0.0,0.0,0.0,0.0,0.0,0.0,0.0]","[0.0,0.0,0.0,0.0,0.0,0.0,0.0,0.0]","[0.0,0.0,0.0,0.0,0.0,0.0,0.0,0.0]",0.0,0.0,0.0
DSR_Simple_training,nothink,living,2,A_ONLY,"[0.0,0.5,0.0,0.0,0.0,0.0,0.5,0.0]","[-0.577083725634154,1.7312511769024619,-0.577083725634154,-0.577083725634154,-0.577083725634154,-0.577083725634154,1.7312511769024619,-0.577083725634154]","[-0.015625,0.046875,-0.015625,-0.015625,-0.015625,-0.015625,0.046875,-0.015625]","[-0.015625,0.046875,-0.015625,-0.015625,-0.015625,-0.015625,0.046875,-0.015625]",6.9250047076098475,0.1875,0.1875
DSR_Simple_training,nothink,living,2,OTHER,"[0.0,-0.25,-0.25,-0.25,-0.25,-0.25,-0.25,-0.25]","[2.642555176745306,-0.3775078823921866,-0.3775078823921866,-0.3775078823921866,-0.3775078823921866,-0.3775078823921866,-0.3775078823921866,-0.3775078823921866]","[0.02734375,-0.00390625,-0.00390625,-0.00390625,-0.00390625,-0.00390625,-0.00390625,-0.00390625]","[0.02734375,-0.00390625,-0.00390625,-0.00390625,-0.00390625,-0.00390625,-0.00390625,-0.00390625]",5.285110353490611,0.0546875,0.0546875
DSR_Simple_training,nothink,video,12,A_ONLY,"[0.0,0.5,0.5,0.0,0.0,0.5,0.0,0.0]","[-0.7742768013847241,1.290461335641207,1.290461335641207,-0.7742768013847241,-0.7742768013847241,1.290461335641207,-0.7742768013847241,-0.7742768013847241]","[-0.0234375,0.0390625,0.0390625,-0.0234375,-0.0234375,0.0390625,-0.0234375,-0.0234375]","[-0.0234375,0.0390625,0.0390625,-0.0234375,-0.0234375,0.0390625,-0.0234375,-0.0234375]",7.742768013847242,0.234375,0.234375
DSR_Simple_training,nothink,video,14,A_ONLY,"[0.0,0.5,0.0,0.5,0.0,0.0,0.0,0.0]","[-0.577083725634154,1.7312511769024619,-0.577083725634154,1.7312511769024619,-0.577083725634154,-0.577083725634154,-0.577083725634154,-0.577083725634154]","[-0.015625,0.046875,-0.015625,0.046875,-0.015625,-0.015625,-0.015625,-0.015625]","[-0.015625,0.046875,-0.015625,0.046875,-0.015625,-0.015625,-0.015625,-0.015625]",6.925004707609847,0.1875,0.1875
DSR_Simple_training,nothink,ad,2,ALL_ZERO,"[0.0,0.0,0.0,0.0,0.0,0.0,0.0,0.0]","[0.0,0.0,0.0,0.0,0.0,0.0,0.0,0.0]","[0.0,0.0,0.0,0.0,0.0,0.0,0.0,0.0]","[0.0,0.0,0.0,0.0,0.0,0.0,0.0,0.0]",0.0,0.0,0.0
DSR_Simple_training,nothink,ad,2,A_ONLY,"[0.0,0.0,0.0,0.0,0.5,0.5,0.0,0.0]","[-0.577083725634154,-0.577083725634154,-0.577083725634154,-0.577083725634154,1.7312511769024619,1.7312511769024619,-0.577083725634154,-0.577083725634154]","[-0.015625,-0.015625,-0.015625,-0.015625,0.046875,0.046875,-0.015625,-0.015625]","[-0.015625,-0.015625,-0.015625,-0.015625,0.046875,0.046875,-0.015625,-0.015625]",6.925004707609847,0.1875,0.1875
DSR_Simple_training,nothink,ad,2,ALL_ZERO,"[0.0,0.0,0.0,0.0,0.0,0.0,0.0,0.0]","[0.0,0.0,0.0,0.0,0.0,0.0,0.0,0.0]","[0.0,0.0,0.0,0.0,0.0,0.0,0.0,0.0]","[0.0,0.0,0.0,0.0,0.0,0.0,0.0,0.0]",0.0,0.0,0.0
DSR_Simple_training,nothink,living,2,ALL_ZERO,"[0.0,0.0,0.0,0.0,0.0,0.0,0.0,0.0]","[0.0,0.0,0.0,0.0,0.0,0.0,0.0,0.0]","[0.0,0.0,0.0,0.0,0.0,0.0,0.0,0.0]","[0.0,0.0,0.0,0.0,0.0,0.0,0.0,0.0]",0.0,0.0,0.0
DSR_Simple_training,nothink,ad,2,AB_SIGNAL,"[2.0,0.5,0.0,0.0,0.0,0.0,0.0,0.0]","[2.562337458437909,0.2847041620486565,-0.47450693674776084,-0.47450693674776084,-0.47450693674776084,-0.47450693674776084,-0.47450693674776084,-0.47450693674776084]","[0.2109375,0.0234375,-0.0390625,-0.0390625,-0.0390625,-0.0390625,-0.0390625,-0.0390625]","[0.2109375,0.0234375,-0.0390625,-0.0390625,-0.0390625,-0.0390625,-0.0390625,-0.0390625]",5.694083240973131,0.46875,0.46875
DSR_Simple_training,nothink,prod,3,ALL_ZERO,"[0.0,0.0,0.0,0.0,0.0,0.0,0.0,0.0]","[0.0,0.0,0.0,0.0,0.0,0.0,0.0,0.0]","[0.0,0.0,0.0,0.0,0.0,0.0,0.0,0.0]","[0.0,0.0,0.0,0.0,0.0,0.0,0.0,0.0]",0.0,0.0,0.0
DSR_Simple_training,nothink,prod,2,ALL_ZERO,"[0.0,0.0,0.0,0.0,0.0,0.0,0.0,0.0]","[0.0,0.0,0.0,0.0,0.0,0.0,0.0,0.0]","[0.0,0.0,0.0,0.0,0.0,0.0,0.0,0.0]","[0.0,0.0,0.0,0.0,0.0,0.0,0.0,0.0]",0.0,0.0,0.0
DSR_Simple_training,nothink,video,17,AB_SIGNAL,"[0.0,0.0,0.0,2.0,2.0,0.0,0.0,2.0]","[-0.7745166775029946,-0.7745166775029946,-0.7745166775029946,1.2908611291716576,1.2908611291716576,-0.7745166775029946,-0.7745166775029946,1.2908611291716576]","[-0.09375,-0.09375,-0.09375,0.15625,0.15625,-0.09375,-0.09375,0.15625]","[-0.09375,-0.09375,-0.09375,0.15625,0.15625,-0.09375,-0.09375,0.15625]",7.745166775029946,0.9375,0.9375
DSR_Simple_training,nothink,prod,2,SINGLE_EXACT,"[0.5,0.0,0.0,8.0,0.5,0.5,0.5,0.0]","[-0.2927585937592397,-0.4879309895987328,-0.4879309895987328,2.6348273438331575,-0.2927585937592397,-0.2927585937592397,-0.2927585937592397,-0.4879309895987328]","[-0.09375,-0.15625,-0.15625,0.84375,-0.09375,-0.09375,-0.09375,-0.15625]","[-0.09375,-0.15625,-0.15625,0.84375,-0.09375,-0.09375,-0.09375,-0.15625]",5.269654687666316,1.6875,1.6875
DSR_Simple_training,nothink,video,14,A_ONLY,"[0.0,0.5,0.0,0.0,0.0,0.0,0.0,0.0]","[-0.3777360397241218,2.6441522780688524,-0.3777360397241218,-0.3777360397241218,-0.3777360397241218,-0.3777360397241218,-0.3777360397241218,-0.3777360397241218]","[-0.0078125,0.0546875,-0.0078125,-0.0078125,-0.0078125,-0.0078125,-0.0078125,-0.0078125]","[-0.0078125,0.0546875,-0.0078125,-0.0078125,-0.0078125,-0.0078125,-0.0078125,-0.0078125]",5.288304556137704,0.109375,0.109375
DSR_Simple_training,nothink,ad,2,MULTI_EXACT,"[0.0,0.0,8.0,0.0,8.0,0.0,0.0,0.0]","[-0.5773336030040704,-0.5773336030040704,1.7320008090122112,-0.5773336030040704,1.7320008090122112,-0.5773336030040704,-0.5773336030040704,-0.5773336030040704]","[-0.25,-0.25,0.75,-0.25,0.75,-0.25,-0.25,-0.25]","[-0.25,-0.25,0.75,-0.25,0.75,-0.25,-0.25,-0.25]",6.928003236048844,3.0,3.0
DSR_Simple_training,nothink,video,15,A_ONLY,"[0.5,0.5,0.5,0.0,0.5,0.5,0.0,0.5]","[0.577083725634154,0.577083725634154,0.577083725634154,-1.7312511769024619,0.577083725634154,0.577083725634154,-1.7312511769024619,0.577083725634154]","[0.015625,0.015625,0.015625,-0.046875,0.015625,0.015625,-0.046875,0.015625]","[0.015625,0.015625,0.015625,-0.046875,0.015625,0.015625,-0.046875,0.015625]",6.925004707609847,0.1875,0.1875
DSR_Simple_training,nothink,video,13,A_ONLY,"[0.5,0.0,0.0,0.0,0.0,0.5,0.0,0.0]","[1.7312511769024619,-0.577083725634154,-0.577083725634154,-0.577083725634154,-0.577083725634154,1.7312511769024619,-0.577083725634154,-0.577083725634154]","[0.046875,-0.015625,-0.015625,-0.015625,-0.015625,0.046875,-0.015625,-0.015625]","[0.046875,-0.015625,-0.015625,-0.015625,-0.015625,0.046875,-0.015625,-0.015625]",6.9250047076098475,0.1875,0.1875
DSR_Simple_training,nothink,prod,2,ALL_ZERO,"[0.0,0.0,0.0,0.0,0.0,0.0,0.0,0.0]","[0.0,0.0,0.0,0.0,0.0,0.0,0.0,0.0]","[0.0,0.0,0.0,0.0,0.0,0.0,0.0,0.0]","[0.0,0.0,0.0,0.0,0.0,0.0,0.0,0.0]",0.0,0.0,0.0
DSR_Simple_training,nothink,ad,2,ALL_ZERO,"[0.0,0.0,0.0,0.0,0.0,0.0,0.0,0.0]","[0.0,0.0,0.0,0.0,0.0,0.0,0.0,0.0]","[0.0,0.0,0.0,0.0,0.0,0.0,0.0,0.0]","[0.0,0.0,0.0,0.0,0.0,0.0,0.0,0.0]",0.0,0.0,0.0
DSR_Simple_training,nothink,ad,2,A_ONLY,"[0.0,0.5,0.5,0.0,0.0,0.0,0.5,0.5]","[-0.9996001599360256,0.9996001599360256,0.9996001599360256,-0.9996001599360256,-0.9996001599360256,-0.9996001599360256,0.9996001599360256,0.9996001599360256]","[-0.03125,0.03125,0.03125,-0.03125,-0.03125,-0.03125,0.03125,0.03125]","[-0.03125,0.03125,0.03125,-0.03125,-0.03125,-0.03125,0.03125,0.03125]",7.996801279488204,0.25,0.25
DSR_Simple_training,nothink,prod,2,ALL_ZERO,"[0.0,0.0,0.0,0.0,0.0,0.0,0.0,0.0]","[0.0,0.0,0.0,0.0,0.0,0.0,0.0,0.0]","[0.0,0.0,0.0,0.0,0.0,0.0,0.0,0.0]","[0.0,0.0,0.0,0.0,0.0,0.0,0.0,0.0]",0.0,0.0,0.0
DSR_Simple_training,nothink,video,20,A_ONLY,"[0.5,0.5,0.5,0.5,0.5,0.5,0.5,0.0]","[0.3777360397241218,0.3777360397241218,0.3777360397241218,0.3777360397241218,0.3777360397241218,0.3777360397241218,0.3777360397241218,-2.6441522780688524]","[0.0078125,0.0078125,0.0078125,0.0078125,0.0078125,0.0078125,0.0078125,-0.0546875]","[0.0078125,0.0078125,0.0078125,0.0078125,0.0078125,0.0078125,0.0078125,-0.0546875]",5.288304556137705,0.109375,0.109375
DSR_Simple_training,nothink,ad,2,A_ONLY,"[0.5,0.5,0.5,0.5,0.5,0.5,0.0,0.0]","[0.577083725634154,0.577083725634154,0.577083725634154,0.577083725634154,0.577083725634154,0.577083725634154,-1.7312511769024619,-1.7312511769024619]","[0.015625,0.015625,0.015625,0.015625,0.015625,0.015625,-0.046875,-0.046875]","[0.015625,0.015625,0.015625,0.015625,0.015625,0.015625,-0.046875,-0.046875]",6.925004707609848,0.1875,0.1875
DSR_Simple_training,nothink,video,17,OTHER,"[0.0,-0.25,-0.25,0.0,-0.25,0.0,0.0,0.0]","[0.7739571975962636,-1.2899286626604392,-1.2899286626604392,0.7739571975962636,-1.2899286626604392,0.7739571975962636,0.7739571975962636,0.7739571975962636]","[0.01171875,-0.01953125,-0.01953125,0.01171875,-0.01953125,0.01171875,0.01171875,0.01171875]","[0.01171875,-0.01953125,-0.01953125,0.01171875,-0.01953125,0.01171875,0.01171875,0.01171875]",7.739571975962637,0.1171875,0.1171875
DSR_Simple_training,nothink,ad,2,AB_SIGNAL,"[0.0,0.0,0.0,0.0,0.0,0.0,0.0,2.0]","[-0.3779073387899664,-0.3779073387899664,-0.3779073387899664,-0.3779073387899664,-0.3779073387899664,-0.3779073387899664,-0.3779073387899664,2.6453513715297645]","[-0.03125,-0.03125,-0.03125,-0.03125,-0.03125,-0.03125,-0.03125,0.21875]","[-0.03125,-0.03125,-0.03125,-0.03125,-0.03125,-0.03125,-0.03125,0.21875]",5.290702743059529,0.4375,0.4375
DSR_Simple_training,nothink,prod,3,SINGLE_EXACT,"[0.5,0.0,0.5,0.0,0.5,0.0,8.0,0.0]","[-0.2659199263819851,-0.45931623647797426,-0.2659199263819851,-0.45931623647797426,-0.2659199263819851,-0.45931623647797426,2.6350247250578525,-0.45931623647797426]","[-0.0859375,-0.1484375,-0.0859375,-0.1484375,-0.0859375,-0.1484375,0.8515625,-0.1484375]","[-0.0859375,-0.1484375,-0.0859375,-0.1484375,-0.0859375,-0.1484375,0.8515625,-0.1484375]",5.270049450115705,1.703125,1.703125
DSR_Simple_training,nothink,living,2,A_ONLY,"[0.5,0.0,0.0,0.0,0.0,0.0,0.0,0.5]","[1.7312511769024619,-0.577083725634154,-0.577083725634154,-0.577083725634154,-0.577083725634154,-0.577083725634154,-0.577083725634154,1.7312511769024619]","[0.046875,-0.015625,-0.015625,-0.015625,-0.015625,-0.015625,-0.015625,0.046875]","[0.046875,-0.015625,-0.015625,-0.015625,-0.015625,-0.015625,-0.015625,0.046875]",6.9250047076098475,0.1875,0.1875
DSR_Simple_training,nothink,video,12,A_ONLY,"[0.0,0.5,0.5,0.5,0.5,0.5,0.5,0.0]","[-1.7312511769024619,0.577083725634154,0.577083725634154,0.577083725634154,0.577083725634154,0.577083725634154,0.577083725634154,-1.7312511769024619]","[-0.046875,0.015625,0.015625,0.015625,0.015625,0.015625,0.015625,-0.046875]","[-0.046875,0.015625,0.015625,0.015625,0.015625,0.015625,0.015625,-0.046875]",6.9250047076098475,0.1875,0.1875
DSR_Simple_training,nothink,video,13,A_ONLY,"[0.0,0.0,0.0,0.0,0.0,0.5,0.0,0.0]","[-0.3777360397241218,-0.3777360397241218,-0.3777360397241218,-0.3777360397241218,-0.3777360397241218,2.6441522780688524,-0.3777360397241218,-0.3777360397241218]","[-0.0078125,-0.0078125,-0.0078125,-0.0078125,-0.0078125,0.0546875,-0.0078125,-0.0078125]","[-0.0078125,-0.0078125,-0.0078125,-0.0078125,-0.0078125,0.0546875,-0.0078125,-0.0078125]",5.288304556137704,0.109375,0.109375
DSR_Simple_training,nothink,video,12,AB_SIGNAL,"[0.5,2.0,0.5,0.0,0.0,0.0,0.5,0.0]","[0.09851739628443451,2.4629349071108626,0.09851739628443451,-0.6896217739910415,-0.6896217739910415,-0.6896217739910415,0.09851739628443451,-0.6896217739910415]","[0.0078125,0.1953125,0.0078125,-0.0546875,-0.0546875,-0.0546875,0.0078125,-0.0546875]","[0.0078125,0.1953125,0.0078125,-0.0546875,-0.0546875,-0.0546875,0.0078125,-0.0546875]",5.516974191928333,0.4375,0.4375
DSR_Simple_training,nothink,video,17,A_ONLY,"[0.5,0.5,0.5,0.5,0.5,0.5,0.5,0.5]","[0.0,0.0,0.0,0.0,0.0,0.0,0.0,0.0]","[0.0,0.0,0.0,0.0,0.0,0.0,0.0,0.0]","[0.0,0.0,0.0,0.0,0.0,0.0,0.0,0.0]",0.0,0.0,0.0
DSR_Simple_training,nothink,video,14,A_ONLY,"[0.0,0.0,0.0,0.0,0.0,0.0,0.5,0.0]","[-0.3777360397241218,-0.3777360397241218,-0.3777360397241218,-0.3777360397241218,-0.3777360397241218,-0.3777360397241218,2.6441522780688524,-0.3777360397241218]","[-0.0078125,-0.0078125,-0.0078125,-0.0078125,-0.0078125,-0.0078125,0.0546875,-0.0078125]","[-0.0078125,-0.0078125,-0.0078125,-0.0078125,-0.0078125,-0.0078125,0.0546875,-0.0078125]",5.288304556137705,0.109375,0.109375
DSR_Simple_training,nothink,ad,2,A_ONLY,"[0.5,0.5,0.5,0.0,0.5,0.0,0.5,0.5]","[0.577083725634154,0.577083725634154,0.577083725634154,-1.7312511769024619,0.577083725634154,-1.7312511769024619,0.577083725634154,0.577083725634154]","[0.015625,0.015625,0.015625,-0.046875,0.015625,-0.046875,0.015625,0.015625]","[0.015625,0.015625,0.015625,-0.046875,0.015625,-0.046875,0.015625,0.015625]",6.925004707609847,0.1875,0.1875
DSR_Simple_training,nothink,living,2,A_ONLY,"[0.0,0.0,0.0,0.0,0.0,0.0,0.0,0.5]","[-0.3777360397241218,-0.3777360397241218,-0.3777360397241218,-0.3777360397241218,-0.3777360397241218,-0.3777360397241218,-0.3777360397241218,2.6441522780688524]","[-0.0078125,-0.0078125,-0.0078125,-0.0078125,-0.0078125,-0.0078125,-0.0078125,0.0546875]","[-0.0078125,-0.0078125,-0.0078125,-0.0078125,-0.0078125,-0.0078125,-0.0078125,0.0546875]",5.288304556137705,0.109375,0.109375
DSR_Simple_training,nothink,video,20,SINGLE_EXACT,"[0.0,0.0,8.0,0.0,0.0,0.5,0.5,0.5]","[-0.45931623647797426,-0.45931623647797426,2.6350247250578525,-0.45931623647797426,-0.45931623647797426,-0.2659199263819851,-0.2659199263819851,-0.2659199263819851]","[-0.1484375,-0.1484375,0.8515625,-0.1484375,-0.1484375,-0.0859375,-0.0859375,-0.0859375]","[-0.1484375,-0.1484375,0.8515625,-0.1484375,-0.1484375,-0.0859375,-0.0859375,-0.0859375]",5.270049450115704,1.703125,1.703125
DSR_Simple_training,nothink,ad,2,AB_SIGNAL,"[0.0,0.0,0.0,0.0,0.0,0.0,2.0,0.0]","[-0.3779073387899664,-0.3779073387899664,-0.3779073387899664,-0.3779073387899664,-0.3779073387899664,-0.3779073387899664,2.6453513715297645,-0.3779073387899664]","[-0.03125,-0.03125,-0.03125,-0.03125,-0.03125,-0.03125,0.21875,-0.03125]","[-0.03125,-0.03125,-0.03125,-0.03125,-0.03125,-0.03125,0.21875,-0.03125]",5.290702743059529,0.4375,0.4375
DSR_Simple_training,nothink,prod,2,ALL_ZERO,"[0.0,0.0,0.0,0.0,0.0,0.0,0.0,0.0]","[0.0,0.0,0.0,0.0,0.0,0.0,0.0,0.0]","[0.0,0.0,0.0,0.0,0.0,0.0,0.0,0.0]","[0.0,0.0,0.0,0.0,0.0,0.0,0.0,0.0]",0.0,0.0,0.0
DSR_Simple_training,nothink,video,14,AB_SIGNAL,"[0.0,0.5,0.0,0.5,0.5,0.0,2.0,0.5]","[-0.81636326936408,0.0,-0.81636326936408,0.0,0.0,-0.81636326936408,2.44908980809224,0.0]","[-0.0625,0.0,-0.0625,0.0,0.0,-0.0625,0.1875,0.0]","[-0.0625,0.0,-0.0625,0.0,0.0,-0.0625,0.1875,0.0]",4.89817961618448,0.375,0.375
DSR_Simple_training,nothink,prod,2,A_ONLY,"[0.0,0.5,0.0,0.0,0.0,0.0,0.0,0.0]","[-0.3777360397241218,2.6441522780688524,-0.3777360397241218,-0.3777360397241218,-0.3777360397241218,-0.3777360397241218,-0.3777360397241218,-0.3777360397241218]","[-0.0078125,0.0546875,-0.0078125,-0.0078125,-0.0078125,-0.0078125,-0.0078125,-0.0078125]","[-0.0078125,0.0546875,-0.0078125,-0.0078125,-0.0078125,-0.0078125,-0.0078125,-0.0078125]",5.288304556137704,0.109375,0.109375
DSR_Simple_training,nothink,ad,2,AB_SIGNAL,"[0.0,0.0,2.0,0.0,0.0,0.0,0.0,0.0]","[-0.3779073387899664,-0.3779073387899664,2.6453513715297645,-0.3779073387899664,-0.3779073387899664,-0.3779073387899664,-0.3779073387899664,-0.3779073387899664]","[-0.03125,-0.03125,0.21875,-0.03125,-0.03125,-0.03125,-0.03125,-0.03125]","[-0.03125,-0.03125,0.21875,-0.03125,-0.03125,-0.03125,-0.03125,-0.03125]",5.290702743059529,0.4375,0.4375
DSR_Simple_training,nothink,prod,2,ALL_ZERO,"[0.0,0.0,0.0,0.0,0.0,0.0,0.0,0.0]","[0.0,0.0,0.0,0.0,0.0,0.0,0.0,0.0]","[0.0,0.0,0.0,0.0,0.0,0.0,0.0,0.0]","[0.0,0.0,0.0,0.0,0.0,0.0,0.0,0.0]",0.0,0.0,0.0
DSR_Simple_training,nothink,living,2,ALL_ZERO,"[0.0,0.0,0.0,0.0,0.0,0.0,0.0,0.0]","[0.0,0.0,0.0,0.0,0.0,0.0,0.0,0.0]","[0.0,0.0,0.0,0.0,0.0,0.0,0.0,0.0]","[0.0,0.0,0.0,0.0,0.0,0.0,0.0,0.0]",0.0,0.0,0.0
DSR_Simple_training,nothink,ad,3,MULTI_EXACT,"[0.0,0.0,0.0,8.0,8.0,0.0,0.0,0.0]","[-0.5773336030040704,-0.5773336030040704,-0.5773336030040704,1.7320008090122112,1.7320008090122112,-0.5773336030040704,-0.5773336030040704,-0.5773336030040704]","[-0.25,-0.25,-0.25,0.75,0.75,-0.25,-0.25,-0.25]","[-0.25,-0.25,-0.25,0.75,0.75,-0.25,-0.25,-0.25]",6.928003236048844,3.0,3.0
DSR_Simple_training,nothink,video,20,A_ONLY,"[0.5,0.0,0.0,0.0,0.0,0.0,0.0,0.0]","[2.6441522780688524,-0.3777360397241218,-0.3777360397241218,-0.3777360397241218,-0.3777360397241218,-0.3777360397241218,-0.3777360397241218,-0.3777360397241218]","[0.0546875,-0.0078125,-0.0078125,-0.0078125,-0.0078125,-0.0078125,-0.0078125,-0.0078125]","[0.0546875,-0.0078125,-0.0078125,-0.0078125,-0.0078125,-0.0078125,-0.0078125,-0.0078125]",5.288304556137704,0.109375,0.109375
DSR_Simple_training,nothink,ad,2,ALL_ZERO,"[0.0,0.0,0.0,0.0,0.0,0.0,0.0,0.0]","[0.0,0.0,0.0,0.0,0.0,0.0,0.0,0.0]","[0.0,0.0,0.0,0.0,0.0,0.0,0.0,0.0]","[0.0,0.0,0.0,0.0,0.0,0.0,0.0,0.0]",0.0,0.0,0.0
DSR_Simple_training,nothink,prod,5,A_ONLY,"[0.0,0.0,0.0,0.5,0.0,0.0,0.0,0.0]","[-0.3777360397241218,-0.3777360397241218,-0.3777360397241218,2.6441522780688524,-0.3777360397241218,-0.3777360397241218,-0.3777360397241218,-0.3777360397241218]","[-0.0078125,-0.0078125,-0.0078125,0.0546875,-0.0078125,-0.0078125,-0.0078125,-0.0078125]","[-0.0078125,-0.0078125,-0.0078125,0.0546875,-0.0078125,-0.0078125,-0.0078125,-0.0078125]",5.288304556137703,0.109375,0.109375
DSR_Simple_training,nothink,ad,2,ALL_ZERO,"[0.0,0.0,0.0,0.0,0.0,0.0,0.0,0.0]","[0.0,0.0,0.0,0.0,0.0,0.0,0.0,0.0]","[0.0,0.0,0.0,0.0,0.0,0.0,0.0,0.0]","[0.0,0.0,0.0,0.0,0.0,0.0,0.0,0.0]",0.0,0.0,0.0
DSR_Simple_training,nothink,ad,2,ALL_ZERO,"[0.0,0.0,0.0,0.0,0.0,0.0,0.0,0.0]","[0.0,0.0,0.0,0.0,0.0,0.0,0.0,0.0]","[0.0,0.0,0.0,0.0,0.0,0.0,0.0,0.0]","[0.0,0.0,0.0,0.0,0.0,0.0,0.0,0.0]",0.0,0.0,0.0
DSR_Simple_training,nothink,living,8,SINGLE_EXACT,"[0.5,0.5,2.0,0.0,0.5,0.5,0.0,8.0]","[-0.39604333153740434,-0.39604333153740434,0.19802166576870217,-0.5940649973061065,-0.39604333153740434,-0.39604333153740434,-0.5940649973061065,2.574281654993128]","[-0.125,-0.125,0.0625,-0.1875,-0.125,-0.125,-0.1875,0.8125]","[-0.125,-0.125,0.0625,-0.1875,-0.125,-0.125,-0.1875,0.8125]",5.544606641523661,1.75,1.75
DSR_Simple_training,nothink,living,2,ALL_ZERO,"[0.0,0.0,0.0,0.0,0.0,0.0,0.0,0.0]","[0.0,0.0,0.0,0.0,0.0,0.0,0.0,0.0]","[0.0,0.0,0.0,0.0,0.0,0.0,0.0,0.0]","[0.0,0.0,0.0,0.0,0.0,0.0,0.0,0.0]",0.0,0.0,0.0
DSR_Simple_training,nothink,ad,2,ALL_ZERO,"[0.0,0.0,0.0,0.0,0.0,0.0,0.0,0.0]","[0.0,0.0,0.0,0.0,0.0,0.0,0.0,0.0]","[0.0,0.0,0.0,0.0,0.0,0.0,0.0,0.0]","[0.0,0.0,0.0,0.0,0.0,0.0,0.0,0.0]",0.0,0.0,0.0
DSR_Simple_training,nothink,video,20,A_ONLY,"[0.5,0.0,0.0,0.5,0.5,0.0,0.0,0.0]","[1.290461335641207,-0.7742768013847241,-0.7742768013847241,1.290461335641207,1.290461335641207,-0.7742768013847241,-0.7742768013847241,-0.7742768013847241]","[0.0390625,-0.0234375,-0.0234375,0.0390625,0.0390625,-0.0234375,-0.0234375,-0.0234375]","[0.0390625,-0.0234375,-0.0234375,0.0390625,0.0390625,-0.0234375,-0.0234375,-0.0234375]",7.742768013847242,0.234375,0.234375
DSR_Simple_training,nothink,ad,8,A_ONLY,"[0.0,0.5,0.5,0.5,0.5,0.5,0.0,0.0]","[-1.290461335641207,0.7742768013847241,0.7742768013847241,0.7742768013847241,0.7742768013847241,0.7742768013847241,-1.290461335641207,-1.290461335641207]","[-0.0390625,0.0234375,0.0234375,0.0234375,0.0234375,0.0234375,-0.0390625,-0.0390625]","[-0.0390625,0.0234375,0.0234375,0.0234375,0.0234375,0.0234375,-0.0390625,-0.0390625]",7.742768013847242,0.234375,0.234375
DSR_Simple_training,nothink,video,11,A_ONLY,"[0.0,0.5,0.0,0.0,0.5,0.5,0.5,0.5]","[-1.290461335641207,0.7742768013847241,-1.290461335641207,-1.290461335641207,0.7742768013847241,0.7742768013847241,0.7742768013847241,0.7742768013847241]","[-0.0390625,0.0234375,-0.0390625,-0.0390625,0.0234375,0.0234375,0.0234375,0.0234375]","[-0.0390625,0.0234375,-0.0390625,-0.0390625,0.0234375,0.0234375,0.0234375,0.0234375]",7.742768013847242,0.234375,0.234375
DSR_Simple_training,nothink,video,20,A_ONLY,"[0.0,0.0,0.5,0.0,0.5,0.5,0.0,0.0]","[-0.7742768013847241,-0.7742768013847241,1.290461335641207,-0.7742768013847241,1.290461335641207,1.290461335641207,-0.7742768013847241,-0.7742768013847241]","[-0.0234375,-0.0234375,0.0390625,-0.0234375,0.0390625,0.0390625,-0.0234375,-0.0234375]","[-0.0234375,-0.0234375,0.0390625,-0.0234375,0.0390625,0.0390625,-0.0234375,-0.0234375]",7.7427680138472414,0.234375,0.234375
DSR_Simple_training,nothink,ad,3,AB_SIGNAL,"[0.0,0.0,0.5,0.0,0.0,0.0,0.0,2.0]","[-0.47450693674776084,-0.47450693674776084,0.2847041620486565,-0.47450693674776084,-0.47450693674776084,-0.47450693674776084,-0.47450693674776084,2.562337458437909]","[-0.0390625,-0.0390625,0.0234375,-0.0390625,-0.0390625,-0.0390625,-0.0390625,0.2109375]","[-0.0390625,-0.0390625,0.0234375,-0.0390625,-0.0390625,-0.0390625,-0.0390625,0.2109375]",5.69408324097313,0.46875,0.46875
DSR_Simple_training,nothink,video,19,A_ONLY,"[0.5,0.5,0.5,0.5,0.5,0.0,0.5,0.5]","[0.3777360397241218,0.3777360397241218,0.3777360397241218,0.3777360397241218,0.3777360397241218,-2.6441522780688524,0.3777360397241218,0.3777360397241218]","[0.0078125,0.0078125,0.0078125,0.0078125,0.0078125,-0.0546875,0.0078125,0.0078125]","[0.0078125,0.0078125,0.0078125,0.0078125,0.0078125,-0.0546875,0.0078125,0.0078125]",5.288304556137704,0.109375,0.109375
DSR_Simple_training,nothink,prod,2,ALL_ZERO,"[0.0,0.0,0.0,0.0,0.0,0.0,0.0,0.0]","[0.0,0.0,0.0,0.0,0.0,0.0,0.0,0.0]","[0.0,0.0,0.0,0.0,0.0,0.0,0.0,0.0]","[0.0,0.0,0.0,0.0,0.0,0.0,0.0,0.0]",0.0,0.0,0.0
DSR_Simple_training,nothink,prod,2,A_ONLY,"[0.0,0.5,0.5,0.5,0.0,0.5,0.0,0.0]","[-0.9996001599360256,0.9996001599360256,0.9996001599360256,0.9996001599360256,-0.9996001599360256,0.9996001599360256,-0.9996001599360256,-0.9996001599360256]","[-0.03125,0.03125,0.03125,0.03125,-0.03125,0.03125,-0.03125,-0.03125]","[-0.03125,0.03125,0.03125,0.03125,-0.03125,0.03125,-0.03125,-0.03125]",7.996801279488204,0.25,0.25
DSR_Simple_training,nothink,ad,2,AB_SIGNAL,"[0.0,0.0,0.0,2.0,0.0,0.0,0.0,2.0]","[-0.5772836102200739,-0.5772836102200739,-0.5772836102200739,1.7318508306602218,-0.5772836102200739,-0.5772836102200739,-0.5772836102200739,1.7318508306602218]","[-0.0625,-0.0625,-0.0625,0.1875,-0.0625,-0.0625,-0.0625,0.1875]","[-0.0625,-0.0625,-0.0625,0.1875,-0.0625,-0.0625,-0.0625,0.1875]",6.927403322640887,0.75,0.75
DSR_Simple_training,nothink,video,20,AB_SIGNAL,"[2.0,0.0,0.5,0.0,0.5,2.0,0.5,0.5]","[1.666444474070124,-0.9998666844420744,-0.3332888948140248,-0.9998666844420744,-0.3332888948140248,1.666444474070124,-0.3332888948140248,-0.3332888948140248]","[0.15625,-0.09375,-0.03125,-0.09375,-0.03125,0.15625,-0.03125,-0.03125]","[0.15625,-0.09375,-0.03125,-0.09375,-0.03125,0.15625,-0.03125,-0.03125]",6.665777896280496,0.625,0.625
DSR_Simple_training,nothink,video,11,SINGLE_EXACT,"[0.5,0.5,0.0,8.0,0.0,0.5,0.0,0.0]","[-0.2659199263819851,-0.2659199263819851,-0.45931623647797426,2.6350247250578525,-0.45931623647797426,-0.2659199263819851,-0.45931623647797426,-0.45931623647797426]","[-0.0859375,-0.0859375,-0.1484375,0.8515625,-0.1484375,-0.0859375,-0.1484375,-0.1484375]","[-0.0859375,-0.0859375,-0.1484375,0.8515625,-0.1484375,-0.0859375,-0.1484375,-0.1484375]",5.270049450115705,1.703125,1.703125
DSR_Simple_training,nothink,ad,2,ALL_ZERO,"[0.0,0.0,0.0,0.0,0.0,0.0,0.0,0.0]","[0.0,0.0,0.0,0.0,0.0,0.0,0.0,0.0]","[0.0,0.0,0.0,0.0,0.0,0.0,0.0,0.0]","[0.0,0.0,0.0,0.0,0.0,0.0,0.0,0.0]",0.0,0.0,0.0
DSR_Simple_training,nothink,ad,2,ALL_ZERO,"[0.0,0.0,0.0,0.0,0.0,0.0,0.0,0.0]","[0.0,0.0,0.0,0.0,0.0,0.0,0.0,0.0]","[0.0,0.0,0.0,0.0,0.0,0.0,0.0,0.0]","[0.0,0.0,0.0,0.0,0.0,0.0,0.0,0.0]",0.0,0.0,0.0
DSR_Simple_training,nothink,prod,2,ALL_ZERO,"[0.0,0.0,0.0,0.0,0.0,0.0,0.0,0.0]","[0.0,0.0,0.0,0.0,0.0,0.0,0.0,0.0]","[0.0,0.0,0.0,0.0,0.0,0.0,0.0,0.0]","[0.0,0.0,0.0,0.0,0.0,0.0,0.0,0.0]",0.0,0.0,0.0
DSR_Simple_training,nothink,video,12,ALL_ZERO,"[0.0,0.0,0.0,0.0,0.0,0.0,0.0,0.0]","[0.0,0.0,0.0,0.0,0.0,0.0,0.0,0.0]","[0.0,0.0,0.0,0.0,0.0,0.0,0.0,0.0]","[0.0,0.0,0.0,0.0,0.0,0.0,0.0,0.0]",0.0,0.0,0.0
DSR_Simple_training,nothink,ad,2,A_ONLY,"[0.0,0.5,0.0,0.0,0.0,0.5,0.0,0.0]","[-0.577083725634154,1.7312511769024619,-0.577083725634154,-0.577083725634154,-0.577083725634154,1.7312511769024619,-0.577083725634154,-0.577083725634154]","[-0.015625,0.046875,-0.015625,-0.015625,-0.015625,0.046875,-0.015625,-0.015625]","[-0.015625,0.046875,-0.015625,-0.015625,-0.015625,0.046875,-0.015625,-0.015625]",6.9250047076098475,0.1875,0.1875
DSR_Simple_training,nothink,ad,2,A_ONLY,"[0.5,0.5,0.5,0.5,0.0,0.0,0.5,0.0]","[0.7742768013847241,0.7742768013847241,0.7742768013847241,0.7742768013847241,-1.290461335641207,-1.290461335641207,0.7742768013847241,-1.290461335641207]","[0.0234375,0.0234375,0.0234375,0.0234375,-0.0390625,-0.0390625,0.0234375,-0.0390625]","[0.0234375,0.0234375,0.0234375,0.0234375,-0.0390625,-0.0390625,0.0234375,-0.0390625]",7.7427680138472414,0.234375,0.234375
DSR_Simple_training,nothink,video,16,A_ONLY,"[0.0,0.0,0.5,0.0,0.5,0.0,0.0,0.5]","[-0.7742768013847241,-0.7742768013847241,1.290461335641207,-0.7742768013847241,1.290461335641207,-0.7742768013847241,-0.7742768013847241,1.290461335641207]","[-0.0234375,-0.0234375,0.0390625,-0.0234375,0.0390625,-0.0234375,-0.0234375,0.0390625]","[-0.0234375,-0.0234375,0.0390625,-0.0234375,0.0390625,-0.0234375,-0.0234375,0.0390625]",7.7427680138472414,0.234375,0.234375
DSR_Simple_training,nothink,ad,2,A_ONLY,"[0.5,0.0,0.0,0.0,0.0,0.0,0.0,0.0]","[2.6441522780688524,-0.3777360397241218,-0.3777360397241218,-0.3777360397241218,-0.3777360397241218,-0.3777360397241218,-0.3777360397241218,-0.3777360397241218]","[0.0546875,-0.0078125,-0.0078125,-0.0078125,-0.0078125,-0.0078125,-0.0078125,-0.0078125]","[0.0546875,-0.0078125,-0.0078125,-0.0078125,-0.0078125,-0.0078125,-0.0078125,-0.0078125]",5.288304556137704,0.109375,0.109375
DSR_Simple_training,nothink,video,12,A_ONLY,"[0.0,0.5,0.0,0.0,0.5,0.0,0.5,0.0]","[-0.7742768013847241,1.290461335641207,-0.7742768013847241,-0.7742768013847241,1.290461335641207,-0.7742768013847241,1.290461335641207,-0.7742768013847241]","[-0.0234375,0.0390625,-0.0234375,-0.0234375,0.0390625,-0.0234375,0.0390625,-0.0234375]","[-0.0234375,0.0390625,-0.0234375,-0.0234375,0.0390625,-0.0234375,0.0390625,-0.0234375]",7.742768013847242,0.234375,0.234375
DSR_Simple_training,nothink,ad,2,ALL_ZERO,"[0.0,0.0,0.0,0.0,0.0,0.0,0.0,0.0]","[0.0,0.0,0.0,0.0,0.0,0.0,0.0,0.0]","[0.0,0.0,0.0,0.0,0.0,0.0,0.0,0.0]","[0.0,0.0,0.0,0.0,0.0,0.0,0.0,0.0]",0.0,0.0,0.0
DSR_Simple_training,nothink,video,14,ALL_ZERO,"[0.0,0.0,0.0,0.0,0.0,0.0,0.0,0.0]","[0.0,0.0,0.0,0.0,0.0,0.0,0.0,0.0]","[0.0,0.0,0.0,0.0,0.0,0.0,0.0,0.0]","[0.0,0.0,0.0,0.0,0.0,0.0,0.0,0.0]",0.0,0.0,0.0
DSR_Simple_training,nothink,video,20,A_ONLY,"[0.0,0.5,0.0,0.5,0.5,0.5,0.5,0.5]","[-1.7312511769024619,0.577083725634154,-1.7312511769024619,0.577083725634154,0.577083725634154,0.577083725634154,0.577083725634154,0.577083725634154]","[-0.046875,0.015625,-0.046875,0.015625,0.015625,0.015625,0.015625,0.015625]","[-0.046875,0.015625,-0.046875,0.015625,0.015625,0.015625,0.015625,0.015625]",6.925004707609846,0.1875,0.1875
DSR_Simple_training,nothink,video,20,ALL_ZERO,"[0.0,0.0,0.0,0.0,0.0,0.0,0.0,0.0]","[0.0,0.0,0.0,0.0,0.0,0.0,0.0,0.0]","[0.0,0.0,0.0,0.0,0.0,0.0,0.0,0.0]","[0.0,0.0,0.0,0.0,0.0,0.0,0.0,0.0]",0.0,0.0,0.0
DSR_Simple_training,nothink,ad,2,ALL_ZERO,"[0.0,0.0,0.0,0.0,0.0,0.0,0.0,0.0]","[0.0,0.0,0.0,0.0,0.0,0.0,0.0,0.0]","[0.0,0.0,0.0,0.0,0.0,0.0,0.0,0.0]","[0.0,0.0,0.0,0.0,0.0,0.0,0.0,0.0]",0.0,0.0,0.0
DSR_Simple_training,nothink,video,11,A_ONLY,"[0.5,0.5,0.0,0.0,0.0,0.0,0.5,0.0]","[1.290461335641207,1.290461335641207,-0.7742768013847241,-0.7742768013847241,-0.7742768013847241,-0.7742768013847241,1.290461335641207,-0.7742768013847241]","[0.0390625,0.0390625,-0.0234375,-0.0234375,-0.0234375,-0.0234375,0.0390625,-0.0234375]","[0.0390625,0.0390625,-0.0234375,-0.0234375,-0.0234375,-0.0234375,0.0390625,-0.0234375]",7.742768013847242,0.234375,0.234375
DSR_Simple_training,nothink,video,15,ALL_ZERO,"[0.0,0.0,0.0,0.0,0.0,0.0,0.0,0.0]","[0.0,0.0,0.0,0.0,0.0,0.0,0.0,0.0]","[0.0,0.0,0.0,0.0,0.0,0.0,0.0,0.0]","[0.0,0.0,0.0,0.0,0.0,0.0,0.0,0.0]",0.0,0.0,0.0
DSR_Simple_training,nothink,video,12,A_ONLY,"[0.0,0.0,0.0,0.0,0.0,0.5,0.0,0.0]","[-0.3777360397241218,-0.3777360397241218,-0.3777360397241218,-0.3777360397241218,-0.3777360397241218,2.6441522780688524,-0.3777360397241218,-0.3777360397241218]","[-0.0078125,-0.0078125,-0.0078125,-0.0078125,-0.0078125,0.0546875,-0.0078125,-0.0078125]","[-0.0078125,-0.0078125,-0.0078125,-0.0078125,-0.0078125,0.0546875,-0.0078125,-0.0078125]",5.288304556137704,0.109375,0.109375
DSR_Simple_training,nothink,video,13,AB_SIGNAL,"[0.0,0.0,0.5,2.0,0.0,0.5,0.0,0.0]","[-0.5772613939839699,-0.5772613939839699,0.19242046466132331,2.501466040597203,-0.5772613939839699,0.19242046466132331,-0.5772613939839699,-0.5772613939839699]","[-0.046875,-0.046875,0.015625,0.203125,-0.046875,0.015625,-0.046875,-0.046875]","[-0.046875,-0.046875,0.015625,0.203125,-0.046875,0.015625,-0.046875,-0.046875]",5.772613939839699,0.46875,0.46875
DSR_Simple_training,nothink,prod,3,ALL_ZERO,"[0.0,0.0,0.0,0.0,0.0,0.0,0.0,0.0]","[0.0,0.0,0.0,0.0,0.0,0.0,0.0,0.0]","[0.0,0.0,0.0,0.0,0.0,0.0,0.0,0.0]","[0.0,0.0,0.0,0.0,0.0,0.0,0.0,0.0]",0.0,0.0,0.0
DSR_Simple_training,nothink,ad,3,SINGLE_EXACT,"[8.0,0.0,0.5,0.0,0.0,0.0,0.0,0.5]","[2.6369470126239714,-0.43150042024755897,-0.2397224556930883,-0.43150042024755897,-0.43150042024755897,-0.43150042024755897,-0.43150042024755897,-0.2397224556930883]","[0.859375,-0.140625,-0.078125,-0.140625,-0.140625,-0.140625,-0.140625,-0.078125]","[0.859375,-0.140625,-0.078125,-0.140625,-0.140625,-0.140625,-0.140625,-0.078125]",5.273894025247944,1.71875,1.71875
DSR_Simple_training,nothink,ad,2,ALL_ZERO,"[0.0,0.0,0.0,0.0,0.0,0.0,0.0,0.0]","[0.0,0.0,0.0,0.0,0.0,0.0,0.0,0.0]","[0.0,0.0,0.0,0.0,0.0,0.0,0.0,0.0]","[0.0,0.0,0.0,0.0,0.0,0.0,0.0,0.0]",0.0,0.0,0.0
DSR_Simple_training,nothink,prod,2,ALL_ZERO,"[0.0,0.0,0.0,0.0,0.0,0.0,0.0,0.0]","[0.0,0.0,0.0,0.0,0.0,0.0,0.0,0.0]","[0.0,0.0,0.0,0.0,0.0,0.0,0.0,0.0]","[0.0,0.0,0.0,0.0,0.0,0.0,0.0,0.0]",0.0,0.0,0.0
DSR_Simple_training,nothink,video,12,A_ONLY,"[0.0,0.0,0.5,0.0,0.0,0.0,0.0,0.5]","[-0.577083725634154,-0.577083725634154,1.7312511769024619,-0.577083725634154,-0.577083725634154,-0.577083725634154,-0.577083725634154,1.7312511769024619]","[-0.015625,-0.015625,0.046875,-0.015625,-0.015625,-0.015625,-0.015625,0.046875]","[-0.015625,-0.015625,0.046875,-0.015625,-0.015625,-0.015625,-0.015625,0.046875]",6.9250047076098475,0.1875,0.1875
DSR_Simple_training,nothink,video,20,SINGLE_EXACT,"[0.0,0.5,0.0,0.0,0.0,0.5,8.0,0.5]","[-0.45931623647797426,-0.2659199263819851,-0.45931623647797426,-0.45931623647797426,-0.45931623647797426,-0.2659199263819851,2.6350247250578525,-0.2659199263819851]","[-0.1484375,-0.0859375,-0.1484375,-0.1484375,-0.1484375,-0.0859375,0.8515625,-0.0859375]","[-0.1484375,-0.0859375,-0.1484375,-0.1484375,-0.1484375,-0.0859375,0.8515625,-0.0859375]",5.270049450115705,1.703125,1.703125
DSR_Simple_training,nothink,prod,3,ALL_ZERO,"[0.0,0.0,0.0,0.0,0.0,0.0,0.0,0.0]","[0.0,0.0,0.0,0.0,0.0,0.0,0.0,0.0]","[0.0,0.0,0.0,0.0,0.0,0.0,0.0,0.0]","[0.0,0.0,0.0,0.0,0.0,0.0,0.0,0.0]",0.0,0.0,0.0
DSR_Simple_training,nothink,ad,2,ALL_ZERO,"[0.0,0.0,0.0,0.0,0.0,0.0,0.0,0.0]","[0.0,0.0,0.0,0.0,0.0,0.0,0.0,0.0]","[0.0,0.0,0.0,0.0,0.0,0.0,0.0,0.0]","[0.0,0.0,0.0,0.0,0.0,0.0,0.0,0.0]",0.0,0.0,0.0
DSR_Simple_training,nothink,living,5,A_ONLY,"[0.0,0.0,0.0,0.5,0.0,0.5,0.5,0.0]","[-0.7742768013847241,-0.7742768013847241,-0.7742768013847241,1.290461335641207,-0.7742768013847241,1.290461335641207,1.290461335641207,-0.7742768013847241]","[-0.0234375,-0.0234375,-0.0234375,0.0390625,-0.0234375,0.0390625,0.0390625,-0.0234375]","[-0.0234375,-0.0234375,-0.0234375,0.0390625,-0.0234375,0.0390625,0.0390625,-0.0234375]",7.7427680138472414,0.234375,0.234375
DSR_Simple_training,nothink,video,11,A_ONLY,"[0.0,0.5,0.0,0.5,0.5,0.0,0.5,0.0]","[-0.9996001599360256,0.9996001599360256,-0.9996001599360256,0.9996001599360256,0.9996001599360256,-0.9996001599360256,0.9996001599360256,-0.9996001599360256]","[-0.03125,0.03125,-0.03125,0.03125,0.03125,-0.03125,0.03125,-0.03125]","[-0.03125,0.03125,-0.03125,0.03125,0.03125,-0.03125,0.03125,-0.03125]",7.996801279488204,0.25,0.25
DSR_Simple_training,nothink,prod,2,ALL_ZERO,"[0.0,0.0,0.0,0.0,0.0,0.0,0.0,0.0]","[0.0,0.0,0.0,0.0,0.0,0.0,0.0,0.0]","[0.0,0.0,0.0,0.0,0.0,0.0,0.0,0.0]","[0.0,0.0,0.0,0.0,0.0,0.0,0.0,0.0]",0.0,0.0,0.0
DSR_Simple_training,nothink,video,14,AB_SIGNAL,"[0.5,0.0,0.0,0.5,0.5,0.5,2.0,0.0]","[0.0,-0.81636326936408,-0.81636326936408,0.0,0.0,0.0,2.44908980809224,-0.81636326936408]","[0.0,-0.0625,-0.0625,0.0,0.0,0.0,0.1875,-0.0625]","[0.0,-0.0625,-0.0625,0.0,0.0,0.0,0.1875,-0.0625]",4.89817961618448,0.375,0.375
DSR_Simple_training,nothink,living,2,A_ONLY,"[0.0,0.5,0.5,0.0,0.0,0.0,0.5,0.5]","[-0.9996001599360256,0.9996001599360256,0.9996001599360256,-0.9996001599360256,-0.9996001599360256,-0.9996001599360256,0.9996001599360256,0.9996001599360256]","[-0.03125,0.03125,0.03125,-0.03125,-0.03125,-0.03125,0.03125,0.03125]","[-0.03125,0.03125,0.03125,-0.03125,-0.03125,-0.03125,0.03125,0.03125]",7.996801279488204,0.25,0.25
DSR_Simple_training,nothink,living,2,AB_SIGNAL,"[2.0,0.0,0.5,0.0,0.0,0.0,0.5,0.0]","[2.501466040597203,-0.5772613939839699,0.19242046466132331,-0.5772613939839699,-0.5772613939839699,-0.5772613939839699,0.19242046466132331,-0.5772613939839699]","[0.203125,-0.046875,0.015625,-0.046875,-0.046875,-0.046875,0.015625,-0.046875]","[0.203125,-0.046875,0.015625,-0.046875,-0.046875,-0.046875,0.015625,-0.046875]",5.772613939839699,0.46875,0.46875
DSR_Simple_training,nothink,video,17,A_ONLY,"[0.0,0.5,0.5,0.5,0.5,0.0,0.0,0.0]","[-0.9996001599360256,0.9996001599360256,0.9996001599360256,0.9996001599360256,0.9996001599360256,-0.9996001599360256,-0.9996001599360256,-0.9996001599360256]","[-0.03125,0.03125,0.03125,0.03125,0.03125,-0.03125,-0.03125,-0.03125]","[-0.03125,0.03125,0.03125,0.03125,0.03125,-0.03125,-0.03125,-0.03125]",7.996801279488204,0.25,0.25
DSR_Simple_training,nothink,video,14,A_ONLY,"[0.0,0.0,0.5,0.5,0.0,0.0,0.0,0.5]","[-0.7742768013847241,-0.7742768013847241,1.290461335641207,1.290461335641207,-0.7742768013847241,-0.7742768013847241,-0.7742768013847241,1.290461335641207]","[-0.0234375,-0.0234375,0.0390625,0.0390625,-0.0234375,-0.0234375,-0.0234375,0.0390625]","[-0.0234375,-0.0234375,0.0390625,0.0390625,-0.0234375,-0.0234375,-0.0234375,0.0390625]",7.742768013847242,0.234375,0.234375
DSR_Simple_training,nothink,ad,2,A_ONLY,"[0.5,0.5,0.5,0.5,0.0,0.0,0.0,0.5]","[0.7742768013847241,0.7742768013847241,0.7742768013847241,0.7742768013847241,-1.290461335641207,-1.290461335641207,-1.290461335641207,0.7742768013847241]","[0.0234375,0.0234375,0.0234375,0.0234375,-0.0390625,-0.0390625,-0.0390625,0.0234375]","[0.0234375,0.0234375,0.0234375,0.0234375,-0.0390625,-0.0390625,-0.0390625,0.0234375]",7.7427680138472414,0.234375,0.234375
DSR_Simple_training,nothink,prod,2,A_ONLY,"[0.0,0.0,0.5,0.5,0.0,0.0,0.0,0.0]","[-0.577083725634154,-0.577083725634154,1.7312511769024619,1.7312511769024619,-0.577083725634154,-0.577083725634154,-0.577083725634154,-0.577083725634154]","[-0.015625,-0.015625,0.046875,0.046875,-0.015625,-0.015625,-0.015625,-0.015625]","[-0.015625,-0.015625,0.046875,0.046875,-0.015625,-0.015625,-0.015625,-0.015625]",6.925004707609847,0.1875,0.1875
DSR_Simple_training,nothink,ad,2,AB_SIGNAL,"[0.0,0.0,2.0,0.0,0.0,0.0,0.0,0.0]","[-0.3779073387899664,-0.3779073387899664,2.6453513715297645,-0.3779073387899664,-0.3779073387899664,-0.3779073387899664,-0.3779073387899664,-0.3779073387899664]","[-0.03125,-0.03125,0.21875,-0.03125,-0.03125,-0.03125,-0.03125,-0.03125]","[-0.03125,-0.03125,0.21875,-0.03125,-0.03125,-0.03125,-0.03125,-0.03125]",5.290702743059529,0.4375,0.4375
DSR_Simple_training,nothink,video,19,A_ONLY,"[0.0,0.0,0.0,0.0,0.5,0.0,0.0,0.0]","[-0.3777360397241218,-0.3777360397241218,-0.3777360397241218,-0.3777360397241218,2.6441522780688524,-0.3777360397241218,-0.3777360397241218,-0.3777360397241218]","[-0.0078125,-0.0078125,-0.0078125,-0.0078125,0.0546875,-0.0078125,-0.0078125,-0.0078125]","[-0.0078125,-0.0078125,-0.0078125,-0.0078125,0.0546875,-0.0078125,-0.0078125,-0.0078125]",5.288304556137704,0.109375,0.109375
DSR_Simple_training,nothink,living,2,A_ONLY,"[0.5,0.0,0.0,0.0,0.5,0.0,0.0,0.0]","[1.7312511769024619,-0.577083725634154,-0.577083725634154,-0.577083725634154,1.7312511769024619,-0.577083725634154,-0.577083725634154,-0.577083725634154]","[0.046875,-0.015625,-0.015625,-0.015625,0.046875,-0.015625,-0.015625,-0.015625]","[0.046875,-0.015625,-0.015625,-0.015625,0.046875,-0.015625,-0.015625,-0.015625]",6.9250047076098475,0.1875,0.1875
DSR_Simple_training,nothink,prod,2,ALL_ZERO,"[0.0,0.0,0.0,0.0,0.0,0.0,0.0,0.0]","[0.0,0.0,0.0,0.0,0.0,0.0,0.0,0.0]","[0.0,0.0,0.0,0.0,0.0,0.0,0.0,0.0]","[0.0,0.0,0.0,0.0,0.0,0.0,0.0,0.0]",0.0,0.0,0.0
DSR_Simple_training,nothink,ad,3,A_ONLY,"[0.0,0.0,0.0,0.5,0.0,0.0,0.0,0.0]","[-0.3777360397241218,-0.3777360397241218,-0.3777360397241218,2.6441522780688524,-0.3777360397241218,-0.3777360397241218,-0.3777360397241218,-0.3777360397241218]","[-0.0078125,-0.0078125,-0.0078125,0.0546875,-0.0078125,-0.0078125,-0.0078125,-0.0078125]","[-0.0078125,-0.0078125,-0.0078125,0.0546875,-0.0078125,-0.0078125,-0.0078125,-0.0078125]",5.288304556137703,0.109375,0.109375
DSR_Simple_training,nothink,ad,3,A_ONLY,"[0.0,0.5,0.5,0.0,0.5,0.0,0.5,0.0]","[-0.9996001599360256,0.9996001599360256,0.9996001599360256,-0.9996001599360256,0.9996001599360256,-0.9996001599360256,0.9996001599360256,-0.9996001599360256]","[-0.03125,0.03125,0.03125,-0.03125,0.03125,-0.03125,0.03125,-0.03125]","[-0.03125,0.03125,0.03125,-0.03125,0.03125,-0.03125,0.03125,-0.03125]",7.996801279488204,0.25,0.25
DSR_Simple_training,nothink,ad,3,SINGLE_EXACT,"[0.0,0.0,8.0,2.0,0.0,0.0,2.0,0.0]","[-0.5773280478227043,-0.5773280478227043,2.5017548738983852,0.1924426826075681,-0.5773280478227043,-0.5773280478227043,0.1924426826075681,-0.5773280478227043]","[-0.1875,-0.1875,0.8125,0.0625,-0.1875,-0.1875,0.0625,-0.1875]","[-0.1875,-0.1875,0.8125,0.0625,-0.1875,-0.1875,0.0625,-0.1875]",5.7732804782270435,1.875,1.875
DSR_Simple_training,nothink,prod,2,A_ONLY,"[0.5,0.0,0.0,0.0,0.0,0.0,0.0,0.0]","[2.6441522780688524,-0.3777360397241218,-0.3777360397241218,-0.3777360397241218,-0.3777360397241218,-0.3777360397241218,-0.3777360397241218,-0.3777360397241218]","[0.0546875,-0.0078125,-0.0078125,-0.0078125,-0.0078125,-0.0078125,-0.0078125,-0.0078125]","[0.0546875,-0.0078125,-0.0078125,-0.0078125,-0.0078125,-0.0078125,-0.0078125,-0.0078125]",5.288304556137704,0.109375,0.109375
DSR_Simple_training,nothink,prod,2,ALL_ZERO,"[0.0,0.0,0.0,0.0,0.0,0.0,0.0,0.0]","[0.0,0.0,0.0,0.0,0.0,0.0,0.0,0.0]","[0.0,0.0,0.0,0.0,0.0,0.0,0.0,0.0]","[0.0,0.0,0.0,0.0,0.0,0.0,0.0,0.0]",0.0,0.0,0.0
DSR_Simple_training,nothink,prod,4,MULTI_EXACT,"[0.0,0.0,0.0,0.0,8.0,0.5,0.0,8.0]","[-0.6009766892514393,-0.6009766892514393,-0.6009766892514393,-0.6009766892514393,1.7300844084511133,-0.45528537064502983,-0.6009766892514393,1.7300844084511133]","[-0.2578125,-0.2578125,-0.2578125,-0.2578125,0.7421875,-0.1953125,-0.2578125,0.7421875]","[-0.2578125,-0.2578125,-0.2578125,-0.2578125,0.7421875,-0.1953125,-0.2578125,0.7421875]",6.920337633804453,2.96875,2.96875
DSR_Simple_training,nothink,video,17,A_ONLY,"[0.0,0.0,0.0,0.0,0.5,0.0,0.0,0.0]","[-0.3777360397241218,-0.3777360397241218,-0.3777360397241218,-0.3777360397241218,2.6441522780688524,-0.3777360397241218,-0.3777360397241218,-0.3777360397241218]","[-0.0078125,-0.0078125,-0.0078125,-0.0078125,0.0546875,-0.0078125,-0.0078125,-0.0078125]","[-0.0078125,-0.0078125,-0.0078125,-0.0078125,0.0546875,-0.0078125,-0.0078125,-0.0078125]",5.288304556137704,0.109375,0.109375
DSR_Simple_training,nothink,ad,3,A_ONLY,"[0.0,0.0,0.0,0.0,0.5,0.0,0.5,0.0]","[-0.577083725634154,-0.577083725634154,-0.577083725634154,-0.577083725634154,1.7312511769024619,-0.577083725634154,1.7312511769024619,-0.577083725634154]","[-0.015625,-0.015625,-0.015625,-0.015625,0.046875,-0.015625,0.046875,-0.015625]","[-0.015625,-0.015625,-0.015625,-0.015625,0.046875,-0.015625,0.046875,-0.015625]",6.925004707609847,0.1875,0.1875
DSR_Simple_training,nothink,living,2,AB_SIGNAL,"[0.0,-1.0,0.0,-1.0,0.0,-1.0,2.0,0.0]","[0.13482542860698069,-0.9437780002488647,0.13482542860698069,-0.9437780002488647,0.13482542860698069,-0.9437780002488647,2.2920322863186717,0.13482542860698069]","[0.015625,-0.109375,0.015625,-0.109375,0.015625,-0.109375,0.265625,0.015625]","[0.015625,-0.109375,0.015625,-0.109375,0.015625,-0.109375,0.265625,0.015625]",5.662668001493189,0.65625,0.65625
DSR_Simple_training,nothink,video,20,A_ONLY,"[0.0,0.0,0.5,0.0,0.0,0.0,0.0,0.0]","[-0.3777360397241218,-0.3777360397241218,2.6441522780688524,-0.3777360397241218,-0.3777360397241218,-0.3777360397241218,-0.3777360397241218,-0.3777360397241218]","[-0.0078125,-0.0078125,0.0546875,-0.0078125,-0.0078125,-0.0078125,-0.0078125,-0.0078125]","[-0.0078125,-0.0078125,0.0546875,-0.0078125,-0.0078125,-0.0078125,-0.0078125,-0.0078125]",5.288304556137704,0.109375,0.109375
DSR_Simple_training,nothink,video,12,AB_SIGNAL,"[0.5,0.5,0.5,2.0,0.0,0.5,0.0,0.0]","[0.0,0.0,0.0,2.44908980809224,-0.81636326936408,0.0,-0.81636326936408,-0.81636326936408]","[0.0,0.0,0.0,0.1875,-0.0625,0.0,-0.0625,-0.0625]","[0.0,0.0,0.0,0.1875,-0.0625,0.0,-0.0625,-0.0625]",4.89817961618448,0.375,0.375
DSR_Simple_training,nothink,video,20,AB_SIGNAL,"[0.5,0.0,0.5,2.0,0.0,0.0,0.0,0.0]","[0.19242046466132331,-0.5772613939839699,0.19242046466132331,2.501466040597203,-0.5772613939839699,-0.5772613939839699,-0.5772613939839699,-0.5772613939839699]","[0.015625,-0.046875,0.015625,0.203125,-0.046875,-0.046875,-0.046875,-0.046875]","[0.015625,-0.046875,0.015625,0.203125,-0.046875,-0.046875,-0.046875,-0.046875]",5.772613939839699,0.46875,0.46875
DSR_Simple_training,nothink,video,20,A_ONLY,"[0.0,0.0,0.5,0.0,0.0,0.0,0.0,0.0]","[-0.3777360397241218,-0.3777360397241218,2.6441522780688524,-0.3777360397241218,-0.3777360397241218,-0.3777360397241218,-0.3777360397241218,-0.3777360397241218]","[-0.0078125,-0.0078125,0.0546875,-0.0078125,-0.0078125,-0.0078125,-0.0078125,-0.0078125]","[-0.0078125,-0.0078125,0.0546875,-0.0078125,-0.0078125,-0.0078125,-0.0078125,-0.0078125]",5.288304556137704,0.109375,0.109375
DSR_Simple_training,nothink,ad,2,A_ONLY,"[0.0,0.0,0.0,0.0,0.0,0.0,0.5,0.0]","[-0.3777360397241218,-0.3777360397241218,-0.3777360397241218,-0.3777360397241218,-0.3777360397241218,-0.3777360397241218,2.6441522780688524,-0.3777360397241218]","[-0.0078125,-0.0078125,-0.0078125,-0.0078125,-0.0078125,-0.0078125,0.0546875,-0.0078125]","[-0.0078125,-0.0078125,-0.0078125,-0.0078125,-0.0078125,-0.0078125,0.0546875,-0.0078125]",5.288304556137705,0.109375,0.109375
DSR_Simple_training,nothink,video,20,A_ONLY,"[0.0,0.0,0.0,0.5,0.0,0.5,0.5,0.0]","[-0.7742768013847241,-0.7742768013847241,-0.7742768013847241,1.290461335641207,-0.7742768013847241,1.290461335641207,1.290461335641207,-0.7742768013847241]","[-0.0234375,-0.0234375,-0.0234375,0.0390625,-0.0234375,0.0390625,0.0390625,-0.0234375]","[-0.0234375,-0.0234375,-0.0234375,0.0390625,-0.0234375,0.0390625,0.0390625,-0.0234375]",7.7427680138472414,0.234375,0.234375
DSR_Simple_training,nothink,prod,4,SINGLE_EXACT,"[0.0,0.0,0.0,0.0,8.0,0.0,0.0,0.0]","[-0.3779501878348703,-0.3779501878348703,-0.3779501878348703,-0.3779501878348703,2.645651314844092,-0.3779501878348703,-0.3779501878348703,-0.3779501878348703]","[-0.125,-0.125,-0.125,-0.125,0.875,-0.125,-0.125,-0.125]","[-0.125,-0.125,-0.125,-0.125,0.875,-0.125,-0.125,-0.125]",5.291302629688185,1.75,1.75
DSR_Simple_training,nothink,video,12,ALL_ZERO,"[0.0,0.0,0.0,0.0,0.0,0.0,0.0,0.0]","[0.0,0.0,0.0,0.0,0.0,0.0,0.0,0.0]","[0.0,0.0,0.0,0.0,0.0,0.0,0.0,0.0]","[0.0,0.0,0.0,0.0,0.0,0.0,0.0,0.0]",0.0,0.0,0.0
DSR_Simple_training,nothink,prod,2,AB_SIGNAL,"[0.0,0.5,0.0,0.0,0.5,0.0,2.0,0.0]","[-0.5772613939839699,0.19242046466132331,-0.5772613939839699,-0.5772613939839699,0.19242046466132331,-0.5772613939839699,2.501466040597203,-0.5772613939839699]","[-0.046875,0.015625,-0.046875,-0.046875,0.015625,-0.046875,0.203125,-0.046875]","[-0.046875,0.015625,-0.046875,-0.046875,0.015625,-0.046875,0.203125,-0.046875]",5.7726139398397,0.46875,0.46875
DSR_Simple_training,nothink,ad,4,A_ONLY,"[0.5,0.5,0.5,0.5,0.5,0.0,0.5,0.5]","[0.3777360397241218,0.3777360397241218,0.3777360397241218,0.3777360397241218,0.3777360397241218,-2.6441522780688524,0.3777360397241218,0.3777360397241218]","[0.0078125,0.0078125,0.0078125,0.0078125,0.0078125,-0.0546875,0.0078125,0.0078125]","[0.0078125,0.0078125,0.0078125,0.0078125,0.0078125,-0.0546875,0.0078125,0.0078125]",5.288304556137704,0.109375,0.109375
DSR_Simple_training,nothink,prod,4,A_ONLY,"[0.0,0.5,0.0,0.0,0.5,0.5,0.5,0.5]","[-1.290461335641207,0.7742768013847241,-1.290461335641207,-1.290461335641207,0.7742768013847241,0.7742768013847241,0.7742768013847241,0.7742768013847241]","[-0.0390625,0.0234375,-0.0390625,-0.0390625,0.0234375,0.0234375,0.0234375,0.0234375]","[-0.0390625,0.0234375,-0.0390625,-0.0390625,0.0234375,0.0234375,0.0234375,0.0234375]",7.742768013847242,0.234375,0.234375
DSR_Simple_training,nothink,living,2,A_ONLY,"[0.0,0.0,0.0,0.5,0.5,0.5,0.0,0.0]","[-0.7742768013847241,-0.7742768013847241,-0.7742768013847241,1.290461335641207,1.290461335641207,1.290461335641207,-0.7742768013847241,-0.7742768013847241]","[-0.0234375,-0.0234375,-0.0234375,0.0390625,0.0390625,0.0390625,-0.0234375,-0.0234375]","[-0.0234375,-0.0234375,-0.0234375,0.0390625,0.0390625,0.0390625,-0.0234375,-0.0234375]",7.7427680138472414,0.234375,0.234375
DSR_Simple_training,nothink,ad,2,A_ONLY,"[0.0,0.0,0.0,0.0,0.0,0.0,0.0,0.5]","[-0.3777360397241218,-0.3777360397241218,-0.3777360397241218,-0.3777360397241218,-0.3777360397241218,-0.3777360397241218,-0.3777360397241218,2.6441522780688524]","[-0.0078125,-0.0078125,-0.0078125,-0.0078125,-0.0078125,-0.0078125,-0.0078125,0.0546875]","[-0.0078125,-0.0078125,-0.0078125,-0.0078125,-0.0078125,-0.0078125,-0.0078125,0.0546875]",5.288304556137705,0.109375,0.109375
DSR_Simple_training,nothink,video,20,AB_SIGNAL,"[0.5,0.5,0.0,0.5,0.5,0.0,2.0,0.5]","[-0.10719286583336265,-0.10719286583336265,-0.9647357925002639,-0.10719286583336265,-0.10719286583336265,-0.9647357925002639,2.465435914167341,-0.10719286583336265]","[-0.0078125,-0.0078125,-0.0703125,-0.0078125,-0.0078125,-0.0703125,0.1796875,-0.0078125]","[-0.0078125,-0.0078125,-0.0703125,-0.0078125,-0.0078125,-0.0703125,0.1796875,-0.0078125]",4.930871828334682,0.359375,0.359375
DSR_Simple_training,nothink,video,20,SINGLE_EXACT,"[0.5,0.5,8.0,0.5,0.0,0.5,0.0,0.0]","[-0.2927585937592397,-0.2927585937592397,2.6348273438331575,-0.2927585937592397,-0.4879309895987328,-0.2927585937592397,-0.4879309895987328,-0.4879309895987328]","[-0.09375,-0.09375,0.84375,-0.09375,-0.15625,-0.09375,-0.15625,-0.15625]","[-0.09375,-0.09375,0.84375,-0.09375,-0.15625,-0.09375,-0.15625,-0.15625]",5.269654687666316,1.6875,1.6875
DSR_Simple_training,nothink,prod,3,ALL_ZERO,"[0.0,0.0,0.0,0.0,0.0,0.0,0.0,0.0]","[0.0,0.0,0.0,0.0,0.0,0.0,0.0,0.0]","[0.0,0.0,0.0,0.0,0.0,0.0,0.0,0.0]","[0.0,0.0,0.0,0.0,0.0,0.0,0.0,0.0]",0.0,0.0,0.0
DSR_Simple_training,nothink,living,2,A_ONLY,"[0.0,0.0,0.0,0.0,0.0,0.5,0.0,0.0]","[-0.3777360397241218,-0.3777360397241218,-0.3777360397241218,-0.3777360397241218,-0.3777360397241218,2.6441522780688524,-0.3777360397241218,-0.3777360397241218]","[-0.0078125,-0.0078125,-0.0078125,-0.0078125,-0.0078125,0.0546875,-0.0078125,-0.0078125]","[-0.0078125,-0.0078125,-0.0078125,-0.0078125,-0.0078125,0.0546875,-0.0078125,-0.0078125]",5.288304556137704,0.109375,0.109375
DSR_Simple_training,nothink,ad,4,SINGLE_EXACT,"[0.0,0.5,0.0,0.5,0.5,8.0,0.5,0.0]","[-0.4879309895987328,-0.2927585937592397,-0.4879309895987328,-0.2927585937592397,-0.2927585937592397,2.6348273438331575,-0.2927585937592397,-0.4879309895987328]","[-0.15625,-0.09375,-0.15625,-0.09375,-0.09375,0.84375,-0.09375,-0.15625]","[-0.15625,-0.09375,-0.15625,-0.09375,-0.09375,0.84375,-0.09375,-0.15625]",5.269654687666315,1.6875,1.6875
DSR_Simple_training,nothink,video,19,ALL_ZERO,"[0.0,0.0,0.0,0.0,0.0,0.0,0.0,0.0]","[0.0,0.0,0.0,0.0,0.0,0.0,0.0,0.0]","[0.0,0.0,0.0,0.0,0.0,0.0,0.0,0.0]","[0.0,0.0,0.0,0.0,0.0,0.0,0.0,0.0]",0.0,0.0,0.0
DSR_Simple_training,nothink,ad,2,ALL_ZERO,"[0.0,0.0,0.0,0.0,0.0,0.0,0.0,0.0]","[0.0,0.0,0.0,0.0,0.0,0.0,0.0,0.0]","[0.0,0.0,0.0,0.0,0.0,0.0,0.0,0.0]","[0.0,0.0,0.0,0.0,0.0,0.0,0.0,0.0]",0.0,0.0,0.0
DSR_Simple_training,nothink,living,8,AB_SIGNAL,"[0.5,0.0,0.5,0.0,0.5,2.0,0.5,2.0]","[-0.3332888948140248,-0.9998666844420744,-0.3332888948140248,-0.9998666844420744,-0.3332888948140248,1.666444474070124,-0.3332888948140248,1.666444474070124]","[-0.03125,-0.09375,-0.03125,-0.09375,-0.03125,0.15625,-0.03125,0.15625]","[-0.03125,-0.09375,-0.03125,-0.09375,-0.03125,0.15625,-0.03125,0.15625]",6.665777896280496,0.625,0.625
DSR_Simple_training,nothink,video,20,AB_SIGNAL,"[0.0,0.5,2.0,0.5,0.5,0.5,0.5,0.5]","[-1.1468681816683686,-0.22937363633367372,2.5231099996704107,-0.22937363633367372,-0.22937363633367372,-0.22937363633367372,-0.22937363633367372,-0.22937363633367372]","[-0.078125,-0.015625,0.171875,-0.015625,-0.015625,-0.015625,-0.015625,-0.015625]","[-0.078125,-0.015625,0.171875,-0.015625,-0.015625,-0.015625,-0.015625,-0.015625]",5.046219999340821,0.34375,0.34375
DSR_Simple_training,nothink,living,4,A_ONLY,"[0.0,0.0,0.5,0.0,0.5,0.0,0.0,0.0]","[-0.577083725634154,-0.577083725634154,1.7312511769024619,-0.577083725634154,1.7312511769024619,-0.577083725634154,-0.577083725634154,-0.577083725634154]","[-0.015625,-0.015625,0.046875,-0.015625,0.046875,-0.015625,-0.015625,-0.015625]","[-0.015625,-0.015625,0.046875,-0.015625,0.046875,-0.015625,-0.015625,-0.015625]",6.9250047076098475,0.1875,0.1875
DSR_Simple_training,nothink,ad,2,ALL_ZERO,"[0.0,0.0,0.0,0.0,0.0,0.0,0.0,0.0]","[0.0,0.0,0.0,0.0,0.0,0.0,0.0,0.0]","[0.0,0.0,0.0,0.0,0.0,0.0,0.0,0.0]","[0.0,0.0,0.0,0.0,0.0,0.0,0.0,0.0]",0.0,0.0,0.0
DSR_Simple_training,nothink,living,2,A_ONLY,"[0.0,0.0,0.0,0.5,0.0,0.0,0.5,0.0]","[-0.577083725634154,-0.577083725634154,-0.577083725634154,1.7312511769024619,-0.577083725634154,-0.577083725634154,1.7312511769024619,-0.577083725634154]","[-0.015625,-0.015625,-0.015625,0.046875,-0.015625,-0.015625,0.046875,-0.015625]","[-0.015625,-0.015625,-0.015625,0.046875,-0.015625,-0.015625,0.046875,-0.015625]",6.925004707609847,0.1875,0.1875
DSR_Simple_training,nothink,ad,2,ALL_ZERO,"[0.0,0.0,0.0,0.0,0.0,0.0,0.0,0.0]","[0.0,0.0,0.0,0.0,0.0,0.0,0.0,0.0]","[0.0,0.0,0.0,0.0,0.0,0.0,0.0,0.0]","[0.0,0.0,0.0,0.0,0.0,0.0,0.0,0.0]",0.0,0.0,0.0
DSR_Simple_training,nothink,ad,3,A_ONLY,"[0.5,0.5,0.0,0.5,0.5,0.5,0.0,0.5]","[0.577083725634154,0.577083725634154,-1.7312511769024619,0.577083725634154,0.577083725634154,0.577083725634154,-1.7312511769024619,0.577083725634154]","[0.015625,0.015625,-0.046875,0.015625,0.015625,0.015625,-0.046875,0.015625]","[0.015625,0.015625,-0.046875,0.015625,0.015625,0.015625,-0.046875,0.015625]",6.9250047076098475,0.1875,0.1875
DSR_Simple_training,nothink,ad,2,ALL_ZERO,"[0.0,0.0,0.0,0.0,0.0,0.0,0.0,0.0]","[0.0,0.0,0.0,0.0,0.0,0.0,0.0,0.0]","[0.0,0.0,0.0,0.0,0.0,0.0,0.0,0.0]","[0.0,0.0,0.0,0.0,0.0,0.0,0.0,0.0]",0.0,0.0,0.0
DSR_Simple_training,nothink,video,13,ALL_ZERO,"[0.0,0.0,0.0,0.0,0.0,0.0,0.0,0.0]","[0.0,0.0,0.0,0.0,0.0,0.0,0.0,0.0]","[0.0,0.0,0.0,0.0,0.0,0.0,0.0,0.0]","[0.0,0.0,0.0,0.0,0.0,0.0,0.0,0.0]",0.0,0.0,0.0
DSR_Simple_training,nothink,video,11,A_ONLY,"[0.0,0.0,0.0,0.5,0.0,0.0,0.0,0.0]","[-0.3777360397241218,-0.3777360397241218,-0.3777360397241218,2.6441522780688524,-0.3777360397241218,-0.3777360397241218,-0.3777360397241218,-0.3777360397241218]","[-0.0078125,-0.0078125,-0.0078125,0.0546875,-0.0078125,-0.0078125,-0.0078125,-0.0078125]","[-0.0078125,-0.0078125,-0.0078125,0.0546875,-0.0078125,-0.0078125,-0.0078125,-0.0078125]",5.288304556137703,0.109375,0.109375
DSR_Simple_training,nothink,ad,3,ALL_ZERO,"[0.0,0.0,0.0,0.0,0.0,0.0,0.0,0.0]","[0.0,0.0,0.0,0.0,0.0,0.0,0.0,0.0]","[0.0,0.0,0.0,0.0,0.0,0.0,0.0,0.0]","[0.0,0.0,0.0,0.0,0.0,0.0,0.0,0.0]",0.0,0.0,0.0
DSR_Simple_training,nothink,video,20,A_ONLY,"[0.0,0.0,0.0,0.5,0.0,0.0,0.0,0.0]","[-0.3777360397241218,-0.3777360397241218,-0.3777360397241218,2.6441522780688524,-0.3777360397241218,-0.3777360397241218,-0.3777360397241218,-0.3777360397241218]","[-0.0078125,-0.0078125,-0.0078125,0.0546875,-0.0078125,-0.0078125,-0.0078125,-0.0078125]","[-0.0078125,-0.0078125,-0.0078125,0.0546875,-0.0078125,-0.0078125,-0.0078125,-0.0078125]",5.288304556137703,0.109375,0.109375
DSR_Simple_training,nothink,ad,2,A_ONLY,"[0.0,0.0,0.0,0.5,0.0,0.0,0.0,0.5]","[-0.577083725634154,-0.577083725634154,-0.577083725634154,1.7312511769024619,-0.577083725634154,-0.577083725634154,-0.577083725634154,1.7312511769024619]","[-0.015625,-0.015625,-0.015625,0.046875,-0.015625,-0.015625,-0.015625,0.046875]","[-0.015625,-0.015625,-0.015625,0.046875,-0.015625,-0.015625,-0.015625,0.046875]",6.925004707609847,0.1875,0.1875
DSR_Simple_training,nothink,video,13,SINGLE_EXACT,"[0.0,0.5,0.0,0.0,0.0,0.0,8.0,0.0]","[-0.4044027651232127,-0.2140955815358185,-0.4044027651232127,-0.4044027651232127,-0.4044027651232127,-0.4044027651232127,2.640512172275095,-0.4044027651232127]","[-0.1328125,-0.0703125,-0.1328125,-0.1328125,-0.1328125,-0.1328125,0.8671875,-0.1328125]","[-0.1328125,-0.0703125,-0.1328125,-0.1328125,-0.1328125,-0.1328125,0.8671875,-0.1328125]",5.28102434455019,1.734375,1.734375
DSR_Simple_training,nothink,prod,2,A_ONLY,"[0.0,0.0,0.5,0.0,0.0,0.0,0.5,0.5]","[-0.7742768013847241,-0.7742768013847241,1.290461335641207,-0.7742768013847241,-0.7742768013847241,-0.7742768013847241,1.290461335641207,1.290461335641207]","[-0.0234375,-0.0234375,0.0390625,-0.0234375,-0.0234375,-0.0234375,0.0390625,0.0390625]","[-0.0234375,-0.0234375,0.0390625,-0.0234375,-0.0234375,-0.0234375,0.0390625,0.0390625]",7.7427680138472414,0.234375,0.234375
DSR_Simple_training,nothink,ad,5,A_ONLY,"[0.0,0.0,0.0,0.5,0.0,0.0,0.0,0.0]","[-0.3777360397241218,-0.3777360397241218,-0.3777360397241218,2.6441522780688524,-0.3777360397241218,-0.3777360397241218,-0.3777360397241218,-0.3777360397241218]","[-0.0078125,-0.0078125,-0.0078125,0.0546875,-0.0078125,-0.0078125,-0.0078125,-0.0078125]","[-0.0078125,-0.0078125,-0.0078125,0.0546875,-0.0078125,-0.0078125,-0.0078125,-0.0078125]",5.288304556137703,0.109375,0.109375
DSR_Simple_training,nothink,prod,2,ALL_ZERO,"[0.0,0.0,0.0,0.0,0.0,0.0,0.0,0.0]","[0.0,0.0,0.0,0.0,0.0,0.0,0.0,0.0]","[0.0,0.0,0.0,0.0,0.0,0.0,0.0,0.0]","[0.0,0.0,0.0,0.0,0.0,0.0,0.0,0.0]",0.0,0.0,0.0
DSR_Simple_training,nothink,video,19,A_ONLY,"[0.5,0.0,0.5,0.0,0.5,0.0,0.0,0.0]","[1.290461335641207,-0.7742768013847241,1.290461335641207,-0.7742768013847241,1.290461335641207,-0.7742768013847241,-0.7742768013847241,-0.7742768013847241]","[0.0390625,-0.0234375,0.0390625,-0.0234375,0.0390625,-0.0234375,-0.0234375,-0.0234375]","[0.0390625,-0.0234375,0.0390625,-0.0234375,0.0390625,-0.0234375,-0.0234375,-0.0234375]",7.742768013847242,0.234375,0.234375
DSR_Simple_training,nothink,living,2,A_ONLY,"[0.0,0.0,0.5,0.0,0.0,0.0,0.0,0.5]","[-0.577083725634154,-0.577083725634154,1.7312511769024619,-0.577083725634154,-0.577083725634154,-0.577083725634154,-0.577083725634154,1.7312511769024619]","[-0.015625,-0.015625,0.046875,-0.015625,-0.015625,-0.015625,-0.015625,0.046875]","[-0.015625,-0.015625,0.046875,-0.015625,-0.015625,-0.015625,-0.015625,0.046875]",6.9250047076098475,0.1875,0.1875
DSR_Simple_training,nothink,living,2,A_ONLY,"[0.5,0.0,0.5,0.0,0.5,0.5,0.5,0.5]","[0.577083725634154,-1.7312511769024619,0.577083725634154,-1.7312511769024619,0.577083725634154,0.577083725634154,0.577083725634154,0.577083725634154]","[0.015625,-0.046875,0.015625,-0.046875,0.015625,0.015625,0.015625,0.015625]","[0.015625,-0.046875,0.015625,-0.046875,0.015625,0.015625,0.015625,0.015625]",6.925004707609847,0.1875,0.1875
DSR_Simple_training,nothink,ad,2,A_ONLY,"[0.5,0.0,0.0,0.0,0.0,0.0,0.0,0.0]","[2.6441522780688524,-0.3777360397241218,-0.3777360397241218,-0.3777360397241218,-0.3777360397241218,-0.3777360397241218,-0.3777360397241218,-0.3777360397241218]","[0.0546875,-0.0078125,-0.0078125,-0.0078125,-0.0078125,-0.0078125,-0.0078125,-0.0078125]","[0.0546875,-0.0078125,-0.0078125,-0.0078125,-0.0078125,-0.0078125,-0.0078125,-0.0078125]",5.288304556137704,0.109375,0.109375
DSR_Simple_training,nothink,video,11,A_ONLY,"[0.0,0.0,0.0,0.0,0.0,0.0,0.0,0.5]","[-0.3777360397241218,-0.3777360397241218,-0.3777360397241218,-0.3777360397241218,-0.3777360397241218,-0.3777360397241218,-0.3777360397241218,2.6441522780688524]","[-0.0078125,-0.0078125,-0.0078125,-0.0078125,-0.0078125,-0.0078125,-0.0078125,0.0546875]","[-0.0078125,-0.0078125,-0.0078125,-0.0078125,-0.0078125,-0.0078125,-0.0078125,0.0546875]",5.288304556137705,0.109375,0.109375
DSR_Simple_training,nothink,ad,2,SINGLE_EXACT,"[0.0,0.0,0.0,0.0,8.0,0.0,0.0,0.5]","[-0.4044027651232127,-0.4044027651232127,-0.4044027651232127,-0.4044027651232127,2.640512172275095,-0.4044027651232127,-0.4044027651232127,-0.2140955815358185]","[-0.1328125,-0.1328125,-0.1328125,-0.1328125,0.8671875,-0.1328125,-0.1328125,-0.0703125]","[-0.1328125,-0.1328125,-0.1328125,-0.1328125,0.8671875,-0.1328125,-0.1328125,-0.0703125]",5.28102434455019,1.734375,1.734375
DSR_Simple_training,nothink,prod,2,ALL_ZERO,"[0.0,0.0,0.0,0.0,0.0,0.0,0.0,0.0]","[0.0,0.0,0.0,0.0,0.0,0.0,0.0,0.0]","[0.0,0.0,0.0,0.0,0.0,0.0,0.0,0.0]","[0.0,0.0,0.0,0.0,0.0,0.0,0.0,0.0]",0.0,0.0,0.0
DSR_Simple_training,nothink,video,20,ALL_ZERO,"[0.0,0.0,0.0,0.0,0.0,0.0,0.0,0.0]","[0.0,0.0,0.0,0.0,0.0,0.0,0.0,0.0]","[0.0,0.0,0.0,0.0,0.0,0.0,0.0,0.0]","[0.0,0.0,0.0,0.0,0.0,0.0,0.0,0.0]",0.0,0.0,0.0
DSR_Simple_training,nothink,video,14,SINGLE_EXACT,"[0.0,0.5,0.0,0.5,0.0,0.0,8.0,0.0]","[-0.43150042024755897,-0.2397224556930883,-0.43150042024755897,-0.2397224556930883,-0.43150042024755897,-0.43150042024755897,2.6369470126239714,-0.43150042024755897]","[-0.140625,-0.078125,-0.140625,-0.078125,-0.140625,-0.140625,0.859375,-0.140625]","[-0.140625,-0.078125,-0.140625,-0.078125,-0.140625,-0.140625,0.859375,-0.140625]",5.273894025247943,1.71875,1.71875
DSR_Simple_training,nothink,prod,2,MULTI_EXACT,"[0.5,8.0,0.5,0.0,8.0,8.0,8.0,8.0]","[-1.2451156168703763,0.773990788865369,-1.2451156168703763,-1.3797227105860925,0.773990788865369,0.773990788865369,0.773990788865369,0.773990788865369]","[-0.578125,0.359375,-0.578125,-0.640625,0.359375,0.359375,0.359375,0.359375]","[-0.578125,0.359375,-0.578125,-0.640625,0.359375,0.359375,0.359375,0.359375]",7.73990788865369,3.59375,3.59375
DSR_Simple_training,nothink,ad,2,ALL_ZERO,"[0.0,0.0,0.0,0.0,0.0,0.0,0.0,0.0]","[0.0,0.0,0.0,0.0,0.0,0.0,0.0,0.0]","[0.0,0.0,0.0,0.0,0.0,0.0,0.0,0.0]","[0.0,0.0,0.0,0.0,0.0,0.0,0.0,0.0]",0.0,0.0,0.0
DSR_Simple_training,nothink,ad,2,A_ONLY,"[0.5,0.0,0.5,0.0,0.0,0.0,0.5,0.5]","[0.9996001599360256,-0.9996001599360256,0.9996001599360256,-0.9996001599360256,-0.9996001599360256,-0.9996001599360256,0.9996001599360256,0.9996001599360256]","[0.03125,-0.03125,0.03125,-0.03125,-0.03125,-0.03125,0.03125,0.03125]","[0.03125,-0.03125,0.03125,-0.03125,-0.03125,-0.03125,0.03125,0.03125]",7.996801279488204,0.25,0.25
DSR_Simple_training,nothink,ad,2,ALL_ZERO,"[0.0,0.0,0.0,0.0,0.0,0.0,0.0,0.0]","[0.0,0.0,0.0,0.0,0.0,0.0,0.0,0.0]","[0.0,0.0,0.0,0.0,0.0,0.0,0.0,0.0]","[0.0,0.0,0.0,0.0,0.0,0.0,0.0,0.0]",0.0,0.0,0.0
DSR_Simple_training,nothink,ad,2,A_ONLY,"[0.0,0.0,0.0,0.5,0.0,0.0,0.5,0.0]","[-0.577083725634154,-0.577083725634154,-0.577083725634154,1.7312511769024619,-0.577083725634154,-0.577083725634154,1.7312511769024619,-0.577083725634154]","[-0.015625,-0.015625,-0.015625,0.046875,-0.015625,-0.015625,0.046875,-0.015625]","[-0.015625,-0.015625,-0.015625,0.046875,-0.015625,-0.015625,0.046875,-0.015625]",6.925004707609847,0.1875,0.1875
DSR_Simple_training,nothink,ad,2,ALL_ZERO,"[0.0,0.0,0.0,0.0,0.0,0.0,0.0,0.0]","[0.0,0.0,0.0,0.0,0.0,0.0,0.0,0.0]","[0.0,0.0,0.0,0.0,0.0,0.0,0.0,0.0]","[0.0,0.0,0.0,0.0,0.0,0.0,0.0,0.0]",0.0,0.0,0.0
DSR_Simple_training,nothink,ad,2,MULTI_EXACT,"[0.0,8.0,8.0,0.0,8.0,0.0,0.0,8.0]","[-0.9999750006249845,0.9999750006249845,0.9999750006249845,-0.9999750006249845,0.9999750006249845,-0.9999750006249845,-0.9999750006249845,0.9999750006249845]","[-0.5,0.5,0.5,-0.5,0.5,-0.5,-0.5,0.5]","[-0.5,0.5,0.5,-0.5,0.5,-0.5,-0.5,0.5]",7.999800004999876,4.0,4.0
DSR_Simple_training,nothink,living,2,SINGLE_EXACT,"[0.0,0.5,0.5,0.0,0.0,8.0,0.0,0.0]","[-0.43150042024755897,-0.2397224556930883,-0.2397224556930883,-0.43150042024755897,-0.43150042024755897,2.6369470126239714,-0.43150042024755897,-0.43150042024755897]","[-0.140625,-0.078125,-0.078125,-0.140625,-0.140625,0.859375,-0.140625,-0.140625]","[-0.140625,-0.078125,-0.078125,-0.140625,-0.140625,0.859375,-0.140625,-0.140625]",5.273894025247944,1.71875,1.71875
DSR_Simple_training,nothink,video,12,AB_SIGNAL,"[2.0,0.0,0.5,0.5,0.0,0.0,0.5,0.0]","[2.4629349071108626,-0.6896217739910415,0.09851739628443451,0.09851739628443451,-0.6896217739910415,-0.6896217739910415,0.09851739628443451,-0.6896217739910415]","[0.1953125,-0.0546875,0.0078125,0.0078125,-0.0546875,-0.0546875,0.0078125,-0.0546875]","[0.1953125,-0.0546875,0.0078125,0.0078125,-0.0546875,-0.0546875,0.0078125,-0.0546875]",5.516974191928333,0.4375,0.4375
DSR_Simple_training,nothink,living,2,ALL_ZERO,"[0.0,0.0,0.0,0.0,0.0,0.0,0.0,0.0]","[0.0,0.0,0.0,0.0,0.0,0.0,0.0,0.0]","[0.0,0.0,0.0,0.0,0.0,0.0,0.0,0.0]","[0.0,0.0,0.0,0.0,0.0,0.0,0.0,0.0]",0.0,0.0,0.0
DSR_Simple_training,nothink,ad,2,A_ONLY,"[0.0,0.5,0.5,0.0,0.0,0.0,0.0,0.5]","[-0.7742768013847241,1.290461335641207,1.290461335641207,-0.7742768013847241,-0.7742768013847241,-0.7742768013847241,-0.7742768013847241,1.290461335641207]","[-0.0234375,0.0390625,0.0390625,-0.0234375,-0.0234375,-0.0234375,-0.0234375,0.0390625]","[-0.0234375,0.0390625,0.0390625,-0.0234375,-0.0234375,-0.0234375,-0.0234375,0.0390625]",7.742768013847242,0.234375,0.234375
DSR_Simple_training,nothink,video,15,AB_SIGNAL,"[0.0,0.0,0.5,0.0,0.0,0.0,0.5,2.0]","[-0.5772613939839699,-0.5772613939839699,0.19242046466132331,-0.5772613939839699,-0.5772613939839699,-0.5772613939839699,0.19242046466132331,2.501466040597203]","[-0.046875,-0.046875,0.015625,-0.046875,-0.046875,-0.046875,0.015625,0.203125]","[-0.046875,-0.046875,0.015625,-0.046875,-0.046875,-0.046875,0.015625,0.203125]",5.772613939839699,0.46875,0.46875
DSR_Simple_training,nothink,living,2,A_ONLY,"[0.5,0.5,0.5,0.5,0.5,0.0,0.5,0.5]","[0.3777360397241218,0.3777360397241218,0.3777360397241218,0.3777360397241218,0.3777360397241218,-2.6441522780688524,0.3777360397241218,0.3777360397241218]","[0.0078125,0.0078125,0.0078125,0.0078125,0.0078125,-0.0546875,0.0078125,0.0078125]","[0.0078125,0.0078125,0.0078125,0.0078125,0.0078125,-0.0546875,0.0078125,0.0078125]",5.288304556137704,0.109375,0.109375
DSR_Simple_training,nothink,ad,2,ALL_ZERO,"[0.0,0.0,0.0,0.0,0.0,0.0,0.0,0.0]","[0.0,0.0,0.0,0.0,0.0,0.0,0.0,0.0]","[0.0,0.0,0.0,0.0,0.0,0.0,0.0,0.0]","[0.0,0.0,0.0,0.0,0.0,0.0,0.0,0.0]",0.0,0.0,0.0
DSR_Simple_training,nothink,video,13,A_ONLY,"[0.0,0.0,0.0,0.0,0.5,0.0,0.0,0.0]","[-0.3777360397241218,-0.3777360397241218,-0.3777360397241218,-0.3777360397241218,2.6441522780688524,-0.3777360397241218,-0.3777360397241218,-0.3777360397241218]","[-0.0078125,-0.0078125,-0.0078125,-0.0078125,0.0546875,-0.0078125,-0.0078125,-0.0078125]","[-0.0078125,-0.0078125,-0.0078125,-0.0078125,0.0546875,-0.0078125,-0.0078125,-0.0078125]",5.288304556137704,0.109375,0.109375
DSR_Simple_training,nothink,prod,3,ALL_ZERO,"[0.0,0.0,0.0,0.0,0.0,0.0,0.0,0.0]","[0.0,0.0,0.0,0.0,0.0,0.0,0.0,0.0]","[0.0,0.0,0.0,0.0,0.0,0.0,0.0,0.0]","[0.0,0.0,0.0,0.0,0.0,0.0,0.0,0.0]",0.0,0.0,0.0
DSR_Simple_training,nothink,prod,2,ALL_ZERO,"[0.0,0.0,0.0,0.0,0.0,0.0,0.0,0.0]","[0.0,0.0,0.0,0.0,0.0,0.0,0.0,0.0]","[0.0,0.0,0.0,0.0,0.0,0.0,0.0,0.0]","[0.0,0.0,0.0,0.0,0.0,0.0,0.0,0.0]",0.0,0.0,0.0
DSR_Simple_training,nothink,video,20,A_ONLY,"[0.0,0.5,0.5,0.0,0.0,0.5,0.0,0.0]","[-0.7742768013847241,1.290461335641207,1.290461335641207,-0.7742768013847241,-0.7742768013847241,1.290461335641207,-0.7742768013847241,-0.7742768013847241]","[-0.0234375,0.0390625,0.0390625,-0.0234375,-0.0234375,0.0390625,-0.0234375,-0.0234375]","[-0.0234375,0.0390625,0.0390625,-0.0234375,-0.0234375,0.0390625,-0.0234375,-0.0234375]",7.742768013847242,0.234375,0.234375
DSR_Simple_training,nothink,video,14,A_ONLY,"[0.0,0.5,0.0,0.0,0.0,0.0,0.0,0.0]","[-0.3777360397241218,2.6441522780688524,-0.3777360397241218,-0.3777360397241218,-0.3777360397241218,-0.3777360397241218,-0.3777360397241218,-0.3777360397241218]","[-0.0078125,0.0546875,-0.0078125,-0.0078125,-0.0078125,-0.0078125,-0.0078125,-0.0078125]","[-0.0078125,0.0546875,-0.0078125,-0.0078125,-0.0078125,-0.0078125,-0.0078125,-0.0078125]",5.288304556137704,0.109375,0.109375
DSR_Simple_training,nothink,video,20,SINGLE_EXACT,"[0.0,0.0,0.5,0.0,0.5,0.5,0.5,8.0]","[-0.4879309895987328,-0.4879309895987328,-0.2927585937592397,-0.4879309895987328,-0.2927585937592397,-0.2927585937592397,-0.2927585937592397,2.6348273438331575]","[-0.15625,-0.15625,-0.09375,-0.15625,-0.09375,-0.09375,-0.09375,0.84375]","[-0.15625,-0.15625,-0.09375,-0.15625,-0.09375,-0.09375,-0.09375,0.84375]",5.269654687666314,1.6875,1.6875
DSR_Simple_training,nothink,ad,5,ALL_ZERO,"[0.0,0.0,0.0,0.0,0.0,0.0,0.0,0.0]","[0.0,0.0,0.0,0.0,0.0,0.0,0.0,0.0]","[0.0,0.0,0.0,0.0,0.0,0.0,0.0,0.0]","[0.0,0.0,0.0,0.0,0.0,0.0,0.0,0.0]",0.0,0.0,0.0
DSR_Simple_training,nothink,living,2,AB_SIGNAL,"[2.0,0.5,0.5,0.0,0.5,2.0,0.0,0.0]","[1.6651970360641053,-0.23788529086630075,-0.23788529086630075,-0.8722460665097694,-0.23788529086630075,1.6651970360641053,-0.8722460665097694,-0.8722460665097694]","[0.1640625,-0.0234375,-0.0234375,-0.0859375,-0.0234375,0.1640625,-0.0859375,-0.0859375]","[0.1640625,-0.0234375,-0.0234375,-0.0859375,-0.0234375,0.1640625,-0.0859375,-0.0859375]",6.660788144256422,0.65625,0.65625
DSR_Simple_training,nothink,prod,2,SINGLE_EXACT,"[0.0,0.0,0.0,0.0,0.0,0.0,0.0,8.0]","[-0.3779501878348703,-0.3779501878348703,-0.3779501878348703,-0.3779501878348703,-0.3779501878348703,-0.3779501878348703,-0.3779501878348703,2.645651314844092]","[-0.125,-0.125,-0.125,-0.125,-0.125,-0.125,-0.125,0.875]","[-0.125,-0.125,-0.125,-0.125,-0.125,-0.125,-0.125,0.875]",5.291302629688184,1.75,1.75
DSR_Simple_training,nothink,ad,2,ALL_ZERO,"[0.0,0.0,0.0,0.0,0.0,0.0,0.0,0.0]","[0.0,0.0,0.0,0.0,0.0,0.0,0.0,0.0]","[0.0,0.0,0.0,0.0,0.0,0.0,0.0,0.0]","[0.0,0.0,0.0,0.0,0.0,0.0,0.0,0.0]",0.0,0.0,0.0
DSR_Simple_training,nothink,prod,2,ALL_ZERO,"[0.0,0.0,0.0,0.0,0.0,0.0,0.0,0.0]","[0.0,0.0,0.0,0.0,0.0,0.0,0.0,0.0]","[0.0,0.0,0.0,0.0,0.0,0.0,0.0,0.0]","[0.0,0.0,0.0,0.0,0.0,0.0,0.0,0.0]",0.0,0.0,0.0
DSR_Simple_training,nothink,living,2,A_ONLY,"[0.0,0.0,0.0,0.0,0.0,0.5,0.0,0.0]","[-0.3777360397241218,-0.3777360397241218,-0.3777360397241218,-0.3777360397241218,-0.3777360397241218,2.6441522780688524,-0.3777360397241218,-0.3777360397241218]","[-0.0078125,-0.0078125,-0.0078125,-0.0078125,-0.0078125,0.0546875,-0.0078125,-0.0078125]","[-0.0078125,-0.0078125,-0.0078125,-0.0078125,-0.0078125,0.0546875,-0.0078125,-0.0078125]",5.288304556137704,0.109375,0.109375
DSR_Simple_training,nothink,living,2,AB_SIGNAL,"[0.5,0.0,0.5,0.5,0.0,0.5,0.5,2.0]","[-0.10719286583336265,-0.9647357925002639,-0.10719286583336265,-0.10719286583336265,-0.9647357925002639,-0.10719286583336265,-0.10719286583336265,2.465435914167341]","[-0.0078125,-0.0703125,-0.0078125,-0.0078125,-0.0703125,-0.0078125,-0.0078125,0.1796875]","[-0.0078125,-0.0703125,-0.0078125,-0.0078125,-0.0703125,-0.0078125,-0.0078125,0.1796875]",4.930871828334682,0.359375,0.359375
DSR_Simple_training,nothink,living,2,A_ONLY,"[0.0,0.5,0.0,0.5,0.0,0.0,0.5,0.5]","[-0.9996001599360256,0.9996001599360256,-0.9996001599360256,0.9996001599360256,-0.9996001599360256,-0.9996001599360256,0.9996001599360256,0.9996001599360256]","[-0.03125,0.03125,-0.03125,0.03125,-0.03125,-0.03125,0.03125,0.03125]","[-0.03125,0.03125,-0.03125,0.03125,-0.03125,-0.03125,0.03125,0.03125]",7.996801279488204,0.25,0.25
DSR_Simple_training,nothink,video,18,ALL_ZERO,"[0.0,0.0,0.0,0.0,0.0,0.0,0.0,0.0]","[0.0,0.0,0.0,0.0,0.0,0.0,0.0,0.0]","[0.0,0.0,0.0,0.0,0.0,0.0,0.0,0.0]","[0.0,0.0,0.0,0.0,0.0,0.0,0.0,0.0]",0.0,0.0,0.0
DSR_Simple_training,nothink,ad,2,A_ONLY,"[0.5,0.5,0.5,0.5,0.5,0.0,0.5,0.0]","[0.577083725634154,0.577083725634154,0.577083725634154,0.577083725634154,0.577083725634154,-1.7312511769024619,0.577083725634154,-1.7312511769024619]","[0.015625,0.015625,0.015625,0.015625,0.015625,-0.046875,0.015625,-0.046875]","[0.015625,0.015625,0.015625,0.015625,0.015625,-0.046875,0.015625,-0.046875]",6.9250047076098475,0.1875,0.1875
DSR_Simple_training,nothink,ad,2,ALL_ZERO,"[0.0,0.0,0.0,0.0,0.0,0.0,0.0,0.0]","[0.0,0.0,0.0,0.0,0.0,0.0,0.0,0.0]","[0.0,0.0,0.0,0.0,0.0,0.0,0.0,0.0]","[0.0,0.0,0.0,0.0,0.0,0.0,0.0,0.0]",0.0,0.0,0.0
DSR_Simple_training,nothink,video,20,A_ONLY,"[0.0,0.0,0.0,0.0,0.5,0.0,0.0,0.0]","[-0.3777360397241218,-0.3777360397241218,-0.3777360397241218,-0.3777360397241218,2.6441522780688524,-0.3777360397241218,-0.3777360397241218,-0.3777360397241218]","[-0.0078125,-0.0078125,-0.0078125,-0.0078125,0.0546875,-0.0078125,-0.0078125,-0.0078125]","[-0.0078125,-0.0078125,-0.0078125,-0.0078125,0.0546875,-0.0078125,-0.0078125,-0.0078125]",5.288304556137704,0.109375,0.109375
DSR_Simple_training,nothink,prod,3,A_ONLY,"[0.0,0.0,0.5,0.5,0.5,0.5,0.0,0.0]","[-0.9996001599360256,-0.9996001599360256,0.9996001599360256,0.9996001599360256,0.9996001599360256,0.9996001599360256,-0.9996001599360256,-0.9996001599360256]","[-0.03125,-0.03125,0.03125,0.03125,0.03125,0.03125,-0.03125,-0.03125]","[-0.03125,-0.03125,0.03125,0.03125,0.03125,0.03125,-0.03125,-0.03125]",7.996801279488204,0.25,0.25
DSR_Simple_training,nothink,living,2,AB_SIGNAL,"[0.0,0.5,0.5,0.5,2.0,0.0,0.0,0.5]","[-0.81636326936408,0.0,0.0,0.0,2.44908980809224,-0.81636326936408,-0.81636326936408,0.0]","[-0.0625,0.0,0.0,0.0,0.1875,-0.0625,-0.0625,0.0]","[-0.0625,0.0,0.0,0.0,0.1875,-0.0625,-0.0625,0.0]",4.89817961618448,0.375,0.375
DSR_Simple_training,nothink,video,15,ALL_ZERO,"[0.0,0.0,0.0,0.0,0.0,0.0,0.0,0.0]","[0.0,0.0,0.0,0.0,0.0,0.0,0.0,0.0]","[0.0,0.0,0.0,0.0,0.0,0.0,0.0,0.0]","[0.0,0.0,0.0,0.0,0.0,0.0,0.0,0.0]",0.0,0.0,0.0
DSR_Simple_training,nothink,ad,2,SINGLE_EXACT,"[0.5,0.0,0.0,0.0,0.0,0.0,8.0,0.0]","[-0.2140955815358185,-0.4044027651232127,-0.4044027651232127,-0.4044027651232127,-0.4044027651232127,-0.4044027651232127,2.640512172275095,-0.4044027651232127]","[-0.0703125,-0.1328125,-0.1328125,-0.1328125,-0.1328125,-0.1328125,0.8671875,-0.1328125]","[-0.0703125,-0.1328125,-0.1328125,-0.1328125,-0.1328125,-0.1328125,0.8671875,-0.1328125]",5.28102434455019,1.734375,1.734375
DSR_Simple_training,nothink,video,16,AB_SIGNAL,"[0.0,0.0,0.0,0.0,0.5,2.0,0.0,0.0]","[-0.47450693674776084,-0.47450693674776084,-0.47450693674776084,-0.47450693674776084,0.2847041620486565,2.562337458437909,-0.47450693674776084,-0.47450693674776084]","[-0.0390625,-0.0390625,-0.0390625,-0.0390625,0.0234375,0.2109375,-0.0390625,-0.0390625]","[-0.0390625,-0.0390625,-0.0390625,-0.0390625,0.0234375,0.2109375,-0.0390625,-0.0390625]",5.69408324097313,0.46875,0.46875
DSR_Simple_training,nothink,living,2,ALL_ZERO,"[0.0,0.0,0.0,0.0,0.0,0.0,0.0,0.0]","[0.0,0.0,0.0,0.0,0.0,0.0,0.0,0.0]","[0.0,0.0,0.0,0.0,0.0,0.0,0.0,0.0]","[0.0,0.0,0.0,0.0,0.0,0.0,0.0,0.0]",0.0,0.0,0.0
DSR_Simple_training,nothink,living,2,ALL_ZERO,"[0.0,0.0,0.0,0.0,0.0,0.0,0.0,0.0]","[0.0,0.0,0.0,0.0,0.0,0.0,0.0,0.0]","[0.0,0.0,0.0,0.0,0.0,0.0,0.0,0.0]","[0.0,0.0,0.0,0.0,0.0,0.0,0.0,0.0]",0.0,0.0,0.0
DSR_Simple_training,nothink,ad,2,A_ONLY,"[0.0,0.0,0.5,0.5,0.5,0.0,0.0,0.0]","[-0.7742768013847241,-0.7742768013847241,1.290461335641207,1.290461335641207,1.290461335641207,-0.7742768013847241,-0.7742768013847241,-0.7742768013847241]","[-0.0234375,-0.0234375,0.0390625,0.0390625,0.0390625,-0.0234375,-0.0234375,-0.0234375]","[-0.0234375,-0.0234375,0.0390625,0.0390625,0.0390625,-0.0234375,-0.0234375,-0.0234375]",7.742768013847242,0.234375,0.234375
DSR_Simple_training,nothink,ad,3,A_ONLY,"[0.0,0.0,0.0,0.0,0.0,0.0,0.5,0.0]","[-0.3777360397241218,-0.3777360397241218,-0.3777360397241218,-0.3777360397241218,-0.3777360397241218,-0.3777360397241218,2.6441522780688524,-0.3777360397241218]","[-0.0078125,-0.0078125,-0.0078125,-0.0078125,-0.0078125,-0.0078125,0.0546875,-0.0078125]","[-0.0078125,-0.0078125,-0.0078125,-0.0078125,-0.0078125,-0.0078125,0.0546875,-0.0078125]",5.288304556137705,0.109375,0.109375
DSR_Simple_training,nothink,video,13,ALL_ZERO,"[0.0,0.0,0.0,0.0,0.0,0.0,0.0,0.0]","[0.0,0.0,0.0,0.0,0.0,0.0,0.0,0.0]","[0.0,0.0,0.0,0.0,0.0,0.0,0.0,0.0]","[0.0,0.0,0.0,0.0,0.0,0.0,0.0,0.0]",0.0,0.0,0.0
DSR_Simple_training,nothink,video,17,A_ONLY,"[0.0,0.0,0.0,0.0,0.5,0.0,0.0,0.5]","[-0.577083725634154,-0.577083725634154,-0.577083725634154,-0.577083725634154,1.7312511769024619,-0.577083725634154,-0.577083725634154,1.7312511769024619]","[-0.015625,-0.015625,-0.015625,-0.015625,0.046875,-0.015625,-0.015625,0.046875]","[-0.015625,-0.015625,-0.015625,-0.015625,0.046875,-0.015625,-0.015625,0.046875]",6.925004707609847,0.1875,0.1875
DSR_Simple_training,nothink,ad,2,ALL_ZERO,"[0.0,0.0,0.0,0.0,0.0,0.0,0.0,0.0]","[0.0,0.0,0.0,0.0,0.0,0.0,0.0,0.0]","[0.0,0.0,0.0,0.0,0.0,0.0,0.0,0.0]","[0.0,0.0,0.0,0.0,0.0,0.0,0.0,0.0]",0.0,0.0,0.0
DSR_Simple_training,nothink,ad,2,SINGLE_EXACT,"[0.0,0.0,8.0,0.0,0.0,0.0,0.0,2.0]","[-0.47456098054228335,-0.47456098054228335,2.56262929492833,-0.47456098054228335,-0.47456098054228335,-0.47456098054228335,-0.47456098054228335,0.28473658832537]","[-0.15625,-0.15625,0.84375,-0.15625,-0.15625,-0.15625,-0.15625,0.09375]","[-0.15625,-0.15625,0.84375,-0.15625,-0.15625,-0.15625,-0.15625,0.09375]",5.6947317665074,1.875,1.875
DSR_Simple_training,nothink,video,12,SINGLE_EXACT,"[0.5,2.0,0.5,2.0,8.0,0.5,0.5,0.5]","[-0.5416539084070522,0.07737912977243602,-0.5416539084070522,0.07737912977243602,2.5535112824903887,-0.5416539084070522,-0.5416539084070522,-0.5416539084070522]","[-0.1640625,0.0234375,-0.1640625,0.0234375,0.7734375,-0.1640625,-0.1640625,-0.1640625]","[-0.1640625,0.0234375,-0.1640625,0.0234375,0.7734375,-0.1640625,-0.1640625,-0.1640625]",5.416539084070521,1.640625,1.640625
DSR_Simple_training,nothink,video,20,SINGLE_EXACT,"[0.5,0.5,0.0,8.0,0.0,0.0,0.5,0.0]","[-0.2659199263819851,-0.2659199263819851,-0.45931623647797426,2.6350247250578525,-0.45931623647797426,-0.45931623647797426,-0.2659199263819851,-0.45931623647797426]","[-0.0859375,-0.0859375,-0.1484375,0.8515625,-0.1484375,-0.1484375,-0.0859375,-0.1484375]","[-0.0859375,-0.0859375,-0.1484375,0.8515625,-0.1484375,-0.1484375,-0.0859375,-0.1484375]",5.270049450115705,1.703125,1.703125
DSR_Simple_training,nothink,video,11,A_ONLY,"[0.5,0.0,0.0,0.0,0.0,0.0,0.0,0.0]","[2.6441522780688524,-0.3777360397241218,-0.3777360397241218,-0.3777360397241218,-0.3777360397241218,-0.3777360397241218,-0.3777360397241218,-0.3777360397241218]","[0.0546875,-0.0078125,-0.0078125,-0.0078125,-0.0078125,-0.0078125,-0.0078125,-0.0078125]","[0.0546875,-0.0078125,-0.0078125,-0.0078125,-0.0078125,-0.0078125,-0.0078125,-0.0078125]",5.288304556137704,0.109375,0.109375
DSR_Simple_training,nothink,prod,2,ALL_ZERO,"[0.0,0.0,0.0,0.0,0.0,0.0,0.0,0.0]","[0.0,0.0,0.0,0.0,0.0,0.0,0.0,0.0]","[0.0,0.0,0.0,0.0,0.0,0.0,0.0,0.0]","[0.0,0.0,0.0,0.0,0.0,0.0,0.0,0.0]",0.0,0.0,0.0
DSR_Simple_training,nothink,video,16,AB_SIGNAL,"[0.0,0.5,0.0,2.0,0.5,0.5,2.0,0.5]","[-0.9998666844420744,-0.3332888948140248,-0.9998666844420744,1.666444474070124,-0.3332888948140248,-0.3332888948140248,1.666444474070124,-0.3332888948140248]","[-0.09375,-0.03125,-0.09375,0.15625,-0.03125,-0.03125,0.15625,-0.03125]","[-0.09375,-0.03125,-0.09375,0.15625,-0.03125,-0.03125,0.15625,-0.03125]",6.665777896280497,0.625,0.625
DSR_Simple_training,nothink,video,16,A_ONLY,"[0.5,0.0,0.0,0.5,0.0,0.0,0.0,0.5]","[1.290461335641207,-0.7742768013847241,-0.7742768013847241,1.290461335641207,-0.7742768013847241,-0.7742768013847241,-0.7742768013847241,1.290461335641207]","[0.0390625,-0.0234375,-0.0234375,0.0390625,-0.0234375,-0.0234375,-0.0234375,0.0390625]","[0.0390625,-0.0234375,-0.0234375,0.0390625,-0.0234375,-0.0234375,-0.0234375,0.0390625]",7.742768013847242,0.234375,0.234375
DSR_Simple_training,nothink,prod,2,ALL_ZERO,"[0.0,0.0,0.0,0.0,0.0,0.0,0.0,0.0]","[0.0,0.0,0.0,0.0,0.0,0.0,0.0,0.0]","[0.0,0.0,0.0,0.0,0.0,0.0,0.0,0.0]","[0.0,0.0,0.0,0.0,0.0,0.0,0.0,0.0]",0.0,0.0,0.0
DSR_Simple_training,nothink,video,14,A_ONLY,"[0.0,0.0,0.5,0.0,0.5,0.0,0.0,0.0]","[-0.577083725634154,-0.577083725634154,1.7312511769024619,-0.577083725634154,1.7312511769024619,-0.577083725634154,-0.577083725634154,-0.577083725634154]","[-0.015625,-0.015625,0.046875,-0.015625,0.046875,-0.015625,-0.015625,-0.015625]","[-0.015625,-0.015625,0.046875,-0.015625,0.046875,-0.015625,-0.015625,-0.015625]",6.9250047076098475,0.1875,0.1875
DSR_Simple_training,nothink,prod,2,A_ONLY,"[0.5,0.5,0.5,0.5,0.5,0.5,0.0,0.0]","[0.577083725634154,0.577083725634154,0.577083725634154,0.577083725634154,0.577083725634154,0.577083725634154,-1.7312511769024619,-1.7312511769024619]","[0.015625,0.015625,0.015625,0.015625,0.015625,0.015625,-0.046875,-0.046875]","[0.015625,0.015625,0.015625,0.015625,0.015625,0.015625,-0.046875,-0.046875]",6.925004707609848,0.1875,0.1875
DSR_Simple_training,nothink,video,12,A_ONLY,"[0.5,0.5,0.0,0.0,0.0,0.5,0.5,0.5]","[0.7742768013847241,0.7742768013847241,-1.290461335641207,-1.290461335641207,-1.290461335641207,0.7742768013847241,0.7742768013847241,0.7742768013847241]","[0.0234375,0.0234375,-0.0390625,-0.0390625,-0.0390625,0.0234375,0.0234375,0.0234375]","[0.0234375,0.0234375,-0.0390625,-0.0390625,-0.0390625,0.0234375,0.0234375,0.0234375]",7.742768013847242,0.234375,0.234375
DSR_Simple_training,nothink,ad,2,A_ONLY,"[0.0,0.0,0.5,0.0,0.5,0.0,0.0,0.0]","[-0.577083725634154,-0.577083725634154,1.7312511769024619,-0.577083725634154,1.7312511769024619,-0.577083725634154,-0.577083725634154,-0.577083725634154]","[-0.015625,-0.015625,0.046875,-0.015625,0.046875,-0.015625,-0.015625,-0.015625]","[-0.015625,-0.015625,0.046875,-0.015625,0.046875,-0.015625,-0.015625,-0.015625]",6.9250047076098475,0.1875,0.1875
DSR_Simple_training,nothink,video,19,ALL_ZERO,"[0.0,0.0,0.0,0.0,0.0,0.0,0.0,0.0]","[0.0,0.0,0.0,0.0,0.0,0.0,0.0,0.0]","[0.0,0.0,0.0,0.0,0.0,0.0,0.0,0.0]","[0.0,0.0,0.0,0.0,0.0,0.0,0.0,0.0]",0.0,0.0,0.0
DSR_Simple_training,nothink,video,12,A_ONLY,"[0.0,0.0,0.0,0.0,0.0,0.5,0.5,0.5]","[-0.7742768013847241,-0.7742768013847241,-0.7742768013847241,-0.7742768013847241,-0.7742768013847241,1.290461335641207,1.290461335641207,1.290461335641207]","[-0.0234375,-0.0234375,-0.0234375,-0.0234375,-0.0234375,0.0390625,0.0390625,0.0390625]","[-0.0234375,-0.0234375,-0.0234375,-0.0234375,-0.0234375,0.0390625,0.0390625,0.0390625]",7.7427680138472414,0.234375,0.234375
DSR_Simple_training,nothink,video,16,A_ONLY,"[0.0,0.0,0.5,0.0,0.0,0.5,0.0,0.0]","[-0.577083725634154,-0.577083725634154,1.7312511769024619,-0.577083725634154,-0.577083725634154,1.7312511769024619,-0.577083725634154,-0.577083725634154]","[-0.015625,-0.015625,0.046875,-0.015625,-0.015625,0.046875,-0.015625,-0.015625]","[-0.015625,-0.015625,0.046875,-0.015625,-0.015625,0.046875,-0.015625,-0.015625]",6.9250047076098475,0.1875,0.1875
DSR_Simple_training,nothink,ad,3,AB_SIGNAL,"[0.0,0.5,2.0,0.0,0.0,0.5,0.5,0.5]","[-0.81636326936408,0.0,2.44908980809224,-0.81636326936408,-0.81636326936408,0.0,0.0,0.0]","[-0.0625,0.0,0.1875,-0.0625,-0.0625,0.0,0.0,0.0]","[-0.0625,0.0,0.1875,-0.0625,-0.0625,0.0,0.0,0.0]",4.89817961618448,0.375,0.375
DSR_Simple_training,nothink,ad,5,MULTI_EXACT,"[0.5,8.0,0.5,8.0,0.0,0.0,2.0,0.0]","[-0.5673349389916493,1.702004816974948,-0.5673349389916493,1.702004816974948,-0.7186242560560892,-0.7186242560560892,-0.11346698779832987,-0.7186242560560892]","[-0.234375,0.703125,-0.234375,0.703125,-0.296875,-0.296875,-0.046875,-0.296875]","[-0.234375,0.703125,-0.234375,0.703125,-0.296875,-0.296875,-0.046875,-0.296875]",6.808019267899793,2.8125,2.8125
DSR_Simple_training,nothink,video,13,A_ONLY,"[0.5,0.0,0.0,0.0,0.0,0.5,0.0,0.0]","[1.7312511769024619,-0.577083725634154,-0.577083725634154,-0.577083725634154,-0.577083725634154,1.7312511769024619,-0.577083725634154,-0.577083725634154]","[0.046875,-0.015625,-0.015625,-0.015625,-0.015625,0.046875,-0.015625,-0.015625]","[0.046875,-0.015625,-0.015625,-0.015625,-0.015625,0.046875,-0.015625,-0.015625]",6.9250047076098475,0.1875,0.1875
DSR_Simple_training,nothink,prod,3,ALL_ZERO,"[0.0,0.0,0.0,0.0,0.0,0.0,0.0,0.0]","[0.0,0.0,0.0,0.0,0.0,0.0,0.0,0.0]","[0.0,0.0,0.0,0.0,0.0,0.0,0.0,0.0]","[0.0,0.0,0.0,0.0,0.0,0.0,0.0,0.0]",0.0,0.0,0.0
DSR_Simple_training,nothink,video,20,A_ONLY,"[0.5,0.0,0.5,0.0,0.0,0.5,0.0,0.0]","[1.290461335641207,-0.7742768013847241,1.290461335641207,-0.7742768013847241,-0.7742768013847241,1.290461335641207,-0.7742768013847241,-0.7742768013847241]","[0.0390625,-0.0234375,0.0390625,-0.0234375,-0.0234375,0.0390625,-0.0234375,-0.0234375]","[0.0390625,-0.0234375,0.0390625,-0.0234375,-0.0234375,0.0390625,-0.0234375,-0.0234375]",7.742768013847242,0.234375,0.234375
DSR_Simple_training,nothink,prod,2,ALL_ZERO,"[0.0,0.0,0.0,0.0,0.0,0.0,0.0,0.0]","[0.0,0.0,0.0,0.0,0.0,0.0,0.0,0.0]","[0.0,0.0,0.0,0.0,0.0,0.0,0.0,0.0]","[0.0,0.0,0.0,0.0,0.0,0.0,0.0,0.0]",0.0,0.0,0.0
DSR_Simple_training,nothink,ad,4,A_ONLY,"[0.0,0.0,0.0,0.5,0.0,0.0,0.5,0.0]","[-0.577083725634154,-0.577083725634154,-0.577083725634154,1.7312511769024619,-0.577083725634154,-0.577083725634154,1.7312511769024619,-0.577083725634154]","[-0.015625,-0.015625,-0.015625,0.046875,-0.015625,-0.015625,0.046875,-0.015625]","[-0.015625,-0.015625,-0.015625,0.046875,-0.015625,-0.015625,0.046875,-0.015625]",6.925004707609847,0.1875,0.1875
DSR_Simple_training,nothink,video,14,A_ONLY,"[0.0,0.0,0.0,0.0,0.0,0.5,0.0,0.5]","[-0.577083725634154,-0.577083725634154,-0.577083725634154,-0.577083725634154,-0.577083725634154,1.7312511769024619,-0.577083725634154,1.7312511769024619]","[-0.015625,-0.015625,-0.015625,-0.015625,-0.015625,0.046875,-0.015625,0.046875]","[-0.015625,-0.015625,-0.015625,-0.015625,-0.015625,0.046875,-0.015625,0.046875]",6.9250047076098475,0.1875,0.1875
DSR_Simple_training,nothink,living,2,A_ONLY,"[0.0,0.0,0.0,0.0,0.0,0.5,0.0,0.0]","[-0.3777360397241218,-0.3777360397241218,-0.3777360397241218,-0.3777360397241218,-0.3777360397241218,2.6441522780688524,-0.3777360397241218,-0.3777360397241218]","[-0.0078125,-0.0078125,-0.0078125,-0.0078125,-0.0078125,0.0546875,-0.0078125,-0.0078125]","[-0.0078125,-0.0078125,-0.0078125,-0.0078125,-0.0078125,0.0546875,-0.0078125,-0.0078125]",5.288304556137704,0.109375,0.109375
DSR_Simple_training,nothink,ad,2,ALL_ZERO,"[0.0,0.0,0.0,0.0,0.0,0.0,0.0,0.0]","[0.0,0.0,0.0,0.0,0.0,0.0,0.0,0.0]","[0.0,0.0,0.0,0.0,0.0,0.0,0.0,0.0]","[0.0,0.0,0.0,0.0,0.0,0.0,0.0,0.0]",0.0,0.0,0.0
DSR_Simple_training,nothink,video,13,A_ONLY,"[0.5,0.0,0.0,0.0,0.0,0.0,0.5,0.0]","[1.7312511769024619,-0.577083725634154,-0.577083725634154,-0.577083725634154,-0.577083725634154,-0.577083725634154,1.7312511769024619,-0.577083725634154]","[0.046875,-0.015625,-0.015625,-0.015625,-0.015625,-0.015625,0.046875,-0.015625]","[0.046875,-0.015625,-0.015625,-0.015625,-0.015625,-0.015625,0.046875,-0.015625]",6.9250047076098475,0.1875,0.1875
DSR_Simple_training,nothink,video,12,A_ONLY,"[0.0,0.0,0.0,0.0,0.5,0.0,0.5,0.0]","[-0.577083725634154,-0.577083725634154,-0.577083725634154,-0.577083725634154,1.7312511769024619,-0.577083725634154,1.7312511769024619,-0.577083725634154]","[-0.015625,-0.015625,-0.015625,-0.015625,0.046875,-0.015625,0.046875,-0.015625]","[-0.015625,-0.015625,-0.015625,-0.015625,0.046875,-0.015625,0.046875,-0.015625]",6.925004707609847,0.1875,0.1875
DSR_Simple_training,nothink,prod,4,A_ONLY,"[0.0,0.0,0.0,0.0,0.5,0.0,0.0,0.5]","[-0.577083725634154,-0.577083725634154,-0.577083725634154,-0.577083725634154,1.7312511769024619,-0.577083725634154,-0.577083725634154,1.7312511769024619]","[-0.015625,-0.015625,-0.015625,-0.015625,0.046875,-0.015625,-0.015625,0.046875]","[-0.015625,-0.015625,-0.015625,-0.015625,0.046875,-0.015625,-0.015625,0.046875]",6.925004707609847,0.1875,0.1875
DSR_Simple_training,nothink,ad,2,A_ONLY,"[0.5,0.0,0.0,0.0,0.5,0.5,0.5,0.0]","[0.9996001599360256,-0.9996001599360256,-0.9996001599360256,-0.9996001599360256,0.9996001599360256,0.9996001599360256,0.9996001599360256,-0.9996001599360256]","[0.03125,-0.03125,-0.03125,-0.03125,0.03125,0.03125,0.03125,-0.03125]","[0.03125,-0.03125,-0.03125,-0.03125,0.03125,0.03125,0.03125,-0.03125]",7.996801279488204,0.25,0.25
DSR_Simple_training,nothink,ad,5,ALL_ZERO,"[0.0,0.0,0.0,0.0,0.0,0.0,0.0,0.0]","[0.0,0.0,0.0,0.0,0.0,0.0,0.0,0.0]","[0.0,0.0,0.0,0.0,0.0,0.0,0.0,0.0]","[0.0,0.0,0.0,0.0,0.0,0.0,0.0,0.0]",0.0,0.0,0.0
DSR_Simple_training,nothink,video,11,A_ONLY,"[0.0,0.0,0.0,0.0,0.0,0.0,0.0,0.5]","[-0.3777360397241218,-0.3777360397241218,-0.3777360397241218,-0.3777360397241218,-0.3777360397241218,-0.3777360397241218,-0.3777360397241218,2.6441522780688524]","[-0.0078125,-0.0078125,-0.0078125,-0.0078125,-0.0078125,-0.0078125,-0.0078125,0.0546875]","[-0.0078125,-0.0078125,-0.0078125,-0.0078125,-0.0078125,-0.0078125,-0.0078125,0.0546875]",5.288304556137705,0.109375,0.109375
DSR_Simple_training,nothink,prod,2,ALL_ZERO,"[0.0,0.0,0.0,0.0,0.0,0.0,0.0,0.0]","[0.0,0.0,0.0,0.0,0.0,0.0,0.0,0.0]","[0.0,0.0,0.0,0.0,0.0,0.0,0.0,0.0]","[0.0,0.0,0.0,0.0,0.0,0.0,0.0,0.0]",0.0,0.0,0.0
DSR_Simple_training,nothink,video,12,ALL_ZERO,"[0.0,0.0,0.0,0.0,0.0,0.0,0.0,0.0]","[0.0,0.0,0.0,0.0,0.0,0.0,0.0,0.0]","[0.0,0.0,0.0,0.0,0.0,0.0,0.0,0.0]","[0.0,0.0,0.0,0.0,0.0,0.0,0.0,0.0]",0.0,0.0,0.0
DSR_Simple_training,nothink,video,16,A_ONLY,"[0.0,0.0,0.5,0.5,0.0,0.5,0.0,0.0]","[-0.7742768013847241,-0.7742768013847241,1.290461335641207,1.290461335641207,-0.7742768013847241,1.290461335641207,-0.7742768013847241,-0.7742768013847241]","[-0.0234375,-0.0234375,0.0390625,0.0390625,-0.0234375,0.0390625,-0.0234375,-0.0234375]","[-0.0234375,-0.0234375,0.0390625,0.0390625,-0.0234375,0.0390625,-0.0234375,-0.0234375]",7.742768013847242,0.234375,0.234375
DSR_Simple_training,nothink,living,3,AB_SIGNAL,"[0.0,2.0,0.5,0.5,0.5,0.5,0.0,0.5]","[-0.9647357925002639,2.465435914167341,-0.10719286583336265,-0.10719286583336265,-0.10719286583336265,-0.10719286583336265,-0.9647357925002639,-0.10719286583336265]","[-0.0703125,0.1796875,-0.0078125,-0.0078125,-0.0078125,-0.0078125,-0.0703125,-0.0078125]","[-0.0703125,0.1796875,-0.0078125,-0.0078125,-0.0078125,-0.0078125,-0.0703125,-0.0078125]",4.930871828334682,0.359375,0.359375
DSR_Simple_training,nothink,video,12,A_ONLY,"[0.0,0.0,0.0,0.0,0.0,0.0,0.5,0.0]","[-0.3777360397241218,-0.3777360397241218,-0.3777360397241218,-0.3777360397241218,-0.3777360397241218,-0.3777360397241218,2.6441522780688524,-0.3777360397241218]","[-0.0078125,-0.0078125,-0.0078125,-0.0078125,-0.0078125,-0.0078125,0.0546875,-0.0078125]","[-0.0078125,-0.0078125,-0.0078125,-0.0078125,-0.0078125,-0.0078125,0.0546875,-0.0078125]",5.288304556137705,0.109375,0.109375
DSR_Simple_training,nothink,living,2,A_ONLY,"[0.5,0.0,0.0,0.5,0.5,0.5,0.0,0.5]","[0.7742768013847241,-1.290461335641207,-1.290461335641207,0.7742768013847241,0.7742768013847241,0.7742768013847241,-1.290461335641207,0.7742768013847241]","[0.0234375,-0.0390625,-0.0390625,0.0234375,0.0234375,0.0234375,-0.0390625,0.0234375]","[0.0234375,-0.0390625,-0.0390625,0.0234375,0.0234375,0.0234375,-0.0390625,0.0234375]",7.742768013847242,0.234375,0.234375
DSR_Simple_training,nothink,prod,2,A_ONLY,"[0.5,0.5,0.5,0.5,0.5,0.5,0.0,0.5]","[0.3777360397241218,0.3777360397241218,0.3777360397241218,0.3777360397241218,0.3777360397241218,0.3777360397241218,-2.6441522780688524,0.3777360397241218]","[0.0078125,0.0078125,0.0078125,0.0078125,0.0078125,0.0078125,-0.0546875,0.0078125]","[0.0078125,0.0078125,0.0078125,0.0078125,0.0078125,0.0078125,-0.0546875,0.0078125]",5.288304556137705,0.109375,0.109375
DSR_Simple_training,nothink,prod,2,ALL_ZERO,"[0.0,0.0,0.0,0.0,0.0,0.0,0.0,0.0]","[0.0,0.0,0.0,0.0,0.0,0.0,0.0,0.0]","[0.0,0.0,0.0,0.0,0.0,0.0,0.0,0.0]","[0.0,0.0,0.0,0.0,0.0,0.0,0.0,0.0]",0.0,0.0,0.0
DSR_Simple_training,nothink,video,12,A_ONLY,"[0.0,0.5,0.5,0.5,0.0,0.5,0.0,0.5]","[-1.290461335641207,0.7742768013847241,0.7742768013847241,0.7742768013847241,-1.290461335641207,0.7742768013847241,-1.290461335641207,0.7742768013847241]","[-0.0390625,0.0234375,0.0234375,0.0234375,-0.0390625,0.0234375,-0.0390625,0.0234375]","[-0.0390625,0.0234375,0.0234375,0.0234375,-0.0390625,0.0234375,-0.0390625,0.0234375]",7.742768013847242,0.234375,0.234375
DSR_Simple_training,nothink,living,2,A_ONLY,"[0.0,0.0,0.0,0.0,0.5,0.0,0.0,0.0]","[-0.3777360397241218,-0.3777360397241218,-0.3777360397241218,-0.3777360397241218,2.6441522780688524,-0.3777360397241218,-0.3777360397241218,-0.3777360397241218]","[-0.0078125,-0.0078125,-0.0078125,-0.0078125,0.0546875,-0.0078125,-0.0078125,-0.0078125]","[-0.0078125,-0.0078125,-0.0078125,-0.0078125,0.0546875,-0.0078125,-0.0078125,-0.0078125]",5.288304556137704,0.109375,0.109375
DSR_Simple_training,nothink,ad,2,SINGLE_EXACT,"[0.5,2.0,8.0,0.0,0.0,0.0,0.5,0.0]","[-0.338740628700695,0.24195759192906785,2.564750474448119,-0.5323067022439493,-0.5323067022439493,-0.5323067022439493,-0.338740628700695,-0.5323067022439493]","[-0.109375,0.078125,0.828125,-0.171875,-0.171875,-0.171875,-0.109375,-0.171875]","[-0.109375,0.078125,0.828125,-0.171875,-0.171875,-0.171875,-0.109375,-0.171875]",5.613416132754374,1.8125,1.8125
DSR_Simple_training,nothink,ad,2,A_ONLY,"[0.5,0.5,0.5,0.0,0.5,0.0,0.5,0.5]","[0.577083725634154,0.577083725634154,0.577083725634154,-1.7312511769024619,0.577083725634154,-1.7312511769024619,0.577083725634154,0.577083725634154]","[0.015625,0.015625,0.015625,-0.046875,0.015625,-0.046875,0.015625,0.015625]","[0.015625,0.015625,0.015625,-0.046875,0.015625,-0.046875,0.015625,0.015625]",6.925004707609847,0.1875,0.1875
DSR_Simple_training,nothink,video,18,A_ONLY,"[0.5,0.5,0.0,0.0,0.5,0.5,0.5,0.0]","[0.7742768013847241,0.7742768013847241,-1.290461335641207,-1.290461335641207,0.7742768013847241,0.7742768013847241,0.7742768013847241,-1.290461335641207]","[0.0234375,0.0234375,-0.0390625,-0.0390625,0.0234375,0.0234375,0.0234375,-0.0390625]","[0.0234375,0.0234375,-0.0390625,-0.0390625,0.0234375,0.0234375,0.0234375,-0.0390625]",7.742768013847242,0.234375,0.234375
DSR_Simple_training,nothink,video,11,ALL_ZERO,"[0.0,0.0,0.0,0.0,0.0,0.0,0.0,0.0]","[0.0,0.0,0.0,0.0,0.0,0.0,0.0,0.0]","[0.0,0.0,0.0,0.0,0.0,0.0,0.0,0.0]","[0.0,0.0,0.0,0.0,0.0,0.0,0.0,0.0]",0.0,0.0,0.0
DSR_Simple_training,nothink,video,20,A_ONLY,"[0.0,0.0,0.5,0.0,0.0,0.0,0.0,0.0]","[-0.3777360397241218,-0.3777360397241218,2.6441522780688524,-0.3777360397241218,-0.3777360397241218,-0.3777360397241218,-0.3777360397241218,-0.3777360397241218]","[-0.0078125,-0.0078125,0.0546875,-0.0078125,-0.0078125,-0.0078125,-0.0078125,-0.0078125]","[-0.0078125,-0.0078125,0.0546875,-0.0078125,-0.0078125,-0.0078125,-0.0078125,-0.0078125]",5.288304556137704,0.109375,0.109375
DSR_Simple_training,nothink,ad,2,A_ONLY,"[0.0,0.0,0.5,0.5,0.0,0.0,0.0,0.0]","[-0.577083725634154,-0.577083725634154,1.7312511769024619,1.7312511769024619,-0.577083725634154,-0.577083725634154,-0.577083725634154,-0.577083725634154]","[-0.015625,-0.015625,0.046875,0.046875,-0.015625,-0.015625,-0.015625,-0.015625]","[-0.015625,-0.015625,0.046875,0.046875,-0.015625,-0.015625,-0.015625,-0.015625]",6.925004707609847,0.1875,0.1875
DSR_Simple_training,nothink,video,20,SINGLE_EXACT,"[0.5,0.5,0.0,0.0,0.5,0.0,8.0,0.5]","[-0.2927585937592397,-0.2927585937592397,-0.4879309895987328,-0.4879309895987328,-0.2927585937592397,-0.4879309895987328,2.6348273438331575,-0.2927585937592397]","[-0.09375,-0.09375,-0.15625,-0.15625,-0.09375,-0.15625,0.84375,-0.09375]","[-0.09375,-0.09375,-0.15625,-0.15625,-0.09375,-0.15625,0.84375,-0.09375]",5.269654687666315,1.6875,1.6875
DSR_Simple_training,nothink,prod,4,A_ONLY,"[0.0,0.0,0.0,0.0,0.0,0.5,0.0,0.0]","[-0.3777360397241218,-0.3777360397241218,-0.3777360397241218,-0.3777360397241218,-0.3777360397241218,2.6441522780688524,-0.3777360397241218,-0.3777360397241218]","[-0.0078125,-0.0078125,-0.0078125,-0.0078125,-0.0078125,0.0546875,-0.0078125,-0.0078125]","[-0.0078125,-0.0078125,-0.0078125,-0.0078125,-0.0078125,0.0546875,-0.0078125,-0.0078125]",5.288304556137704,0.109375,0.109375
DSR_Simple_training,nothink,ad,2,ALL_ZERO,"[0.0,0.0,0.0,0.0,0.0,0.0,0.0,0.0]","[0.0,0.0,0.0,0.0,0.0,0.0,0.0,0.0]","[0.0,0.0,0.0,0.0,0.0,0.0,0.0,0.0]","[0.0,0.0,0.0,0.0,0.0,0.0,0.0,0.0]",0.0,0.0,0.0
DSR_Simple_training,nothink,living,2,A_ONLY,"[0.5,0.5,0.0,0.5,0.5,0.5,0.5,0.0]","[0.577083725634154,0.577083725634154,-1.7312511769024619,0.577083725634154,0.577083725634154,0.577083725634154,0.577083725634154,-1.7312511769024619]","[0.015625,0.015625,-0.046875,0.015625,0.015625,0.015625,0.015625,-0.046875]","[0.015625,0.015625,-0.046875,0.015625,0.015625,0.015625,0.015625,-0.046875]",6.9250047076098475,0.1875,0.1875
DSR_Simple_training,nothink,video,20,AB_SIGNAL,"[0.0,2.0,0.0,0.0,0.0,0.0,0.5,0.5]","[-0.5772613939839699,2.501466040597203,-0.5772613939839699,-0.5772613939839699,-0.5772613939839699,-0.5772613939839699,0.19242046466132331,0.19242046466132331]","[-0.046875,0.203125,-0.046875,-0.046875,-0.046875,-0.046875,0.015625,0.015625]","[-0.046875,0.203125,-0.046875,-0.046875,-0.046875,-0.046875,0.015625,0.015625]",5.772613939839699,0.46875,0.46875
DSR_Simple_training,nothink,prod,2,ALL_ZERO,"[0.0,0.0,0.0,0.0,0.0,0.0,0.0,0.0]","[0.0,0.0,0.0,0.0,0.0,0.0,0.0,0.0]","[0.0,0.0,0.0,0.0,0.0,0.0,0.0,0.0]","[0.0,0.0,0.0,0.0,0.0,0.0,0.0,0.0]",0.0,0.0,0.0
DSR_Simple_training,nothink,ad,2,A_ONLY,"[0.0,0.5,0.5,0.5,0.5,0.5,0.5,0.5]","[-2.6441522780688524,0.3777360397241218,0.3777360397241218,0.3777360397241218,0.3777360397241218,0.3777360397241218,0.3777360397241218,0.3777360397241218]","[-0.0546875,0.0078125,0.0078125,0.0078125,0.0078125,0.0078125,0.0078125,0.0078125]","[-0.0546875,0.0078125,0.0078125,0.0078125,0.0078125,0.0078125,0.0078125,0.0078125]",5.288304556137704,0.109375,0.109375
DSR_Simple_training,nothink,ad,2,A_ONLY,"[0.0,0.0,0.0,0.0,0.5,0.5,0.0,0.5]","[-0.7742768013847241,-0.7742768013847241,-0.7742768013847241,-0.7742768013847241,1.290461335641207,1.290461335641207,-0.7742768013847241,1.290461335641207]","[-0.0234375,-0.0234375,-0.0234375,-0.0234375,0.0390625,0.0390625,-0.0234375,0.0390625]","[-0.0234375,-0.0234375,-0.0234375,-0.0234375,0.0390625,0.0390625,-0.0234375,0.0390625]",7.7427680138472414,0.234375,0.234375
DSR_Simple_training,nothink,living,3,AB_SIGNAL,"[0.0,2.0,2.0,0.0,0.0,0.0,0.0,0.0]","[-0.5772836102200739,1.7318508306602218,1.7318508306602218,-0.5772836102200739,-0.5772836102200739,-0.5772836102200739,-0.5772836102200739,-0.5772836102200739]","[-0.0625,0.1875,0.1875,-0.0625,-0.0625,-0.0625,-0.0625,-0.0625]","[-0.0625,0.1875,0.1875,-0.0625,-0.0625,-0.0625,-0.0625,-0.0625]",6.927403322640887,0.75,0.75
DSR_Simple_training,nothink,video,17,ALL_ZERO,"[0.0,0.0,0.0,0.0,0.0,0.0,0.0,0.0]","[0.0,0.0,0.0,0.0,0.0,0.0,0.0,0.0]","[0.0,0.0,0.0,0.0,0.0,0.0,0.0,0.0]","[0.0,0.0,0.0,0.0,0.0,0.0,0.0,0.0]",0.0,0.0,0.0
DSR_Simple_training,nothink,ad,2,AB_SIGNAL,"[0.0,0.0,0.0,0.0,2.0,0.0,0.0,0.0]","[-0.3779073387899664,-0.3779073387899664,-0.3779073387899664,-0.3779073387899664,2.6453513715297645,-0.3779073387899664,-0.3779073387899664,-0.3779073387899664]","[-0.03125,-0.03125,-0.03125,-0.03125,0.21875,-0.03125,-0.03125,-0.03125]","[-0.03125,-0.03125,-0.03125,-0.03125,0.21875,-0.03125,-0.03125,-0.03125]",5.290702743059529,0.4375,0.4375
DSR_Simple_training,nothink,prod,2,MULTI_EXACT,"[8.0,0.0,0.5,8.0,8.0,0.0,8.0,8.0]","[0.7740158347801491,-1.3339421833445124,-1.202194807211721,0.7740158347801491,0.7740158347801491,-1.3339421833445124,0.7740158347801491,0.7740158347801491]","[0.3671875,-0.6328125,-0.5703125,0.3671875,0.3671875,-0.6328125,0.3671875,0.3671875]","[0.3671875,-0.6328125,-0.5703125,0.3671875,0.3671875,-0.6328125,0.3671875,0.3671875]",7.740158347801493,3.671875,3.671875
DSR_Simple_training,nothink,prod,2,ALL_ZERO,"[0.0,0.0,0.0,0.0,0.0,0.0,0.0,0.0]","[0.0,0.0,0.0,0.0,0.0,0.0,0.0,0.0]","[0.0,0.0,0.0,0.0,0.0,0.0,0.0,0.0]","[0.0,0.0,0.0,0.0,0.0,0.0,0.0,0.0]",0.0,0.0,0.0
DSR_Simple_training,nothink,ad,2,A_ONLY,"[0.5,0.5,0.0,0.0,0.0,0.0,0.0,0.0]","[1.7312511769024619,1.7312511769024619,-0.577083725634154,-0.577083725634154,-0.577083725634154,-0.577083725634154,-0.577083725634154,-0.577083725634154]","[0.046875,0.046875,-0.015625,-0.015625,-0.015625,-0.015625,-0.015625,-0.015625]","[0.046875,0.046875,-0.015625,-0.015625,-0.015625,-0.015625,-0.015625,-0.015625]",6.925004707609846,0.1875,0.1875
DSR_Simple_training,nothink,ad,2,AB_SIGNAL,"[0.0,0.5,0.0,0.0,0.5,2.0,0.0,0.5]","[-0.6896217739910415,0.09851739628443451,-0.6896217739910415,-0.6896217739910415,0.09851739628443451,2.4629349071108626,-0.6896217739910415,0.09851739628443451]","[-0.0546875,0.0078125,-0.0546875,-0.0546875,0.0078125,0.1953125,-0.0546875,0.0078125]","[-0.0546875,0.0078125,-0.0546875,-0.0546875,0.0078125,0.1953125,-0.0546875,0.0078125]",5.516974191928332,0.4375,0.4375
DSR_Simple_training,nothink,ad,2,ALL_ZERO,"[0.0,0.0,0.0,0.0,0.0,0.0,0.0,0.0]","[0.0,0.0,0.0,0.0,0.0,0.0,0.0,0.0]","[0.0,0.0,0.0,0.0,0.0,0.0,0.0,0.0]","[0.0,0.0,0.0,0.0,0.0,0.0,0.0,0.0]",0.0,0.0,0.0
DSR_Simple_training,nothink,ad,2,AB_SIGNAL,"[0.0,0.5,0.5,0.5,0.0,0.0,2.0,0.0]","[-0.6896217739910415,0.09851739628443451,0.09851739628443451,0.09851739628443451,-0.6896217739910415,-0.6896217739910415,2.4629349071108626,-0.6896217739910415]","[-0.0546875,0.0078125,0.0078125,0.0078125,-0.0546875,-0.0546875,0.1953125,-0.0546875]","[-0.0546875,0.0078125,0.0078125,0.0078125,-0.0546875,-0.0546875,0.1953125,-0.0546875]",5.516974191928333,0.4375,0.4375
DSR_Simple_training,nothink,ad,3,A_ONLY,"[0.5,0.5,0.5,0.0,0.5,0.5,0.5,0.0]","[0.577083725634154,0.577083725634154,0.577083725634154,-1.7312511769024619,0.577083725634154,0.577083725634154,0.577083725634154,-1.7312511769024619]","[0.015625,0.015625,0.015625,-0.046875,0.015625,0.015625,0.015625,-0.046875]","[0.015625,0.015625,0.015625,-0.046875,0.015625,0.015625,0.015625,-0.046875]",6.925004707609847,0.1875,0.1875
DSR_Simple_training,nothink,video,20,A_ONLY,"[0.0,0.0,0.0,0.0,0.0,0.0,0.0,0.5]","[-0.3777360397241218,-0.3777360397241218,-0.3777360397241218,-0.3777360397241218,-0.3777360397241218,-0.3777360397241218,-0.3777360397241218,2.6441522780688524]","[-0.0078125,-0.0078125,-0.0078125,-0.0078125,-0.0078125,-0.0078125,-0.0078125,0.0546875]","[-0.0078125,-0.0078125,-0.0078125,-0.0078125,-0.0078125,-0.0078125,-0.0078125,0.0546875]",5.288304556137705,0.109375,0.109375
DSR_Simple_training,nothink,prod,2,ALL_ZERO,"[0.0,0.0,0.0,0.0,0.0,0.0,0.0,0.0]","[0.0,0.0,0.0,0.0,0.0,0.0,0.0,0.0]","[0.0,0.0,0.0,0.0,0.0,0.0,0.0,0.0]","[0.0,0.0,0.0,0.0,0.0,0.0,0.0,0.0]",0.0,0.0,0.0
DSR_Simple_training,nothink,video,15,ALL_ZERO,"[0.0,0.0,0.0,0.0,0.0,0.0,0.0,0.0]","[0.0,0.0,0.0,0.0,0.0,0.0,0.0,0.0]","[0.0,0.0,0.0,0.0,0.0,0.0,0.0,0.0]","[0.0,0.0,0.0,0.0,0.0,0.0,0.0,0.0]",0.0,0.0,0.0
DSR_Simple_training,nothink,ad,2,A_ONLY,"[0.5,0.0,0.0,0.0,0.0,0.0,0.0,0.0]","[2.6441522780688524,-0.3777360397241218,-0.3777360397241218,-0.3777360397241218,-0.3777360397241218,-0.3777360397241218,-0.3777360397241218,-0.3777360397241218]","[0.0546875,-0.0078125,-0.0078125,-0.0078125,-0.0078125,-0.0078125,-0.0078125,-0.0078125]","[0.0546875,-0.0078125,-0.0078125,-0.0078125,-0.0078125,-0.0078125,-0.0078125,-0.0078125]",5.288304556137704,0.109375,0.109375
DSR_Simple_training,nothink,prod,2,ALL_ZERO,"[0.0,0.0,0.0,0.0,0.0,0.0,0.0,0.0]","[0.0,0.0,0.0,0.0,0.0,0.0,0.0,0.0]","[0.0,0.0,0.0,0.0,0.0,0.0,0.0,0.0]","[0.0,0.0,0.0,0.0,0.0,0.0,0.0,0.0]",0.0,0.0,0.0
DSR_Simple_training,nothink,ad,2,AB_SIGNAL,"[0.0,0.0,0.0,0.0,2.0,0.0,0.0,0.0]","[-0.3779073387899664,-0.3779073387899664,-0.3779073387899664,-0.3779073387899664,2.6453513715297645,-0.3779073387899664,-0.3779073387899664,-0.3779073387899664]","[-0.03125,-0.03125,-0.03125,-0.03125,0.21875,-0.03125,-0.03125,-0.03125]","[-0.03125,-0.03125,-0.03125,-0.03125,0.21875,-0.03125,-0.03125,-0.03125]",5.290702743059529,0.4375,0.4375
DSR_Simple_training,nothink,video,11,A_ONLY,"[0.5,0.0,0.0,0.0,0.0,0.0,0.0,0.0]","[2.6441522780688524,-0.3777360397241218,-0.3777360397241218,-0.3777360397241218,-0.3777360397241218,-0.3777360397241218,-0.3777360397241218,-0.3777360397241218]","[0.0546875,-0.0078125,-0.0078125,-0.0078125,-0.0078125,-0.0078125,-0.0078125,-0.0078125]","[0.0546875,-0.0078125,-0.0078125,-0.0078125,-0.0078125,-0.0078125,-0.0078125,-0.0078125]",5.288304556137704,0.109375,0.109375
DSR_Simple_training,nothink,video,11,A_ONLY,"[0.0,0.5,0.0,0.5,0.0,0.0,0.5,0.0]","[-0.7742768013847241,1.290461335641207,-0.7742768013847241,1.290461335641207,-0.7742768013847241,-0.7742768013847241,1.290461335641207,-0.7742768013847241]","[-0.0234375,0.0390625,-0.0234375,0.0390625,-0.0234375,-0.0234375,0.0390625,-0.0234375]","[-0.0234375,0.0390625,-0.0234375,0.0390625,-0.0234375,-0.0234375,0.0390625,-0.0234375]",7.742768013847242,0.234375,0.234375
DSR_Simple_training,nothink,living,2,A_ONLY,"[0.5,0.0,0.0,0.5,0.0,0.5,0.5,0.5]","[0.7742768013847241,-1.290461335641207,-1.290461335641207,0.7742768013847241,-1.290461335641207,0.7742768013847241,0.7742768013847241,0.7742768013847241]","[0.0234375,-0.0390625,-0.0390625,0.0234375,-0.0390625,0.0234375,0.0234375,0.0234375]","[0.0234375,-0.0390625,-0.0390625,0.0234375,-0.0390625,0.0234375,0.0234375,0.0234375]",7.742768013847242,0.234375,0.234375
DSR_Simple_training,nothink,ad,3,AB_SIGNAL,"[0.0,2.0,0.0,0.5,0.0,0.5,0.5,0.5]","[-0.81636326936408,2.44908980809224,-0.81636326936408,0.0,-0.81636326936408,0.0,0.0,0.0]","[-0.0625,0.1875,-0.0625,0.0,-0.0625,0.0,0.0,0.0]","[-0.0625,0.1875,-0.0625,0.0,-0.0625,0.0,0.0,0.0]",4.89817961618448,0.375,0.375
DSR_Simple_training,nothink,ad,2,ALL_ZERO,"[0.0,0.0,0.0,0.0,0.0,0.0,0.0,0.0]","[0.0,0.0,0.0,0.0,0.0,0.0,0.0,0.0]","[0.0,0.0,0.0,0.0,0.0,0.0,0.0,0.0]","[0.0,0.0,0.0,0.0,0.0,0.0,0.0,0.0]",0.0,0.0,0.0
DSR_Simple_training,nothink,video,20,A_ONLY,"[0.0,0.0,0.0,0.5,0.0,0.5,0.5,0.0]","[-0.7742768013847241,-0.7742768013847241,-0.7742768013847241,1.290461335641207,-0.7742768013847241,1.290461335641207,1.290461335641207,-0.7742768013847241]","[-0.0234375,-0.0234375,-0.0234375,0.0390625,-0.0234375,0.0390625,0.0390625,-0.0234375]","[-0.0234375,-0.0234375,-0.0234375,0.0390625,-0.0234375,0.0390625,0.0390625,-0.0234375]",7.7427680138472414,0.234375,0.234375
DSR_Simple_training,nothink,video,14,AB_SIGNAL,"[0.5,0.5,0.0,0.0,0.5,0.0,0.5,2.0]","[0.0,0.0,-0.81636326936408,-0.81636326936408,0.0,-0.81636326936408,0.0,2.44908980809224]","[0.0,0.0,-0.0625,-0.0625,0.0,-0.0625,0.0,0.1875]","[0.0,0.0,-0.0625,-0.0625,0.0,-0.0625,0.0,0.1875]",4.89817961618448,0.375,0.375
DSR_Simple_training,nothink,video,20,A_ONLY,"[0.0,0.0,0.5,0.0,0.0,0.5,0.0,0.0]","[-0.577083725634154,-0.577083725634154,1.7312511769024619,-0.577083725634154,-0.577083725634154,1.7312511769024619,-0.577083725634154,-0.577083725634154]","[-0.015625,-0.015625,0.046875,-0.015625,-0.015625,0.046875,-0.015625,-0.015625]","[-0.015625,-0.015625,0.046875,-0.015625,-0.015625,0.046875,-0.015625,-0.015625]",6.9250047076098475,0.1875,0.1875
DSR_Simple_training,nothink,ad,2,A_ONLY,"[0.5,0.5,0.0,0.5,0.5,0.5,0.0,0.5]","[0.577083725634154,0.577083725634154,-1.7312511769024619,0.577083725634154,0.577083725634154,0.577083725634154,-1.7312511769024619,0.577083725634154]","[0.015625,0.015625,-0.046875,0.015625,0.015625,0.015625,-0.046875,0.015625]","[0.015625,0.015625,-0.046875,0.015625,0.015625,0.015625,-0.046875,0.015625]",6.9250047076098475,0.1875,0.1875
DSR_Simple_training,nothink,video,17,A_ONLY,"[0.0,0.5,0.0,0.0,0.0,0.5,0.0,0.5]","[-0.7742768013847241,1.290461335641207,-0.7742768013847241,-0.7742768013847241,-0.7742768013847241,1.290461335641207,-0.7742768013847241,1.290461335641207]","[-0.0234375,0.0390625,-0.0234375,-0.0234375,-0.0234375,0.0390625,-0.0234375,0.0390625]","[-0.0234375,0.0390625,-0.0234375,-0.0234375,-0.0234375,0.0390625,-0.0234375,0.0390625]",7.742768013847242,0.234375,0.234375
DSR_Simple_training,nothink,living,3,AB_SIGNAL,"[0.0,0.0,0.0,2.0,0.0,0.0,0.0,0.0]","[-0.3779073387899664,-0.3779073387899664,-0.3779073387899664,2.6453513715297645,-0.3779073387899664,-0.3779073387899664,-0.3779073387899664,-0.3779073387899664]","[-0.03125,-0.03125,-0.03125,0.21875,-0.03125,-0.03125,-0.03125,-0.03125]","[-0.03125,-0.03125,-0.03125,0.21875,-0.03125,-0.03125,-0.03125,-0.03125]",5.290702743059529,0.4375,0.4375
DSR_Simple_training,nothink,video,20,A_ONLY,"[0.0,0.0,0.0,0.5,0.5,0.5,0.5,0.5]","[-1.290461335641207,-1.290461335641207,-1.290461335641207,0.7742768013847241,0.7742768013847241,0.7742768013847241,0.7742768013847241,0.7742768013847241]","[-0.0390625,-0.0390625,-0.0390625,0.0234375,0.0234375,0.0234375,0.0234375,0.0234375]","[-0.0390625,-0.0390625,-0.0390625,0.0234375,0.0234375,0.0234375,0.0234375,0.0234375]",7.742768013847242,0.234375,0.234375
DSR_Simple_training,nothink,video,11,A_ONLY,"[0.0,0.0,0.0,0.5,0.0,0.5,0.0,0.5]","[-0.7742768013847241,-0.7742768013847241,-0.7742768013847241,1.290461335641207,-0.7742768013847241,1.290461335641207,-0.7742768013847241,1.290461335641207]","[-0.0234375,-0.0234375,-0.0234375,0.0390625,-0.0234375,0.0390625,-0.0234375,0.0390625]","[-0.0234375,-0.0234375,-0.0234375,0.0390625,-0.0234375,0.0390625,-0.0234375,0.0390625]",7.7427680138472414,0.234375,0.234375
DSR_Simple_training,nothink,prod,3,A_ONLY,"[0.5,0.0,0.5,0.0,0.5,0.0,0.0,0.0]","[1.290461335641207,-0.7742768013847241,1.290461335641207,-0.7742768013847241,1.290461335641207,-0.7742768013847241,-0.7742768013847241,-0.7742768013847241]","[0.0390625,-0.0234375,0.0390625,-0.0234375,0.0390625,-0.0234375,-0.0234375,-0.0234375]","[0.0390625,-0.0234375,0.0390625,-0.0234375,0.0390625,-0.0234375,-0.0234375,-0.0234375]",7.742768013847242,0.234375,0.234375
DSR_Simple_training,nothink,video,15,A_ONLY,"[0.0,0.0,0.0,0.0,0.0,0.0,0.5,0.0]","[-0.3777360397241218,-0.3777360397241218,-0.3777360397241218,-0.3777360397241218,-0.3777360397241218,-0.3777360397241218,2.6441522780688524,-0.3777360397241218]","[-0.0078125,-0.0078125,-0.0078125,-0.0078125,-0.0078125,-0.0078125,0.0546875,-0.0078125]","[-0.0078125,-0.0078125,-0.0078125,-0.0078125,-0.0078125,-0.0078125,0.0546875,-0.0078125]",5.288304556137705,0.109375,0.109375
DSR_Simple_training,nothink,ad,2,AB_SIGNAL,"[0.0,0.0,0.0,0.0,0.0,2.0,0.0,0.0]","[-0.3779073387899664,-0.3779073387899664,-0.3779073387899664,-0.3779073387899664,-0.3779073387899664,2.6453513715297645,-0.3779073387899664,-0.3779073387899664]","[-0.03125,-0.03125,-0.03125,-0.03125,-0.03125,0.21875,-0.03125,-0.03125]","[-0.03125,-0.03125,-0.03125,-0.03125,-0.03125,0.21875,-0.03125,-0.03125]",5.290702743059529,0.4375,0.4375
DSR_Simple_training,nothink,video,20,A_ONLY,"[0.0,0.5,0.0,0.0,0.0,0.0,0.0,0.0]","[-0.3777360397241218,2.6441522780688524,-0.3777360397241218,-0.3777360397241218,-0.3777360397241218,-0.3777360397241218,-0.3777360397241218,-0.3777360397241218]","[-0.0078125,0.0546875,-0.0078125,-0.0078125,-0.0078125,-0.0078125,-0.0078125,-0.0078125]","[-0.0078125,0.0546875,-0.0078125,-0.0078125,-0.0078125,-0.0078125,-0.0078125,-0.0078125]",5.288304556137704,0.109375,0.109375
DSR_Simple_training,nothink,living,2,A_ONLY,"[0.0,0.0,0.0,0.0,0.0,0.0,0.5,0.0]","[-0.3777360397241218,-0.3777360397241218,-0.3777360397241218,-0.3777360397241218,-0.3777360397241218,-0.3777360397241218,2.6441522780688524,-0.3777360397241218]","[-0.0078125,-0.0078125,-0.0078125,-0.0078125,-0.0078125,-0.0078125,0.0546875,-0.0078125]","[-0.0078125,-0.0078125,-0.0078125,-0.0078125,-0.0078125,-0.0078125,0.0546875,-0.0078125]",5.288304556137705,0.109375,0.109375
DSR_Simple_training,nothink,prod,2,ALL_ZERO,"[0.0,0.0,0.0,0.0,0.0,0.0,0.0,0.0]","[0.0,0.0,0.0,0.0,0.0,0.0,0.0,0.0]","[0.0,0.0,0.0,0.0,0.0,0.0,0.0,0.0]","[0.0,0.0,0.0,0.0,0.0,0.0,0.0,0.0]",0.0,0.0,0.0
DSR_Simple_training,nothink,ad,3,A_ONLY,"[0.5,0.0,0.0,0.0,0.0,0.0,0.5,0.0]","[1.7312511769024619,-0.577083725634154,-0.577083725634154,-0.577083725634154,-0.577083725634154,-0.577083725634154,1.7312511769024619,-0.577083725634154]","[0.046875,-0.015625,-0.015625,-0.015625,-0.015625,-0.015625,0.046875,-0.015625]","[0.046875,-0.015625,-0.015625,-0.015625,-0.015625,-0.015625,0.046875,-0.015625]",6.9250047076098475,0.1875,0.1875
DSR_Simple_training,nothink,ad,2,AB_SIGNAL,"[0.0,0.0,0.0,2.0,0.0,0.0,0.0,0.0]","[-0.3779073387899664,-0.3779073387899664,-0.3779073387899664,2.6453513715297645,-0.3779073387899664,-0.3779073387899664,-0.3779073387899664,-0.3779073387899664]","[-0.03125,-0.03125,-0.03125,0.21875,-0.03125,-0.03125,-0.03125,-0.03125]","[-0.03125,-0.03125,-0.03125,0.21875,-0.03125,-0.03125,-0.03125,-0.03125]",5.290702743059529,0.4375,0.4375
DSR_Simple_training,nothink,living,2,A_ONLY,"[0.5,0.0,0.0,0.0,0.0,0.5,0.0,0.0]","[1.7312511769024619,-0.577083725634154,-0.577083725634154,-0.577083725634154,-0.577083725634154,1.7312511769024619,-0.577083725634154,-0.577083725634154]","[0.046875,-0.015625,-0.015625,-0.015625,-0.015625,0.046875,-0.015625,-0.015625]","[0.046875,-0.015625,-0.015625,-0.015625,-0.015625,0.046875,-0.015625,-0.015625]",6.9250047076098475,0.1875,0.1875
DSR_Simple_training,nothink,ad,2,A_ONLY,"[0.0,0.0,0.0,0.0,0.5,0.0,0.5,0.0]","[-0.577083725634154,-0.577083725634154,-0.577083725634154,-0.577083725634154,1.7312511769024619,-0.577083725634154,1.7312511769024619,-0.577083725634154]","[-0.015625,-0.015625,-0.015625,-0.015625,0.046875,-0.015625,0.046875,-0.015625]","[-0.015625,-0.015625,-0.015625,-0.015625,0.046875,-0.015625,0.046875,-0.015625]",6.925004707609847,0.1875,0.1875
DSR_Simple_training,nothink,video,11,A_ONLY,"[0.0,0.0,0.0,0.0,0.5,0.0,0.0,0.0]","[-0.3777360397241218,-0.3777360397241218,-0.3777360397241218,-0.3777360397241218,2.6441522780688524,-0.3777360397241218,-0.3777360397241218,-0.3777360397241218]","[-0.0078125,-0.0078125,-0.0078125,-0.0078125,0.0546875,-0.0078125,-0.0078125,-0.0078125]","[-0.0078125,-0.0078125,-0.0078125,-0.0078125,0.0546875,-0.0078125,-0.0078125,-0.0078125]",5.288304556137704,0.109375,0.109375
DSR_Simple_training,nothink,video,20,AB_SIGNAL,"[0.0,0.0,0.0,0.5,0.0,2.0,0.0,0.0]","[-0.47450693674776084,-0.47450693674776084,-0.47450693674776084,0.2847041620486565,-0.47450693674776084,2.562337458437909,-0.47450693674776084,-0.47450693674776084]","[-0.0390625,-0.0390625,-0.0390625,0.0234375,-0.0390625,0.2109375,-0.0390625,-0.0390625]","[-0.0390625,-0.0390625,-0.0390625,0.0234375,-0.0390625,0.2109375,-0.0390625,-0.0390625]",5.69408324097313,0.46875,0.46875
DSR_Simple_training,nothink,video,20,AB_SIGNAL,"[0.0,0.0,2.0,0.5,0.0,0.0,0.0,2.0]","[-0.6652204646403417,-0.6652204646403417,1.7000078540808734,-0.07391338496003796,-0.6652204646403417,-0.6652204646403417,-0.6652204646403417,1.7000078540808734]","[-0.0703125,-0.0703125,0.1796875,-0.0078125,-0.0703125,-0.0703125,-0.0703125,0.1796875]","[-0.0703125,-0.0703125,0.1796875,-0.0078125,-0.0703125,-0.0703125,-0.0703125,0.1796875]",6.800031416323494,0.71875,0.71875
DSR_Simple_training,nothink,video,15,A_ONLY,"[0.0,0.0,0.0,0.0,0.0,0.0,0.0,0.5]","[-0.3777360397241218,-0.3777360397241218,-0.3777360397241218,-0.3777360397241218,-0.3777360397241218,-0.3777360397241218,-0.3777360397241218,2.6441522780688524]","[-0.0078125,-0.0078125,-0.0078125,-0.0078125,-0.0078125,-0.0078125,-0.0078125,0.0546875]","[-0.0078125,-0.0078125,-0.0078125,-0.0078125,-0.0078125,-0.0078125,-0.0078125,0.0546875]",5.288304556137705,0.109375,0.109375
DSR_Simple_training,nothink,ad,2,A_ONLY,"[0.0,0.0,0.0,0.0,0.0,0.0,0.5,0.0]","[-0.3777360397241218,-0.3777360397241218,-0.3777360397241218,-0.3777360397241218,-0.3777360397241218,-0.3777360397241218,2.6441522780688524,-0.3777360397241218]","[-0.0078125,-0.0078125,-0.0078125,-0.0078125,-0.0078125,-0.0078125,0.0546875,-0.0078125]","[-0.0078125,-0.0078125,-0.0078125,-0.0078125,-0.0078125,-0.0078125,0.0546875,-0.0078125]",5.288304556137705,0.109375,0.109375
DSR_Simple_training,nothink,ad,2,A_ONLY,"[0.5,0.0,0.0,0.5,0.5,0.5,0.5,0.0]","[0.7742768013847241,-1.290461335641207,-1.290461335641207,0.7742768013847241,0.7742768013847241,0.7742768013847241,0.7742768013847241,-1.290461335641207]","[0.0234375,-0.0390625,-0.0390625,0.0234375,0.0234375,0.0234375,0.0234375,-0.0390625]","[0.0234375,-0.0390625,-0.0390625,0.0234375,0.0234375,0.0234375,0.0234375,-0.0390625]",7.742768013847242,0.234375,0.234375
DSR_Simple_training,nothink,prod,2,A_ONLY,"[0.5,0.5,0.5,0.5,0.5,0.5,0.5,0.5]","[0.0,0.0,0.0,0.0,0.0,0.0,0.0,0.0]","[0.0,0.0,0.0,0.0,0.0,0.0,0.0,0.0]","[0.0,0.0,0.0,0.0,0.0,0.0,0.0,0.0]",0.0,0.0,0.0
DSR_Simple_training,nothink,video,14,A_ONLY,"[0.5,0.0,0.5,0.5,0.5,0.0,0.5,0.0]","[0.7742768013847241,-1.290461335641207,0.7742768013847241,0.7742768013847241,0.7742768013847241,-1.290461335641207,0.7742768013847241,-1.290461335641207]","[0.0234375,-0.0390625,0.0234375,0.0234375,0.0234375,-0.0390625,0.0234375,-0.0390625]","[0.0234375,-0.0390625,0.0234375,0.0234375,0.0234375,-0.0390625,0.0234375,-0.0390625]",7.742768013847242,0.234375,0.234375
DSR_Simple_training,nothink,video,18,AB_SIGNAL,"[0.0,0.0,0.5,0.5,0.5,2.0,0.0,0.5]","[-0.81636326936408,-0.81636326936408,0.0,0.0,0.0,2.44908980809224,-0.81636326936408,0.0]","[-0.0625,-0.0625,0.0,0.0,0.0,0.1875,-0.0625,0.0]","[-0.0625,-0.0625,0.0,0.0,0.0,0.1875,-0.0625,0.0]",4.89817961618448,0.375,0.375
DSR_Simple_training,nothink,video,17,ALL_ZERO,"[0.0,0.0,0.0,0.0,0.0,0.0,0.0,0.0]","[0.0,0.0,0.0,0.0,0.0,0.0,0.0,0.0]","[0.0,0.0,0.0,0.0,0.0,0.0,0.0,0.0]","[0.0,0.0,0.0,0.0,0.0,0.0,0.0,0.0]",0.0,0.0,0.0
DSR_Simple_training,nothink,prod,2,ALL_ZERO,"[0.0,0.0,0.0,0.0,0.0,0.0,0.0,0.0]","[0.0,0.0,0.0,0.0,0.0,0.0,0.0,0.0]","[0.0,0.0,0.0,0.0,0.0,0.0,0.0,0.0]","[0.0,0.0,0.0,0.0,0.0,0.0,0.0,0.0]",0.0,0.0,0.0
DSR_Simple_training,nothink,video,19,A_ONLY,"[0.5,0.0,0.5,0.0,0.0,0.0,0.0,0.0]","[1.7312511769024619,-0.577083725634154,1.7312511769024619,-0.577083725634154,-0.577083725634154,-0.577083725634154,-0.577083725634154,-0.577083725634154]","[0.046875,-0.015625,0.046875,-0.015625,-0.015625,-0.015625,-0.015625,-0.015625]","[0.046875,-0.015625,0.046875,-0.015625,-0.015625,-0.015625,-0.015625,-0.015625]",6.925004707609846,0.1875,0.1875
DSR_Simple_training,nothink,living,2,A_ONLY,"[0.0,0.0,0.0,0.0,0.5,0.0,0.0,0.0]","[-0.3777360397241218,-0.3777360397241218,-0.3777360397241218,-0.3777360397241218,2.6441522780688524,-0.3777360397241218,-0.3777360397241218,-0.3777360397241218]","[-0.0078125,-0.0078125,-0.0078125,-0.0078125,0.0546875,-0.0078125,-0.0078125,-0.0078125]","[-0.0078125,-0.0078125,-0.0078125,-0.0078125,0.0546875,-0.0078125,-0.0078125,-0.0078125]",5.288304556137704,0.109375,0.109375
DSR_Simple_training,nothink,living,2,A_ONLY,"[0.0,0.5,0.0,0.5,0.0,0.0,0.0,0.0]","[-0.577083725634154,1.7312511769024619,-0.577083725634154,1.7312511769024619,-0.577083725634154,-0.577083725634154,-0.577083725634154,-0.577083725634154]","[-0.015625,0.046875,-0.015625,0.046875,-0.015625,-0.015625,-0.015625,-0.015625]","[-0.015625,0.046875,-0.015625,0.046875,-0.015625,-0.015625,-0.015625,-0.015625]",6.925004707609847,0.1875,0.1875
DSR_Simple_training,nothink,video,12,AB_SIGNAL,"[0.5,0.0,0.0,2.0,0.5,0.0,0.5,0.5]","[0.0,-0.81636326936408,-0.81636326936408,2.44908980809224,0.0,-0.81636326936408,0.0,0.0]","[0.0,-0.0625,-0.0625,0.1875,0.0,-0.0625,0.0,0.0]","[0.0,-0.0625,-0.0625,0.1875,0.0,-0.0625,0.0,0.0]",4.89817961618448,0.375,0.375
DSR_Simple_training,nothink,prod,3,ALL_ZERO,"[0.0,0.0,0.0,0.0,0.0,0.0,0.0,0.0]","[0.0,0.0,0.0,0.0,0.0,0.0,0.0,0.0]","[0.0,0.0,0.0,0.0,0.0,0.0,0.0,0.0]","[0.0,0.0,0.0,0.0,0.0,0.0,0.0,0.0]",0.0,0.0,0.0
DSR_Simple_training,nothink,video,13,A_ONLY,"[0.0,0.0,0.5,0.0,0.0,0.0,0.0,0.0]","[-0.3777360397241218,-0.3777360397241218,2.6441522780688524,-0.3777360397241218,-0.3777360397241218,-0.3777360397241218,-0.3777360397241218,-0.3777360397241218]","[-0.0078125,-0.0078125,0.0546875,-0.0078125,-0.0078125,-0.0078125,-0.0078125,-0.0078125]","[-0.0078125,-0.0078125,0.0546875,-0.0078125,-0.0078125,-0.0078125,-0.0078125,-0.0078125]",5.288304556137704,0.109375,0.109375
DSR_Simple_training,nothink,ad,2,A_ONLY,"[0.0,0.5,0.0,0.0,0.0,0.0,0.5,0.0]","[-0.577083725634154,1.7312511769024619,-0.577083725634154,-0.577083725634154,-0.577083725634154,-0.577083725634154,1.7312511769024619,-0.577083725634154]","[-0.015625,0.046875,-0.015625,-0.015625,-0.015625,-0.015625,0.046875,-0.015625]","[-0.015625,0.046875,-0.015625,-0.015625,-0.015625,-0.015625,0.046875,-0.015625]",6.9250047076098475,0.1875,0.1875
DSR_Simple_training,nothink,living,2,AB_SIGNAL,"[0.0,0.0,0.0,2.0,0.0,2.0,0.0,0.0]","[-0.5772836102200739,-0.5772836102200739,-0.5772836102200739,1.7318508306602218,-0.5772836102200739,1.7318508306602218,-0.5772836102200739,-0.5772836102200739]","[-0.0625,-0.0625,-0.0625,0.1875,-0.0625,0.1875,-0.0625,-0.0625]","[-0.0625,-0.0625,-0.0625,0.1875,-0.0625,0.1875,-0.0625,-0.0625]",6.927403322640887,0.75,0.75
DSR_Simple_training,nothink,ad,3,A_ONLY,"[0.5,0.5,0.0,0.0,0.5,0.5,0.5,0.0]","[0.7742768013847241,0.7742768013847241,-1.290461335641207,-1.290461335641207,0.7742768013847241,0.7742768013847241,0.7742768013847241,-1.290461335641207]","[0.0234375,0.0234375,-0.0390625,-0.0390625,0.0234375,0.0234375,0.0234375,-0.0390625]","[0.0234375,0.0234375,-0.0390625,-0.0390625,0.0234375,0.0234375,0.0234375,-0.0390625]",7.742768013847242,0.234375,0.234375
DSR_Simple_training,nothink,video,19,SINGLE_EXACT,"[0.5,0.5,0.5,0.5,2.0,0.5,8.0,0.5]","[-0.4574771071032025,-0.4574771071032025,-0.4574771071032025,-0.4574771071032025,0.15249236903440083,-0.4574771071032025,2.592370273584814,-0.4574771071032025]","[-0.140625,-0.140625,-0.140625,-0.140625,0.046875,-0.140625,0.796875,-0.140625]","[-0.140625,-0.140625,-0.140625,-0.140625,0.046875,-0.140625,0.796875,-0.140625]",5.48972528523843,1.6875,1.6875
DSR_Simple_training,nothink,prod,2,A_ONLY,"[0.0,0.0,0.0,0.0,0.0,0.0,0.0,0.5]","[-0.3777360397241218,-0.3777360397241218,-0.3777360397241218,-0.3777360397241218,-0.3777360397241218,-0.3777360397241218,-0.3777360397241218,2.6441522780688524]","[-0.0078125,-0.0078125,-0.0078125,-0.0078125,-0.0078125,-0.0078125,-0.0078125,0.0546875]","[-0.0078125,-0.0078125,-0.0078125,-0.0078125,-0.0078125,-0.0078125,-0.0078125,0.0546875]",5.288304556137705,0.109375,0.109375
DSR_Simple_training,nothink,ad,3,A_ONLY,"[0.5,0.0,0.5,0.0,0.0,0.5,0.0,0.5]","[0.9996001599360256,-0.9996001599360256,0.9996001599360256,-0.9996001599360256,-0.9996001599360256,0.9996001599360256,-0.9996001599360256,0.9996001599360256]","[0.03125,-0.03125,0.03125,-0.03125,-0.03125,0.03125,-0.03125,0.03125]","[0.03125,-0.03125,0.03125,-0.03125,-0.03125,0.03125,-0.03125,0.03125]",7.996801279488204,0.25,0.25
DSR_Simple_training,nothink,ad,3,SINGLE_EXACT,"[0.5,8.0,0.5,0.5,0.5,0.5,0.5,0.5]","[-0.3779492355283066,2.645644648698146,-0.3779492355283066,-0.3779492355283066,-0.3779492355283066,-0.3779492355283066,-0.3779492355283066,-0.3779492355283066]","[-0.1171875,0.8203125,-0.1171875,-0.1171875,-0.1171875,-0.1171875,-0.1171875,-0.1171875]","[-0.1171875,0.8203125,-0.1171875,-0.1171875,-0.1171875,-0.1171875,-0.1171875,-0.1171875]",5.2912892973962915,1.640625,1.640625
DSR_Simple_training,nothink,prod,2,ALL_ZERO,"[0.0,0.0,0.0,0.0,0.0,0.0,0.0,0.0]","[0.0,0.0,0.0,0.0,0.0,0.0,0.0,0.0]","[0.0,0.0,0.0,0.0,0.0,0.0,0.0,0.0]","[0.0,0.0,0.0,0.0,0.0,0.0,0.0,0.0]",0.0,0.0,0.0
DSR_Simple_training,nothink,prod,2,ALL_ZERO,"[0.0,0.0,0.0,0.0,0.0,0.0,0.0,0.0]","[0.0,0.0,0.0,0.0,0.0,0.0,0.0,0.0]","[0.0,0.0,0.0,0.0,0.0,0.0,0.0,0.0]","[0.0,0.0,0.0,0.0,0.0,0.0,0.0,0.0]",0.0,0.0,0.0
DSR_Simple_training,nothink,video,12,A_ONLY,"[0.0,0.0,0.0,0.0,0.0,0.0,0.0,0.5]","[-0.3777360397241218,-0.3777360397241218,-0.3777360397241218,-0.3777360397241218,-0.3777360397241218,-0.3777360397241218,-0.3777360397241218,2.6441522780688524]","[-0.0078125,-0.0078125,-0.0078125,-0.0078125,-0.0078125,-0.0078125,-0.0078125,0.0546875]","[-0.0078125,-0.0078125,-0.0078125,-0.0078125,-0.0078125,-0.0078125,-0.0078125,0.0546875]",5.288304556137705,0.109375,0.109375
DSR_Simple_training,nothink,prod,2,ALL_ZERO,"[0.0,0.0,0.0,0.0,0.0,0.0,0.0,0.0]","[0.0,0.0,0.0,0.0,0.0,0.0,0.0,0.0]","[0.0,0.0,0.0,0.0,0.0,0.0,0.0,0.0]","[0.0,0.0,0.0,0.0,0.0,0.0,0.0,0.0]",0.0,0.0,0.0
DSR_Simple_training,nothink,living,2,ALL_ZERO,"[0.0,0.0,0.0,0.0,0.0,0.0,0.0,0.0]","[0.0,0.0,0.0,0.0,0.0,0.0,0.0,0.0]","[0.0,0.0,0.0,0.0,0.0,0.0,0.0,0.0]","[0.0,0.0,0.0,0.0,0.0,0.0,0.0,0.0]",0.0,0.0,0.0
DSR_Simple_training,nothink,ad,2,ALL_ZERO,"[0.0,0.0,0.0,0.0,0.0,0.0,0.0,0.0]","[0.0,0.0,0.0,0.0,0.0,0.0,0.0,0.0]","[0.0,0.0,0.0,0.0,0.0,0.0,0.0,0.0]","[0.0,0.0,0.0,0.0,0.0,0.0,0.0,0.0]",0.0,0.0,0.0
DSR_Simple_training,nothink,living,2,AB_SIGNAL,"[0.5,0.5,2.0,0.0,0.0,0.0,0.0,0.0]","[0.19242046466132331,0.19242046466132331,2.501466040597203,-0.5772613939839699,-0.5772613939839699,-0.5772613939839699,-0.5772613939839699,-0.5772613939839699]","[0.015625,0.015625,0.203125,-0.046875,-0.046875,-0.046875,-0.046875,-0.046875]","[0.015625,0.015625,0.203125,-0.046875,-0.046875,-0.046875,-0.046875,-0.046875]",5.772613939839699,0.46875,0.46875
DSR_Simple_training,nothink,ad,2,ALL_ZERO,"[0.0,0.0,0.0,0.0,0.0,0.0,0.0,0.0]","[0.0,0.0,0.0,0.0,0.0,0.0,0.0,0.0]","[0.0,0.0,0.0,0.0,0.0,0.0,0.0,0.0]","[0.0,0.0,0.0,0.0,0.0,0.0,0.0,0.0]",0.0,0.0,0.0
DSR_Simple_training,nothink,prod,2,ALL_ZERO,"[0.0,0.0,0.0,0.0,0.0,0.0,0.0,0.0]","[0.0,0.0,0.0,0.0,0.0,0.0,0.0,0.0]","[0.0,0.0,0.0,0.0,0.0,0.0,0.0,0.0]","[0.0,0.0,0.0,0.0,0.0,0.0,0.0,0.0]",0.0,0.0,0.0
DSR_Simple_training,nothink,living,2,A_ONLY,"[0.0,0.5,0.0,0.0,0.0,0.5,0.5,0.0]","[-0.7742768013847241,1.290461335641207,-0.7742768013847241,-0.7742768013847241,-0.7742768013847241,1.290461335641207,1.290461335641207,-0.7742768013847241]","[-0.0234375,0.0390625,-0.0234375,-0.0234375,-0.0234375,0.0390625,0.0390625,-0.0234375]","[-0.0234375,0.0390625,-0.0234375,-0.0234375,-0.0234375,0.0390625,0.0390625,-0.0234375]",7.742768013847242,0.234375,0.234375
DSR_Simple_training,nothink,video,18,A_ONLY,"[0.5,0.5,0.0,0.0,0.5,0.5,0.0,0.5]","[0.7742768013847241,0.7742768013847241,-1.290461335641207,-1.290461335641207,0.7742768013847241,0.7742768013847241,-1.290461335641207,0.7742768013847241]","[0.0234375,0.0234375,-0.0390625,-0.0390625,0.0234375,0.0234375,-0.0390625,0.0234375]","[0.0234375,0.0234375,-0.0390625,-0.0390625,0.0234375,0.0234375,-0.0390625,0.0234375]",7.742768013847242,0.234375,0.234375
DSR_Simple_training,nothink,prod,2,A_ONLY,"[0.0,0.5,0.0,0.0,0.0,0.0,0.0,0.0]","[-0.3777360397241218,2.6441522780688524,-0.3777360397241218,-0.3777360397241218,-0.3777360397241218,-0.3777360397241218,-0.3777360397241218,-0.3777360397241218]","[-0.0078125,0.0546875,-0.0078125,-0.0078125,-0.0078125,-0.0078125,-0.0078125,-0.0078125]","[-0.0078125,0.0546875,-0.0078125,-0.0078125,-0.0078125,-0.0078125,-0.0078125,-0.0078125]",5.288304556137704,0.109375,0.109375
DSR_Simple_training,nothink,prod,2,ALL_ZERO,"[0.0,0.0,0.0,0.0,0.0,0.0,0.0,0.0]","[0.0,0.0,0.0,0.0,0.0,0.0,0.0,0.0]","[0.0,0.0,0.0,0.0,0.0,0.0,0.0,0.0]","[0.0,0.0,0.0,0.0,0.0,0.0,0.0,0.0]",0.0,0.0,0.0
DSR_Simple_training,nothink,ad,2,AB_SIGNAL,"[0.0,2.0,0.0,0.0,0.0,0.0,0.0,0.0]","[-0.3779073387899664,2.6453513715297645,-0.3779073387899664,-0.3779073387899664,-0.3779073387899664,-0.3779073387899664,-0.3779073387899664,-0.3779073387899664]","[-0.03125,0.21875,-0.03125,-0.03125,-0.03125,-0.03125,-0.03125,-0.03125]","[-0.03125,0.21875,-0.03125,-0.03125,-0.03125,-0.03125,-0.03125,-0.03125]",5.290702743059529,0.4375,0.4375
DSR_Simple_training,nothink,ad,3,AB_SIGNAL,"[0.5,2.0,0.0,0.5,2.0,0.0,0.5,0.0]","[-0.23788529086630075,1.6651970360641053,-0.8722460665097694,-0.23788529086630075,1.6651970360641053,-0.8722460665097694,-0.23788529086630075,-0.8722460665097694]","[-0.0234375,0.1640625,-0.0859375,-0.0234375,0.1640625,-0.0859375,-0.0234375,-0.0859375]","[-0.0234375,0.1640625,-0.0859375,-0.0234375,0.1640625,-0.0859375,-0.0234375,-0.0859375]",6.660788144256422,0.65625,0.65625
DSR_Simple_training,nothink,video,12,A_ONLY,"[0.0,0.0,0.0,0.5,0.0,0.0,0.0,0.0]","[-0.3777360397241218,-0.3777360397241218,-0.3777360397241218,2.6441522780688524,-0.3777360397241218,-0.3777360397241218,-0.3777360397241218,-0.3777360397241218]","[-0.0078125,-0.0078125,-0.0078125,0.0546875,-0.0078125,-0.0078125,-0.0078125,-0.0078125]","[-0.0078125,-0.0078125,-0.0078125,0.0546875,-0.0078125,-0.0078125,-0.0078125,-0.0078125]",5.288304556137703,0.109375,0.109375
DSR_Simple_training,nothink,living,2,ALL_ZERO,"[0.0,0.0,0.0,0.0,0.0,0.0,0.0,0.0]","[0.0,0.0,0.0,0.0,0.0,0.0,0.0,0.0]","[0.0,0.0,0.0,0.0,0.0,0.0,0.0,0.0]","[0.0,0.0,0.0,0.0,0.0,0.0,0.0,0.0]",0.0,0.0,0.0
DSR_Simple_training,nothink,video,12,A_ONLY,"[0.0,0.0,0.5,0.5,0.0,0.0,0.0,0.5]","[-0.7742768013847241,-0.7742768013847241,1.290461335641207,1.290461335641207,-0.7742768013847241,-0.7742768013847241,-0.7742768013847241,1.290461335641207]","[-0.0234375,-0.0234375,0.0390625,0.0390625,-0.0234375,-0.0234375,-0.0234375,0.0390625]","[-0.0234375,-0.0234375,0.0390625,0.0390625,-0.0234375,-0.0234375,-0.0234375,0.0390625]",7.742768013847242,0.234375,0.234375
DSR_Simple_training,nothink,ad,2,A_ONLY,"[0.0,0.0,0.0,0.0,0.0,0.5,0.0,0.0]","[-0.3777360397241218,-0.3777360397241218,-0.3777360397241218,-0.3777360397241218,-0.3777360397241218,2.6441522780688524,-0.3777360397241218,-0.3777360397241218]","[-0.0078125,-0.0078125,-0.0078125,-0.0078125,-0.0078125,0.0546875,-0.0078125,-0.0078125]","[-0.0078125,-0.0078125,-0.0078125,-0.0078125,-0.0078125,0.0546875,-0.0078125,-0.0078125]",5.288304556137704,0.109375,0.109375
DSR_Simple_training,nothink,video,15,A_ONLY,"[0.5,0.5,0.0,0.5,0.0,0.5,0.5,0.5]","[0.577083725634154,0.577083725634154,-1.7312511769024619,0.577083725634154,-1.7312511769024619,0.577083725634154,0.577083725634154,0.577083725634154]","[0.015625,0.015625,-0.046875,0.015625,-0.046875,0.015625,0.015625,0.015625]","[0.015625,0.015625,-0.046875,0.015625,-0.046875,0.015625,0.015625,0.015625]",6.9250047076098475,0.1875,0.1875
DSR_Simple_training,nothink,prod,2,ALL_ZERO,"[0.0,0.0,0.0,0.0,0.0,0.0,0.0,0.0]","[0.0,0.0,0.0,0.0,0.0,0.0,0.0,0.0]","[0.0,0.0,0.0,0.0,0.0,0.0,0.0,0.0]","[0.0,0.0,0.0,0.0,0.0,0.0,0.0,0.0]",0.0,0.0,0.0
DSR_Simple_training,nothink,ad,2,A_ONLY,"[0.5,0.0,0.0,0.5,0.0,0.0,0.5,0.0]","[1.290461335641207,-0.7742768013847241,-0.7742768013847241,1.290461335641207,-0.7742768013847241,-0.7742768013847241,1.290461335641207,-0.7742768013847241]","[0.0390625,-0.0234375,-0.0234375,0.0390625,-0.0234375,-0.0234375,0.0390625,-0.0234375]","[0.0390625,-0.0234375,-0.0234375,0.0390625,-0.0234375,-0.0234375,0.0390625,-0.0234375]",7.742768013847242,0.234375,0.234375
DSR_Simple_training,nothink,ad,2,A_ONLY,"[0.0,0.0,0.0,0.0,0.5,0.0,0.0,0.0]","[-0.3777360397241218,-0.3777360397241218,-0.3777360397241218,-0.3777360397241218,2.6441522780688524,-0.3777360397241218,-0.3777360397241218,-0.3777360397241218]","[-0.0078125,-0.0078125,-0.0078125,-0.0078125,0.0546875,-0.0078125,-0.0078125,-0.0078125]","[-0.0078125,-0.0078125,-0.0078125,-0.0078125,0.0546875,-0.0078125,-0.0078125,-0.0078125]",5.288304556137704,0.109375,0.109375
DSR_Simple_training,nothink,living,2,ALL_ZERO,"[0.0,0.0,0.0,0.0,0.0,0.0,0.0,0.0]","[0.0,0.0,0.0,0.0,0.0,0.0,0.0,0.0]","[0.0,0.0,0.0,0.0,0.0,0.0,0.0,0.0]","[0.0,0.0,0.0,0.0,0.0,0.0,0.0,0.0]",0.0,0.0,0.0
DSR_Simple_training,nothink,video,20,A_ONLY,"[0.0,0.0,0.0,0.0,0.5,0.0,0.0,0.0]","[-0.3777360397241218,-0.3777360397241218,-0.3777360397241218,-0.3777360397241218,2.6441522780688524,-0.3777360397241218,-0.3777360397241218,-0.3777360397241218]","[-0.0078125,-0.0078125,-0.0078125,-0.0078125,0.0546875,-0.0078125,-0.0078125,-0.0078125]","[-0.0078125,-0.0078125,-0.0078125,-0.0078125,0.0546875,-0.0078125,-0.0078125,-0.0078125]",5.288304556137704,0.109375,0.109375
DSR_Simple_training,nothink,ad,4,A_ONLY,"[0.0,0.5,0.0,0.5,0.5,0.5,0.5,0.5]","[-1.7312511769024619,0.577083725634154,-1.7312511769024619,0.577083725634154,0.577083725634154,0.577083725634154,0.577083725634154,0.577083725634154]","[-0.046875,0.015625,-0.046875,0.015625,0.015625,0.015625,0.015625,0.015625]","[-0.046875,0.015625,-0.046875,0.015625,0.015625,0.015625,0.015625,0.015625]",6.925004707609846,0.1875,0.1875
DSR_Simple_training,nothink,video,20,AB_SIGNAL,"[0.5,0.5,0.5,0.5,0.5,0.5,2.0,0.5]","[-0.37788829788849776,-0.37788829788849776,-0.37788829788849776,-0.37788829788849776,-0.37788829788849776,-0.37788829788849776,2.645218085219484,-0.37788829788849776]","[-0.0234375,-0.0234375,-0.0234375,-0.0234375,-0.0234375,-0.0234375,0.1640625,-0.0234375]","[-0.0234375,-0.0234375,-0.0234375,-0.0234375,-0.0234375,-0.0234375,0.1640625,-0.0234375]",5.290436170438968,0.328125,0.328125
DSR_Simple_training,nothink,video,18,A_ONLY,"[0.5,0.0,0.0,0.0,0.0,0.5,0.0,0.0]","[1.7312511769024619,-0.577083725634154,-0.577083725634154,-0.577083725634154,-0.577083725634154,1.7312511769024619,-0.577083725634154,-0.577083725634154]","[0.046875,-0.015625,-0.015625,-0.015625,-0.015625,0.046875,-0.015625,-0.015625]","[0.046875,-0.015625,-0.015625,-0.015625,-0.015625,0.046875,-0.015625,-0.015625]",6.9250047076098475,0.1875,0.1875
DSR_Simple_training,nothink,prod,7,A_ONLY,"[0.5,0.0,0.0,0.0,0.5,0.0,0.5,0.0]","[1.290461335641207,-0.7742768013847241,-0.7742768013847241,-0.7742768013847241,1.290461335641207,-0.7742768013847241,1.290461335641207,-0.7742768013847241]","[0.0390625,-0.0234375,-0.0234375,-0.0234375,0.0390625,-0.0234375,0.0390625,-0.0234375]","[0.0390625,-0.0234375,-0.0234375,-0.0234375,0.0390625,-0.0234375,0.0390625,-0.0234375]",7.742768013847242,0.234375,0.234375
DSR_Simple_training,nothink,ad,2,ALL_ZERO,"[0.0,0.0,0.0,0.0,0.0,0.0,0.0,0.0]","[0.0,0.0,0.0,0.0,0.0,0.0,0.0,0.0]","[0.0,0.0,0.0,0.0,0.0,0.0,0.0,0.0]","[0.0,0.0,0.0,0.0,0.0,0.0,0.0,0.0]",0.0,0.0,0.0
DSR_Simple_training,nothink,living,2,ALL_ZERO,"[0.0,0.0,0.0,0.0,0.0,0.0,0.0,0.0]","[0.0,0.0,0.0,0.0,0.0,0.0,0.0,0.0]","[0.0,0.0,0.0,0.0,0.0,0.0,0.0,0.0]","[0.0,0.0,0.0,0.0,0.0,0.0,0.0,0.0]",0.0,0.0,0.0
DSR_Simple_training,nothink,ad,9,SINGLE_EXACT,"[0.5,0.5,0.5,0.5,2.0,0.5,8.0,0.5]","[-0.4574771071032025,-0.4574771071032025,-0.4574771071032025,-0.4574771071032025,0.15249236903440083,-0.4574771071032025,2.592370273584814,-0.4574771071032025]","[-0.140625,-0.140625,-0.140625,-0.140625,0.046875,-0.140625,0.796875,-0.140625]","[-0.140625,-0.140625,-0.140625,-0.140625,0.046875,-0.140625,0.796875,-0.140625]",5.48972528523843,1.6875,1.6875
DSR_Simple_training,nothink,ad,2,ALL_ZERO,"[0.0,0.0,0.0,0.0,0.0,0.0,0.0,0.0]","[0.0,0.0,0.0,0.0,0.0,0.0,0.0,0.0]","[0.0,0.0,0.0,0.0,0.0,0.0,0.0,0.0]","[0.0,0.0,0.0,0.0,0.0,0.0,0.0,0.0]",0.0,0.0,0.0
DSR_Simple_training,nothink,prod,2,ALL_ZERO,"[0.0,0.0,0.0,0.0,0.0,0.0,0.0,0.0]","[0.0,0.0,0.0,0.0,0.0,0.0,0.0,0.0]","[0.0,0.0,0.0,0.0,0.0,0.0,0.0,0.0]","[0.0,0.0,0.0,0.0,0.0,0.0,0.0,0.0]",0.0,0.0,0.0
DSR_Simple_training,nothink,prod,2,ALL_ZERO,"[0.0,0.0,0.0,0.0,0.0,0.0,0.0,0.0]","[0.0,0.0,0.0,0.0,0.0,0.0,0.0,0.0]","[0.0,0.0,0.0,0.0,0.0,0.0,0.0,0.0]","[0.0,0.0,0.0,0.0,0.0,0.0,0.0,0.0]",0.0,0.0,0.0
DSR_Simple_training,nothink,living,2,AB_SIGNAL,"[2.0,2.0,2.0,0.0,0.5,2.0,2.0,0.0]","[0.7644678368423063,0.7644678368423063,0.7644678368423063,-1.4594385976080393,-0.9034619889954529,0.7644678368423063,0.7644678368423063,-1.4594385976080393]","[0.0859375,0.0859375,0.0859375,-0.1640625,-0.1015625,0.0859375,0.0859375,-0.1640625]","[0.0859375,0.0859375,0.0859375,-0.1640625,-0.1015625,0.0859375,0.0859375,-0.1640625]",7.644678368423063,0.859375,0.859375
DSR_Simple_training,nothink,ad,2,A_ONLY,"[0.0,0.0,0.0,0.0,0.0,0.0,0.0,0.5]","[-0.3777360397241218,-0.3777360397241218,-0.3777360397241218,-0.3777360397241218,-0.3777360397241218,-0.3777360397241218,-0.3777360397241218,2.6441522780688524]","[-0.0078125,-0.0078125,-0.0078125,-0.0078125,-0.0078125,-0.0078125,-0.0078125,0.0546875]","[-0.0078125,-0.0078125,-0.0078125,-0.0078125,-0.0078125,-0.0078125,-0.0078125,0.0546875]",5.288304556137705,0.109375,0.109375
DSR_Simple_training,nothink,prod,2,ALL_ZERO,"[0.0,0.0,0.0,0.0,0.0,0.0,0.0,0.0]","[0.0,0.0,0.0,0.0,0.0,0.0,0.0,0.0]","[0.0,0.0,0.0,0.0,0.0,0.0,0.0,0.0]","[0.0,0.0,0.0,0.0,0.0,0.0,0.0,0.0]",0.0,0.0,0.0
DSR_Simple_training,nothink,living,2,A_ONLY,"[0.5,0.5,0.5,0.5,0.0,0.5,0.5,0.5]","[0.3777360397241218,0.3777360397241218,0.3777360397241218,0.3777360397241218,-2.6441522780688524,0.3777360397241218,0.3777360397241218,0.3777360397241218]","[0.0078125,0.0078125,0.0078125,0.0078125,-0.0546875,0.0078125,0.0078125,0.0078125]","[0.0078125,0.0078125,0.0078125,0.0078125,-0.0546875,0.0078125,0.0078125,0.0078125]",5.288304556137704,0.109375,0.109375
DSR_Simple_training,nothink,prod,2,ALL_ZERO,"[0.0,0.0,0.0,0.0,0.0,0.0,0.0,0.0]","[0.0,0.0,0.0,0.0,0.0,0.0,0.0,0.0]","[0.0,0.0,0.0,0.0,0.0,0.0,0.0,0.0]","[0.0,0.0,0.0,0.0,0.0,0.0,0.0,0.0]",0.0,0.0,0.0
DSR_Simple_training,nothink,video,12,A_ONLY,"[0.5,0.0,0.5,0.0,0.5,0.5,0.5,0.0]","[0.7742768013847241,-1.290461335641207,0.7742768013847241,-1.290461335641207,0.7742768013847241,0.7742768013847241,0.7742768013847241,-1.290461335641207]","[0.0234375,-0.0390625,0.0234375,-0.0390625,0.0234375,0.0234375,0.0234375,-0.0390625]","[0.0234375,-0.0390625,0.0234375,-0.0390625,0.0234375,0.0234375,0.0234375,-0.0390625]",7.742768013847242,0.234375,0.234375
DSR_Simple_training,nothink,prod,5,MULTI_EXACT,"[8.0,0.0,0.0,0.0,8.0,0.0,8.0,8.0]","[0.9999750006249845,-0.9999750006249845,-0.9999750006249845,-0.9999750006249845,0.9999750006249845,-0.9999750006249845,0.9999750006249845,0.9999750006249845]","[0.5,-0.5,-0.5,-0.5,0.5,-0.5,0.5,0.5]","[0.5,-0.5,-0.5,-0.5,0.5,-0.5,0.5,0.5]",7.999800004999876,4.0,4.0
DSR_Simple_training,nothink,ad,2,AB_SIGNAL,"[0.0,2.0,0.0,0.0,0.0,0.0,0.0,0.0]","[-0.3779073387899664,2.6453513715297645,-0.3779073387899664,-0.3779073387899664,-0.3779073387899664,-0.3779073387899664,-0.3779073387899664,-0.3779073387899664]","[-0.03125,0.21875,-0.03125,-0.03125,-0.03125,-0.03125,-0.03125,-0.03125]","[-0.03125,0.21875,-0.03125,-0.03125,-0.03125,-0.03125,-0.03125,-0.03125]",5.290702743059529,0.4375,0.4375
DSR_Simple_training,nothink,ad,2,ALL_ZERO,"[0.0,0.0,0.0,0.0,0.0,0.0,0.0,0.0]","[0.0,0.0,0.0,0.0,0.0,0.0,0.0,0.0]","[0.0,0.0,0.0,0.0,0.0,0.0,0.0,0.0]","[0.0,0.0,0.0,0.0,0.0,0.0,0.0,0.0]",0.0,0.0,0.0
DSR_Simple_training,nothink,ad,2,A_ONLY,"[0.0,0.5,0.0,0.0,0.0,0.0,0.0,0.0]","[-0.3777360397241218,2.6441522780688524,-0.3777360397241218,-0.3777360397241218,-0.3777360397241218,-0.3777360397241218,-0.3777360397241218,-0.3777360397241218]","[-0.0078125,0.0546875,-0.0078125,-0.0078125,-0.0078125,-0.0078125,-0.0078125,-0.0078125]","[-0.0078125,0.0546875,-0.0078125,-0.0078125,-0.0078125,-0.0078125,-0.0078125,-0.0078125]",5.288304556137704,0.109375,0.109375
DSR_Simple_training,nothink,ad,2,ALL_ZERO,"[0.0,0.0,0.0,0.0,0.0,0.0,0.0,0.0]","[0.0,0.0,0.0,0.0,0.0,0.0,0.0,0.0]","[0.0,0.0,0.0,0.0,0.0,0.0,0.0,0.0]","[0.0,0.0,0.0,0.0,0.0,0.0,0.0,0.0]",0.0,0.0,0.0
DSR_Simple_training,nothink,ad,2,ALL_ZERO,"[0.0,0.0,0.0,0.0,0.0,0.0,0.0,0.0]","[0.0,0.0,0.0,0.0,0.0,0.0,0.0,0.0]","[0.0,0.0,0.0,0.0,0.0,0.0,0.0,0.0]","[0.0,0.0,0.0,0.0,0.0,0.0,0.0,0.0]",0.0,0.0,0.0
DSR_Simple_training,nothink,ad,3,ALL_ZERO,"[0.0,0.0,0.0,0.0,0.0,0.0,0.0,0.0]","[0.0,0.0,0.0,0.0,0.0,0.0,0.0,0.0]","[0.0,0.0,0.0,0.0,0.0,0.0,0.0,0.0]","[0.0,0.0,0.0,0.0,0.0,0.0,0.0,0.0]",0.0,0.0,0.0
DSR_Simple_training,nothink,ad,2,ALL_ZERO,"[0.0,0.0,0.0,0.0,0.0,0.0,0.0,0.0]","[0.0,0.0,0.0,0.0,0.0,0.0,0.0,0.0]","[0.0,0.0,0.0,0.0,0.0,0.0,0.0,0.0]","[0.0,0.0,0.0,0.0,0.0,0.0,0.0,0.0]",0.0,0.0,0.0
DSR_Simple_training,nothink,prod,3,ALL_ZERO,"[0.0,0.0,0.0,0.0,0.0,0.0,0.0,0.0]","[0.0,0.0,0.0,0.0,0.0,0.0,0.0,0.0]","[0.0,0.0,0.0,0.0,0.0,0.0,0.0,0.0]","[0.0,0.0,0.0,0.0,0.0,0.0,0.0,0.0]",0.0,0.0,0.0
DSR_Simple_training,nothink,ad,3,ALL_ZERO,"[0.0,0.0,0.0,0.0,0.0,0.0,0.0,0.0]","[0.0,0.0,0.0,0.0,0.0,0.0,0.0,0.0]","[0.0,0.0,0.0,0.0,0.0,0.0,0.0,0.0]","[0.0,0.0,0.0,0.0,0.0,0.0,0.0,0.0]",0.0,0.0,0.0
DSR_Simple_training,nothink,video,20,SINGLE_EXACT,"[2.0,2.0,0.0,2.0,8.0,0.0,0.0,0.0]","[0.09852904447433851,0.09852904447433851,-0.6897033113203695,0.09852904447433851,2.4632261118584626,-0.6897033113203695,-0.6897033113203695,-0.6897033113203695]","[0.03125,0.03125,-0.21875,0.03125,0.78125,-0.21875,-0.21875,-0.21875]","[0.03125,0.03125,-0.21875,0.03125,0.78125,-0.21875,-0.21875,-0.21875]",5.5176264905629555,1.75,1.75
DSR_Simple_training,nothink,video,11,A_ONLY,"[0.5,0.0,0.0,0.0,0.0,0.0,0.0,0.0]","[2.6441522780688524,-0.3777360397241218,-0.3777360397241218,-0.3777360397241218,-0.3777360397241218,-0.3777360397241218,-0.3777360397241218,-0.3777360397241218]","[0.0546875,-0.0078125,-0.0078125,-0.0078125,-0.0078125,-0.0078125,-0.0078125,-0.0078125]","[0.0546875,-0.0078125,-0.0078125,-0.0078125,-0.0078125,-0.0078125,-0.0078125,-0.0078125]",5.288304556137704,0.109375,0.109375
DSR_Simple_training,nothink,video,16,A_ONLY,"[0.0,0.5,0.0,0.0,0.5,0.5,0.0,0.0]","[-0.7742768013847241,1.290461335641207,-0.7742768013847241,-0.7742768013847241,1.290461335641207,1.290461335641207,-0.7742768013847241,-0.7742768013847241]","[-0.0234375,0.0390625,-0.0234375,-0.0234375,0.0390625,0.0390625,-0.0234375,-0.0234375]","[-0.0234375,0.0390625,-0.0234375,-0.0234375,0.0390625,0.0390625,-0.0234375,-0.0234375]",7.742768013847242,0.234375,0.234375
DSR_Simple_training,nothink,video,19,MULTI_EXACT,"[8.0,0.0,0.0,0.0,0.0,0.0,8.0,0.0]","[1.7320008090122112,-0.5773336030040704,-0.5773336030040704,-0.5773336030040704,-0.5773336030040704,-0.5773336030040704,1.7320008090122112,-0.5773336030040704]","[0.75,-0.25,-0.25,-0.25,-0.25,-0.25,0.75,-0.25]","[0.75,-0.25,-0.25,-0.25,-0.25,-0.25,0.75,-0.25]",6.928003236048845,3.0,3.0
DSR_Simple_training,nothink,video,18,A_ONLY,"[0.5,0.0,0.0,0.0,0.0,0.0,0.0,0.0]","[2.6441522780688524,-0.3777360397241218,-0.3777360397241218,-0.3777360397241218,-0.3777360397241218,-0.3777360397241218,-0.3777360397241218,-0.3777360397241218]","[0.0546875,-0.0078125,-0.0078125,-0.0078125,-0.0078125,-0.0078125,-0.0078125,-0.0078125]","[0.0546875,-0.0078125,-0.0078125,-0.0078125,-0.0078125,-0.0078125,-0.0078125,-0.0078125]",5.288304556137704,0.109375,0.109375
DSR_Simple_training,nothink,prod,3,A_ONLY,"[0.0,0.5,0.5,0.5,0.5,0.0,0.0,0.5]","[-1.290461335641207,0.7742768013847241,0.7742768013847241,0.7742768013847241,0.7742768013847241,-1.290461335641207,-1.290461335641207,0.7742768013847241]","[-0.0390625,0.0234375,0.0234375,0.0234375,0.0234375,-0.0390625,-0.0390625,0.0234375]","[-0.0390625,0.0234375,0.0234375,0.0234375,0.0234375,-0.0390625,-0.0390625,0.0234375]",7.742768013847242,0.234375,0.234375
DSR_Simple_training,nothink,prod,2,A_ONLY,"[0.0,0.0,0.5,0.0,0.0,0.5,0.0,0.0]","[-0.577083725634154,-0.577083725634154,1.7312511769024619,-0.577083725634154,-0.577083725634154,1.7312511769024619,-0.577083725634154,-0.577083725634154]","[-0.015625,-0.015625,0.046875,-0.015625,-0.015625,0.046875,-0.015625,-0.015625]","[-0.015625,-0.015625,0.046875,-0.015625,-0.015625,0.046875,-0.015625,-0.015625]",6.9250047076098475,0.1875,0.1875
DSR_Simple_training,nothink,video,14,A_ONLY,"[0.0,0.5,0.0,0.0,0.0,0.0,0.0,0.0]","[-0.3777360397241218,2.6441522780688524,-0.3777360397241218,-0.3777360397241218,-0.3777360397241218,-0.3777360397241218,-0.3777360397241218,-0.3777360397241218]","[-0.0078125,0.0546875,-0.0078125,-0.0078125,-0.0078125,-0.0078125,-0.0078125,-0.0078125]","[-0.0078125,0.0546875,-0.0078125,-0.0078125,-0.0078125,-0.0078125,-0.0078125,-0.0078125]",5.288304556137704,0.109375,0.109375
DSR_Simple_training,nothink,prod,2,ALL_ZERO,"[0.0,0.0,0.0,0.0,0.0,0.0,0.0,0.0]","[0.0,0.0,0.0,0.0,0.0,0.0,0.0,0.0]","[0.0,0.0,0.0,0.0,0.0,0.0,0.0,0.0]","[0.0,0.0,0.0,0.0,0.0,0.0,0.0,0.0]",0.0,0.0,0.0
DSR_Simple_training,nothink,ad,2,AB_SIGNAL,"[0.5,0.5,2.0,0.0,2.0,0.0,0.5,0.0]","[-0.23788529086630075,-0.23788529086630075,1.6651970360641053,-0.8722460665097694,1.6651970360641053,-0.8722460665097694,-0.23788529086630075,-0.8722460665097694]","[-0.0234375,-0.0234375,0.1640625,-0.0859375,0.1640625,-0.0859375,-0.0234375,-0.0859375]","[-0.0234375,-0.0234375,0.1640625,-0.0859375,0.1640625,-0.0859375,-0.0234375,-0.0859375]",6.660788144256422,0.65625,0.65625
DSR_Simple_training,nothink,prod,2,ALL_ZERO,"[0.0,0.0,0.0,0.0,0.0,0.0,0.0,0.0]","[0.0,0.0,0.0,0.0,0.0,0.0,0.0,0.0]","[0.0,0.0,0.0,0.0,0.0,0.0,0.0,0.0]","[0.0,0.0,0.0,0.0,0.0,0.0,0.0,0.0]",0.0,0.0,0.0
DSR_Simple_training,nothink,ad,3,ALL_ZERO,"[0.0,0.0,0.0,0.0,0.0,0.0,0.0,0.0]","[0.0,0.0,0.0,0.0,0.0,0.0,0.0,0.0]","[0.0,0.0,0.0,0.0,0.0,0.0,0.0,0.0]","[0.0,0.0,0.0,0.0,0.0,0.0,0.0,0.0]",0.0,0.0,0.0
DSR_Simple_training,nothink,video,13,A_ONLY,"[0.0,0.0,0.5,0.0,0.5,0.5,0.5,0.0]","[-0.9996001599360256,-0.9996001599360256,0.9996001599360256,-0.9996001599360256,0.9996001599360256,0.9996001599360256,0.9996001599360256,-0.9996001599360256]","[-0.03125,-0.03125,0.03125,-0.03125,0.03125,0.03125,0.03125,-0.03125]","[-0.03125,-0.03125,0.03125,-0.03125,0.03125,0.03125,0.03125,-0.03125]",7.996801279488204,0.25,0.25
DSR_Simple_training,nothink,video,12,SINGLE_EXACT,"[0.5,0.0,0.0,0.0,0.0,0.0,0.0,8.0]","[-0.2140955815358185,-0.4044027651232127,-0.4044027651232127,-0.4044027651232127,-0.4044027651232127,-0.4044027651232127,-0.4044027651232127,2.640512172275095]","[-0.0703125,-0.1328125,-0.1328125,-0.1328125,-0.1328125,-0.1328125,-0.1328125,0.8671875]","[-0.0703125,-0.1328125,-0.1328125,-0.1328125,-0.1328125,-0.1328125,-0.1328125,0.8671875]",5.28102434455019,1.734375,1.734375
DSR_Simple_training,nothink,living,4,AB_SIGNAL,"[0.0,0.0,0.0,0.5,0.0,2.0,0.0,0.0]","[-0.47450693674776084,-0.47450693674776084,-0.47450693674776084,0.2847041620486565,-0.47450693674776084,2.562337458437909,-0.47450693674776084,-0.47450693674776084]","[-0.0390625,-0.0390625,-0.0390625,0.0234375,-0.0390625,0.2109375,-0.0390625,-0.0390625]","[-0.0390625,-0.0390625,-0.0390625,0.0234375,-0.0390625,0.2109375,-0.0390625,-0.0390625]",5.69408324097313,0.46875,0.46875
DSR_Simple_training,nothink,living,2,ALL_ZERO,"[0.0,0.0,0.0,0.0,0.0,0.0,0.0,0.0]","[0.0,0.0,0.0,0.0,0.0,0.0,0.0,0.0]","[0.0,0.0,0.0,0.0,0.0,0.0,0.0,0.0]","[0.0,0.0,0.0,0.0,0.0,0.0,0.0,0.0]",0.0,0.0,0.0
DSR_Simple_training,nothink,living,2,A_ONLY,"[0.0,0.0,0.5,0.5,0.0,0.5,0.5,0.5]","[-1.290461335641207,-1.290461335641207,0.7742768013847241,0.7742768013847241,-1.290461335641207,0.7742768013847241,0.7742768013847241,0.7742768013847241]","[-0.0390625,-0.0390625,0.0234375,0.0234375,-0.0390625,0.0234375,0.0234375,0.0234375]","[-0.0390625,-0.0390625,0.0234375,0.0234375,-0.0390625,0.0234375,0.0234375,0.0234375]",7.742768013847242,0.234375,0.234375
DSR_Simple_training,nothink,prod,2,ALL_ZERO,"[0.0,0.0,0.0,0.0,0.0,0.0,0.0,0.0]","[0.0,0.0,0.0,0.0,0.0,0.0,0.0,0.0]","[0.0,0.0,0.0,0.0,0.0,0.0,0.0,0.0]","[0.0,0.0,0.0,0.0,0.0,0.0,0.0,0.0]",0.0,0.0,0.0
DSR_Simple_training,nothink,video,18,AB_SIGNAL,"[0.0,0.0,0.0,0.0,0.0,2.0,0.0,0.5]","[-0.47450693674776084,-0.47450693674776084,-0.47450693674776084,-0.47450693674776084,-0.47450693674776084,2.562337458437909,-0.47450693674776084,0.2847041620486565]","[-0.0390625,-0.0390625,-0.0390625,-0.0390625,-0.0390625,0.2109375,-0.0390625,0.0234375]","[-0.0390625,-0.0390625,-0.0390625,-0.0390625,-0.0390625,0.2109375,-0.0390625,0.0234375]",5.694083240973131,0.46875,0.46875
DSR_Simple_training,nothink,ad,2,AB_SIGNAL,"[0.0,0.0,0.5,0.0,0.0,0.5,0.0,2.0]","[-0.5772613939839699,-0.5772613939839699,0.19242046466132331,-0.5772613939839699,-0.5772613939839699,0.19242046466132331,-0.5772613939839699,2.501466040597203]","[-0.046875,-0.046875,0.015625,-0.046875,-0.046875,0.015625,-0.046875,0.203125]","[-0.046875,-0.046875,0.015625,-0.046875,-0.046875,0.015625,-0.046875,0.203125]",5.772613939839699,0.46875,0.46875
DSR_Simple_training,nothink,ad,2,A_ONLY,"[0.0,0.0,0.0,0.0,0.0,0.5,0.0,0.0]","[-0.3777360397241218,-0.3777360397241218,-0.3777360397241218,-0.3777360397241218,-0.3777360397241218,2.6441522780688524,-0.3777360397241218,-0.3777360397241218]","[-0.0078125,-0.0078125,-0.0078125,-0.0078125,-0.0078125,0.0546875,-0.0078125,-0.0078125]","[-0.0078125,-0.0078125,-0.0078125,-0.0078125,-0.0078125,0.0546875,-0.0078125,-0.0078125]",5.288304556137704,0.109375,0.109375
DSR_Simple_training,nothink,video,20,AB_SIGNAL,"[2.0,0.5,0.0,0.0,0.5,0.5,0.0,0.5]","[2.44908980809224,0.0,-0.81636326936408,-0.81636326936408,0.0,0.0,-0.81636326936408,0.0]","[0.1875,0.0,-0.0625,-0.0625,0.0,0.0,-0.0625,0.0]","[0.1875,0.0,-0.0625,-0.0625,0.0,0.0,-0.0625,0.0]",4.89817961618448,0.375,0.375
DSR_Simple_training,nothink,living,3,ALL_ZERO,"[0.0,0.0,0.0,0.0,0.0,0.0,0.0,0.0]","[0.0,0.0,0.0,0.0,0.0,0.0,0.0,0.0]","[0.0,0.0,0.0,0.0,0.0,0.0,0.0,0.0]","[0.0,0.0,0.0,0.0,0.0,0.0,0.0,0.0]",0.0,0.0,0.0
DSR_Simple_training,nothink,ad,2,A_ONLY,"[0.0,0.0,0.0,0.0,0.0,0.0,0.5,0.0]","[-0.3777360397241218,-0.3777360397241218,-0.3777360397241218,-0.3777360397241218,-0.3777360397241218,-0.3777360397241218,2.6441522780688524,-0.3777360397241218]","[-0.0078125,-0.0078125,-0.0078125,-0.0078125,-0.0078125,-0.0078125,0.0546875,-0.0078125]","[-0.0078125,-0.0078125,-0.0078125,-0.0078125,-0.0078125,-0.0078125,0.0546875,-0.0078125]",5.288304556137705,0.109375,0.109375
DSR_Simple_training,nothink,video,11,A_ONLY,"[0.0,0.0,0.0,0.5,0.0,0.0,0.0,0.0]","[-0.3777360397241218,-0.3777360397241218,-0.3777360397241218,2.6441522780688524,-0.3777360397241218,-0.3777360397241218,-0.3777360397241218,-0.3777360397241218]","[-0.0078125,-0.0078125,-0.0078125,0.0546875,-0.0078125,-0.0078125,-0.0078125,-0.0078125]","[-0.0078125,-0.0078125,-0.0078125,0.0546875,-0.0078125,-0.0078125,-0.0078125,-0.0078125]",5.288304556137703,0.109375,0.109375
DSR_Simple_training,nothink,video,17,AB_SIGNAL,"[2.0,0.5,0.0,0.0,2.0,0.5,2.0,0.5]","[1.2565275443206454,-0.5173936947202658,-1.1087007744005695,-1.1087007744005695,1.2565275443206454,-0.5173936947202658,1.2565275443206454,-0.5173936947202658]","[0.1328125,-0.0546875,-0.1171875,-0.1171875,0.1328125,-0.0546875,0.1328125,-0.0546875]","[0.1328125,-0.0546875,-0.1171875,-0.1171875,0.1328125,-0.0546875,0.1328125,-0.0546875]",7.539165265923872,0.796875,0.796875
DSR_Simple_training,nothink,video,14,A_ONLY,"[0.0,0.5,0.0,0.5,0.5,0.5,0.5,0.5]","[-1.7312511769024619,0.577083725634154,-1.7312511769024619,0.577083725634154,0.577083725634154,0.577083725634154,0.577083725634154,0.577083725634154]","[-0.046875,0.015625,-0.046875,0.015625,0.015625,0.015625,0.015625,0.015625]","[-0.046875,0.015625,-0.046875,0.015625,0.015625,0.015625,0.015625,0.015625]",6.925004707609846,0.1875,0.1875
DSR_Simple_training,nothink,video,20,AB_SIGNAL,"[0.5,0.5,2.0,0.0,0.0,0.5,0.5,0.0]","[0.0,0.0,2.44908980809224,-0.81636326936408,-0.81636326936408,0.0,0.0,-0.81636326936408]","[0.0,0.0,0.1875,-0.0625,-0.0625,0.0,0.0,-0.0625]","[0.0,0.0,0.1875,-0.0625,-0.0625,0.0,0.0,-0.0625]",4.89817961618448,0.375,0.375
DSR_Simple_training,nothink,video,14,A_ONLY,"[0.0,0.0,0.0,0.5,0.0,0.0,0.0,0.0]","[-0.3777360397241218,-0.3777360397241218,-0.3777360397241218,2.6441522780688524,-0.3777360397241218,-0.3777360397241218,-0.3777360397241218,-0.3777360397241218]","[-0.0078125,-0.0078125,-0.0078125,0.0546875,-0.0078125,-0.0078125,-0.0078125,-0.0078125]","[-0.0078125,-0.0078125,-0.0078125,0.0546875,-0.0078125,-0.0078125,-0.0078125,-0.0078125]",5.288304556137703,0.109375,0.109375
DSR_Simple_training,nothink,video,20,ALL_ZERO,"[0.0,0.0,0.0,0.0,0.0,0.0,0.0,0.0]","[0.0,0.0,0.0,0.0,0.0,0.0,0.0,0.0]","[0.0,0.0,0.0,0.0,0.0,0.0,0.0,0.0]","[0.0,0.0,0.0,0.0,0.0,0.0,0.0,0.0]",0.0,0.0,0.0
DSR_Simple_training,nothink,ad,2,MULTI_EXACT,"[8.0,0.0,0.0,8.0,8.0,0.0,0.0,0.0]","[1.290961116263113,-0.7745766697578678,-0.7745766697578678,1.290961116263113,1.290961116263113,-0.7745766697578678,-0.7745766697578678,-0.7745766697578678]","[0.625,-0.375,-0.375,0.625,0.625,-0.375,-0.375,-0.375]","[0.625,-0.375,-0.375,0.625,0.625,-0.375,-0.375,-0.375]",7.745766697578677,3.75,3.75
DSR_Simple_training,nothink,ad,6,A_ONLY,"[0.5,0.0,0.5,0.0,0.5,0.0,0.0,0.5]","[0.9996001599360256,-0.9996001599360256,0.9996001599360256,-0.9996001599360256,0.9996001599360256,-0.9996001599360256,-0.9996001599360256,0.9996001599360256]","[0.03125,-0.03125,0.03125,-0.03125,0.03125,-0.03125,-0.03125,0.03125]","[0.03125,-0.03125,0.03125,-0.03125,0.03125,-0.03125,-0.03125,0.03125]",7.996801279488204,0.25,0.25
DSR_Simple_training,nothink,prod,2,ALL_ZERO,"[0.0,0.0,0.0,0.0,0.0,0.0,0.0,0.0]","[0.0,0.0,0.0,0.0,0.0,0.0,0.0,0.0]","[0.0,0.0,0.0,0.0,0.0,0.0,0.0,0.0]","[0.0,0.0,0.0,0.0,0.0,0.0,0.0,0.0]",0.0,0.0,0.0
DSR_Simple_training,nothink,video,16,A_ONLY,"[0.0,0.0,0.0,0.5,0.5,0.0,0.5,0.5]","[-0.9996001599360256,-0.9996001599360256,-0.9996001599360256,0.9996001599360256,0.9996001599360256,-0.9996001599360256,0.9996001599360256,0.9996001599360256]","[-0.03125,-0.03125,-0.03125,0.03125,0.03125,-0.03125,0.03125,0.03125]","[-0.03125,-0.03125,-0.03125,0.03125,0.03125,-0.03125,0.03125,0.03125]",7.996801279488204,0.25,0.25
DSR_Simple_training,nothink,video,20,SINGLE_EXACT,"[0.5,0.5,0.0,0.0,0.5,8.0,0.0,0.0]","[-0.2659199263819851,-0.2659199263819851,-0.45931623647797426,-0.45931623647797426,-0.2659199263819851,2.6350247250578525,-0.45931623647797426,-0.45931623647797426]","[-0.0859375,-0.0859375,-0.1484375,-0.1484375,-0.0859375,0.8515625,-0.1484375,-0.1484375]","[-0.0859375,-0.0859375,-0.1484375,-0.1484375,-0.0859375,0.8515625,-0.1484375,-0.1484375]",5.270049450115705,1.703125,1.703125
DSR_Simple_training,nothink,prod,4,ALL_ZERO,"[0.0,0.0,0.0,0.0,0.0,0.0,0.0,0.0]","[0.0,0.0,0.0,0.0,0.0,0.0,0.0,0.0]","[0.0,0.0,0.0,0.0,0.0,0.0,0.0,0.0]","[0.0,0.0,0.0,0.0,0.0,0.0,0.0,0.0]",0.0,0.0,0.0
DSR_Simple_training,nothink,living,2,ALL_ZERO,"[0.0,0.0,0.0,0.0,0.0,0.0,0.0,0.0]","[0.0,0.0,0.0,0.0,0.0,0.0,0.0,0.0]","[0.0,0.0,0.0,0.0,0.0,0.0,0.0,0.0]","[0.0,0.0,0.0,0.0,0.0,0.0,0.0,0.0]",0.0,0.0,0.0
DSR_Simple_training,nothink,video,20,A_ONLY,"[0.0,0.0,0.0,0.0,0.0,0.0,0.0,0.5]","[-0.3777360397241218,-0.3777360397241218,-0.3777360397241218,-0.3777360397241218,-0.3777360397241218,-0.3777360397241218,-0.3777360397241218,2.6441522780688524]","[-0.0078125,-0.0078125,-0.0078125,-0.0078125,-0.0078125,-0.0078125,-0.0078125,0.0546875]","[-0.0078125,-0.0078125,-0.0078125,-0.0078125,-0.0078125,-0.0078125,-0.0078125,0.0546875]",5.288304556137705,0.109375,0.109375
DSR_Simple_training,nothink,video,14,A_ONLY,"[0.0,0.0,0.0,0.0,0.0,0.0,0.5,0.0]","[-0.3777360397241218,-0.3777360397241218,-0.3777360397241218,-0.3777360397241218,-0.3777360397241218,-0.3777360397241218,2.6441522780688524,-0.3777360397241218]","[-0.0078125,-0.0078125,-0.0078125,-0.0078125,-0.0078125,-0.0078125,0.0546875,-0.0078125]","[-0.0078125,-0.0078125,-0.0078125,-0.0078125,-0.0078125,-0.0078125,0.0546875,-0.0078125]",5.288304556137705,0.109375,0.109375
DSR_Simple_training,nothink,video,15,A_ONLY,"[0.5,0.0,0.0,0.0,0.5,0.0,0.5,0.0]","[1.290461335641207,-0.7742768013847241,-0.7742768013847241,-0.7742768013847241,1.290461335641207,-0.7742768013847241,1.290461335641207,-0.7742768013847241]","[0.0390625,-0.0234375,-0.0234375,-0.0234375,0.0390625,-0.0234375,0.0390625,-0.0234375]","[0.0390625,-0.0234375,-0.0234375,-0.0234375,0.0390625,-0.0234375,0.0390625,-0.0234375]",7.742768013847242,0.234375,0.234375
DSR_Simple_training,nothink,video,20,ALL_ZERO,"[0.0,0.0,0.0,0.0,0.0,0.0,0.0,0.0]","[0.0,0.0,0.0,0.0,0.0,0.0,0.0,0.0]","[0.0,0.0,0.0,0.0,0.0,0.0,0.0,0.0]","[0.0,0.0,0.0,0.0,0.0,0.0,0.0,0.0]",0.0,0.0,0.0
DSR_Simple_training,nothink,ad,2,A_ONLY,"[0.0,0.5,0.0,0.0,0.0,0.0,0.0,0.0]","[-0.3777360397241218,2.6441522780688524,-0.3777360397241218,-0.3777360397241218,-0.3777360397241218,-0.3777360397241218,-0.3777360397241218,-0.3777360397241218]","[-0.0078125,0.0546875,-0.0078125,-0.0078125,-0.0078125,-0.0078125,-0.0078125,-0.0078125]","[-0.0078125,0.0546875,-0.0078125,-0.0078125,-0.0078125,-0.0078125,-0.0078125,-0.0078125]",5.288304556137704,0.109375,0.109375
DSR_Simple_training,nothink,video,12,A_ONLY,"[0.5,0.0,0.0,0.0,0.0,0.0,0.0,0.0]","[2.6441522780688524,-0.3777360397241218,-0.3777360397241218,-0.3777360397241218,-0.3777360397241218,-0.3777360397241218,-0.3777360397241218,-0.3777360397241218]","[0.0546875,-0.0078125,-0.0078125,-0.0078125,-0.0078125,-0.0078125,-0.0078125,-0.0078125]","[0.0546875,-0.0078125,-0.0078125,-0.0078125,-0.0078125,-0.0078125,-0.0078125,-0.0078125]",5.288304556137704,0.109375,0.109375
DSR_Simple_training,nothink,video,11,A_ONLY,"[0.5,0.0,0.0,0.5,0.5,0.0,0.0,0.0]","[1.290461335641207,-0.7742768013847241,-0.7742768013847241,1.290461335641207,1.290461335641207,-0.7742768013847241,-0.7742768013847241,-0.7742768013847241]","[0.0390625,-0.0234375,-0.0234375,0.0390625,0.0390625,-0.0234375,-0.0234375,-0.0234375]","[0.0390625,-0.0234375,-0.0234375,0.0390625,0.0390625,-0.0234375,-0.0234375,-0.0234375]",7.742768013847242,0.234375,0.234375
DSR_Simple_training,nothink,ad,2,A_ONLY,"[0.0,0.0,0.0,0.5,0.5,0.5,0.0,0.0]","[-0.7742768013847241,-0.7742768013847241,-0.7742768013847241,1.290461335641207,1.290461335641207,1.290461335641207,-0.7742768013847241,-0.7742768013847241]","[-0.0234375,-0.0234375,-0.0234375,0.0390625,0.0390625,0.0390625,-0.0234375,-0.0234375]","[-0.0234375,-0.0234375,-0.0234375,0.0390625,0.0390625,0.0390625,-0.0234375,-0.0234375]",7.7427680138472414,0.234375,0.234375
DSR_Simple_training,nothink,video,11,ALL_ZERO,"[0.0,0.0,0.0,0.0,0.0,0.0,0.0,0.0]","[0.0,0.0,0.0,0.0,0.0,0.0,0.0,0.0]","[0.0,0.0,0.0,0.0,0.0,0.0,0.0,0.0]","[0.0,0.0,0.0,0.0,0.0,0.0,0.0,0.0]",0.0,0.0,0.0
DSR_Simple_training,nothink,video,11,A_ONLY,"[0.5,0.0,0.0,0.0,0.0,0.0,0.0,0.0]","[2.6441522780688524,-0.3777360397241218,-0.3777360397241218,-0.3777360397241218,-0.3777360397241218,-0.3777360397241218,-0.3777360397241218,-0.3777360397241218]","[0.0546875,-0.0078125,-0.0078125,-0.0078125,-0.0078125,-0.0078125,-0.0078125,-0.0078125]","[0.0546875,-0.0078125,-0.0078125,-0.0078125,-0.0078125,-0.0078125,-0.0078125,-0.0078125]",5.288304556137704,0.109375,0.109375
DSR_Simple_training,nothink,ad,2,ALL_ZERO,"[0.0,0.0,0.0,0.0,0.0,0.0,0.0,0.0]","[0.0,0.0,0.0,0.0,0.0,0.0,0.0,0.0]","[0.0,0.0,0.0,0.0,0.0,0.0,0.0,0.0]","[0.0,0.0,0.0,0.0,0.0,0.0,0.0,0.0]",0.0,0.0,0.0
DSR_Simple_training,nothink,prod,2,ALL_ZERO,"[0.0,0.0,0.0,0.0,0.0,0.0,0.0,0.0]","[0.0,0.0,0.0,0.0,0.0,0.0,0.0,0.0]","[0.0,0.0,0.0,0.0,0.0,0.0,0.0,0.0]","[0.0,0.0,0.0,0.0,0.0,0.0,0.0,0.0]",0.0,0.0,0.0
DSR_Simple_training,nothink,prod,2,SINGLE_EXACT,"[8.0,0.0,0.0,0.0,0.0,0.0,0.0,0.0]","[2.645651314844092,-0.3779501878348703,-0.3779501878348703,-0.3779501878348703,-0.3779501878348703,-0.3779501878348703,-0.3779501878348703,-0.3779501878348703]","[0.875,-0.125,-0.125,-0.125,-0.125,-0.125,-0.125,-0.125]","[0.875,-0.125,-0.125,-0.125,-0.125,-0.125,-0.125,-0.125]",5.291302629688184,1.75,1.75
DSR_Simple_training,nothink,prod,2,A_ONLY,"[0.5,0.0,0.0,0.0,0.0,0.0,0.0,0.0]","[2.6441522780688524,-0.3777360397241218,-0.3777360397241218,-0.3777360397241218,-0.3777360397241218,-0.3777360397241218,-0.3777360397241218,-0.3777360397241218]","[0.0546875,-0.0078125,-0.0078125,-0.0078125,-0.0078125,-0.0078125,-0.0078125,-0.0078125]","[0.0546875,-0.0078125,-0.0078125,-0.0078125,-0.0078125,-0.0078125,-0.0078125,-0.0078125]",5.288304556137704,0.109375,0.109375
DSR_Simple_training,nothink,prod,2,A_ONLY,"[0.0,0.0,0.5,0.0,0.0,0.5,0.5,0.0]","[-0.7742768013847241,-0.7742768013847241,1.290461335641207,-0.7742768013847241,-0.7742768013847241,1.290461335641207,1.290461335641207,-0.7742768013847241]","[-0.0234375,-0.0234375,0.0390625,-0.0234375,-0.0234375,0.0390625,0.0390625,-0.0234375]","[-0.0234375,-0.0234375,0.0390625,-0.0234375,-0.0234375,0.0390625,0.0390625,-0.0234375]",7.7427680138472414,0.234375,0.234375
DSR_Simple_training,nothink,ad,2,A_ONLY,"[0.5,0.0,0.0,0.5,0.5,0.0,0.0,0.5]","[0.9996001599360256,-0.9996001599360256,-0.9996001599360256,0.9996001599360256,0.9996001599360256,-0.9996001599360256,-0.9996001599360256,0.9996001599360256]","[0.03125,-0.03125,-0.03125,0.03125,0.03125,-0.03125,-0.03125,0.03125]","[0.03125,-0.03125,-0.03125,0.03125,0.03125,-0.03125,-0.03125,0.03125]",7.996801279488204,0.25,0.25
DSR_Simple_training,nothink,video,15,A_ONLY,"[0.0,0.0,0.5,0.0,0.5,0.0,0.0,0.0]","[-0.577083725634154,-0.577083725634154,1.7312511769024619,-0.577083725634154,1.7312511769024619,-0.577083725634154,-0.577083725634154,-0.577083725634154]","[-0.015625,-0.015625,0.046875,-0.015625,0.046875,-0.015625,-0.015625,-0.015625]","[-0.015625,-0.015625,0.046875,-0.015625,0.046875,-0.015625,-0.015625,-0.015625]",6.9250047076098475,0.1875,0.1875
DSR_Simple_training,nothink,prod,2,A_ONLY,"[0.5,0.5,0.5,0.5,0.5,0.5,0.5,0.5]","[0.0,0.0,0.0,0.0,0.0,0.0,0.0,0.0]","[0.0,0.0,0.0,0.0,0.0,0.0,0.0,0.0]","[0.0,0.0,0.0,0.0,0.0,0.0,0.0,0.0]",0.0,0.0,0.0
DSR_Simple_training,nothink,ad,8,AB_SIGNAL,"[0.5,0.5,2.0,0.5,0.0,2.0,2.0,0.5]","[-0.6323755421516846,-0.6323755421516846,1.2647510843033691,-0.6323755421516846,-1.2647510843033691,1.2647510843033691,1.2647510843033691,-0.6323755421516846]","[-0.0625,-0.0625,0.125,-0.0625,-0.125,0.125,0.125,-0.0625]","[-0.0625,-0.0625,0.125,-0.0625,-0.125,0.125,0.125,-0.0625]",7.588506505820215,0.75,0.75
DSR_Simple_training,nothink,video,13,A_ONLY,"[0.5,0.0,0.0,0.0,0.0,0.0,0.0,0.0]","[2.6441522780688524,-0.3777360397241218,-0.3777360397241218,-0.3777360397241218,-0.3777360397241218,-0.3777360397241218,-0.3777360397241218,-0.3777360397241218]","[0.0546875,-0.0078125,-0.0078125,-0.0078125,-0.0078125,-0.0078125,-0.0078125,-0.0078125]","[0.0546875,-0.0078125,-0.0078125,-0.0078125,-0.0078125,-0.0078125,-0.0078125,-0.0078125]",5.288304556137704,0.109375,0.109375
DSR_Simple_training,nothink,video,12,ALL_ZERO,"[0.0,0.0,0.0,0.0,0.0,0.0,0.0,0.0]","[0.0,0.0,0.0,0.0,0.0,0.0,0.0,0.0]","[0.0,0.0,0.0,0.0,0.0,0.0,0.0,0.0]","[0.0,0.0,0.0,0.0,0.0,0.0,0.0,0.0]",0.0,0.0,0.0
DSR_Simple_training,nothink,prod,2,A_ONLY,"[0.0,0.0,0.0,0.5,0.0,0.0,0.0,0.0]","[-0.3777360397241218,-0.3777360397241218,-0.3777360397241218,2.6441522780688524,-0.3777360397241218,-0.3777360397241218,-0.3777360397241218,-0.3777360397241218]","[-0.0078125,-0.0078125,-0.0078125,0.0546875,-0.0078125,-0.0078125,-0.0078125,-0.0078125]","[-0.0078125,-0.0078125,-0.0078125,0.0546875,-0.0078125,-0.0078125,-0.0078125,-0.0078125]",5.288304556137703,0.109375,0.109375
DSR_Simple_training,nothink,living,2,A_ONLY,"[0.0,0.0,0.5,0.5,0.0,0.5,0.0,0.0]","[-0.7742768013847241,-0.7742768013847241,1.290461335641207,1.290461335641207,-0.7742768013847241,1.290461335641207,-0.7742768013847241,-0.7742768013847241]","[-0.0234375,-0.0234375,0.0390625,0.0390625,-0.0234375,0.0390625,-0.0234375,-0.0234375]","[-0.0234375,-0.0234375,0.0390625,0.0390625,-0.0234375,0.0390625,-0.0234375,-0.0234375]",7.742768013847242,0.234375,0.234375
DSR_Simple_training,nothink,video,13,AB_SIGNAL,"[0.5,0.0,0.0,0.0,0.0,0.5,2.0,0.0]","[0.19242046466132331,-0.5772613939839699,-0.5772613939839699,-0.5772613939839699,-0.5772613939839699,0.19242046466132331,2.501466040597203,-0.5772613939839699]","[0.015625,-0.046875,-0.046875,-0.046875,-0.046875,0.015625,0.203125,-0.046875]","[0.015625,-0.046875,-0.046875,-0.046875,-0.046875,0.015625,0.203125,-0.046875]",5.7726139398397,0.46875,0.46875
DSR_Simple_training,nothink,living,2,ALL_ZERO,"[0.0,0.0,0.0,0.0,0.0,0.0,0.0,0.0]","[0.0,0.0,0.0,0.0,0.0,0.0,0.0,0.0]","[0.0,0.0,0.0,0.0,0.0,0.0,0.0,0.0]","[0.0,0.0,0.0,0.0,0.0,0.0,0.0,0.0]",0.0,0.0,0.0
DSR_Simple_training,nothink,video,13,A_ONLY,"[0.0,0.0,0.0,0.0,0.0,0.5,0.0,0.5]","[-0.577083725634154,-0.577083725634154,-0.577083725634154,-0.577083725634154,-0.577083725634154,1.7312511769024619,-0.577083725634154,1.7312511769024619]","[-0.015625,-0.015625,-0.015625,-0.015625,-0.015625,0.046875,-0.015625,0.046875]","[-0.015625,-0.015625,-0.015625,-0.015625,-0.015625,0.046875,-0.015625,0.046875]",6.9250047076098475,0.1875,0.1875
DSR_Simple_training,nothink,living,2,AB_SIGNAL,"[2.0,0.0,2.0,0.5,0.0,2.0,0.0,0.5]","[1.2601109149677772,-0.98008626719716,1.2601109149677772,-0.4200369716559257,-0.98008626719716,1.2601109149677772,-0.98008626719716,-0.4200369716559257]","[0.140625,-0.109375,0.140625,-0.046875,-0.109375,0.140625,-0.109375,-0.046875]","[0.140625,-0.109375,0.140625,-0.046875,-0.109375,0.140625,-0.109375,-0.046875]",7.560665489806664,0.84375,0.84375
DSR_Simple_training,nothink,prod,2,A_ONLY,"[0.0,0.0,0.0,0.0,0.0,0.0,0.0,0.5]","[-0.3777360397241218,-0.3777360397241218,-0.3777360397241218,-0.3777360397241218,-0.3777360397241218,-0.3777360397241218,-0.3777360397241218,2.6441522780688524]","[-0.0078125,-0.0078125,-0.0078125,-0.0078125,-0.0078125,-0.0078125,-0.0078125,0.0546875]","[-0.0078125,-0.0078125,-0.0078125,-0.0078125,-0.0078125,-0.0078125,-0.0078125,0.0546875]",5.288304556137705,0.109375,0.109375
DSR_Simple_training,nothink,ad,2,A_ONLY,"[0.0,0.0,0.5,0.0,0.5,0.5,0.5,0.0]","[-0.9996001599360256,-0.9996001599360256,0.9996001599360256,-0.9996001599360256,0.9996001599360256,0.9996001599360256,0.9996001599360256,-0.9996001599360256]","[-0.03125,-0.03125,0.03125,-0.03125,0.03125,0.03125,0.03125,-0.03125]","[-0.03125,-0.03125,0.03125,-0.03125,0.03125,0.03125,0.03125,-0.03125]",7.996801279488204,0.25,0.25
DSR_Simple_training,nothink,ad,2,AB_SIGNAL,"[2.0,2.0,2.0,2.0,2.0,2.0,2.0,2.0]","[0.0,0.0,0.0,0.0,0.0,0.0,0.0,0.0]","[0.0,0.0,0.0,0.0,0.0,0.0,0.0,0.0]","[0.0,0.0,0.0,0.0,0.0,0.0,0.0,0.0]",0.0,0.0,0.0
DSR_Simple_training,nothink,prod,2,ALL_ZERO,"[0.0,0.0,0.0,0.0,0.0,0.0,0.0,0.0]","[0.0,0.0,0.0,0.0,0.0,0.0,0.0,0.0]","[0.0,0.0,0.0,0.0,0.0,0.0,0.0,0.0]","[0.0,0.0,0.0,0.0,0.0,0.0,0.0,0.0]",0.0,0.0,0.0
DSR_Simple_training,nothink,prod,2,A_ONLY,"[0.0,0.5,0.5,0.0,0.0,0.0,0.0,0.0]","[-0.577083725634154,1.7312511769024619,1.7312511769024619,-0.577083725634154,-0.577083725634154,-0.577083725634154,-0.577083725634154,-0.577083725634154]","[-0.015625,0.046875,0.046875,-0.015625,-0.015625,-0.015625,-0.015625,-0.015625]","[-0.015625,0.046875,0.046875,-0.015625,-0.015625,-0.015625,-0.015625,-0.015625]",6.925004707609846,0.1875,0.1875
DSR_Simple_training,nothink,prod,3,MULTI_EXACT,"[2.0,8.0,8.0,0.5,2.0,0.5,0.5,0.5]","[-0.2425277821527019,1.6976944750689134,1.6976944750689134,-0.7275833464581057,-0.2425277821527019,-0.7275833464581057,-0.7275833464581057,-0.7275833464581057]","[-0.09375,0.65625,0.65625,-0.28125,-0.09375,-0.28125,-0.28125,-0.28125]","[-0.09375,0.65625,0.65625,-0.28125,-0.09375,-0.28125,-0.28125,-0.28125]",6.790777900275653,2.625,2.625
DSR_Simple_training,nothink,living,14,AB_SIGNAL,"[2.0,2.0,2.0,0.0,0.5,2.0,0.0,2.0]","[0.7644678368423063,0.7644678368423063,0.7644678368423063,-1.4594385976080393,-0.9034619889954529,0.7644678368423063,-1.4594385976080393,0.7644678368423063]","[0.0859375,0.0859375,0.0859375,-0.1640625,-0.1015625,0.0859375,-0.1640625,0.0859375]","[0.0859375,0.0859375,0.0859375,-0.1640625,-0.1015625,0.0859375,-0.1640625,0.0859375]",7.644678368423063,0.859375,0.859375
DSR_Simple_training,nothink,video,12,A_ONLY,"[0.0,0.0,0.0,0.0,0.5,0.0,0.0,0.0]","[-0.3777360397241218,-0.3777360397241218,-0.3777360397241218,-0.3777360397241218,2.6441522780688524,-0.3777360397241218,-0.3777360397241218,-0.3777360397241218]","[-0.0078125,-0.0078125,-0.0078125,-0.0078125,0.0546875,-0.0078125,-0.0078125,-0.0078125]","[-0.0078125,-0.0078125,-0.0078125,-0.0078125,0.0546875,-0.0078125,-0.0078125,-0.0078125]",5.288304556137704,0.109375,0.109375
DSR_Simple_training,nothink,video,20,A_ONLY,"[0.0,0.0,0.5,0.5,0.0,0.0,0.0,0.0]","[-0.577083725634154,-0.577083725634154,1.7312511769024619,1.7312511769024619,-0.577083725634154,-0.577083725634154,-0.577083725634154,-0.577083725634154]","[-0.015625,-0.015625,0.046875,0.046875,-0.015625,-0.015625,-0.015625,-0.015625]","[-0.015625,-0.015625,0.046875,0.046875,-0.015625,-0.015625,-0.015625,-0.015625]",6.925004707609847,0.1875,0.1875
DSR_Simple_training,nothink,prod,2,ALL_ZERO,"[0.0,0.0,0.0,0.0,0.0,0.0,0.0,0.0]","[0.0,0.0,0.0,0.0,0.0,0.0,0.0,0.0]","[0.0,0.0,0.0,0.0,0.0,0.0,0.0,0.0]","[0.0,0.0,0.0,0.0,0.0,0.0,0.0,0.0]",0.0,0.0,0.0
DSR_Simple_training,nothink,prod,2,ALL_ZERO,"[0.0,0.0,0.0,0.0,0.0,0.0,0.0,0.0]","[0.0,0.0,0.0,0.0,0.0,0.0,0.0,0.0]","[0.0,0.0,0.0,0.0,0.0,0.0,0.0,0.0]","[0.0,0.0,0.0,0.0,0.0,0.0,0.0,0.0]",0.0,0.0,0.0
DSR_Simple_training,nothink,video,20,AB_SIGNAL,"[0.5,0.0,0.0,0.0,0.0,0.5,0.5,2.0]","[0.09851739628443451,-0.6896217739910415,-0.6896217739910415,-0.6896217739910415,-0.6896217739910415,0.09851739628443451,0.09851739628443451,2.4629349071108626]","[0.0078125,-0.0546875,-0.0546875,-0.0546875,-0.0546875,0.0078125,0.0078125,0.1953125]","[0.0078125,-0.0546875,-0.0546875,-0.0546875,-0.0546875,0.0078125,0.0078125,0.1953125]",5.516974191928332,0.4375,0.4375
DSR_Simple_training,nothink,video,19,A_ONLY,"[0.0,0.0,0.0,0.0,0.0,0.5,0.0,0.0]","[-0.3777360397241218,-0.3777360397241218,-0.3777360397241218,-0.3777360397241218,-0.3777360397241218,2.6441522780688524,-0.3777360397241218,-0.3777360397241218]","[-0.0078125,-0.0078125,-0.0078125,-0.0078125,-0.0078125,0.0546875,-0.0078125,-0.0078125]","[-0.0078125,-0.0078125,-0.0078125,-0.0078125,-0.0078125,0.0546875,-0.0078125,-0.0078125]",5.288304556137704,0.109375,0.109375
DSR_Simple_training,nothink,video,14,SINGLE_EXACT,"[0.0,0.0,0.5,0.0,0.0,0.5,0.5,8.0]","[-0.45931623647797426,-0.45931623647797426,-0.2659199263819851,-0.45931623647797426,-0.45931623647797426,-0.2659199263819851,-0.2659199263819851,2.6350247250578525]","[-0.1484375,-0.1484375,-0.0859375,-0.1484375,-0.1484375,-0.0859375,-0.0859375,0.8515625]","[-0.1484375,-0.1484375,-0.0859375,-0.1484375,-0.1484375,-0.0859375,-0.0859375,0.8515625]",5.270049450115705,1.703125,1.703125
DSR_Simple_training,nothink,prod,2,ALL_ZERO,"[0.0,0.0,0.0,0.0,0.0,0.0,0.0,0.0]","[0.0,0.0,0.0,0.0,0.0,0.0,0.0,0.0]","[0.0,0.0,0.0,0.0,0.0,0.0,0.0,0.0]","[0.0,0.0,0.0,0.0,0.0,0.0,0.0,0.0]",0.0,0.0,0.0
DSR_Simple_training,nothink,video,12,ALL_ZERO,"[0.0,0.0,0.0,0.0,0.0,0.0,0.0,0.0]","[0.0,0.0,0.0,0.0,0.0,0.0,0.0,0.0]","[0.0,0.0,0.0,0.0,0.0,0.0,0.0,0.0]","[0.0,0.0,0.0,0.0,0.0,0.0,0.0,0.0]",0.0,0.0,0.0
DSR_Simple_training,nothink,ad,2,A_ONLY,"[0.0,0.0,0.0,0.0,0.5,0.0,0.0,0.0]","[-0.3777360397241218,-0.3777360397241218,-0.3777360397241218,-0.3777360397241218,2.6441522780688524,-0.3777360397241218,-0.3777360397241218,-0.3777360397241218]","[-0.0078125,-0.0078125,-0.0078125,-0.0078125,0.0546875,-0.0078125,-0.0078125,-0.0078125]","[-0.0078125,-0.0078125,-0.0078125,-0.0078125,0.0546875,-0.0078125,-0.0078125,-0.0078125]",5.288304556137704,0.109375,0.109375
DSR_Simple_training,nothink,ad,3,A_ONLY,"[0.0,0.5,0.0,0.0,0.0,0.0,0.0,0.0]","[-0.3777360397241218,2.6441522780688524,-0.3777360397241218,-0.3777360397241218,-0.3777360397241218,-0.3777360397241218,-0.3777360397241218,-0.3777360397241218]","[-0.0078125,0.0546875,-0.0078125,-0.0078125,-0.0078125,-0.0078125,-0.0078125,-0.0078125]","[-0.0078125,0.0546875,-0.0078125,-0.0078125,-0.0078125,-0.0078125,-0.0078125,-0.0078125]",5.288304556137704,0.109375,0.109375
DSR_Simple_training,nothink,video,20,ALL_ZERO,"[0.0,0.0,0.0,0.0,0.0,0.0,0.0,0.0]","[0.0,0.0,0.0,0.0,0.0,0.0,0.0,0.0]","[0.0,0.0,0.0,0.0,0.0,0.0,0.0,0.0]","[0.0,0.0,0.0,0.0,0.0,0.0,0.0,0.0]",0.0,0.0,0.0
DSR_Simple_training,nothink,video,20,SINGLE_EXACT,"[0.0,0.0,8.0,2.0,0.0,0.0,0.5,0.5]","[-0.5323067022439493,-0.5323067022439493,2.564750474448119,0.24195759192906785,-0.5323067022439493,-0.5323067022439493,-0.338740628700695,-0.338740628700695]","[-0.171875,-0.171875,0.828125,0.078125,-0.171875,-0.171875,-0.109375,-0.109375]","[-0.171875,-0.171875,0.828125,0.078125,-0.171875,-0.171875,-0.109375,-0.109375]",5.613416132754374,1.8125,1.8125
DSR_Simple_training,nothink,prod,3,A_ONLY,"[0.0,0.0,0.5,0.0,0.0,0.0,0.0,0.0]","[-0.3777360397241218,-0.3777360397241218,2.6441522780688524,-0.3777360397241218,-0.3777360397241218,-0.3777360397241218,-0.3777360397241218,-0.3777360397241218]","[-0.0078125,-0.0078125,0.0546875,-0.0078125,-0.0078125,-0.0078125,-0.0078125,-0.0078125]","[-0.0078125,-0.0078125,0.0546875,-0.0078125,-0.0078125,-0.0078125,-0.0078125,-0.0078125]",5.288304556137704,0.109375,0.109375
DSR_Simple_training,nothink,ad,2,A_ONLY,"[0.0,0.0,0.0,0.0,0.0,0.0,0.5,0.0]","[-0.3777360397241218,-0.3777360397241218,-0.3777360397241218,-0.3777360397241218,-0.3777360397241218,-0.3777360397241218,2.6441522780688524,-0.3777360397241218]","[-0.0078125,-0.0078125,-0.0078125,-0.0078125,-0.0078125,-0.0078125,0.0546875,-0.0078125]","[-0.0078125,-0.0078125,-0.0078125,-0.0078125,-0.0078125,-0.0078125,0.0546875,-0.0078125]",5.288304556137705,0.109375,0.109375
DSR_Simple_training,nothink,living,2,A_ONLY,"[0.0,0.5,0.0,0.0,0.0,0.0,0.0,0.0]","[-0.3777360397241218,2.6441522780688524,-0.3777360397241218,-0.3777360397241218,-0.3777360397241218,-0.3777360397241218,-0.3777360397241218,-0.3777360397241218]","[-0.0078125,0.0546875,-0.0078125,-0.0078125,-0.0078125,-0.0078125,-0.0078125,-0.0078125]","[-0.0078125,0.0546875,-0.0078125,-0.0078125,-0.0078125,-0.0078125,-0.0078125,-0.0078125]",5.288304556137704,0.109375,0.109375
DSR_Simple_training,nothink,video,20,AB_SIGNAL,"[0.0,2.0,0.0,0.5,0.0,0.5,0.5,0.5]","[-0.81636326936408,2.44908980809224,-0.81636326936408,0.0,-0.81636326936408,0.0,0.0,0.0]","[-0.0625,0.1875,-0.0625,0.0,-0.0625,0.0,0.0,0.0]","[-0.0625,0.1875,-0.0625,0.0,-0.0625,0.0,0.0,0.0]",4.89817961618448,0.375,0.375
DSR_Simple_training,nothink,living,3,ALL_ZERO,"[0.0,0.0,0.0,0.0,0.0,0.0,0.0,0.0]","[0.0,0.0,0.0,0.0,0.0,0.0,0.0,0.0]","[0.0,0.0,0.0,0.0,0.0,0.0,0.0,0.0]","[0.0,0.0,0.0,0.0,0.0,0.0,0.0,0.0]",0.0,0.0,0.0
DSR_Simple_training,nothink,prod,2,ALL_ZERO,"[0.0,0.0,0.0,0.0,0.0,0.0,0.0,0.0]","[0.0,0.0,0.0,0.0,0.0,0.0,0.0,0.0]","[0.0,0.0,0.0,0.0,0.0,0.0,0.0,0.0]","[0.0,0.0,0.0,0.0,0.0,0.0,0.0,0.0]",0.0,0.0,0.0
DSR_Simple_training,nothink,video,12,A_ONLY,"[0.0,0.5,0.0,0.0,0.5,0.0,0.5,0.0]","[-0.7742768013847241,1.290461335641207,-0.7742768013847241,-0.7742768013847241,1.290461335641207,-0.7742768013847241,1.290461335641207,-0.7742768013847241]","[-0.0234375,0.0390625,-0.0234375,-0.0234375,0.0390625,-0.0234375,0.0390625,-0.0234375]","[-0.0234375,0.0390625,-0.0234375,-0.0234375,0.0390625,-0.0234375,0.0390625,-0.0234375]",7.742768013847242,0.234375,0.234375
DSR_Simple_training,nothink,prod,2,ALL_ZERO,"[0.0,0.0,0.0,0.0,0.0,0.0,0.0,0.0]","[0.0,0.0,0.0,0.0,0.0,0.0,0.0,0.0]","[0.0,0.0,0.0,0.0,0.0,0.0,0.0,0.0]","[0.0,0.0,0.0,0.0,0.0,0.0,0.0,0.0]",0.0,0.0,0.0
DSR_Simple_training,nothink,living,2,A_ONLY,"[0.5,0.0,0.0,0.0,0.0,0.0,0.0,0.0]","[2.6441522780688524,-0.3777360397241218,-0.3777360397241218,-0.3777360397241218,-0.3777360397241218,-0.3777360397241218,-0.3777360397241218,-0.3777360397241218]","[0.0546875,-0.0078125,-0.0078125,-0.0078125,-0.0078125,-0.0078125,-0.0078125,-0.0078125]","[0.0546875,-0.0078125,-0.0078125,-0.0078125,-0.0078125,-0.0078125,-0.0078125,-0.0078125]",5.288304556137704,0.109375,0.109375
DSR_Simple_training,nothink,video,12,ALL_ZERO,"[0.0,0.0,0.0,0.0,0.0,0.0,0.0,0.0]","[0.0,0.0,0.0,0.0,0.0,0.0,0.0,0.0]","[0.0,0.0,0.0,0.0,0.0,0.0,0.0,0.0]","[0.0,0.0,0.0,0.0,0.0,0.0,0.0,0.0]",0.0,0.0,0.0
DSR_Simple_training,nothink,video,20,A_ONLY,"[0.0,0.0,0.5,0.5,0.0,0.5,0.5,0.0]","[-0.9996001599360256,-0.9996001599360256,0.9996001599360256,0.9996001599360256,-0.9996001599360256,0.9996001599360256,0.9996001599360256,-0.9996001599360256]","[-0.03125,-0.03125,0.03125,0.03125,-0.03125,0.03125,0.03125,-0.03125]","[-0.03125,-0.03125,0.03125,0.03125,-0.03125,0.03125,0.03125,-0.03125]",7.996801279488204,0.25,0.25
DSR_Simple_training,nothink,ad,2,A_ONLY,"[0.0,0.0,0.0,0.5,0.0,0.0,0.5,0.0]","[-0.577083725634154,-0.577083725634154,-0.577083725634154,1.7312511769024619,-0.577083725634154,-0.577083725634154,1.7312511769024619,-0.577083725634154]","[-0.015625,-0.015625,-0.015625,0.046875,-0.015625,-0.015625,0.046875,-0.015625]","[-0.015625,-0.015625,-0.015625,0.046875,-0.015625,-0.015625,0.046875,-0.015625]",6.925004707609847,0.1875,0.1875
DSR_Simple_training,nothink,prod,2,ALL_ZERO,"[0.0,0.0,0.0,0.0,0.0,0.0,0.0,0.0]","[0.0,0.0,0.0,0.0,0.0,0.0,0.0,0.0]","[0.0,0.0,0.0,0.0,0.0,0.0,0.0,0.0]","[0.0,0.0,0.0,0.0,0.0,0.0,0.0,0.0]",0.0,0.0,0.0
DSR_Simple_training,nothink,living,3,A_ONLY,"[0.0,0.5,0.0,0.0,0.5,0.0,0.5,0.5]","[-0.9996001599360256,0.9996001599360256,-0.9996001599360256,-0.9996001599360256,0.9996001599360256,-0.9996001599360256,0.9996001599360256,0.9996001599360256]","[-0.03125,0.03125,-0.03125,-0.03125,0.03125,-0.03125,0.03125,0.03125]","[-0.03125,0.03125,-0.03125,-0.03125,0.03125,-0.03125,0.03125,0.03125]",7.996801279488204,0.25,0.25
DSR_Simple_training,nothink,ad,2,ALL_ZERO,"[0.0,0.0,0.0,0.0,0.0,0.0,0.0,0.0]","[0.0,0.0,0.0,0.0,0.0,0.0,0.0,0.0]","[0.0,0.0,0.0,0.0,0.0,0.0,0.0,0.0]","[0.0,0.0,0.0,0.0,0.0,0.0,0.0,0.0]",0.0,0.0,0.0
DSR_Simple_training,nothink,prod,3,ALL_ZERO,"[0.0,0.0,0.0,0.0,0.0,0.0,0.0,0.0]","[0.0,0.0,0.0,0.0,0.0,0.0,0.0,0.0]","[0.0,0.0,0.0,0.0,0.0,0.0,0.0,0.0]","[0.0,0.0,0.0,0.0,0.0,0.0,0.0,0.0]",0.0,0.0,0.0
DSR_Simple_training,nothink,prod,2,A_ONLY,"[0.0,0.5,0.5,0.5,0.0,0.0,0.5,0.5]","[-1.290461335641207,0.7742768013847241,0.7742768013847241,0.7742768013847241,-1.290461335641207,-1.290461335641207,0.7742768013847241,0.7742768013847241]","[-0.0390625,0.0234375,0.0234375,0.0234375,-0.0390625,-0.0390625,0.0234375,0.0234375]","[-0.0390625,0.0234375,0.0234375,0.0234375,-0.0390625,-0.0390625,0.0234375,0.0234375]",7.742768013847242,0.234375,0.234375
DSR_Simple_training,nothink,prod,2,ALL_ZERO,"[0.0,0.0,0.0,0.0,0.0,0.0,0.0,0.0]","[0.0,0.0,0.0,0.0,0.0,0.0,0.0,0.0]","[0.0,0.0,0.0,0.0,0.0,0.0,0.0,0.0]","[0.0,0.0,0.0,0.0,0.0,0.0,0.0,0.0]",0.0,0.0,0.0
DSR_Simple_training,nothink,video,11,A_ONLY,"[0.0,0.5,0.0,0.0,0.0,0.0,0.0,0.5]","[-0.577083725634154,1.7312511769024619,-0.577083725634154,-0.577083725634154,-0.577083725634154,-0.577083725634154,-0.577083725634154,1.7312511769024619]","[-0.015625,0.046875,-0.015625,-0.015625,-0.015625,-0.015625,-0.015625,0.046875]","[-0.015625,0.046875,-0.015625,-0.015625,-0.015625,-0.015625,-0.015625,0.046875]",6.9250047076098475,0.1875,0.1875
DSR_Simple_training,nothink,prod,2,ALL_ZERO,"[0.0,0.0,0.0,0.0,0.0,0.0,0.0,0.0]","[0.0,0.0,0.0,0.0,0.0,0.0,0.0,0.0]","[0.0,0.0,0.0,0.0,0.0,0.0,0.0,0.0]","[0.0,0.0,0.0,0.0,0.0,0.0,0.0,0.0]",0.0,0.0,0.0
DSR_Simple_training,nothink,video,14,A_ONLY,"[0.5,0.5,0.0,0.5,0.0,0.0,0.0,0.5]","[0.9996001599360256,0.9996001599360256,-0.9996001599360256,0.9996001599360256,-0.9996001599360256,-0.9996001599360256,-0.9996001599360256,0.9996001599360256]","[0.03125,0.03125,-0.03125,0.03125,-0.03125,-0.03125,-0.03125,0.03125]","[0.03125,0.03125,-0.03125,0.03125,-0.03125,-0.03125,-0.03125,0.03125]",7.996801279488204,0.25,0.25
DSR_Simple_training,nothink,ad,2,SINGLE_EXACT,"[0.0,0.0,0.0,0.0,0.0,0.0,8.0,0.0]","[-0.3779501878348703,-0.3779501878348703,-0.3779501878348703,-0.3779501878348703,-0.3779501878348703,-0.3779501878348703,2.645651314844092,-0.3779501878348703]","[-0.125,-0.125,-0.125,-0.125,-0.125,-0.125,0.875,-0.125]","[-0.125,-0.125,-0.125,-0.125,-0.125,-0.125,0.875,-0.125]",5.291302629688184,1.75,1.75
DSR_Simple_training,nothink,ad,2,A_ONLY,"[0.5,0.0,0.0,0.0,0.0,0.0,0.0,0.0]","[2.6441522780688524,-0.3777360397241218,-0.3777360397241218,-0.3777360397241218,-0.3777360397241218,-0.3777360397241218,-0.3777360397241218,-0.3777360397241218]","[0.0546875,-0.0078125,-0.0078125,-0.0078125,-0.0078125,-0.0078125,-0.0078125,-0.0078125]","[0.0546875,-0.0078125,-0.0078125,-0.0078125,-0.0078125,-0.0078125,-0.0078125,-0.0078125]",5.288304556137704,0.109375,0.109375
DSR_Simple_training,nothink,ad,2,A_ONLY,"[0.5,0.0,0.0,0.0,0.0,0.0,0.0,0.0]","[2.6441522780688524,-0.3777360397241218,-0.3777360397241218,-0.3777360397241218,-0.3777360397241218,-0.3777360397241218,-0.3777360397241218,-0.3777360397241218]","[0.0546875,-0.0078125,-0.0078125,-0.0078125,-0.0078125,-0.0078125,-0.0078125,-0.0078125]","[0.0546875,-0.0078125,-0.0078125,-0.0078125,-0.0078125,-0.0078125,-0.0078125,-0.0078125]",5.288304556137704,0.109375,0.109375
DSR_Simple_training,nothink,prod,2,MULTI_EXACT,"[0.0,0.0,0.0,0.0,0.0,8.0,0.5,8.0]","[-0.6009766892514393,-0.6009766892514393,-0.6009766892514393,-0.6009766892514393,-0.6009766892514393,1.7300844084511133,-0.45528537064502983,1.7300844084511133]","[-0.2578125,-0.2578125,-0.2578125,-0.2578125,-0.2578125,0.7421875,-0.1953125,0.7421875]","[-0.2578125,-0.2578125,-0.2578125,-0.2578125,-0.2578125,0.7421875,-0.1953125,0.7421875]",6.920337633804453,2.96875,2.96875
DSR_Simple_training,nothink,video,20,A_ONLY,"[0.0,0.0,0.0,0.0,0.0,0.0,0.5,0.0]","[-0.3777360397241218,-0.3777360397241218,-0.3777360397241218,-0.3777360397241218,-0.3777360397241218,-0.3777360397241218,2.6441522780688524,-0.3777360397241218]","[-0.0078125,-0.0078125,-0.0078125,-0.0078125,-0.0078125,-0.0078125,0.0546875,-0.0078125]","[-0.0078125,-0.0078125,-0.0078125,-0.0078125,-0.0078125,-0.0078125,0.0546875,-0.0078125]",5.288304556137705,0.109375,0.109375
DSR_Simple_training,nothink,ad,2,A_ONLY,"[0.0,0.0,0.0,0.0,0.0,0.5,0.0,0.0]","[-0.3777360397241218,-0.3777360397241218,-0.3777360397241218,-0.3777360397241218,-0.3777360397241218,2.6441522780688524,-0.3777360397241218,-0.3777360397241218]","[-0.0078125,-0.0078125,-0.0078125,-0.0078125,-0.0078125,0.0546875,-0.0078125,-0.0078125]","[-0.0078125,-0.0078125,-0.0078125,-0.0078125,-0.0078125,0.0546875,-0.0078125,-0.0078125]",5.288304556137704,0.109375,0.109375
DSR_Simple_training,nothink,ad,2,AB_SIGNAL,"[0.0,0.0,0.0,2.0,0.0,0.0,0.0,0.0]","[-0.3779073387899664,-0.3779073387899664,-0.3779073387899664,2.6453513715297645,-0.3779073387899664,-0.3779073387899664,-0.3779073387899664,-0.3779073387899664]","[-0.03125,-0.03125,-0.03125,0.21875,-0.03125,-0.03125,-0.03125,-0.03125]","[-0.03125,-0.03125,-0.03125,0.21875,-0.03125,-0.03125,-0.03125,-0.03125]",5.290702743059529,0.4375,0.4375
DSR_Simple_training,nothink,ad,3,AB_SIGNAL,"[0.0,0.0,0.0,0.0,0.0,2.0,0.0,0.0]","[-0.3779073387899664,-0.3779073387899664,-0.3779073387899664,-0.3779073387899664,-0.3779073387899664,2.6453513715297645,-0.3779073387899664,-0.3779073387899664]","[-0.03125,-0.03125,-0.03125,-0.03125,-0.03125,0.21875,-0.03125,-0.03125]","[-0.03125,-0.03125,-0.03125,-0.03125,-0.03125,0.21875,-0.03125,-0.03125]",5.290702743059529,0.4375,0.4375
DSR_Simple_training,nothink,ad,2,ALL_ZERO,"[0.0,0.0,0.0,0.0,0.0,0.0,0.0,0.0]","[0.0,0.0,0.0,0.0,0.0,0.0,0.0,0.0]","[0.0,0.0,0.0,0.0,0.0,0.0,0.0,0.0]","[0.0,0.0,0.0,0.0,0.0,0.0,0.0,0.0]",0.0,0.0,0.0
DSR_Simple_training,nothink,video,13,A_ONLY,"[0.0,0.0,0.0,0.5,0.0,0.0,0.5,0.5]","[-0.7742768013847241,-0.7742768013847241,-0.7742768013847241,1.290461335641207,-0.7742768013847241,-0.7742768013847241,1.290461335641207,1.290461335641207]","[-0.0234375,-0.0234375,-0.0234375,0.0390625,-0.0234375,-0.0234375,0.0390625,0.0390625]","[-0.0234375,-0.0234375,-0.0234375,0.0390625,-0.0234375,-0.0234375,0.0390625,0.0390625]",7.7427680138472414,0.234375,0.234375
DSR_Simple_training,nothink,video,14,A_ONLY,"[0.0,0.0,0.0,0.5,0.0,0.0,0.0,0.0]","[-0.3777360397241218,-0.3777360397241218,-0.3777360397241218,2.6441522780688524,-0.3777360397241218,-0.3777360397241218,-0.3777360397241218,-0.3777360397241218]","[-0.0078125,-0.0078125,-0.0078125,0.0546875,-0.0078125,-0.0078125,-0.0078125,-0.0078125]","[-0.0078125,-0.0078125,-0.0078125,0.0546875,-0.0078125,-0.0078125,-0.0078125,-0.0078125]",5.288304556137703,0.109375,0.109375
DSR_Simple_training,nothink,ad,4,A_ONLY,"[0.0,0.5,0.5,0.0,0.0,0.0,0.0,0.5]","[-0.7742768013847241,1.290461335641207,1.290461335641207,-0.7742768013847241,-0.7742768013847241,-0.7742768013847241,-0.7742768013847241,1.290461335641207]","[-0.0234375,0.0390625,0.0390625,-0.0234375,-0.0234375,-0.0234375,-0.0234375,0.0390625]","[-0.0234375,0.0390625,0.0390625,-0.0234375,-0.0234375,-0.0234375,-0.0234375,0.0390625]",7.742768013847242,0.234375,0.234375
DSR_Simple_training,nothink,prod,2,ALL_ZERO,"[0.0,0.0,0.0,0.0,0.0,0.0,0.0,0.0]","[0.0,0.0,0.0,0.0,0.0,0.0,0.0,0.0]","[0.0,0.0,0.0,0.0,0.0,0.0,0.0,0.0]","[0.0,0.0,0.0,0.0,0.0,0.0,0.0,0.0]",0.0,0.0,0.0
DSR_Simple_training,nothink,prod,2,A_ONLY,"[0.0,0.0,0.0,0.0,0.0,0.0,0.0,0.5]","[-0.3777360397241218,-0.3777360397241218,-0.3777360397241218,-0.3777360397241218,-0.3777360397241218,-0.3777360397241218,-0.3777360397241218,2.6441522780688524]","[-0.0078125,-0.0078125,-0.0078125,-0.0078125,-0.0078125,-0.0078125,-0.0078125,0.0546875]","[-0.0078125,-0.0078125,-0.0078125,-0.0078125,-0.0078125,-0.0078125,-0.0078125,0.0546875]",5.288304556137705,0.109375,0.109375
DSR_Simple_training,nothink,living,2,A_ONLY,"[0.5,0.5,0.5,0.5,0.5,0.5,0.0,0.0]","[0.577083725634154,0.577083725634154,0.577083725634154,0.577083725634154,0.577083725634154,0.577083725634154,-1.7312511769024619,-1.7312511769024619]","[0.015625,0.015625,0.015625,0.015625,0.015625,0.015625,-0.046875,-0.046875]","[0.015625,0.015625,0.015625,0.015625,0.015625,0.015625,-0.046875,-0.046875]",6.925004707609848,0.1875,0.1875
DSR_Simple_training,nothink,prod,2,A_ONLY,"[0.0,0.0,0.0,0.0,0.0,0.0,0.0,0.5]","[-0.3777360397241218,-0.3777360397241218,-0.3777360397241218,-0.3777360397241218,-0.3777360397241218,-0.3777360397241218,-0.3777360397241218,2.6441522780688524]","[-0.0078125,-0.0078125,-0.0078125,-0.0078125,-0.0078125,-0.0078125,-0.0078125,0.0546875]","[-0.0078125,-0.0078125,-0.0078125,-0.0078125,-0.0078125,-0.0078125,-0.0078125,0.0546875]",5.288304556137705,0.109375,0.109375
DSR_Simple_training,nothink,video,12,ALL_ZERO,"[0.0,0.0,0.0,0.0,0.0,0.0,0.0,0.0]","[0.0,0.0,0.0,0.0,0.0,0.0,0.0,0.0]","[0.0,0.0,0.0,0.0,0.0,0.0,0.0,0.0]","[0.0,0.0,0.0,0.0,0.0,0.0,0.0,0.0]",0.0,0.0,0.0
DSR_Simple_training,nothink,video,14,A_ONLY,"[0.5,0.0,0.0,0.0,0.0,0.0,0.0,0.5]","[1.7312511769024619,-0.577083725634154,-0.577083725634154,-0.577083725634154,-0.577083725634154,-0.577083725634154,-0.577083725634154,1.7312511769024619]","[0.046875,-0.015625,-0.015625,-0.015625,-0.015625,-0.015625,-0.015625,0.046875]","[0.046875,-0.015625,-0.015625,-0.015625,-0.015625,-0.015625,-0.015625,0.046875]",6.9250047076098475,0.1875,0.1875
DSR_Simple_training,nothink,video,13,A_ONLY,"[0.0,0.0,0.0,0.5,0.5,0.0,0.0,0.0]","[-0.577083725634154,-0.577083725634154,-0.577083725634154,1.7312511769024619,1.7312511769024619,-0.577083725634154,-0.577083725634154,-0.577083725634154]","[-0.015625,-0.015625,-0.015625,0.046875,0.046875,-0.015625,-0.015625,-0.015625]","[-0.015625,-0.015625,-0.015625,0.046875,0.046875,-0.015625,-0.015625,-0.015625]",6.925004707609847,0.1875,0.1875
DSR_Simple_training,nothink,ad,2,ALL_ZERO,"[0.0,0.0,0.0,0.0,0.0,0.0,0.0,0.0]","[0.0,0.0,0.0,0.0,0.0,0.0,0.0,0.0]","[0.0,0.0,0.0,0.0,0.0,0.0,0.0,0.0]","[0.0,0.0,0.0,0.0,0.0,0.0,0.0,0.0]",0.0,0.0,0.0
DSR_Simple_training,nothink,video,12,A_ONLY,"[0.0,0.5,0.0,0.0,0.0,0.5,0.5,0.0]","[-0.7742768013847241,1.290461335641207,-0.7742768013847241,-0.7742768013847241,-0.7742768013847241,1.290461335641207,1.290461335641207,-0.7742768013847241]","[-0.0234375,0.0390625,-0.0234375,-0.0234375,-0.0234375,0.0390625,0.0390625,-0.0234375]","[-0.0234375,0.0390625,-0.0234375,-0.0234375,-0.0234375,0.0390625,0.0390625,-0.0234375]",7.742768013847242,0.234375,0.234375
DSR_Simple_training,nothink,ad,2,A_ONLY,"[0.5,0.0,0.0,0.0,0.0,0.0,0.5,0.0]","[1.7312511769024619,-0.577083725634154,-0.577083725634154,-0.577083725634154,-0.577083725634154,-0.577083725634154,1.7312511769024619,-0.577083725634154]","[0.046875,-0.015625,-0.015625,-0.015625,-0.015625,-0.015625,0.046875,-0.015625]","[0.046875,-0.015625,-0.015625,-0.015625,-0.015625,-0.015625,0.046875,-0.015625]",6.9250047076098475,0.1875,0.1875
DSR_Simple_training,nothink,video,13,A_ONLY,"[0.0,0.5,0.5,0.0,0.0,0.0,0.0,0.0]","[-0.577083725634154,1.7312511769024619,1.7312511769024619,-0.577083725634154,-0.577083725634154,-0.577083725634154,-0.577083725634154,-0.577083725634154]","[-0.015625,0.046875,0.046875,-0.015625,-0.015625,-0.015625,-0.015625,-0.015625]","[-0.015625,0.046875,0.046875,-0.015625,-0.015625,-0.015625,-0.015625,-0.015625]",6.925004707609846,0.1875,0.1875
DSR_Simple_training,nothink,video,11,SINGLE_EXACT,"[0.5,0.0,0.0,0.5,0.5,8.0,0.0,0.0]","[-0.2659199263819851,-0.45931623647797426,-0.45931623647797426,-0.2659199263819851,-0.2659199263819851,2.6350247250578525,-0.45931623647797426,-0.45931623647797426]","[-0.0859375,-0.1484375,-0.1484375,-0.0859375,-0.0859375,0.8515625,-0.1484375,-0.1484375]","[-0.0859375,-0.1484375,-0.1484375,-0.0859375,-0.0859375,0.8515625,-0.1484375,-0.1484375]",5.270049450115705,1.703125,1.703125
DSR_Simple_training,nothink,video,14,A_ONLY,"[0.5,0.0,0.0,0.0,0.0,0.0,0.0,0.0]","[2.6441522780688524,-0.3777360397241218,-0.3777360397241218,-0.3777360397241218,-0.3777360397241218,-0.3777360397241218,-0.3777360397241218,-0.3777360397241218]","[0.0546875,-0.0078125,-0.0078125,-0.0078125,-0.0078125,-0.0078125,-0.0078125,-0.0078125]","[0.0546875,-0.0078125,-0.0078125,-0.0078125,-0.0078125,-0.0078125,-0.0078125,-0.0078125]",5.288304556137704,0.109375,0.109375
DSR_Simple_training,nothink,video,20,ALL_ZERO,"[0.0,0.0,0.0,0.0,0.0,0.0,0.0,0.0]","[0.0,0.0,0.0,0.0,0.0,0.0,0.0,0.0]","[0.0,0.0,0.0,0.0,0.0,0.0,0.0,0.0]","[0.0,0.0,0.0,0.0,0.0,0.0,0.0,0.0]",0.0,0.0,0.0
DSR_Simple_training,nothink,video,11,ALL_ZERO,"[0.0,0.0,0.0,0.0,0.0,0.0,0.0,0.0]","[0.0,0.0,0.0,0.0,0.0,0.0,0.0,0.0]","[0.0,0.0,0.0,0.0,0.0,0.0,0.0,0.0]","[0.0,0.0,0.0,0.0,0.0,0.0,0.0,0.0]",0.0,0.0,0.0
DSR_Simple_training,nothink,ad,2,A_ONLY,"[0.0,0.0,0.5,0.5,0.0,0.0,0.5,0.0]","[-0.7742768013847241,-0.7742768013847241,1.290461335641207,1.290461335641207,-0.7742768013847241,-0.7742768013847241,1.290461335641207,-0.7742768013847241]","[-0.0234375,-0.0234375,0.0390625,0.0390625,-0.0234375,-0.0234375,0.0390625,-0.0234375]","[-0.0234375,-0.0234375,0.0390625,0.0390625,-0.0234375,-0.0234375,0.0390625,-0.0234375]",7.742768013847242,0.234375,0.234375
DSR_Simple_training,nothink,prod,2,ALL_ZERO,"[0.0,0.0,0.0,0.0,0.0,0.0,0.0,0.0]","[0.0,0.0,0.0,0.0,0.0,0.0,0.0,0.0]","[0.0,0.0,0.0,0.0,0.0,0.0,0.0,0.0]","[0.0,0.0,0.0,0.0,0.0,0.0,0.0,0.0]",0.0,0.0,0.0
DSR_Simple_training,nothink,video,20,AB_SIGNAL,"[0.0,0.0,0.5,0.0,0.0,0.0,0.0,2.0]","[-0.47450693674776084,-0.47450693674776084,0.2847041620486565,-0.47450693674776084,-0.47450693674776084,-0.47450693674776084,-0.47450693674776084,2.562337458437909]","[-0.0390625,-0.0390625,0.0234375,-0.0390625,-0.0390625,-0.0390625,-0.0390625,0.2109375]","[-0.0390625,-0.0390625,0.0234375,-0.0390625,-0.0390625,-0.0390625,-0.0390625,0.2109375]",5.69408324097313,0.46875,0.46875
DSR_Simple_training,nothink,ad,2,A_ONLY,"[0.0,0.0,0.0,0.0,0.0,0.0,0.0,0.5]","[-0.3777360397241218,-0.3777360397241218,-0.3777360397241218,-0.3777360397241218,-0.3777360397241218,-0.3777360397241218,-0.3777360397241218,2.6441522780688524]","[-0.0078125,-0.0078125,-0.0078125,-0.0078125,-0.0078125,-0.0078125,-0.0078125,0.0546875]","[-0.0078125,-0.0078125,-0.0078125,-0.0078125,-0.0078125,-0.0078125,-0.0078125,0.0546875]",5.288304556137705,0.109375,0.109375
DSR_Simple_training,nothink,ad,3,A_ONLY,"[0.5,0.0,0.5,0.0,0.0,0.5,0.0,0.0]","[1.290461335641207,-0.7742768013847241,1.290461335641207,-0.7742768013847241,-0.7742768013847241,1.290461335641207,-0.7742768013847241,-0.7742768013847241]","[0.0390625,-0.0234375,0.0390625,-0.0234375,-0.0234375,0.0390625,-0.0234375,-0.0234375]","[0.0390625,-0.0234375,0.0390625,-0.0234375,-0.0234375,0.0390625,-0.0234375,-0.0234375]",7.742768013847242,0.234375,0.234375
DSR_Simple_training,nothink,prod,2,SINGLE_EXACT,"[8.0,0.0,0.0,0.0,0.0,0.0,0.0,0.0]","[2.645651314844092,-0.3779501878348703,-0.3779501878348703,-0.3779501878348703,-0.3779501878348703,-0.3779501878348703,-0.3779501878348703,-0.3779501878348703]","[0.875,-0.125,-0.125,-0.125,-0.125,-0.125,-0.125,-0.125]","[0.875,-0.125,-0.125,-0.125,-0.125,-0.125,-0.125,-0.125]",5.291302629688184,1.75,1.75
DSR_Simple_training,nothink,prod,4,ALL_ZERO,"[0.0,0.0,0.0,0.0,0.0,0.0,0.0,0.0]","[0.0,0.0,0.0,0.0,0.0,0.0,0.0,0.0]","[0.0,0.0,0.0,0.0,0.0,0.0,0.0,0.0]","[0.0,0.0,0.0,0.0,0.0,0.0,0.0,0.0]",0.0,0.0,0.0
DSR_Simple_training,nothink,ad,2,A_ONLY,"[0.0,0.0,0.0,0.0,0.5,0.5,0.0,0.5]","[-0.7742768013847241,-0.7742768013847241,-0.7742768013847241,-0.7742768013847241,1.290461335641207,1.290461335641207,-0.7742768013847241,1.290461335641207]","[-0.0234375,-0.0234375,-0.0234375,-0.0234375,0.0390625,0.0390625,-0.0234375,0.0390625]","[-0.0234375,-0.0234375,-0.0234375,-0.0234375,0.0390625,0.0390625,-0.0234375,0.0390625]",7.7427680138472414,0.234375,0.234375
DSR_Simple_training,nothink,ad,2,A_ONLY,"[0.0,0.0,0.0,0.0,0.0,0.0,0.0,0.5]","[-0.3777360397241218,-0.3777360397241218,-0.3777360397241218,-0.3777360397241218,-0.3777360397241218,-0.3777360397241218,-0.3777360397241218,2.6441522780688524]","[-0.0078125,-0.0078125,-0.0078125,-0.0078125,-0.0078125,-0.0078125,-0.0078125,0.0546875]","[-0.0078125,-0.0078125,-0.0078125,-0.0078125,-0.0078125,-0.0078125,-0.0078125,0.0546875]",5.288304556137705,0.109375,0.109375
DSR_Simple_training,nothink,prod,4,MULTI_EXACT,"[8.0,8.0,0.5,8.0,8.0,8.0,8.0,8.0]","[0.3779492355283066,0.3779492355283066,-2.645644648698146,0.3779492355283066,0.3779492355283066,0.3779492355283066,0.3779492355283066,0.3779492355283066]","[0.1171875,0.1171875,-0.8203125,0.1171875,0.1171875,0.1171875,0.1171875,0.1171875]","[0.1171875,0.1171875,-0.8203125,0.1171875,0.1171875,0.1171875,0.1171875,0.1171875]",5.2912892973962915,1.640625,1.640625
DSR_Simple_training,nothink,video,12,SINGLE_EXACT,"[0.0,0.0,0.0,0.0,0.0,0.5,0.0,8.0]","[-0.4044027651232127,-0.4044027651232127,-0.4044027651232127,-0.4044027651232127,-0.4044027651232127,-0.2140955815358185,-0.4044027651232127,2.640512172275095]","[-0.1328125,-0.1328125,-0.1328125,-0.1328125,-0.1328125,-0.0703125,-0.1328125,0.8671875]","[-0.1328125,-0.1328125,-0.1328125,-0.1328125,-0.1328125,-0.0703125,-0.1328125,0.8671875]",5.28102434455019,1.734375,1.734375
DSR_Simple_training,nothink,ad,2,A_ONLY,"[0.0,0.0,0.0,0.5,0.0,0.0,0.5,0.5]","[-0.7742768013847241,-0.7742768013847241,-0.7742768013847241,1.290461335641207,-0.7742768013847241,-0.7742768013847241,1.290461335641207,1.290461335641207]","[-0.0234375,-0.0234375,-0.0234375,0.0390625,-0.0234375,-0.0234375,0.0390625,0.0390625]","[-0.0234375,-0.0234375,-0.0234375,0.0390625,-0.0234375,-0.0234375,0.0390625,0.0390625]",7.7427680138472414,0.234375,0.234375
DSR_Simple_training,nothink,ad,2,ALL_ZERO,"[0.0,0.0,0.0,0.0,0.0,0.0,0.0,0.0]","[0.0,0.0,0.0,0.0,0.0,0.0,0.0,0.0]","[0.0,0.0,0.0,0.0,0.0,0.0,0.0,0.0]","[0.0,0.0,0.0,0.0,0.0,0.0,0.0,0.0]",0.0,0.0,0.0
DSR_Simple_training,nothink,prod,2,A_ONLY,"[0.0,0.0,0.0,0.5,0.0,0.0,0.0,0.0]","[-0.3777360397241218,-0.3777360397241218,-0.3777360397241218,2.6441522780688524,-0.3777360397241218,-0.3777360397241218,-0.3777360397241218,-0.3777360397241218]","[-0.0078125,-0.0078125,-0.0078125,0.0546875,-0.0078125,-0.0078125,-0.0078125,-0.0078125]","[-0.0078125,-0.0078125,-0.0078125,0.0546875,-0.0078125,-0.0078125,-0.0078125,-0.0078125]",5.288304556137703,0.109375,0.109375
DSR_Simple_training,nothink,living,2,ALL_ZERO,"[0.0,0.0,0.0,0.0,0.0,0.0,0.0,0.0]","[0.0,0.0,0.0,0.0,0.0,0.0,0.0,0.0]","[0.0,0.0,0.0,0.0,0.0,0.0,0.0,0.0]","[0.0,0.0,0.0,0.0,0.0,0.0,0.0,0.0]",0.0,0.0,0.0
DSR_Simple_training,nothink,video,15,SINGLE_EXACT,"[0.5,8.0,0.0,0.0,0.0,0.0,0.0,0.0]","[-0.2140955815358185,2.640512172275095,-0.4044027651232127,-0.4044027651232127,-0.4044027651232127,-0.4044027651232127,-0.4044027651232127,-0.4044027651232127]","[-0.0703125,0.8671875,-0.1328125,-0.1328125,-0.1328125,-0.1328125,-0.1328125,-0.1328125]","[-0.0703125,0.8671875,-0.1328125,-0.1328125,-0.1328125,-0.1328125,-0.1328125,-0.1328125]",5.2810243445501905,1.734375,1.734375
DSR_Simple_training,nothink,video,13,A_ONLY,"[0.5,0.0,0.0,0.0,0.5,0.0,0.5,0.0]","[1.290461335641207,-0.7742768013847241,-0.7742768013847241,-0.7742768013847241,1.290461335641207,-0.7742768013847241,1.290461335641207,-0.7742768013847241]","[0.0390625,-0.0234375,-0.0234375,-0.0234375,0.0390625,-0.0234375,0.0390625,-0.0234375]","[0.0390625,-0.0234375,-0.0234375,-0.0234375,0.0390625,-0.0234375,0.0390625,-0.0234375]",7.742768013847242,0.234375,0.234375
DSR_Simple_training,nothink,ad,2,A_ONLY,"[0.5,0.0,0.5,0.5,0.5,0.0,0.0,0.0]","[0.9996001599360256,-0.9996001599360256,0.9996001599360256,0.9996001599360256,0.9996001599360256,-0.9996001599360256,-0.9996001599360256,-0.9996001599360256]","[0.03125,-0.03125,0.03125,0.03125,0.03125,-0.03125,-0.03125,-0.03125]","[0.03125,-0.03125,0.03125,0.03125,0.03125,-0.03125,-0.03125,-0.03125]",7.996801279488204,0.25,0.25
DSR_Simple_training,nothink,video,19,A_ONLY,"[0.0,0.5,0.0,0.5,0.5,0.5,0.0,0.0]","[-0.9996001599360256,0.9996001599360256,-0.9996001599360256,0.9996001599360256,0.9996001599360256,0.9996001599360256,-0.9996001599360256,-0.9996001599360256]","[-0.03125,0.03125,-0.03125,0.03125,0.03125,0.03125,-0.03125,-0.03125]","[-0.03125,0.03125,-0.03125,0.03125,0.03125,0.03125,-0.03125,-0.03125]",7.996801279488204,0.25,0.25
DSR_Simple_training,nothink,video,12,A_ONLY,"[0.0,0.0,0.0,0.5,0.0,0.0,0.0,0.5]","[-0.577083725634154,-0.577083725634154,-0.577083725634154,1.7312511769024619,-0.577083725634154,-0.577083725634154,-0.577083725634154,1.7312511769024619]","[-0.015625,-0.015625,-0.015625,0.046875,-0.015625,-0.015625,-0.015625,0.046875]","[-0.015625,-0.015625,-0.015625,0.046875,-0.015625,-0.015625,-0.015625,0.046875]",6.925004707609847,0.1875,0.1875
DSR_Simple_training,nothink,prod,2,AB_SIGNAL,"[0.0,0.0,0.0,0.0,2.0,0.0,0.0,0.0]","[-0.3779073387899664,-0.3779073387899664,-0.3779073387899664,-0.3779073387899664,2.6453513715297645,-0.3779073387899664,-0.3779073387899664,-0.3779073387899664]","[-0.03125,-0.03125,-0.03125,-0.03125,0.21875,-0.03125,-0.03125,-0.03125]","[-0.03125,-0.03125,-0.03125,-0.03125,0.21875,-0.03125,-0.03125,-0.03125]",5.290702743059529,0.4375,0.4375
DSR_Simple_training,nothink,living,2,A_ONLY,"[0.0,0.5,0.0,0.0,0.0,0.0,0.0,0.0]","[-0.3777360397241218,2.6441522780688524,-0.3777360397241218,-0.3777360397241218,-0.3777360397241218,-0.3777360397241218,-0.3777360397241218,-0.3777360397241218]","[-0.0078125,0.0546875,-0.0078125,-0.0078125,-0.0078125,-0.0078125,-0.0078125,-0.0078125]","[-0.0078125,0.0546875,-0.0078125,-0.0078125,-0.0078125,-0.0078125,-0.0078125,-0.0078125]",5.288304556137704,0.109375,0.109375
DSR_Simple_training,nothink,prod,2,ALL_ZERO,"[0.0,0.0,0.0,0.0,0.0,0.0,0.0,0.0]","[0.0,0.0,0.0,0.0,0.0,0.0,0.0,0.0]","[0.0,0.0,0.0,0.0,0.0,0.0,0.0,0.0]","[0.0,0.0,0.0,0.0,0.0,0.0,0.0,0.0]",0.0,0.0,0.0
DSR_Simple_training,nothink,living,2,ALL_ZERO,"[0.0,0.0,0.0,0.0,0.0,0.0,0.0,0.0]","[0.0,0.0,0.0,0.0,0.0,0.0,0.0,0.0]","[0.0,0.0,0.0,0.0,0.0,0.0,0.0,0.0]","[0.0,0.0,0.0,0.0,0.0,0.0,0.0,0.0]",0.0,0.0,0.0
DSR_Simple_training,nothink,prod,2,ALL_ZERO,"[0.0,0.0,0.0,0.0,0.0,0.0,0.0,0.0]","[0.0,0.0,0.0,0.0,0.0,0.0,0.0,0.0]","[0.0,0.0,0.0,0.0,0.0,0.0,0.0,0.0]","[0.0,0.0,0.0,0.0,0.0,0.0,0.0,0.0]",0.0,0.0,0.0
DSR_Simple_training,nothink,prod,2,SINGLE_EXACT,"[0.5,0.0,0.0,0.0,0.0,0.0,8.0,0.0]","[-0.2140955815358185,-0.4044027651232127,-0.4044027651232127,-0.4044027651232127,-0.4044027651232127,-0.4044027651232127,2.640512172275095,-0.4044027651232127]","[-0.0703125,-0.1328125,-0.1328125,-0.1328125,-0.1328125,-0.1328125,0.8671875,-0.1328125]","[-0.0703125,-0.1328125,-0.1328125,-0.1328125,-0.1328125,-0.1328125,0.8671875,-0.1328125]",5.28102434455019,1.734375,1.734375
DSR_Simple_training,nothink,video,13,SINGLE_EXACT,"[0.0,0.5,0.0,2.0,0.5,0.0,8.0,0.0]","[-0.5323067022439493,-0.338740628700695,-0.5323067022439493,0.24195759192906785,-0.338740628700695,-0.5323067022439493,2.564750474448119,-0.5323067022439493]","[-0.171875,-0.109375,-0.171875,0.078125,-0.109375,-0.171875,0.828125,-0.171875]","[-0.171875,-0.109375,-0.171875,0.078125,-0.109375,-0.171875,0.828125,-0.171875]",5.613416132754375,1.8125,1.8125
DSR_Simple_training,nothink,video,17,A_ONLY,"[0.5,0.0,0.0,0.5,0.5,0.5,0.0,0.0]","[0.9996001599360256,-0.9996001599360256,-0.9996001599360256,0.9996001599360256,0.9996001599360256,0.9996001599360256,-0.9996001599360256,-0.9996001599360256]","[0.03125,-0.03125,-0.03125,0.03125,0.03125,0.03125,-0.03125,-0.03125]","[0.03125,-0.03125,-0.03125,0.03125,0.03125,0.03125,-0.03125,-0.03125]",7.996801279488204,0.25,0.25
DSR_Simple_training,nothink,ad,2,ALL_ZERO,"[0.0,0.0,0.0,0.0,0.0,0.0,0.0,0.0]","[0.0,0.0,0.0,0.0,0.0,0.0,0.0,0.0]","[0.0,0.0,0.0,0.0,0.0,0.0,0.0,0.0]","[0.0,0.0,0.0,0.0,0.0,0.0,0.0,0.0]",0.0,0.0,0.0
DSR_Simple_training,nothink,video,11,AB_SIGNAL,"[0.5,0.5,0.0,2.0,0.5,0.5,0.0,0.0]","[0.0,0.0,-0.81636326936408,2.44908980809224,0.0,0.0,-0.81636326936408,-0.81636326936408]","[0.0,0.0,-0.0625,0.1875,0.0,0.0,-0.0625,-0.0625]","[0.0,0.0,-0.0625,0.1875,0.0,0.0,-0.0625,-0.0625]",4.89817961618448,0.375,0.375
DSR_Simple_training,nothink,video,19,A_ONLY,"[0.5,0.0,0.0,0.0,0.0,0.5,0.0,0.5]","[1.290461335641207,-0.7742768013847241,-0.7742768013847241,-0.7742768013847241,-0.7742768013847241,1.290461335641207,-0.7742768013847241,1.290461335641207]","[0.0390625,-0.0234375,-0.0234375,-0.0234375,-0.0234375,0.0390625,-0.0234375,0.0390625]","[0.0390625,-0.0234375,-0.0234375,-0.0234375,-0.0234375,0.0390625,-0.0234375,0.0390625]",7.742768013847242,0.234375,0.234375
DSR_Simple_training,nothink,video,12,A_ONLY,"[0.0,0.0,0.0,0.0,0.5,0.0,0.0,0.0]","[-0.3777360397241218,-0.3777360397241218,-0.3777360397241218,-0.3777360397241218,2.6441522780688524,-0.3777360397241218,-0.3777360397241218,-0.3777360397241218]","[-0.0078125,-0.0078125,-0.0078125,-0.0078125,0.0546875,-0.0078125,-0.0078125,-0.0078125]","[-0.0078125,-0.0078125,-0.0078125,-0.0078125,0.0546875,-0.0078125,-0.0078125,-0.0078125]",5.288304556137704,0.109375,0.109375
DSR_Simple_training,nothink,prod,4,MULTI_EXACT,"[0.0,0.0,0.0,8.0,0.0,8.0,0.0,0.0]","[-0.5773336030040704,-0.5773336030040704,-0.5773336030040704,1.7320008090122112,-0.5773336030040704,1.7320008090122112,-0.5773336030040704,-0.5773336030040704]","[-0.25,-0.25,-0.25,0.75,-0.25,0.75,-0.25,-0.25]","[-0.25,-0.25,-0.25,0.75,-0.25,0.75,-0.25,-0.25]",6.928003236048844,3.0,3.0
DSR_Simple_training,nothink,prod,2,ALL_ZERO,"[0.0,0.0,0.0,0.0,0.0,0.0,0.0,0.0]","[0.0,0.0,0.0,0.0,0.0,0.0,0.0,0.0]","[0.0,0.0,0.0,0.0,0.0,0.0,0.0,0.0]","[0.0,0.0,0.0,0.0,0.0,0.0,0.0,0.0]",0.0,0.0,0.0
DSR_Simple_training,nothink,prod,2,A_ONLY,"[0.0,0.0,0.0,0.0,0.0,0.0,0.5,0.0]","[-0.3777360397241218,-0.3777360397241218,-0.3777360397241218,-0.3777360397241218,-0.3777360397241218,-0.3777360397241218,2.6441522780688524,-0.3777360397241218]","[-0.0078125,-0.0078125,-0.0078125,-0.0078125,-0.0078125,-0.0078125,0.0546875,-0.0078125]","[-0.0078125,-0.0078125,-0.0078125,-0.0078125,-0.0078125,-0.0078125,0.0546875,-0.0078125]",5.288304556137705,0.109375,0.109375
DSR_Simple_training,nothink,video,13,AB_SIGNAL,"[0.0,2.0,0.0,2.0,0.5,0.5,0.5,0.5]","[-0.9998666844420744,1.666444474070124,-0.9998666844420744,1.666444474070124,-0.3332888948140248,-0.3332888948140248,-0.3332888948140248,-0.3332888948140248]","[-0.09375,0.15625,-0.09375,0.15625,-0.03125,-0.03125,-0.03125,-0.03125]","[-0.09375,0.15625,-0.09375,0.15625,-0.03125,-0.03125,-0.03125,-0.03125]",6.665777896280497,0.625,0.625
DSR_Simple_training,nothink,video,12,AB_SIGNAL,"[0.5,0.0,0.0,0.0,2.0,0.0,0.0,0.0]","[0.2847041620486565,-0.47450693674776084,-0.47450693674776084,-0.47450693674776084,2.562337458437909,-0.47450693674776084,-0.47450693674776084,-0.47450693674776084]","[0.0234375,-0.0390625,-0.0390625,-0.0390625,0.2109375,-0.0390625,-0.0390625,-0.0390625]","[0.0234375,-0.0390625,-0.0390625,-0.0390625,0.2109375,-0.0390625,-0.0390625,-0.0390625]",5.694083240973131,0.46875,0.46875
DSR_Simple_training,nothink,prod,2,A_ONLY,"[0.0,0.0,0.0,0.0,0.0,0.0,0.0,0.5]","[-0.3777360397241218,-0.3777360397241218,-0.3777360397241218,-0.3777360397241218,-0.3777360397241218,-0.3777360397241218,-0.3777360397241218,2.6441522780688524]","[-0.0078125,-0.0078125,-0.0078125,-0.0078125,-0.0078125,-0.0078125,-0.0078125,0.0546875]","[-0.0078125,-0.0078125,-0.0078125,-0.0078125,-0.0078125,-0.0078125,-0.0078125,0.0546875]",5.288304556137705,0.109375,0.109375
DSR_Simple_training,nothink,video,15,A_ONLY,"[0.5,0.0,0.0,0.0,0.0,0.0,0.0,0.0]","[2.6441522780688524,-0.3777360397241218,-0.3777360397241218,-0.3777360397241218,-0.3777360397241218,-0.3777360397241218,-0.3777360397241218,-0.3777360397241218]","[0.0546875,-0.0078125,-0.0078125,-0.0078125,-0.0078125,-0.0078125,-0.0078125,-0.0078125]","[0.0546875,-0.0078125,-0.0078125,-0.0078125,-0.0078125,-0.0078125,-0.0078125,-0.0078125]",5.288304556137704,0.109375,0.109375
DSR_Simple_training,nothink,living,3,A_ONLY,"[0.0,0.0,0.5,0.5,0.0,0.5,0.0,0.0]","[-0.7742768013847241,-0.7742768013847241,1.290461335641207,1.290461335641207,-0.7742768013847241,1.290461335641207,-0.7742768013847241,-0.7742768013847241]","[-0.0234375,-0.0234375,0.0390625,0.0390625,-0.0234375,0.0390625,-0.0234375,-0.0234375]","[-0.0234375,-0.0234375,0.0390625,0.0390625,-0.0234375,0.0390625,-0.0234375,-0.0234375]",7.742768013847242,0.234375,0.234375
DSR_Simple_training,nothink,prod,2,ALL_ZERO,"[0.0,0.0,0.0,0.0,0.0,0.0,0.0,0.0]","[0.0,0.0,0.0,0.0,0.0,0.0,0.0,0.0]","[0.0,0.0,0.0,0.0,0.0,0.0,0.0,0.0]","[0.0,0.0,0.0,0.0,0.0,0.0,0.0,0.0]",0.0,0.0,0.0
DSR_Simple_training,nothink,video,15,A_ONLY,"[0.0,0.0,0.5,0.5,0.0,0.0,0.0,0.5]","[-0.7742768013847241,-0.7742768013847241,1.290461335641207,1.290461335641207,-0.7742768013847241,-0.7742768013847241,-0.7742768013847241,1.290461335641207]","[-0.0234375,-0.0234375,0.0390625,0.0390625,-0.0234375,-0.0234375,-0.0234375,0.0390625]","[-0.0234375,-0.0234375,0.0390625,0.0390625,-0.0234375,-0.0234375,-0.0234375,0.0390625]",7.742768013847242,0.234375,0.234375
DSR_Simple_training,nothink,video,12,AB_SIGNAL,"[2.0,0.0,0.0,0.0,0.0,0.0,0.0,0.0]","[2.6453513715297645,-0.3779073387899664,-0.3779073387899664,-0.3779073387899664,-0.3779073387899664,-0.3779073387899664,-0.3779073387899664,-0.3779073387899664]","[0.21875,-0.03125,-0.03125,-0.03125,-0.03125,-0.03125,-0.03125,-0.03125]","[0.21875,-0.03125,-0.03125,-0.03125,-0.03125,-0.03125,-0.03125,-0.03125]",5.290702743059529,0.4375,0.4375
DSR_Simple_training,nothink,ad,2,ALL_ZERO,"[0.0,0.0,0.0,0.0,0.0,0.0,0.0,0.0]","[0.0,0.0,0.0,0.0,0.0,0.0,0.0,0.0]","[0.0,0.0,0.0,0.0,0.0,0.0,0.0,0.0]","[0.0,0.0,0.0,0.0,0.0,0.0,0.0,0.0]",0.0,0.0,0.0
DSR_Simple_training,nothink,prod,10,SINGLE_EXACT,"[0.0,0.0,0.0,0.5,0.0,0.0,8.0,0.5]","[-0.43150042024755897,-0.43150042024755897,-0.43150042024755897,-0.2397224556930883,-0.43150042024755897,-0.43150042024755897,2.6369470126239714,-0.2397224556930883]","[-0.140625,-0.140625,-0.140625,-0.078125,-0.140625,-0.140625,0.859375,-0.078125]","[-0.140625,-0.140625,-0.140625,-0.078125,-0.140625,-0.140625,0.859375,-0.078125]",5.273894025247943,1.71875,1.71875
DSR_Simple_training,nothink,ad,7,AB_SIGNAL,"[2.0,0.0,0.0,0.5,0.0,0.0,0.0,0.0]","[2.562337458437909,-0.47450693674776084,-0.47450693674776084,0.2847041620486565,-0.47450693674776084,-0.47450693674776084,-0.47450693674776084,-0.47450693674776084]","[0.2109375,-0.0390625,-0.0390625,0.0234375,-0.0390625,-0.0390625,-0.0390625,-0.0390625]","[0.2109375,-0.0390625,-0.0390625,0.0234375,-0.0390625,-0.0390625,-0.0390625,-0.0390625]",5.694083240973131,0.46875,0.46875
DSR_Simple_training,nothink,ad,2,ALL_ZERO,"[0.0,0.0,0.0,0.0,0.0,0.0,0.0,0.0]","[0.0,0.0,0.0,0.0,0.0,0.0,0.0,0.0]","[0.0,0.0,0.0,0.0,0.0,0.0,0.0,0.0]","[0.0,0.0,0.0,0.0,0.0,0.0,0.0,0.0]",0.0,0.0,0.0
DSR_Simple_training,nothink,video,11,AB_SIGNAL,"[2.0,0.5,0.5,0.5,0.5,0.5,0.5,0.0]","[2.5231099996704107,-0.22937363633367372,-0.22937363633367372,-0.22937363633367372,-0.22937363633367372,-0.22937363633367372,-0.22937363633367372,-1.1468681816683686]","[0.171875,-0.015625,-0.015625,-0.015625,-0.015625,-0.015625,-0.015625,-0.078125]","[0.171875,-0.015625,-0.015625,-0.015625,-0.015625,-0.015625,-0.015625,-0.078125]",5.0462199993408206,0.34375,0.34375
DSR_Simple_training,nothink,video,11,A_ONLY,"[0.5,0.0,0.0,0.0,0.5,0.0,0.0,0.0]","[1.7312511769024619,-0.577083725634154,-0.577083725634154,-0.577083725634154,1.7312511769024619,-0.577083725634154,-0.577083725634154,-0.577083725634154]","[0.046875,-0.015625,-0.015625,-0.015625,0.046875,-0.015625,-0.015625,-0.015625]","[0.046875,-0.015625,-0.015625,-0.015625,0.046875,-0.015625,-0.015625,-0.015625]",6.9250047076098475,0.1875,0.1875
DSR_Simple_training,nothink,video,14,A_ONLY,"[0.0,0.0,0.0,0.5,0.5,0.0,0.0,0.0]","[-0.577083725634154,-0.577083725634154,-0.577083725634154,1.7312511769024619,1.7312511769024619,-0.577083725634154,-0.577083725634154,-0.577083725634154]","[-0.015625,-0.015625,-0.015625,0.046875,0.046875,-0.015625,-0.015625,-0.015625]","[-0.015625,-0.015625,-0.015625,0.046875,0.046875,-0.015625,-0.015625,-0.015625]",6.925004707609847,0.1875,0.1875
DSR_Simple_training,nothink,video,20,ALL_ZERO,"[0.0,0.0,0.0,0.0,0.0,0.0,0.0,0.0]","[0.0,0.0,0.0,0.0,0.0,0.0,0.0,0.0]","[0.0,0.0,0.0,0.0,0.0,0.0,0.0,0.0]","[0.0,0.0,0.0,0.0,0.0,0.0,0.0,0.0]",0.0,0.0,0.0
DSR_Simple_training,nothink,prod,2,ALL_ZERO,"[0.0,0.0,0.0,0.0,0.0,0.0,0.0,0.0]","[0.0,0.0,0.0,0.0,0.0,0.0,0.0,0.0]","[0.0,0.0,0.0,0.0,0.0,0.0,0.0,0.0]","[0.0,0.0,0.0,0.0,0.0,0.0,0.0,0.0]",0.0,0.0,0.0
DSR_Simple_training,nothink,ad,2,AB_SIGNAL,"[0.0,0.0,0.0,0.0,0.0,0.0,2.0,0.0]","[-0.3779073387899664,-0.3779073387899664,-0.3779073387899664,-0.3779073387899664,-0.3779073387899664,-0.3779073387899664,2.6453513715297645,-0.3779073387899664]","[-0.03125,-0.03125,-0.03125,-0.03125,-0.03125,-0.03125,0.21875,-0.03125]","[-0.03125,-0.03125,-0.03125,-0.03125,-0.03125,-0.03125,0.21875,-0.03125]",5.290702743059529,0.4375,0.4375
DSR_Simple_training,nothink,living,2,ALL_ZERO,"[0.0,0.0,0.0,0.0,0.0,0.0,0.0,0.0]","[0.0,0.0,0.0,0.0,0.0,0.0,0.0,0.0]","[0.0,0.0,0.0,0.0,0.0,0.0,0.0,0.0]","[0.0,0.0,0.0,0.0,0.0,0.0,0.0,0.0]",0.0,0.0,0.0
DSR_Simple_training,nothink,video,12,A_ONLY,"[0.0,0.0,0.0,0.0,0.5,0.5,0.5,0.5]","[-0.9996001599360256,-0.9996001599360256,-0.9996001599360256,-0.9996001599360256,0.9996001599360256,0.9996001599360256,0.9996001599360256,0.9996001599360256]","[-0.03125,-0.03125,-0.03125,-0.03125,0.03125,0.03125,0.03125,0.03125]","[-0.03125,-0.03125,-0.03125,-0.03125,0.03125,0.03125,0.03125,0.03125]",7.996801279488204,0.25,0.25
DSR_Simple_training,nothink,living,2,AB_SIGNAL,"[0.0,0.0,0.0,0.5,0.0,0.0,0.0,2.0]","[-0.47450693674776084,-0.47450693674776084,-0.47450693674776084,0.2847041620486565,-0.47450693674776084,-0.47450693674776084,-0.47450693674776084,2.562337458437909]","[-0.0390625,-0.0390625,-0.0390625,0.0234375,-0.0390625,-0.0390625,-0.0390625,0.2109375]","[-0.0390625,-0.0390625,-0.0390625,0.0234375,-0.0390625,-0.0390625,-0.0390625,0.2109375]",5.69408324097313,0.46875,0.46875
DSR_Simple_training,nothink,prod,2,A_ONLY,"[0.0,0.0,0.0,0.0,0.0,0.0,0.0,0.5]","[-0.3777360397241218,-0.3777360397241218,-0.3777360397241218,-0.3777360397241218,-0.3777360397241218,-0.3777360397241218,-0.3777360397241218,2.6441522780688524]","[-0.0078125,-0.0078125,-0.0078125,-0.0078125,-0.0078125,-0.0078125,-0.0078125,0.0546875]","[-0.0078125,-0.0078125,-0.0078125,-0.0078125,-0.0078125,-0.0078125,-0.0078125,0.0546875]",5.288304556137705,0.109375,0.109375
DSR_Simple_training,nothink,ad,2,AB_SIGNAL,"[0.0,0.0,0.0,0.0,0.0,0.0,0.0,2.0]","[-0.3779073387899664,-0.3779073387899664,-0.3779073387899664,-0.3779073387899664,-0.3779073387899664,-0.3779073387899664,-0.3779073387899664,2.6453513715297645]","[-0.03125,-0.03125,-0.03125,-0.03125,-0.03125,-0.03125,-0.03125,0.21875]","[-0.03125,-0.03125,-0.03125,-0.03125,-0.03125,-0.03125,-0.03125,0.21875]",5.290702743059529,0.4375,0.4375
DSR_Simple_training,nothink,ad,2,ALL_ZERO,"[0.0,0.0,0.0,0.0,0.0,0.0,0.0,0.0]","[0.0,0.0,0.0,0.0,0.0,0.0,0.0,0.0]","[0.0,0.0,0.0,0.0,0.0,0.0,0.0,0.0]","[0.0,0.0,0.0,0.0,0.0,0.0,0.0,0.0]",0.0,0.0,0.0
DSR_Simple_training,nothink,ad,2,A_ONLY,"[0.5,0.5,0.0,0.0,0.0,0.0,0.5,0.5]","[0.9996001599360256,0.9996001599360256,-0.9996001599360256,-0.9996001599360256,-0.9996001599360256,-0.9996001599360256,0.9996001599360256,0.9996001599360256]","[0.03125,0.03125,-0.03125,-0.03125,-0.03125,-0.03125,0.03125,0.03125]","[0.03125,0.03125,-0.03125,-0.03125,-0.03125,-0.03125,0.03125,0.03125]",7.996801279488204,0.25,0.25
DSR_Simple_training,nothink,prod,2,MULTI_EXACT,"[0.0,0.0,8.0,8.0,0.0,0.0,8.0,0.0]","[-0.7745766697578678,-0.7745766697578678,1.290961116263113,1.290961116263113,-0.7745766697578678,-0.7745766697578678,1.290961116263113,-0.7745766697578678]","[-0.375,-0.375,0.625,0.625,-0.375,-0.375,0.625,-0.375]","[-0.375,-0.375,0.625,0.625,-0.375,-0.375,0.625,-0.375]",7.745766697578677,3.75,3.75
DSR_Simple_training,nothink,living,3,A_ONLY,"[0.0,0.0,0.0,0.0,0.0,0.0,0.0,0.5]","[-0.3777360397241218,-0.3777360397241218,-0.3777360397241218,-0.3777360397241218,-0.3777360397241218,-0.3777360397241218,-0.3777360397241218,2.6441522780688524]","[-0.0078125,-0.0078125,-0.0078125,-0.0078125,-0.0078125,-0.0078125,-0.0078125,0.0546875]","[-0.0078125,-0.0078125,-0.0078125,-0.0078125,-0.0078125,-0.0078125,-0.0078125,0.0546875]",5.288304556137705,0.109375,0.109375
DSR_Simple_training,nothink,video,20,A_ONLY,"[0.5,0.0,0.0,0.0,0.0,0.0,0.0,0.5]","[1.7312511769024619,-0.577083725634154,-0.577083725634154,-0.577083725634154,-0.577083725634154,-0.577083725634154,-0.577083725634154,1.7312511769024619]","[0.046875,-0.015625,-0.015625,-0.015625,-0.015625,-0.015625,-0.015625,0.046875]","[0.046875,-0.015625,-0.015625,-0.015625,-0.015625,-0.015625,-0.015625,0.046875]",6.9250047076098475,0.1875,0.1875
DSR_Simple_training,nothink,prod,4,SINGLE_EXACT,"[0.0,0.0,0.0,8.0,0.0,0.0,0.0,0.0]","[-0.3779501878348703,-0.3779501878348703,-0.3779501878348703,2.645651314844092,-0.3779501878348703,-0.3779501878348703,-0.3779501878348703,-0.3779501878348703]","[-0.125,-0.125,-0.125,0.875,-0.125,-0.125,-0.125,-0.125]","[-0.125,-0.125,-0.125,0.875,-0.125,-0.125,-0.125,-0.125]",5.291302629688185,1.75,1.75
DSR_Simple_training,nothink,living,2,A_ONLY,"[0.0,0.0,0.0,0.0,0.5,0.5,0.5,0.0]","[-0.7742768013847241,-0.7742768013847241,-0.7742768013847241,-0.7742768013847241,1.290461335641207,1.290461335641207,1.290461335641207,-0.7742768013847241]","[-0.0234375,-0.0234375,-0.0234375,-0.0234375,0.0390625,0.0390625,0.0390625,-0.0234375]","[-0.0234375,-0.0234375,-0.0234375,-0.0234375,0.0390625,0.0390625,0.0390625,-0.0234375]",7.7427680138472414,0.234375,0.234375
DSR_Simple_training,nothink,prod,2,ALL_ZERO,"[0.0,0.0,0.0,0.0,0.0,0.0,0.0,0.0]","[0.0,0.0,0.0,0.0,0.0,0.0,0.0,0.0]","[0.0,0.0,0.0,0.0,0.0,0.0,0.0,0.0]","[0.0,0.0,0.0,0.0,0.0,0.0,0.0,0.0]",0.0,0.0,0.0
DSR_Simple_training,nothink,video,14,A_ONLY,"[0.5,0.0,0.0,0.0,0.0,0.0,0.0,0.0]","[2.6441522780688524,-0.3777360397241218,-0.3777360397241218,-0.3777360397241218,-0.3777360397241218,-0.3777360397241218,-0.3777360397241218,-0.3777360397241218]","[0.0546875,-0.0078125,-0.0078125,-0.0078125,-0.0078125,-0.0078125,-0.0078125,-0.0078125]","[0.0546875,-0.0078125,-0.0078125,-0.0078125,-0.0078125,-0.0078125,-0.0078125,-0.0078125]",5.288304556137704,0.109375,0.109375
DSR_Simple_training,nothink,ad,2,SINGLE_EXACT,"[0.0,0.0,0.0,0.0,0.0,8.0,0.0,2.0]","[-0.47456098054228335,-0.47456098054228335,-0.47456098054228335,-0.47456098054228335,-0.47456098054228335,2.56262929492833,-0.47456098054228335,0.28473658832537]","[-0.15625,-0.15625,-0.15625,-0.15625,-0.15625,0.84375,-0.15625,0.09375]","[-0.15625,-0.15625,-0.15625,-0.15625,-0.15625,0.84375,-0.15625,0.09375]",5.694731766507401,1.875,1.875
DSR_Simple_training,nothink,living,2,ALL_ZERO,"[0.0,0.0,0.0,0.0,0.0,0.0,0.0,0.0]","[0.0,0.0,0.0,0.0,0.0,0.0,0.0,0.0]","[0.0,0.0,0.0,0.0,0.0,0.0,0.0,0.0]","[0.0,0.0,0.0,0.0,0.0,0.0,0.0,0.0]",0.0,0.0,0.0
DSR_Simple_training,nothink,video,20,A_ONLY,"[0.0,0.0,0.0,0.5,0.0,0.5,0.0,0.0]","[-0.577083725634154,-0.577083725634154,-0.577083725634154,1.7312511769024619,-0.577083725634154,1.7312511769024619,-0.577083725634154,-0.577083725634154]","[-0.015625,-0.015625,-0.015625,0.046875,-0.015625,0.046875,-0.015625,-0.015625]","[-0.015625,-0.015625,-0.015625,0.046875,-0.015625,0.046875,-0.015625,-0.015625]",6.925004707609847,0.1875,0.1875
DSR_Simple_training,nothink,video,20,SINGLE_EXACT,"[0.0,0.5,0.0,0.5,0.0,8.0,0.5,0.0]","[-0.45931623647797426,-0.2659199263819851,-0.45931623647797426,-0.2659199263819851,-0.45931623647797426,2.6350247250578525,-0.2659199263819851,-0.45931623647797426]","[-0.1484375,-0.0859375,-0.1484375,-0.0859375,-0.1484375,0.8515625,-0.0859375,-0.1484375]","[-0.1484375,-0.0859375,-0.1484375,-0.0859375,-0.1484375,0.8515625,-0.0859375,-0.1484375]",5.270049450115705,1.703125,1.703125
DSR_Simple_training,nothink,video,20,SINGLE_EXACT,"[0.5,0.5,0.5,8.0,2.0,0.0,0.0,0.0]","[-0.3669323782276707,-0.3669323782276707,-0.3669323782276707,2.568526647593695,0.22015942693660243,-0.5626296466157618,-0.5626296466157618,-0.5626296466157618]","[-0.1171875,-0.1171875,-0.1171875,0.8203125,0.0703125,-0.1796875,-0.1796875,-0.1796875]","[-0.1171875,-0.1171875,-0.1171875,0.8203125,0.0703125,-0.1796875,-0.1796875,-0.1796875]",5.577372149060595,1.78125,1.78125
DSR_Simple_training,nothink,video,14,A_ONLY,"[0.0,0.0,0.0,0.0,0.5,0.0,0.5,0.5]","[-0.7742768013847241,-0.7742768013847241,-0.7742768013847241,-0.7742768013847241,1.290461335641207,-0.7742768013847241,1.290461335641207,1.290461335641207]","[-0.0234375,-0.0234375,-0.0234375,-0.0234375,0.0390625,-0.0234375,0.0390625,0.0390625]","[-0.0234375,-0.0234375,-0.0234375,-0.0234375,0.0390625,-0.0234375,0.0390625,0.0390625]",7.7427680138472414,0.234375,0.234375
DSR_Simple_training,nothink,living,3,ALL_ZERO,"[0.0,0.0,0.0,0.0,0.0,0.0,0.0,0.0]","[0.0,0.0,0.0,0.0,0.0,0.0,0.0,0.0]","[0.0,0.0,0.0,0.0,0.0,0.0,0.0,0.0]","[0.0,0.0,0.0,0.0,0.0,0.0,0.0,0.0]",0.0,0.0,0.0
DSR_Simple_training,nothink,living,3,A_ONLY,"[0.5,0.0,0.0,0.5,0.0,0.0,0.0,0.0]","[1.7312511769024619,-0.577083725634154,-0.577083725634154,1.7312511769024619,-0.577083725634154,-0.577083725634154,-0.577083725634154,-0.577083725634154]","[0.046875,-0.015625,-0.015625,0.046875,-0.015625,-0.015625,-0.015625,-0.015625]","[0.046875,-0.015625,-0.015625,0.046875,-0.015625,-0.015625,-0.015625,-0.015625]",6.925004707609847,0.1875,0.1875
DSR_Simple_training,nothink,ad,2,ALL_ZERO,"[0.0,0.0,0.0,0.0,0.0,0.0,0.0,0.0]","[0.0,0.0,0.0,0.0,0.0,0.0,0.0,0.0]","[0.0,0.0,0.0,0.0,0.0,0.0,0.0,0.0]","[0.0,0.0,0.0,0.0,0.0,0.0,0.0,0.0]",0.0,0.0,0.0
DSR_Simple_training,nothink,video,13,AB_SIGNAL,"[2.0,2.0,0.0,0.0,0.0,0.0,0.5,0.0]","[1.7000078540808734,1.7000078540808734,-0.6652204646403417,-0.6652204646403417,-0.6652204646403417,-0.6652204646403417,-0.07391338496003796,-0.6652204646403417]","[0.1796875,0.1796875,-0.0703125,-0.0703125,-0.0703125,-0.0703125,-0.0078125,-0.0703125]","[0.1796875,0.1796875,-0.0703125,-0.0703125,-0.0703125,-0.0703125,-0.0078125,-0.0703125]",6.8000314163234945,0.71875,0.71875
DSR_Simple_training,nothink,prod,2,AB_SIGNAL,"[0.0,0.0,2.0,0.0,2.0,0.0,0.0,2.0]","[-0.7745166775029946,-0.7745166775029946,1.2908611291716576,-0.7745166775029946,1.2908611291716576,-0.7745166775029946,-0.7745166775029946,1.2908611291716576]","[-0.09375,-0.09375,0.15625,-0.09375,0.15625,-0.09375,-0.09375,0.15625]","[-0.09375,-0.09375,0.15625,-0.09375,0.15625,-0.09375,-0.09375,0.15625]",7.745166775029945,0.9375,0.9375
DSR_Simple_training,nothink,video,20,AB_SIGNAL,"[0.0,2.0,0.0,0.5,0.0,0.5,2.0,0.0]","[-0.7623998397545558,1.677279647460023,-0.7623998397545558,-0.15247996795091118,-0.7623998397545558,-0.15247996795091118,1.677279647460023,-0.7623998397545558]","[-0.078125,0.171875,-0.078125,-0.015625,-0.078125,-0.015625,0.171875,-0.078125]","[-0.078125,0.171875,-0.078125,-0.015625,-0.078125,-0.015625,0.171875,-0.078125]",6.709118589840092,0.6875,0.6875
DSR_Simple_training,nothink,ad,2,A_ONLY,"[0.5,0.0,0.0,0.5,0.0,0.0,0.5,0.0]","[1.290461335641207,-0.7742768013847241,-0.7742768013847241,1.290461335641207,-0.7742768013847241,-0.7742768013847241,1.290461335641207,-0.7742768013847241]","[0.0390625,-0.0234375,-0.0234375,0.0390625,-0.0234375,-0.0234375,0.0390625,-0.0234375]","[0.0390625,-0.0234375,-0.0234375,0.0390625,-0.0234375,-0.0234375,0.0390625,-0.0234375]",7.742768013847242,0.234375,0.234375
DSR_Simple_training,nothink,video,12,A_ONLY,"[0.0,0.5,0.0,0.0,0.0,0.0,0.5,0.0]","[-0.577083725634154,1.7312511769024619,-0.577083725634154,-0.577083725634154,-0.577083725634154,-0.577083725634154,1.7312511769024619,-0.577083725634154]","[-0.015625,0.046875,-0.015625,-0.015625,-0.015625,-0.015625,0.046875,-0.015625]","[-0.015625,0.046875,-0.015625,-0.015625,-0.015625,-0.015625,0.046875,-0.015625]",6.9250047076098475,0.1875,0.1875
DSR_Simple_training,nothink,ad,2,ALL_ZERO,"[0.0,0.0,0.0,0.0,0.0,0.0,0.0,0.0]","[0.0,0.0,0.0,0.0,0.0,0.0,0.0,0.0]","[0.0,0.0,0.0,0.0,0.0,0.0,0.0,0.0]","[0.0,0.0,0.0,0.0,0.0,0.0,0.0,0.0]",0.0,0.0,0.0
DSR_Simple_training,nothink,video,20,A_ONLY,"[0.0,0.0,0.5,0.0,0.0,0.0,0.5,0.0]","[-0.577083725634154,-0.577083725634154,1.7312511769024619,-0.577083725634154,-0.577083725634154,-0.577083725634154,1.7312511769024619,-0.577083725634154]","[-0.015625,-0.015625,0.046875,-0.015625,-0.015625,-0.015625,0.046875,-0.015625]","[-0.015625,-0.015625,0.046875,-0.015625,-0.015625,-0.015625,0.046875,-0.015625]",6.9250047076098475,0.1875,0.1875
DSR_Simple_training,nothink,video,16,A_ONLY,"[0.0,0.5,0.0,0.5,0.5,0.0,0.0,0.5]","[-0.9996001599360256,0.9996001599360256,-0.9996001599360256,0.9996001599360256,0.9996001599360256,-0.9996001599360256,-0.9996001599360256,0.9996001599360256]","[-0.03125,0.03125,-0.03125,0.03125,0.03125,-0.03125,-0.03125,0.03125]","[-0.03125,0.03125,-0.03125,0.03125,0.03125,-0.03125,-0.03125,0.03125]",7.996801279488204,0.25,0.25
DSR_Simple_training,nothink,video,14,A_ONLY,"[0.0,0.0,0.0,0.5,0.0,0.0,0.0,0.0]","[-0.3777360397241218,-0.3777360397241218,-0.3777360397241218,2.6441522780688524,-0.3777360397241218,-0.3777360397241218,-0.3777360397241218,-0.3777360397241218]","[-0.0078125,-0.0078125,-0.0078125,0.0546875,-0.0078125,-0.0078125,-0.0078125,-0.0078125]","[-0.0078125,-0.0078125,-0.0078125,0.0546875,-0.0078125,-0.0078125,-0.0078125,-0.0078125]",5.288304556137703,0.109375,0.109375
DSR_Simple_training,nothink,living,5,AB_SIGNAL,"[0.0,2.0,0.0,0.0,0.0,0.0,0.5,0.0]","[-0.47450693674776084,2.562337458437909,-0.47450693674776084,-0.47450693674776084,-0.47450693674776084,-0.47450693674776084,0.2847041620486565,-0.47450693674776084]","[-0.0390625,0.2109375,-0.0390625,-0.0390625,-0.0390625,-0.0390625,0.0234375,-0.0390625]","[-0.0390625,0.2109375,-0.0390625,-0.0390625,-0.0390625,-0.0390625,0.0234375,-0.0390625]",5.694083240973131,0.46875,0.46875
DSR_Simple_training,nothink,prod,2,A_ONLY,"[0.0,0.5,0.0,0.0,0.0,0.0,0.0,0.0]","[-0.3777360397241218,2.6441522780688524,-0.3777360397241218,-0.3777360397241218,-0.3777360397241218,-0.3777360397241218,-0.3777360397241218,-0.3777360397241218]","[-0.0078125,0.0546875,-0.0078125,-0.0078125,-0.0078125,-0.0078125,-0.0078125,-0.0078125]","[-0.0078125,0.0546875,-0.0078125,-0.0078125,-0.0078125,-0.0078125,-0.0078125,-0.0078125]",5.288304556137704,0.109375,0.109375
DSR_Simple_training,nothink,ad,3,SINGLE_EXACT,"[0.0,0.0,0.0,0.5,8.0,0.0,0.0,0.5]","[-0.43150042024755897,-0.43150042024755897,-0.43150042024755897,-0.2397224556930883,2.6369470126239714,-0.43150042024755897,-0.43150042024755897,-0.2397224556930883]","[-0.140625,-0.140625,-0.140625,-0.078125,0.859375,-0.140625,-0.140625,-0.078125]","[-0.140625,-0.140625,-0.140625,-0.078125,0.859375,-0.140625,-0.140625,-0.078125]",5.273894025247944,1.71875,1.71875
DSR_Simple_training,nothink,ad,2,ALL_ZERO,"[0.0,0.0,0.0,0.0,0.0,0.0,0.0,0.0]","[0.0,0.0,0.0,0.0,0.0,0.0,0.0,0.0]","[0.0,0.0,0.0,0.0,0.0,0.0,0.0,0.0]","[0.0,0.0,0.0,0.0,0.0,0.0,0.0,0.0]",0.0,0.0,0.0
DSR_Simple_training,nothink,prod,2,ALL_ZERO,"[0.0,0.0,0.0,0.0,0.0,0.0,0.0,0.0]","[0.0,0.0,0.0,0.0,0.0,0.0,0.0,0.0]","[0.0,0.0,0.0,0.0,0.0,0.0,0.0,0.0]","[0.0,0.0,0.0,0.0,0.0,0.0,0.0,0.0]",0.0,0.0,0.0
DSR_Simple_training,nothink,video,12,A_ONLY,"[0.0,0.0,0.0,0.0,0.0,0.0,0.5,0.0]","[-0.3777360397241218,-0.3777360397241218,-0.3777360397241218,-0.3777360397241218,-0.3777360397241218,-0.3777360397241218,2.6441522780688524,-0.3777360397241218]","[-0.0078125,-0.0078125,-0.0078125,-0.0078125,-0.0078125,-0.0078125,0.0546875,-0.0078125]","[-0.0078125,-0.0078125,-0.0078125,-0.0078125,-0.0078125,-0.0078125,0.0546875,-0.0078125]",5.288304556137705,0.109375,0.109375
DSR_Simple_training,nothink,prod,2,ALL_ZERO,"[0.0,0.0,0.0,0.0,0.0,0.0,0.0,0.0]","[0.0,0.0,0.0,0.0,0.0,0.0,0.0,0.0]","[0.0,0.0,0.0,0.0,0.0,0.0,0.0,0.0]","[0.0,0.0,0.0,0.0,0.0,0.0,0.0,0.0]",0.0,0.0,0.0
DSR_Simple_training,nothink,ad,2,A_ONLY,"[0.5,0.0,0.5,0.0,0.5,0.5,0.5,0.5]","[0.577083725634154,-1.7312511769024619,0.577083725634154,-1.7312511769024619,0.577083725634154,0.577083725634154,0.577083725634154,0.577083725634154]","[0.015625,-0.046875,0.015625,-0.046875,0.015625,0.015625,0.015625,0.015625]","[0.015625,-0.046875,0.015625,-0.046875,0.015625,0.015625,0.015625,0.015625]",6.925004707609847,0.1875,0.1875
DSR_Simple_training,nothink,ad,3,ALL_ZERO,"[0.0,0.0,0.0,0.0,0.0,0.0,0.0,0.0]","[0.0,0.0,0.0,0.0,0.0,0.0,0.0,0.0]","[0.0,0.0,0.0,0.0,0.0,0.0,0.0,0.0]","[0.0,0.0,0.0,0.0,0.0,0.0,0.0,0.0]",0.0,0.0,0.0
DSR_Simple_training,nothink,video,15,SINGLE_EXACT,"[0.0,8.0,0.5,0.0,0.0,0.0,0.5,0.0]","[-0.43150042024755897,2.6369470126239714,-0.2397224556930883,-0.43150042024755897,-0.43150042024755897,-0.43150042024755897,-0.2397224556930883,-0.43150042024755897]","[-0.140625,0.859375,-0.078125,-0.140625,-0.140625,-0.140625,-0.078125,-0.140625]","[-0.140625,0.859375,-0.078125,-0.140625,-0.140625,-0.140625,-0.078125,-0.140625]",5.273894025247944,1.71875,1.71875
DSR_Simple_training,nothink,prod,2,A_ONLY,"[0.0,0.0,0.0,0.0,0.5,0.0,0.0,0.0]","[-0.3777360397241218,-0.3777360397241218,-0.3777360397241218,-0.3777360397241218,2.6441522780688524,-0.3777360397241218,-0.3777360397241218,-0.3777360397241218]","[-0.0078125,-0.0078125,-0.0078125,-0.0078125,0.0546875,-0.0078125,-0.0078125,-0.0078125]","[-0.0078125,-0.0078125,-0.0078125,-0.0078125,0.0546875,-0.0078125,-0.0078125,-0.0078125]",5.288304556137704,0.109375,0.109375
DSR_Simple_training,nothink,ad,2,ALL_ZERO,"[0.0,0.0,0.0,0.0,0.0,0.0,0.0,0.0]","[0.0,0.0,0.0,0.0,0.0,0.0,0.0,0.0]","[0.0,0.0,0.0,0.0,0.0,0.0,0.0,0.0]","[0.0,0.0,0.0,0.0,0.0,0.0,0.0,0.0]",0.0,0.0,0.0
DSR_Simple_training,nothink,prod,2,MULTI_EXACT,"[0.5,8.0,8.0,0.0,8.0,0.5,0.5,0.0]","[-0.7199548578539421,1.2892214896454313,1.2892214896454313,-0.8538999476872337,1.2892214896454313,-0.7199548578539421,-0.7199548578539421,-0.8538999476872337]","[-0.3359375,0.6015625,0.6015625,-0.3984375,0.6015625,-0.3359375,-0.3359375,-0.3984375]","[-0.3359375,0.6015625,0.6015625,-0.3984375,0.6015625,-0.3359375,-0.3359375,-0.3984375]",7.735328937872588,3.609375,3.609375
DSR_Simple_training,nothink,ad,3,SINGLE_EXACT,"[0.0,0.0,0.5,8.0,0.5,0.5,0.5,0.5]","[-0.5174344897438732,-0.5174344897438732,-0.3203165888890644,2.6364519239330684,-0.3203165888890644,-0.3203165888890644,-0.3203165888890644,-0.3203165888890644]","[-0.1640625,-0.1640625,-0.1015625,0.8359375,-0.1015625,-0.1015625,-0.1015625,-0.1015625]","[-0.1640625,-0.1640625,-0.1015625,0.8359375,-0.1015625,-0.1015625,-0.1015625,-0.1015625]",5.272903847866138,1.671875,1.671875
DSR_Simple_training,nothink,ad,2,ALL_ZERO,"[0.0,0.0,0.0,0.0,0.0,0.0,0.0,0.0]","[0.0,0.0,0.0,0.0,0.0,0.0,0.0,0.0]","[0.0,0.0,0.0,0.0,0.0,0.0,0.0,0.0]","[0.0,0.0,0.0,0.0,0.0,0.0,0.0,0.0]",0.0,0.0,0.0
DSR_Simple_training,nothink,prod,2,SINGLE_EXACT,"[0.0,0.0,0.0,0.0,0.0,0.0,8.0,0.0]","[-0.3779501878348703,-0.3779501878348703,-0.3779501878348703,-0.3779501878348703,-0.3779501878348703,-0.3779501878348703,2.645651314844092,-0.3779501878348703]","[-0.125,-0.125,-0.125,-0.125,-0.125,-0.125,0.875,-0.125]","[-0.125,-0.125,-0.125,-0.125,-0.125,-0.125,0.875,-0.125]",5.291302629688184,1.75,1.75
DSR_Simple_training,nothink,living,2,A_ONLY,"[0.0,0.0,0.5,0.0,0.0,0.0,0.0,0.0]","[-0.3777360397241218,-0.3777360397241218,2.6441522780688524,-0.3777360397241218,-0.3777360397241218,-0.3777360397241218,-0.3777360397241218,-0.3777360397241218]","[-0.0078125,-0.0078125,0.0546875,-0.0078125,-0.0078125,-0.0078125,-0.0078125,-0.0078125]","[-0.0078125,-0.0078125,0.0546875,-0.0078125,-0.0078125,-0.0078125,-0.0078125,-0.0078125]",5.288304556137704,0.109375,0.109375
DSR_Simple_training,nothink,video,13,A_ONLY,"[0.5,0.0,0.0,0.0,0.0,0.0,0.0,0.0]","[2.6441522780688524,-0.3777360397241218,-0.3777360397241218,-0.3777360397241218,-0.3777360397241218,-0.3777360397241218,-0.3777360397241218,-0.3777360397241218]","[0.0546875,-0.0078125,-0.0078125,-0.0078125,-0.0078125,-0.0078125,-0.0078125,-0.0078125]","[0.0546875,-0.0078125,-0.0078125,-0.0078125,-0.0078125,-0.0078125,-0.0078125,-0.0078125]",5.288304556137704,0.109375,0.109375
DSR_Simple_training,nothink,prod,2,ALL_ZERO,"[0.0,0.0,0.0,0.0,0.0,0.0,0.0,0.0]","[0.0,0.0,0.0,0.0,0.0,0.0,0.0,0.0]","[0.0,0.0,0.0,0.0,0.0,0.0,0.0,0.0]","[0.0,0.0,0.0,0.0,0.0,0.0,0.0,0.0]",0.0,0.0,0.0
DSR_Simple_training,nothink,video,17,MULTI_EXACT,"[0.5,2.0,0.5,8.0,0.0,2.0,8.0,0.5]","[-0.6962281850574977,-0.21881457244664212,-0.6962281850574977,1.6908398779967801,-0.8553660559277829,-0.21881457244664212,1.6908398779967801,-0.6962281850574977]","[-0.2734375,-0.0859375,-0.2734375,0.6640625,-0.3359375,-0.0859375,0.6640625,-0.2734375]","[-0.2734375,-0.0859375,-0.2734375,0.6640625,-0.3359375,-0.0859375,0.6640625,-0.2734375]",6.763359511987121,2.65625,2.65625
DSR_Simple_training,nothink,video,20,A_ONLY,"[0.0,0.5,0.0,0.5,0.0,0.0,0.0,0.5]","[-0.7742768013847241,1.290461335641207,-0.7742768013847241,1.290461335641207,-0.7742768013847241,-0.7742768013847241,-0.7742768013847241,1.290461335641207]","[-0.0234375,0.0390625,-0.0234375,0.0390625,-0.0234375,-0.0234375,-0.0234375,0.0390625]","[-0.0234375,0.0390625,-0.0234375,0.0390625,-0.0234375,-0.0234375,-0.0234375,0.0390625]",7.742768013847242,0.234375,0.234375
DSR_Simple_training,nothink,prod,3,ALL_ZERO,"[0.0,0.0,0.0,0.0,0.0,0.0,0.0,0.0]","[0.0,0.0,0.0,0.0,0.0,0.0,0.0,0.0]","[0.0,0.0,0.0,0.0,0.0,0.0,0.0,0.0]","[0.0,0.0,0.0,0.0,0.0,0.0,0.0,0.0]",0.0,0.0,0.0
DSR_Simple_training,nothink,video,12,A_ONLY,"[0.0,0.5,0.0,0.0,0.5,0.0,0.0,0.0]","[-0.577083725634154,1.7312511769024619,-0.577083725634154,-0.577083725634154,1.7312511769024619,-0.577083725634154,-0.577083725634154,-0.577083725634154]","[-0.015625,0.046875,-0.015625,-0.015625,0.046875,-0.015625,-0.015625,-0.015625]","[-0.015625,0.046875,-0.015625,-0.015625,0.046875,-0.015625,-0.015625,-0.015625]",6.9250047076098475,0.1875,0.1875
DSR_Simple_training,nothink,prod,2,ALL_ZERO,"[0.0,0.0,0.0,0.0,0.0,0.0,0.0,0.0]","[0.0,0.0,0.0,0.0,0.0,0.0,0.0,0.0]","[0.0,0.0,0.0,0.0,0.0,0.0,0.0,0.0]","[0.0,0.0,0.0,0.0,0.0,0.0,0.0,0.0]",0.0,0.0,0.0
DSR_Simple_training,nothink,prod,2,ALL_ZERO,"[0.0,0.0,0.0,0.0,0.0,0.0,0.0,0.0]","[0.0,0.0,0.0,0.0,0.0,0.0,0.0,0.0]","[0.0,0.0,0.0,0.0,0.0,0.0,0.0,0.0]","[0.0,0.0,0.0,0.0,0.0,0.0,0.0,0.0]",0.0,0.0,0.0
DSR_Simple_training,nothink,living,2,AB_SIGNAL,"[0.0,0.0,0.0,0.5,2.0,0.0,0.0,0.0]","[-0.47450693674776084,-0.47450693674776084,-0.47450693674776084,0.2847041620486565,2.562337458437909,-0.47450693674776084,-0.47450693674776084,-0.47450693674776084]","[-0.0390625,-0.0390625,-0.0390625,0.0234375,0.2109375,-0.0390625,-0.0390625,-0.0390625]","[-0.0390625,-0.0390625,-0.0390625,0.0234375,0.2109375,-0.0390625,-0.0390625,-0.0390625]",5.694083240973131,0.46875,0.46875
DSR_Simple_training,nothink,video,14,AB_SIGNAL,"[2.0,0.0,0.0,0.0,0.0,0.5,0.0,0.0]","[2.562337458437909,-0.47450693674776084,-0.47450693674776084,-0.47450693674776084,-0.47450693674776084,0.2847041620486565,-0.47450693674776084,-0.47450693674776084]","[0.2109375,-0.0390625,-0.0390625,-0.0390625,-0.0390625,0.0234375,-0.0390625,-0.0390625]","[0.2109375,-0.0390625,-0.0390625,-0.0390625,-0.0390625,0.0234375,-0.0390625,-0.0390625]",5.694083240973131,0.46875,0.46875
DSR_Simple_training,nothink,ad,2,ALL_ZERO,"[0.0,0.0,0.0,0.0,0.0,0.0,0.0,0.0]","[0.0,0.0,0.0,0.0,0.0,0.0,0.0,0.0]","[0.0,0.0,0.0,0.0,0.0,0.0,0.0,0.0]","[0.0,0.0,0.0,0.0,0.0,0.0,0.0,0.0]",0.0,0.0,0.0
DSR_Simple_training,nothink,prod,2,ALL_ZERO,"[0.0,0.0,0.0,0.0,0.0,0.0,0.0,0.0]","[0.0,0.0,0.0,0.0,0.0,0.0,0.0,0.0]","[0.0,0.0,0.0,0.0,0.0,0.0,0.0,0.0]","[0.0,0.0,0.0,0.0,0.0,0.0,0.0,0.0]",0.0,0.0,0.0
DSR_Simple_training,nothink,video,14,A_ONLY,"[0.5,0.0,0.0,0.0,0.0,0.0,0.5,0.0]","[1.7312511769024619,-0.577083725634154,-0.577083725634154,-0.577083725634154,-0.577083725634154,-0.577083725634154,1.7312511769024619,-0.577083725634154]","[0.046875,-0.015625,-0.015625,-0.015625,-0.015625,-0.015625,0.046875,-0.015625]","[0.046875,-0.015625,-0.015625,-0.015625,-0.015625,-0.015625,0.046875,-0.015625]",6.9250047076098475,0.1875,0.1875
DSR_Simple_training,nothink,video,12,ALL_ZERO,"[0.0,0.0,0.0,0.0,0.0,0.0,0.0,0.0]","[0.0,0.0,0.0,0.0,0.0,0.0,0.0,0.0]","[0.0,0.0,0.0,0.0,0.0,0.0,0.0,0.0]","[0.0,0.0,0.0,0.0,0.0,0.0,0.0,0.0]",0.0,0.0,0.0
DSR_Simple_training,nothink,video,20,A_ONLY,"[0.0,0.5,0.5,0.5,0.0,0.0,0.5,0.0]","[-0.9996001599360256,0.9996001599360256,0.9996001599360256,0.9996001599360256,-0.9996001599360256,-0.9996001599360256,0.9996001599360256,-0.9996001599360256]","[-0.03125,0.03125,0.03125,0.03125,-0.03125,-0.03125,0.03125,-0.03125]","[-0.03125,0.03125,0.03125,0.03125,-0.03125,-0.03125,0.03125,-0.03125]",7.996801279488204,0.25,0.25
DSR_Simple_training,nothink,living,2,A_ONLY,"[0.0,0.5,0.0,0.0,0.0,0.0,0.0,0.0]","[-0.3777360397241218,2.6441522780688524,-0.3777360397241218,-0.3777360397241218,-0.3777360397241218,-0.3777360397241218,-0.3777360397241218,-0.3777360397241218]","[-0.0078125,0.0546875,-0.0078125,-0.0078125,-0.0078125,-0.0078125,-0.0078125,-0.0078125]","[-0.0078125,0.0546875,-0.0078125,-0.0078125,-0.0078125,-0.0078125,-0.0078125,-0.0078125]",5.288304556137704,0.109375,0.109375
DSR_Simple_training,nothink,video,19,AB_SIGNAL,"[0.0,0.5,2.0,0.5,0.0,0.5,0.5,0.0]","[-0.81636326936408,0.0,2.44908980809224,0.0,-0.81636326936408,0.0,0.0,-0.81636326936408]","[-0.0625,0.0,0.1875,0.0,-0.0625,0.0,0.0,-0.0625]","[-0.0625,0.0,0.1875,0.0,-0.0625,0.0,0.0,-0.0625]",4.89817961618448,0.375,0.375
DSR_Simple_training,nothink,video,19,ALL_ZERO,"[0.0,0.0,0.0,0.0,0.0,0.0,0.0,0.0]","[0.0,0.0,0.0,0.0,0.0,0.0,0.0,0.0]","[0.0,0.0,0.0,0.0,0.0,0.0,0.0,0.0]","[0.0,0.0,0.0,0.0,0.0,0.0,0.0,0.0]",0.0,0.0,0.0
DSR_Simple_training,nothink,prod,3,MULTI_EXACT,"[0.0,0.0,0.0,0.0,0.0,0.0,8.0,8.0]","[-0.5773336030040704,-0.5773336030040704,-0.5773336030040704,-0.5773336030040704,-0.5773336030040704,-0.5773336030040704,1.7320008090122112,1.7320008090122112]","[-0.25,-0.25,-0.25,-0.25,-0.25,-0.25,0.75,0.75]","[-0.25,-0.25,-0.25,-0.25,-0.25,-0.25,0.75,0.75]",6.928003236048845,3.0,3.0
DSR_Simple_training,nothink,video,11,A_ONLY,"[0.0,0.0,0.0,0.0,0.0,0.0,0.5,0.0]","[-0.3777360397241218,-0.3777360397241218,-0.3777360397241218,-0.3777360397241218,-0.3777360397241218,-0.3777360397241218,2.6441522780688524,-0.3777360397241218]","[-0.0078125,-0.0078125,-0.0078125,-0.0078125,-0.0078125,-0.0078125,0.0546875,-0.0078125]","[-0.0078125,-0.0078125,-0.0078125,-0.0078125,-0.0078125,-0.0078125,0.0546875,-0.0078125]",5.288304556137705,0.109375,0.109375
DSR_Simple_training,nothink,ad,2,A_ONLY,"[0.0,0.0,0.0,0.5,0.0,0.0,0.0,0.0]","[-0.3777360397241218,-0.3777360397241218,-0.3777360397241218,2.6441522780688524,-0.3777360397241218,-0.3777360397241218,-0.3777360397241218,-0.3777360397241218]","[-0.0078125,-0.0078125,-0.0078125,0.0546875,-0.0078125,-0.0078125,-0.0078125,-0.0078125]","[-0.0078125,-0.0078125,-0.0078125,0.0546875,-0.0078125,-0.0078125,-0.0078125,-0.0078125]",5.288304556137703,0.109375,0.109375
DSR_Simple_training,nothink,prod,2,OTHER,"[-0.25,0.0,0.0,0.0,0.0,0.0,0.0,0.0]","[-2.642555176745306,0.3775078823921866,0.3775078823921866,0.3775078823921866,0.3775078823921866,0.3775078823921866,0.3775078823921866,0.3775078823921866]","[-0.02734375,0.00390625,0.00390625,0.00390625,0.00390625,0.00390625,0.00390625,0.00390625]","[-0.02734375,0.00390625,0.00390625,0.00390625,0.00390625,0.00390625,0.00390625,0.00390625]",5.285110353490611,0.0546875,0.0546875
DSR_Simple_training,nothink,ad,3,A_ONLY,"[0.5,0.0,0.5,0.0,0.5,0.0,0.0,0.5]","[0.9996001599360256,-0.9996001599360256,0.9996001599360256,-0.9996001599360256,0.9996001599360256,-0.9996001599360256,-0.9996001599360256,0.9996001599360256]","[0.03125,-0.03125,0.03125,-0.03125,0.03125,-0.03125,-0.03125,0.03125]","[0.03125,-0.03125,0.03125,-0.03125,0.03125,-0.03125,-0.03125,0.03125]",7.996801279488204,0.25,0.25
DSR_Simple_training,nothink,ad,2,ALL_ZERO,"[0.0,0.0,0.0,0.0,0.0,0.0,0.0,0.0]","[0.0,0.0,0.0,0.0,0.0,0.0,0.0,0.0]","[0.0,0.0,0.0,0.0,0.0,0.0,0.0,0.0]","[0.0,0.0,0.0,0.0,0.0,0.0,0.0,0.0]",0.0,0.0,0.0
DSR_Simple_training,think,living,2,MULTI_EXACT,"[0.5,8.0,2.0,8.0]","[-1.2073715195555599,0.9878494250909127,-0.7683273306262655,0.9878494250909127]","[-0.515625,0.421875,-0.328125,0.421875]","[-0.515625,0.421875,-0.328125,0.421875]",3.9513977003636507,1.6875,1.6875
DSR_Simple_training,think,prod,2,ALL_ZERO,"[0.0,0.0,0.0,0.0]","[0.0,0.0,0.0,0.0]","[0.0,0.0,0.0,0.0]","[0.0,0.0,0.0,0.0]",0.0,0.0,0.0
DSR_Simple_training,think,ad,2,ALL_ZERO,"[0.0,0.0,0.0,0.0]","[0.0,0.0,0.0,0.0]","[0.0,0.0,0.0,0.0]","[0.0,0.0,0.0,0.0]",0.0,0.0,0.0
DSR_Simple_training,think,ad,2,MIXED_HIGH,"[0.75,0.5,8.25,0.5]","[-0.52688108710145,-0.6021498138302286,1.7311807147619072,-0.6021498138302286]","[-0.21875,-0.25,0.71875,-0.25]","[-0.21875,-0.25,0.71875,-0.25]",3.4623614295238143,1.4375,1.4375
DSR_Simple_training,think,ad,2,A_ONLY,"[0.5,0.5,0.5,0.5]","[0.0,0.0,0.0,0.0]","[0.0,0.0,0.0,0.0]","[0.0,0.0,0.0,0.0]",0.0,0.0,0.0
DSR_Simple_training,think,video,18,AB_SIGNAL,"[2.0,2.0,2.0,2.0]","[0.0,0.0,0.0,0.0]","[0.0,0.0,0.0,0.0]","[0.0,0.0,0.0,0.0]",0.0,0.0,0.0
DSR_Simple_training,think,ad,2,ALL_ZERO,"[0.0,0.0,0.0,0.0]","[0.0,0.0,0.0,0.0]","[0.0,0.0,0.0,0.0]","[0.0,0.0,0.0,0.0]",0.0,0.0,0.0
DSR_Simple_training,think,living,2,MULTI_EXACT,"[0.5,8.0,0.5,8.0]","[-0.9999733340444255,0.9999733340444255,-0.9999733340444255,0.9999733340444255]","[-0.46875,0.46875,-0.46875,0.46875]","[-0.46875,0.46875,-0.46875,0.46875]",3.999893336177702,1.875,1.875
DSR_Simple_training,think,prod,3,AB_SIGNAL,"[2.0,0.0,0.0,0.0]","[1.7318508306602218,-0.5772836102200739,-0.5772836102200739,-0.5772836102200739]","[0.1875,-0.0625,-0.0625,-0.0625]","[0.1875,-0.0625,-0.0625,-0.0625]",3.4637016613204437,0.375,0.375
DSR_Simple_training,think,video,15,MIXED_HIGH,"[8.375,12.1875,12.1875,12.1875]","[-1.731945895891058,0.5773152986303527,0.5773152986303527,0.5773152986303527]","[0.046875,0.5234375,0.5234375,0.5234375]","[0.0,0.119140625,0.119140625,0.119140625]",3.4638917917821166,1.6171875,0.357421875
DSR_Simple_training,think,living,2,A_ONLY,"[0.5,0.5,0.5,0.5]","[0.0,0.0,0.0,0.0]","[0.0,0.0,0.0,0.0]","[0.0,0.0,0.0,0.0]",0.0,0.0,0.0
DSR_Simple_training,think,prod,2,ALL_ZERO,"[0.0,0.0,0.0,0.0]","[0.0,0.0,0.0,0.0]","[0.0,0.0,0.0,0.0]","[0.0,0.0,0.0,0.0]",0.0,0.0,0.0
DSR_Simple_training,think,ad,2,A_ONLY,"[0.5,0.5,0.5,0.5]","[0.0,0.0,0.0,0.0]","[0.0,0.0,0.0,0.0]","[0.0,0.0,0.0,0.0]",0.0,0.0,0.0
DSR_Simple_training,think,prod,2,A_ONLY,"[0.5,0.0,0.0,0.5]","[0.9996001599360256,-0.9996001599360256,-0.9996001599360256,0.9996001599360256]","[0.03125,-0.03125,-0.03125,0.03125]","[0.03125,-0.03125,-0.03125,0.03125]",3.9984006397441023,0.125,0.125
DSR_Simple_training,think,prod,2,A_ONLY,"[0.0,0.5,0.0,0.0]","[-0.577083725634154,1.7312511769024619,-0.577083725634154,-0.577083725634154]","[-0.015625,0.046875,-0.015625,-0.015625]","[-0.015625,0.046875,-0.015625,-0.015625]",3.462502353804924,0.09375,0.09375
DSR_Simple_training,think,video,20,A_ONLY,"[0.5,0.0,0.75,0.5]","[0.22933155424365537,-1.6053208797055876,1.1466577712182768,0.22933155424365537]","[0.0078125,-0.0546875,0.0390625,0.0078125]","[0.0078125,-0.0546875,0.0390625,0.0078125]",3.2106417594111756,0.109375,0.109375
DSR_Simple_training,think,ad,2,MIXED_HIGH,"[0.75,0.75,0.75,8.25]","[-0.5773324919592446,-0.5773324919592446,-0.5773324919592446,1.731997475877734]","[-0.234375,-0.234375,-0.234375,0.703125]","[-0.234375,-0.234375,-0.234375,0.703125]",3.463994951755468,1.40625,1.40625
DSR_Simple_training,think,video,20,MIXED_HIGH,"[9.125,12.5625,9.125,12.5625]","[-0.9999418215667452,0.9999418215667452,-0.9999418215667452,0.9999418215667452]","[0.140625,0.5703125,0.140625,0.5703125]","[0.0,0.21484375,0.0,0.21484375]",3.9997672862669806,1.421875,0.4296875
DSR_Simple_training,think,video,20,MIXED_HIGH,"[14.40234375,14.296875,14.3984375,14.40234375]","[0.6044998968021854,-1.7271425622919585,0.5181427686875876,0.6044998968021854]","[0.80029296875,0.787109375,0.7998046875,0.80029296875]","[0.00341796875,0.0,0.0029296875,0.00341796875]",3.454285124583917,3.1875,0.009765625
DSR_Simple_training,think,living,2,A_ONLY,"[0.5,0.5,0.5,0.5]","[0.0,0.0,0.0,0.0]","[0.0,0.0,0.0,0.0]","[0.0,0.0,0.0,0.0]",0.0,0.0,0.0
DSR_Simple_training,think,video,16,MIXED_HIGH,"[12.125,12.125,12.125,12.125]","[0.0,0.0,0.0,0.0]","[0.515625,0.515625,0.515625,0.515625]","[0.0,0.0,0.0,0.0]",0.0,2.0625,0.0
DSR_Simple_training,think,ad,2,A_ONLY,"[0.0,0.75,0.5,0.0]","[-0.9619542435605934,1.3467359409848307,0.577172546136356,-0.9619542435605934]","[-0.0390625,0.0546875,0.0234375,-0.0390625]","[-0.0390625,0.0546875,0.0234375,-0.0390625]",3.847816974242374,0.15625,0.15625
DSR_Simple_training,think,living,2,AB_SIGNAL,"[2.25,2.25,2.25,2.0]","[0.5768174280738311,0.5768174280738311,0.5768174280738311,-1.730452284221493]","[0.0078125,0.0078125,0.0078125,-0.0234375]","[0.0078125,0.0078125,0.0078125,-0.0234375]",3.460904568442986,0.046875,0.046875
DSR_Simple_training,think,living,2,A_ONLY,"[0.5,0.5,0.5,0.5]","[0.0,0.0,0.0,0.0]","[0.0,0.0,0.0,0.0]","[0.0,0.0,0.0,0.0]",0.0,0.0,0.0
DSR_Simple_training,think,living,2,ALL_ZERO,"[0.0,0.0,0.0,0.0]","[0.0,0.0,0.0,0.0]","[0.0,0.0,0.0,0.0]","[0.0,0.0,0.0,0.0]",0.0,0.0,0.0
DSR_Simple_training,think,prod,2,MIXED_HIGH,"[8.25,0.75,8.25,12.0]","[0.22941011997285182,-1.6058708398099628,0.22941011997285182,1.147050599864259]","[0.1171875,-0.8203125,0.1171875,0.5859375]","[0.1171875,-0.8203125,0.1171875,0.5859375]",3.2117416796199256,1.640625,1.640625
DSR_Simple_training,think,living,2,OTHER,"[2.25,2.25,2.25,2.25]","[0.0,0.0,0.0,0.0]","[0.0,0.0,0.0,0.0]","[0.0,0.0,0.0,0.0]",0.0,0.0,0.0
DSR_Simple_training,think,ad,2,A_ONLY,"[0.5,0.5,0.5,0.5]","[0.0,0.0,0.0,0.0]","[0.0,0.0,0.0,0.0]","[0.0,0.0,0.0,0.0]",0.0,0.0,0.0
DSR_Simple_training,think,video,20,OTHER,"[0.75,0.0,0.75,0.9375]","[0.39045828848516745,-1.691985916769059,0.39045828848516745,0.9110693397987241]","[0.017578125,-0.076171875,0.017578125,0.041015625]","[0.017578125,-0.076171875,0.017578125,0.041015625]",3.383971833538118,0.15234375,0.15234375
DSR_Simple_training,think,prod,2,MIXED_HIGH,"[2.0,2.0,9.0,2.0]","[-0.5773312221989658,-0.5773312221989658,1.7319936665968976,-0.5773312221989658]","[-0.21875,-0.21875,0.65625,-0.21875]","[-0.21875,-0.21875,0.65625,-0.21875]",3.463987333193795,1.3125,1.3125
DSR_Simple_training,think,prod,2,ALL_ZERO,"[0.0,0.0,0.0,0.0]","[0.0,0.0,0.0,0.0]","[0.0,0.0,0.0,0.0]","[0.0,0.0,0.0,0.0]",0.0,0.0,0.0
DSR_Simple_training,think,prod,2,ALL_ZERO,"[0.0,0.0,0.0,0.0]","[0.0,0.0,0.0,0.0]","[0.0,0.0,0.0,0.0]","[0.0,0.0,0.0,0.0]",0.0,0.0,0.0
DSR_Simple_training,think,ad,2,A_ONLY,"[0.5,0.5,0.5,0.5]","[0.0,0.0,0.0,0.0]","[0.0,0.0,0.0,0.0]","[0.0,0.0,0.0,0.0]",0.0,0.0,0.0
DSR_Simple_training,think,video,20,ALL_ZERO,"[0.0,0.0,0.0,0.0]","[0.0,0.0,0.0,0.0]","[0.0,0.0,0.0,0.0]","[0.0,0.0,0.0,0.0]",0.0,0.0,0.0
DSR_Simple_training,think,video,14,OTHER,"[0.75,0.75,0.75,0.75]","[0.0,0.0,0.0,0.0]","[0.0,0.0,0.0,0.0]","[0.0,0.0,0.0,0.0]",0.0,0.0,0.0
DSR_Simple_training,think,ad,2,MIXED_HIGH,"[0.5,0.5,8.25,0.0]","[-0.5277810526723395,-0.5277810526723395,1.7289379311680089,-0.6733758258233298]","[-0.2265625,-0.2265625,0.7421875,-0.2890625]","[-0.2265625,-0.2265625,0.7421875,-0.2890625]",3.4578758623360177,1.484375,1.484375
DSR_Simple_training,think,prod,2,ALL_ZERO,"[0.0,0.0,0.0,0.0]","[0.0,0.0,0.0,0.0]","[0.0,0.0,0.0,0.0]","[0.0,0.0,0.0,0.0]",0.0,0.0,0.0
DSR_Simple_training,think,video,12,ALL_ZERO,"[0.0,0.0,0.0,0.0]","[0.0,0.0,0.0,0.0]","[0.0,0.0,0.0,0.0]","[0.0,0.0,0.0,0.0]",0.0,0.0,0.0
DSR_Simple_training,think,ad,2,A_ONLY,"[0.5,0.0,0.5,0.5]","[0.577083725634154,-1.7312511769024619,0.577083725634154,0.577083725634154]","[0.015625,-0.046875,0.015625,0.015625]","[0.015625,-0.046875,0.015625,0.015625]",3.462502353804924,0.09375,0.09375
DSR_Simple_training,think,ad,2,OTHER,"[3.0,3.0,3.0,3.0]","[0.0,0.0,0.0,0.0]","[0.0,0.0,0.0,0.0]","[0.0,0.0,0.0,0.0]",0.0,0.0,0.0
DSR_Simple_training,think,video,11,MIXED_HIGH,"[9.1875,9.1875,8.4375,8.375]","[0.9981487115815262,0.9981487115815262,-0.9182968146550041,-1.0780006085080482]","[0.1484375,0.1484375,0.0546875,0.046875]","[0.048828125,0.048828125,0.0,0.0]",3.9925948463261047,0.3984375,0.09765625
DSR_Simple_training,think,video,20,OTHER,"[2.25,2.25,2.25,2.375]","[-0.5762855695777033,-0.5762855695777033,-0.5762855695777033,1.7288567087331097]","[-0.00390625,-0.00390625,-0.00390625,0.01171875]","[-0.00390625,-0.00390625,-0.00390625,0.01171875]",3.45771341746622,0.0234375,0.0234375
DSR_Simple_training,think,video,14,MIXED_HIGH,"[8.25,12.0,12.0,8.0]","[-0.9344637591327472,0.9989095356246608,0.9989095356246608,-1.0633553121165744]","[0.03125,0.5,0.5,0.0]","[0.0,0.2421875,0.2421875,0.0]",3.995638142498643,1.03125,0.484375
DSR_Simple_training,think,video,14,MIXED_HIGH,"[8.25,12.125,8.25,12.125]","[-0.9999483897605285,0.9999483897605285,-0.9999483897605285,0.9999483897605285]","[0.03125,0.515625,0.03125,0.515625]","[0.0,0.2421875,0.0,0.2421875]",3.999793559042114,1.09375,0.484375
DSR_Simple_training,think,living,3,MIXED_HIGH,"[9.0,9.0,9.0,9.0]","[0.0,0.0,0.0,0.0]","[0.125,0.125,0.125,0.125]","[0.0,0.0,0.0,0.0]",0.0,0.5,0.0
DSR_Simple_training,think,video,14,OTHER,"[2.375,2.375,2.25,2.25]","[0.998402555910543,0.998402555910543,-0.998402555910543,-0.998402555910543]","[0.0078125,0.0078125,-0.0078125,-0.0078125]","[0.0078125,0.0078125,-0.0078125,-0.0078125]",3.993610223642172,0.03125,0.03125
DSR_Simple_training,think,video,12,A_ONLY,"[0.5,0.5,0.5,0.0]","[0.577083725634154,0.577083725634154,0.577083725634154,-1.7312511769024619]","[0.015625,0.015625,0.015625,-0.046875]","[0.015625,0.015625,0.015625,-0.046875]",3.4625023538049238,0.09375,0.09375
DSR_Simple_training,think,ad,3,ALL_ZERO,"[0.0,0.0,0.0,0.0]","[0.0,0.0,0.0,0.0]","[0.0,0.0,0.0,0.0]","[0.0,0.0,0.0,0.0]",0.0,0.0,0.0
DSR_Simple_training,think,ad,2,A_ONLY,"[0.0,0.5,0.0,0.5]","[-0.9996001599360256,0.9996001599360256,-0.9996001599360256,0.9996001599360256]","[-0.03125,0.03125,-0.03125,0.03125]","[-0.03125,0.03125,-0.03125,0.03125]",3.9984006397441023,0.125,0.125
DSR_Simple_training,think,ad,2,MIXED_HIGH,"[9.0,9.0,9.0,9.0]","[0.0,0.0,0.0,0.0]","[0.125,0.125,0.125,0.125]","[0.0,0.0,0.0,0.0]",0.0,0.5,0.0
DSR_Simple_training,think,ad,4,A_ONLY,"[0.5,0.5,0.5,0.5]","[0.0,0.0,0.0,0.0]","[0.0,0.0,0.0,0.0]","[0.0,0.0,0.0,0.0]",0.0,0.0,0.0
DSR_Simple_training,think,video,15,A_ONLY,"[0.5,0.0,0.0,0.0]","[1.7312511769024619,-0.577083725634154,-0.577083725634154,-0.577083725634154]","[0.046875,-0.015625,-0.015625,-0.015625]","[0.046875,-0.015625,-0.015625,-0.015625]",3.462502353804924,0.09375,0.09375
DSR_Simple_training,think,prod,2,A_ONLY,"[0.5,0.0,0.0,0.5]","[0.9996001599360256,-0.9996001599360256,-0.9996001599360256,0.9996001599360256]","[0.03125,-0.03125,-0.03125,0.03125]","[0.03125,-0.03125,-0.03125,0.03125]",3.9984006397441023,0.125,0.125
DSR_Simple_training,think,prod,2,AB_SIGNAL,"[0.75,2.0,0.5,0.5]","[-0.3014628675246822,1.7082895826398659,-0.7034133575575918,-0.7034133575575918]","[-0.0234375,0.1328125,-0.0546875,-0.0546875]","[-0.0234375,0.1328125,-0.0546875,-0.0546875]",3.4165791652797317,0.265625,0.265625
DSR_Simple_training,think,living,2,OTHER,"[0.75,0.75,0.75,0.75]","[0.0,0.0,0.0,0.0]","[0.0,0.0,0.0,0.0]","[0.0,0.0,0.0,0.0]",0.0,0.0,0.0
DSR_Simple_training,think,living,2,SINGLE_EXACT,"[2.0,8.0,2.0,2.0]","[-0.5773280478227043,1.731984143468113,-0.5773280478227043,-0.5773280478227043]","[-0.1875,0.5625,-0.1875,-0.1875]","[-0.1875,0.5625,-0.1875,-0.1875]",3.4639682869362263,1.125,1.125
DSR_Simple_training,think,video,17,A_ONLY,"[0.5,0.5,0.5,0.5]","[0.0,0.0,0.0,0.0]","[0.0,0.0,0.0,0.0]","[0.0,0.0,0.0,0.0]",0.0,0.0,0.0
DSR_Simple_training,think,video,20,OTHER,"[0.75,0.75,0.75,0.0]","[0.577172546136356,0.577172546136356,0.577172546136356,-1.7315176384090682]","[0.0234375,0.0234375,0.0234375,-0.0703125]","[0.0234375,0.0234375,0.0234375,-0.0703125]",3.463035276818136,0.140625,0.140625
DSR_Simple_training,think,ad,2,MIXED_HIGH,"[0.75,0.75,0.0,8.25]","[-0.5007585354270614,-0.5007585354270614,-0.7233178845057554,1.7248349553598783]","[-0.2109375,-0.2109375,-0.3046875,0.7265625]","[-0.2109375,-0.2109375,-0.3046875,0.7265625]",3.4496699107197566,1.453125,1.453125
DSR_Simple_training,think,prod,2,ALL_ZERO,"[0.0,0.0,0.0,0.0]","[0.0,0.0,0.0,0.0]","[0.0,0.0,0.0,0.0]","[0.0,0.0,0.0,0.0]",0.0,0.0,0.0
DSR_Simple_training,think,video,15,A_ONLY,"[0.5,0.5,0.5,0.5]","[0.0,0.0,0.0,0.0]","[0.0,0.0,0.0,0.0]","[0.0,0.0,0.0,0.0]",0.0,0.0,0.0
DSR_Simple_training,think,video,12,A_ONLY,"[0.5,0.0,0.5,0.0]","[0.9996001599360256,-0.9996001599360256,0.9996001599360256,-0.9996001599360256]","[0.03125,-0.03125,0.03125,-0.03125]","[0.03125,-0.03125,0.03125,-0.03125]",3.9984006397441023,0.125,0.125
DSR_Simple_training,think,ad,2,ALL_ZERO,"[0.0,0.0,0.0,0.0]","[0.0,0.0,0.0,0.0]","[0.0,0.0,0.0,0.0]","[0.0,0.0,0.0,0.0]",0.0,0.0,0.0
DSR_Simple_training,think,prod,3,ALL_ZERO,"[0.0,0.0,0.0,0.0]","[0.0,0.0,0.0,0.0]","[0.0,0.0,0.0,0.0]","[0.0,0.0,0.0,0.0]",0.0,0.0,0.0
DSR_Simple_training,think,prod,2,ALL_ZERO,"[0.0,0.0,0.0,0.0]","[0.0,0.0,0.0,0.0]","[0.0,0.0,0.0,0.0]","[0.0,0.0,0.0,0.0]",0.0,0.0,0.0
DSR_Simple_training,think,prod,2,ALL_ZERO,"[0.0,0.0,0.0,0.0]","[0.0,0.0,0.0,0.0]","[0.0,0.0,0.0,0.0]","[0.0,0.0,0.0,0.0]",0.0,0.0,0.0
DSR_Simple_training,think,prod,2,MIXED_HIGH,"[8.25,0.0,0.0,8.0]","[1.0304999881507426,-0.999738794474601,-0.999738794474601,0.9689776007984594]","[0.5234375,-0.5078125,-0.5078125,0.4921875]","[0.5234375,-0.5078125,-0.5078125,0.4921875]",3.998955177898404,2.03125,2.03125
DSR_Simple_training,think,video,11,A_ONLY,"[0.75,0.75,0.875,0.5]","[0.22924743637023273,0.22924743637023273,1.1462371818511636,-1.604732054591629]","[0.00390625,0.00390625,0.01953125,-0.02734375]","[0.00390625,0.00390625,0.01953125,-0.02734375]",3.209464109183258,0.0546875,0.0546875
DSR_Simple_training,think,ad,2,AB_SIGNAL,"[2.0,2.0,3.0,3.0]","[-0.9998000399920016,-0.9998000399920016,0.9998000399920016,0.9998000399920016]","[-0.0625,-0.0625,0.0625,0.0625]","[-0.0625,-0.0625,0.0625,0.0625]",3.9992001599680065,0.25,0.25
DSR_Simple_training,think,video,12,MULTI_EXACT,"[12.0,8.0,8.0,8.0]","[1.7319508133420467,-0.5773169377806823,-0.5773169377806823,-0.5773169377806823]","[0.5,0.0,0.0,0.0]","[0.375,0.0,0.0,0.0]",3.4639016266840934,0.5,0.375
DSR_Simple_training,think,living,2,A_ONLY,"[0.5,0.5,0.5,0.5]","[0.0,0.0,0.0,0.0]","[0.0,0.0,0.0,0.0]","[0.0,0.0,0.0,0.0]",0.0,0.0,0.0
DSR_Simple_training,think,prod,6,MULTI_EXACT,"[14.0,8.0,8.0,8.0]","[1.731984143468113,-0.5773280478227043,-0.5773280478227043,-0.5773280478227043]","[0.75,0.0,0.0,0.0]","[0.5625,0.0,0.0,0.0]",3.4639682869362263,0.75,0.5625
DSR_Simple_training,think,video,19,MIXED_HIGH,"[12.6171875,12.8046875,12.6171875,12.1875]","[0.26725254867719417,1.0948733445807632,0.26725254867719417,-1.6293784419351516]","[0.5771484375,0.6005859375,0.5771484375,0.5234375]","[0.007568359375,0.031005859375,0.007568359375,0.0]",3.258756883870303,2.2783203125,0.046142578125
DSR_Simple_training,think,prod,2,A_ONLY,"[0.0,0.5,0.0,0.5]","[-0.9996001599360256,0.9996001599360256,-0.9996001599360256,0.9996001599360256]","[-0.03125,0.03125,-0.03125,0.03125]","[-0.03125,0.03125,-0.03125,0.03125]",3.9984006397441023,0.125,0.125
DSR_Simple_training,think,video,20,AB_SIGNAL,"[2.0,2.0,2.0,2.0]","[0.0,0.0,0.0,0.0]","[0.0,0.0,0.0,0.0]","[0.0,0.0,0.0,0.0]",0.0,0.0,0.0
DSR_Simple_training,think,video,14,OTHER,"[0.75,2.25,0.75,2.375]","[-0.9982762543856373,0.9184141540347862,-0.9982762543856373,1.0781383547364882]","[-0.09765625,0.08984375,-0.09765625,0.10546875]","[-0.09765625,0.08984375,-0.09765625,0.10546875]",3.993105017542549,0.390625,0.390625
DSR_Simple_training,think,ad,3,MIXED_HIGH,"[8.25,8.25,8.25,8.25]","[0.0,0.0,0.0,0.0]","[0.03125,0.03125,0.03125,0.03125]","[0.0,0.0,0.0,0.0]",0.0,0.125,0.0
DSR_Simple_training,think,video,12,A_ONLY,"[0.75,0.875,0.5,0.0]","[0.6525586412656152,1.0254492934173953,-0.09322266303794503,-1.5847852716450654]","[0.02734375,0.04296875,-0.00390625,-0.06640625]","[0.02734375,0.04296875,-0.00390625,-0.06640625]",3.356015869366021,0.140625,0.140625
DSR_Simple_training,think,ad,2,EXACT_SATURATED,"[8.0,8.0,8.0,8.0]","[0.0,0.0,0.0,0.0]","[0.0,0.0,0.0,0.0]","[0.0,0.0,0.0,0.0]",0.0,0.0,0.0
DSR_Simple_training,think,prod,2,A_ONLY,"[0.5,0.5,0.5,0.5]","[0.0,0.0,0.0,0.0]","[0.0,0.0,0.0,0.0]","[0.0,0.0,0.0,0.0]",0.0,0.0,0.0
DSR_Simple_training,think,prod,2,A_ONLY,"[0.5,0.0,0.5,0.0]","[0.9996001599360256,-0.9996001599360256,0.9996001599360256,-0.9996001599360256]","[0.03125,-0.03125,0.03125,-0.03125]","[0.03125,-0.03125,0.03125,-0.03125]",3.9984006397441023,0.125,0.125
DSR_Simple_training,think,prod,2,ALL_ZERO,"[0.0,0.0,0.0,0.0]","[0.0,0.0,0.0,0.0]","[0.0,0.0,0.0,0.0]","[0.0,0.0,0.0,0.0]",0.0,0.0,0.0
DSR_Simple_training,think,prod,2,MULTI_EXACT,"[8.25,8.0,8.0,0.0]","[0.6246834270454256,0.5532910353830912,0.5532910353830912,-1.731265497811608]","[0.2734375,0.2421875,0.2421875,-0.7578125]","[0.2734375,0.2421875,0.2421875,-0.7578125]",3.462530995623216,1.515625,1.515625
DSR_Simple_training,think,video,12,ALL_ZERO,"[0.0,0.0,0.0,0.0]","[0.0,0.0,0.0,0.0]","[0.0,0.0,0.0,0.0]","[0.0,0.0,0.0,0.0]",0.0,0.0,0.0
DSR_Simple_training,think,ad,2,ALL_ZERO,"[0.0,0.0,0.0,0.0]","[0.0,0.0,0.0,0.0]","[0.0,0.0,0.0,0.0]","[0.0,0.0,0.0,0.0]",0.0,0.0,0.0
DSR_Simple_training,think,ad,6,A_ONLY,"[0.5,0.5,0.5,0.5]","[0.0,0.0,0.0,0.0]","[0.0,0.0,0.0,0.0]","[0.0,0.0,0.0,0.0]",0.0,0.0,0.0
DSR_Simple_training,think,ad,2,ALL_ZERO,"[0.0,0.0,0.0,0.0]","[0.0,0.0,0.0,0.0]","[0.0,0.0,0.0,0.0]","[0.0,0.0,0.0,0.0]",0.0,0.0,0.0
DSR_Simple_training,think,prod,2,OTHER,"[2.25,2.25,2.25,2.25]","[0.0,0.0,0.0,0.0]","[0.0,0.0,0.0,0.0]","[0.0,0.0,0.0,0.0]",0.0,0.0,0.0
DSR_Simple_training,think,prod,2,A_ONLY,"[0.5,0.0,0.5,0.0]","[0.9996001599360256,-0.9996001599360256,0.9996001599360256,-0.9996001599360256]","[0.03125,-0.03125,0.03125,-0.03125]","[0.03125,-0.03125,0.03125,-0.03125]",3.9984006397441023,0.125,0.125
DSR_Simple_training,think,ad,3,EXACT_SATURATED,"[8.0,8.0,8.0,8.0]","[0.0,0.0,0.0,0.0]","[0.0,0.0,0.0,0.0]","[0.0,0.0,0.0,0.0]",0.0,0.0,0.0
DSR_Simple_training,think,prod,2,EXACT_SATURATED,"[8.0,8.0,8.0,8.0]","[0.0,0.0,0.0,0.0]","[0.0,0.0,0.0,0.0]","[0.0,0.0,0.0,0.0]",0.0,0.0,0.0
DSR_Simple_training,think,ad,2,A_ONLY,"[0.5,0.0,0.0,0.5]","[0.9996001599360256,-0.9996001599360256,-0.9996001599360256,0.9996001599360256]","[0.03125,-0.03125,-0.03125,0.03125]","[0.03125,-0.03125,-0.03125,0.03125]",3.9984006397441023,0.125,0.125
DSR_Simple_training,think,video,14,A_ONLY,"[0.0,0.0,0.5,0.5]","[-0.9996001599360256,-0.9996001599360256,0.9996001599360256,0.9996001599360256]","[-0.03125,-0.03125,0.03125,0.03125]","[-0.03125,-0.03125,0.03125,0.03125]",3.9984006397441023,0.125,0.125
DSR_Simple_training,think,ad,5,MIXED_HIGH,"[14.25,14.25,14.25,14.25]","[0.0,0.0,0.0,0.0]","[0.78125,0.78125,0.78125,0.78125]","[0.0,0.0,0.0,0.0]",0.0,3.125,0.0
DSR_Simple_training,think,prod,2,EXACT_SATURATED,"[8.0,8.0,8.0,8.0]","[0.0,0.0,0.0,0.0]","[0.0,0.0,0.0,0.0]","[0.0,0.0,0.0,0.0]",0.0,0.0,0.0
DSR_Simple_training,think,prod,2,EXACT_SATURATED,"[8.0,8.0,8.0,8.0]","[0.0,0.0,0.0,0.0]","[0.0,0.0,0.0,0.0]","[0.0,0.0,0.0,0.0]",0.0,0.0,0.0
DSR_Simple_training,think,video,16,OTHER,"[0.875,0.875,0.875,0.875]","[0.0,0.0,0.0,0.0]","[0.0,0.0,0.0,0.0]","[0.0,0.0,0.0,0.0]",0.0,0.0,0.0
DSR_Simple_training,think,ad,3,ALL_ZERO,"[0.0,0.0,0.0,0.0]","[0.0,0.0,0.0,0.0]","[0.0,0.0,0.0,0.0]","[0.0,0.0,0.0,0.0]",0.0,0.0,0.0
DSR_Simple_training,think,video,15,EXACT_SATURATED,"[8.0,8.0,8.0,8.0]","[0.0,0.0,0.0,0.0]","[0.0,0.0,0.0,0.0]","[0.0,0.0,0.0,0.0]",0.0,0.0,0.0
DSR_Simple_training,think,video,14,ALL_ZERO,"[0.0,0.0,0.0,0.0]","[0.0,0.0,0.0,0.0]","[0.0,0.0,0.0,0.0]","[0.0,0.0,0.0,0.0]",0.0,0.0,0.0
DSR_Simple_training,think,ad,2,ALL_ZERO,"[0.0,0.0,0.0,0.0]","[0.0,0.0,0.0,0.0]","[0.0,0.0,0.0,0.0]","[0.0,0.0,0.0,0.0]",0.0,0.0,0.0
DSR_Simple_training,think,prod,2,ALL_ZERO,"[0.0,0.0,0.0,0.0]","[0.0,0.0,0.0,0.0]","[0.0,0.0,0.0,0.0]","[0.0,0.0,0.0,0.0]",0.0,0.0,0.0
DSR_Simple_training,think,living,2,AB_SIGNAL,"[2.0,2.0,2.0,2.0]","[0.0,0.0,0.0,0.0]","[0.0,0.0,0.0,0.0]","[0.0,0.0,0.0,0.0]",0.0,0.0,0.0
DSR_Simple_training,think,ad,2,A_ONLY,"[0.5,0.5,0.5,0.5]","[0.0,0.0,0.0,0.0]","[0.0,0.0,0.0,0.0]","[0.0,0.0,0.0,0.0]",0.0,0.0,0.0
DSR_Simple_training,think,video,15,MIXED_HIGH,"[0.5,0.5,0.75,12.125]","[-0.5938889334817393,-0.5938889334817393,-0.5438772338201191,1.7316551007835976]","[-0.37109375,-0.37109375,-0.33984375,1.08203125]","[-0.37109375,-0.37109375,-0.33984375,1.08203125]",3.4633102015671957,2.1640625,2.1640625
DSR_Simple_training,think,video,11,AB_SIGNAL,"[2.0,2.0,2.0,2.0]","[0.0,0.0,0.0,0.0]","[0.0,0.0,0.0,0.0]","[0.0,0.0,0.0,0.0]",0.0,0.0,0.0
DSR_Simple_training,think,ad,2,MIXED_HIGH,"[12.0,12.0,12.0,12.0]","[0.0,0.0,0.0,0.0]","[0.5,0.5,0.5,0.5]","[0.0,0.0,0.0,0.0]",0.0,2.0,0.0
DSR_Simple_training,think,video,13,MIXED_HIGH,"[2.25,12.125,8.25,12.125]","[-1.5936547283904823,0.85098068020851,-0.10830663202653763,0.85098068020851]","[-0.71875,0.515625,0.03125,0.515625]","[-0.8046875,0.4296875,0.0,0.4296875]",3.40392272083404,1.78125,1.6640625
DSR_Simple_training,think,prod,3,MIXED_HIGH,"[8.25,8.25,8.25,0.5]","[0.5773330654012014,0.5773330654012014,0.5773330654012014,-1.7319991962036043]","[0.2421875,0.2421875,0.2421875,-0.7265625]","[0.2421875,0.2421875,0.2421875,-0.7265625]",3.4639983924072086,1.453125,1.453125
DSR_Simple_training,think,living,2,ALL_ZERO,"[0.0,0.0,0.0,0.0]","[0.0,0.0,0.0,0.0]","[0.0,0.0,0.0,0.0]","[0.0,0.0,0.0,0.0]",0.0,0.0,0.0
DSR_Simple_training,think,prod,3,MULTI_EXACT,"[8.0,8.0,0.0,8.0]","[0.5773336030040704,0.5773336030040704,-1.7320008090122112,0.5773336030040704]","[0.25,0.25,-0.75,0.25]","[0.25,0.25,-0.75,0.25]",3.464001618024423,1.5,1.5
DSR_Simple_training,think,video,20,OTHER,"[2.375,2.4375,2.375,2.375]","[-0.5752247895920863,1.725674368776259,-0.5752247895920863,-0.5752247895920863]","[-0.001953125,0.005859375,-0.001953125,-0.001953125]","[-0.001953125,0.005859375,-0.001953125,-0.001953125]",3.451348737552518,0.01171875,0.01171875
DSR_Simple_training,think,prod,2,A_ONLY,"[0.0,0.5,0.5,0.75]","[-1.6053208797055876,0.22933155424365537,0.22933155424365537,1.1466577712182768]","[-0.0546875,0.0078125,0.0078125,0.0390625]","[-0.0546875,0.0078125,0.0078125,0.0390625]",3.2106417594111756,0.109375,0.109375
DSR_Simple_training,think,living,2,ALL_ZERO,"[0.0,0.0,0.0,0.0]","[0.0,0.0,0.0,0.0]","[0.0,0.0,0.0,0.0]","[0.0,0.0,0.0,0.0]",0.0,0.0,0.0
DSR_Simple_training,think,prod,2,MIXED_HIGH,"[12.0,12.0,12.0,9.0]","[0.5773058281662529,0.5773058281662529,0.5773058281662529,-1.7319174844987586]","[0.5,0.5,0.5,0.125]","[0.09375,0.09375,0.09375,0.0]",3.463834968997517,1.625,0.28125
DSR_Simple_training,think,video,19,A_ONLY,"[2.4375,0.5,0.984375,0.96875]","[1.6687531884591549,-0.9926666876686291,-0.3273117186366831,-0.34877478215384267]","[0.15185546875,-0.09033203125,-0.02978515625,-0.03173828125]","[0.15185546875,-0.09033203125,-0.02978515625,-0.03173828125]",3.3375063769183098,0.3037109375,0.3037109375
DSR_Simple_training,think,prod,2,A_ONLY,"[0.0,0.0,0.5,0.0]","[-0.577083725634154,-0.577083725634154,1.7312511769024619,-0.577083725634154]","[-0.015625,-0.015625,0.046875,-0.015625]","[-0.015625,-0.015625,0.046875,-0.015625]",3.462502353804924,0.09375,0.09375
DSR_Simple_training,think,ad,2,A_ONLY,"[0.5,0.5,0.0,0.5]","[0.577083725634154,0.577083725634154,-1.7312511769024619,0.577083725634154]","[0.015625,0.015625,-0.046875,0.015625]","[0.015625,0.015625,-0.046875,0.015625]",3.462502353804924,0.09375,0.09375
DSR_Simple_training,think,video,11,AB_SIGNAL,"[2.25,2.0,2.0,2.0]","[1.730452284221493,-0.5768174280738311,-0.5768174280738311,-0.5768174280738311]","[0.0234375,-0.0078125,-0.0078125,-0.0078125]","[0.0234375,-0.0078125,-0.0078125,-0.0078125]",3.4609045684429867,0.046875,0.046875
DSR_Simple_training,think,ad,2,OTHER,"[0.75,0.75,0.75,2.25]","[-0.5772613939839699,-0.5772613939839699,-0.5772613939839699,1.7317841819519098]","[-0.046875,-0.046875,-0.046875,0.140625]","[-0.046875,-0.046875,-0.046875,0.140625]",3.4635683639038195,0.28125,0.28125
DSR_Simple_training,think,video,16,A_ONLY,"[0.0,0.5,0.75,0.0]","[-0.9619542435605934,0.577172546136356,1.3467359409848307,-0.9619542435605934]","[-0.0390625,0.0234375,0.0546875,-0.0390625]","[-0.0390625,0.0234375,0.0546875,-0.0390625]",3.847816974242374,0.15625,0.15625
DSR_Simple_training,think,prod,2,AB_SIGNAL,"[0.5,0.0,0.0,2.0]","[-0.15247996795091118,-0.7623998397545558,-0.7623998397545558,1.677279647460023]","[-0.015625,-0.078125,-0.078125,0.171875]","[-0.015625,-0.078125,-0.078125,0.171875]",3.354559294920046,0.34375,0.34375
DSR_Simple_training,think,video,13,A_ONLY,"[0.5,0.5,0.5,0.5]","[0.0,0.0,0.0,0.0]","[0.0,0.0,0.0,0.0]","[0.0,0.0,0.0,0.0]",0.0,0.0,0.0
DSR_Simple_training,think,video,20,OTHER,"[2.4375,0.9375,2.4375,0.875]","[0.9994532803902333,-0.958659268945734,0.9994532803902333,-1.0402472918347327]","[0.095703125,-0.091796875,0.095703125,-0.099609375]","[0.095703125,-0.091796875,0.095703125,-0.099609375]",3.997813121560933,0.3828125,0.3828125
DSR_Simple_training,think,living,2,MIXED_HIGH,"[8.25,0.0,8.0,8.25]","[0.6006484870403268,-1.7312809332338832,0.5299839591532296,0.6006484870403268]","[0.265625,-0.765625,0.234375,0.265625]","[0.265625,-0.765625,0.234375,0.265625]",3.462561866467766,1.53125,1.53125
DSR_Simple_training,think,ad,5,EXACT_SATURATED,"[8.0,8.0,8.0,8.0]","[0.0,0.0,0.0,0.0]","[0.0,0.0,0.0,0.0]","[0.0,0.0,0.0,0.0]",0.0,0.0,0.0
DSR_Simple_training,think,ad,5,OTHER,"[2.25,2.25,2.25,2.25]","[0.0,0.0,0.0,0.0]","[0.0,0.0,0.0,0.0]","[0.0,0.0,0.0,0.0]",0.0,0.0,0.0
DSR_Simple_training,think,video,20,MIXED_HIGH,"[8.25,8.25,8.25,0.0]","[0.5773341080258594,0.5773341080258594,0.5773341080258594,-1.7320023240775781]","[0.2578125,0.2578125,0.2578125,-0.7734375]","[0.2578125,0.2578125,0.2578125,-0.7734375]",3.4640046481551563,1.546875,1.546875
DSR_Simple_training,think,prod,2,ALL_ZERO,"[0.0,0.0,0.0,0.0]","[0.0,0.0,0.0,0.0]","[0.0,0.0,0.0,0.0]","[0.0,0.0,0.0,0.0]",0.0,0.0,0.0
DSR_Simple_training,think,living,2,ALL_ZERO,"[0.0,0.0,0.0,0.0]","[0.0,0.0,0.0,0.0]","[0.0,0.0,0.0,0.0]","[0.0,0.0,0.0,0.0]",0.0,0.0,0.0
DSR_Simple_training,think,prod,3,SINGLE_EXACT,"[0.0,0.0,8.0,0.0]","[-0.5773336030040704,-0.5773336030040704,1.7320008090122112,-0.5773336030040704]","[-0.25,-0.25,0.75,-0.25]","[-0.25,-0.25,0.75,-0.25]",3.464001618024423,1.5,1.5
DSR_Simple_training,think,prod,2,A_ONLY,"[0.5,0.5,0.0,0.5]","[0.577083725634154,0.577083725634154,-1.7312511769024619,0.577083725634154]","[0.015625,0.015625,-0.046875,0.015625]","[0.015625,0.015625,-0.046875,0.015625]",3.462502353804924,0.09375,0.09375
DSR_Simple_training,think,ad,2,AB_SIGNAL,"[2.0,2.25,2.25,2.0]","[-0.9992006394884093,0.9992006394884093,0.9992006394884093,-0.9992006394884093]","[-0.015625,0.015625,0.015625,-0.015625]","[-0.015625,0.015625,0.015625,-0.015625]",3.9968025579536373,0.0625,0.0625
DSR_Simple_training,think,ad,2,A_ONLY,"[0.0,0.5,0.0,0.5]","[-0.9996001599360256,0.9996001599360256,-0.9996001599360256,0.9996001599360256]","[-0.03125,0.03125,-0.03125,0.03125]","[-0.03125,0.03125,-0.03125,0.03125]",3.9984006397441023,0.125,0.125
DSR_Simple_training,think,ad,2,MULTI_EXACT,"[8.0,8.0,0.0,8.0]","[0.5773336030040704,0.5773336030040704,-1.7320008090122112,0.5773336030040704]","[0.25,0.25,-0.75,0.25]","[0.25,0.25,-0.75,0.25]",3.464001618024423,1.5,1.5
DSR_Simple_training,think,prod,2,A_ONLY,"[0.5,0.0,0.0,0.5]","[0.9996001599360256,-0.9996001599360256,-0.9996001599360256,0.9996001599360256]","[0.03125,-0.03125,-0.03125,0.03125]","[0.03125,-0.03125,-0.03125,0.03125]",3.9984006397441023,0.125,0.125
DSR_Simple_training,think,ad,2,MIXED_HIGH,"[0.0,0.5,9.0,9.0]","[-1.0562568153204093,-0.9420668893398244,0.9991618523301168,0.9991618523301168]","[-0.578125,-0.515625,0.546875,0.546875]","[-0.578125,-0.515625,0.546875,0.546875]",3.996647409320467,2.1875,2.1875
DSR_Simple_training,think,ad,2,A_ONLY,"[0.5,0.5,0.5,0.0]","[0.577083725634154,0.577083725634154,0.577083725634154,-1.7312511769024619]","[0.015625,0.015625,0.015625,-0.046875]","[0.015625,0.015625,0.015625,-0.046875]",3.4625023538049238,0.09375,0.09375
DSR_Simple_training,think,video,12,SINGLE_EXACT,"[0.5,0.0,8.0,0.0]","[-0.47819865764792957,-0.6253367061549848,1.7288720699578992,-0.6253367061549848]","[-0.203125,-0.265625,0.734375,-0.265625]","[-0.203125,-0.265625,0.734375,-0.265625]",3.457744139915799,1.46875,1.46875
DSR_Simple_training,think,video,14,OTHER,"[0.75,0.75,0.75,0.75]","[0.0,0.0,0.0,0.0]","[0.0,0.0,0.0,0.0]","[0.0,0.0,0.0,0.0]",0.0,0.0,0.0
DSR_Simple_training,think,ad,2,AB_SIGNAL,"[2.0,2.0,2.0,2.0]","[0.0,0.0,0.0,0.0]","[0.0,0.0,0.0,0.0]","[0.0,0.0,0.0,0.0]",0.0,0.0,0.0
DSR_Simple_training,think,video,20,MIXED_HIGH,"[9.5,9.5,9.5,12.5]","[-0.5773058281662529,-0.5773058281662529,-0.5773058281662529,1.7319174844987586]","[0.1875,0.1875,0.1875,0.5625]","[0.0,0.0,0.0,0.28125]",3.463834968997517,1.125,0.28125
DSR_Simple_training,think,ad,2,EXACT_SATURATED,"[8.0,8.0,8.0,8.0]","[0.0,0.0,0.0,0.0]","[0.0,0.0,0.0,0.0]","[0.0,0.0,0.0,0.0]",0.0,0.0,0.0
DSR_Simple_training,think,video,12,OTHER,"[2.46875,2.4375,2.4375,2.4375]","[1.7193447067144603,-0.5731149022381534,-0.5731149022381534,-0.5731149022381534]","[0.0029296875,-0.0009765625,-0.0009765625,-0.0009765625]","[0.0029296875,-0.0009765625,-0.0009765625,-0.0009765625]",3.4386894134289205,0.005859375,0.005859375
DSR_Simple_training,think,video,15,MIXED_HIGH,"[15.140625,15.1875,15.1875,15.125]","[-0.6976392028929854,0.9766948840501796,0.9766948840501796,-1.2557505652073737]","[0.892578125,0.8984375,0.8984375,0.890625]","[0.0,0.00341796875,0.00341796875,0.0]",3.9067795362007183,3.580078125,0.0068359375
DSR_Simple_training,think,ad,2,A_ONLY,"[0.5,0.0,0.0,0.0]","[1.7312511769024619,-0.577083725634154,-0.577083725634154,-0.577083725634154]","[0.046875,-0.015625,-0.015625,-0.015625]","[0.046875,-0.015625,-0.015625,-0.015625]",3.462502353804924,0.09375,0.09375
DSR_Simple_training,think,video,11,MULTI_EXACT,"[8.0,3.1875,8.0,2.375]","[0.9939569303333942,-0.8392091447725065,0.9939569303333942,-1.1487047158942818]","[0.326171875,-0.275390625,0.326171875,-0.376953125]","[0.326171875,-0.275390625,0.326171875,-0.376953125]",3.9758277213335766,1.3046875,1.3046875
DSR_Simple_training,think,prod,2,SINGLE_EXACT,"[2.0,0.5,0.5,8.0]","[-0.2425277821527019,-0.7275833464581057,-0.7275833464581057,1.6976944750689134]","[-0.09375,-0.28125,-0.28125,0.65625]","[-0.09375,-0.28125,-0.28125,0.65625]",3.3953889501378267,1.3125,1.3125
DSR_Simple_training,think,ad,5,A_ONLY,"[2.375,0.5,2.375,0.0]","[0.9863484764258975,-0.7542664819727452,0.9863484764258975,-1.2184304708790499]","[0.1328125,-0.1015625,0.1328125,-0.1640625]","[0.1328125,-0.1015625,0.1328125,-0.1640625]",3.9453939057035896,0.53125,0.53125
DSR_Simple_training,think,prod,2,A_ONLY,"[0.5,0.0,0.5,0.5]","[0.577083725634154,-1.7312511769024619,0.577083725634154,0.577083725634154]","[0.015625,-0.046875,0.015625,0.015625]","[0.015625,-0.046875,0.015625,0.015625]",3.462502353804924,0.09375,0.09375
DSR_Simple_training,think,ad,2,AB_SIGNAL,"[0.0,0.5,0.5,2.0]","[-0.9998666844420744,-0.3332888948140248,-0.3332888948140248,1.666444474070124]","[-0.09375,-0.03125,-0.03125,0.15625]","[-0.09375,-0.03125,-0.03125,0.15625]",3.3328889481402477,0.3125,0.3125
DSR_Simple_training,think,ad,2,A_ONLY,"[0.5,0.0,0.0,0.5]","[0.9996001599360256,-0.9996001599360256,-0.9996001599360256,0.9996001599360256]","[0.03125,-0.03125,-0.03125,0.03125]","[0.03125,-0.03125,-0.03125,0.03125]",3.9984006397441023,0.125,0.125
DSR_Simple_training,think,video,11,MIXED_HIGH,"[9.125,0.0,0.0,8.0]","[1.1265093998767506,-0.9956889534394505,-0.9956889534394505,0.8648685070021505]","[0.60546875,-0.53515625,-0.53515625,0.46484375]","[0.60546875,-0.53515625,-0.53515625,0.46484375]",3.982755813757802,2.140625,2.140625
DSR_Simple_training,think,prod,3,ALL_ZERO,"[0.0,0.0,0.0,0.0]","[0.0,0.0,0.0,0.0]","[0.0,0.0,0.0,0.0]","[0.0,0.0,0.0,0.0]",0.0,0.0,0.0
DSR_Simple_training,think,prod,2,A_ONLY,"[0.0,0.0,0.0,0.5]","[-0.577083725634154,-0.577083725634154,-0.577083725634154,1.7312511769024619]","[-0.015625,-0.015625,-0.015625,0.046875]","[-0.015625,-0.015625,-0.015625,0.046875]",3.4625023538049238,0.09375,0.09375
DSR_Simple_training,think,prod,2,A_ONLY,"[0.5,0.0,0.0,0.5]","[0.9996001599360256,-0.9996001599360256,-0.9996001599360256,0.9996001599360256]","[0.03125,-0.03125,-0.03125,0.03125]","[0.03125,-0.03125,-0.03125,0.03125]",3.9984006397441023,0.125,0.125
DSR_Simple_training,think,prod,2,A_ONLY,"[0.5,0.5,0.5,0.5]","[0.0,0.0,0.0,0.0]","[0.0,0.0,0.0,0.0]","[0.0,0.0,0.0,0.0]",0.0,0.0,0.0
DSR_Simple_training,think,living,2,MIXED_HIGH,"[9.0,9.0,9.0,2.25]","[0.577330516779002,0.577330516779002,0.577330516779002,-1.7319915503370062]","[0.2109375,0.2109375,0.2109375,-0.6328125]","[0.2109375,0.2109375,0.2109375,-0.6328125]",3.463983100674012,1.265625,1.265625
DSR_Simple_training,think,ad,2,A_ONLY,"[0.5,0.5,0.5,0.5]","[0.0,0.0,0.0,0.0]","[0.0,0.0,0.0,0.0]","[0.0,0.0,0.0,0.0]",0.0,0.0,0.0
DSR_Simple_training,think,prod,2,A_ONLY,"[0.5,0.5,0.5,0.5]","[0.0,0.0,0.0,0.0]","[0.0,0.0,0.0,0.0]","[0.0,0.0,0.0,0.0]",0.0,0.0,0.0
DSR_Simple_training,think,video,12,OTHER,"[2.375,2.25,2.25,2.25]","[1.7288567087331097,-0.5762855695777033,-0.5762855695777033,-0.5762855695777033]","[0.01171875,-0.00390625,-0.00390625,-0.00390625]","[0.01171875,-0.00390625,-0.00390625,-0.00390625]",3.4577134174662194,0.0234375,0.0234375
DSR_Simple_training,think,ad,2,OTHER,"[2.25,2.25,2.25,2.25]","[0.0,0.0,0.0,0.0]","[0.0,0.0,0.0,0.0]","[0.0,0.0,0.0,0.0]",0.0,0.0,0.0
DSR_Simple_training,think,video,20,MIXED_HIGH,"[12.1875,12.1875,8.25,12.125]","[0.5895328409406453,0.5895328409406453,-1.7317527202631455,0.552687038381855]","[0.5234375,0.5234375,0.03125,0.515625]","[0.125,0.125,0.0,0.1171875]",3.4635054405262906,1.59375,0.3671875
DSR_Simple_training,think,video,13,MIXED_HIGH,"[9.125,9.125,9.125,9.125]","[0.0,0.0,0.0,0.0]","[0.140625,0.140625,0.140625,0.140625]","[0.0,0.0,0.0,0.0]",0.0,0.5625,0.0
DSR_Simple_training,think,living,3,MIXED_HIGH,"[8.25,8.25,8.0,8.25]","[0.5768174280738311,0.5768174280738311,-1.730452284221493,0.5768174280738311]","[0.03125,0.03125,0.0,0.03125]","[0.0078125,0.0078125,0.0,0.0078125]",3.4609045684429867,0.09375,0.0234375
DSR_Simple_training,think,ad,2,A_ONLY,"[0.0,0.0,0.0,0.5]","[-0.577083725634154,-0.577083725634154,-0.577083725634154,1.7312511769024619]","[-0.015625,-0.015625,-0.015625,0.046875]","[-0.015625,-0.015625,-0.015625,0.046875]",3.4625023538049238,0.09375,0.09375
DSR_Simple_training,think,video,14,OTHER,"[0.0,2.375,2.375,2.375]","[-1.7318824028915698,0.5772941342971899,0.5772941342971899,0.5772941342971899]","[-0.22265625,0.07421875,0.07421875,0.07421875]","[-0.22265625,0.07421875,0.07421875,0.07421875]",3.4637648057831396,0.4453125,0.4453125
DSR_Simple_training,think,ad,2,SINGLE_EXACT,"[2.0,2.0,2.0,8.0]","[-0.5773280478227043,-0.5773280478227043,-0.5773280478227043,1.731984143468113]","[-0.1875,-0.1875,-0.1875,0.5625]","[-0.1875,-0.1875,-0.1875,0.5625]",3.463968286936226,1.125,1.125
DSR_Simple_training,think,video,20,OTHER,"[2.46875,2.484375,0.96875,2.46875]","[0.5692446626141702,0.5932128589347668,-1.7317021841631073,0.5692446626141702]","[0.04638671875,0.04833984375,-0.14111328125,0.04638671875]","[0.04638671875,0.04833984375,-0.14111328125,0.04638671875]",3.4634043683262146,0.2822265625,0.2822265625
DSR_Simple_training,think,prod,3,MIXED_HIGH,"[0.0,0.0,0.0,9.0]","[-0.5773354547549495,-0.5773354547549495,-0.5773354547549495,1.7320063642648484]","[-0.28125,-0.28125,-0.28125,0.84375]","[-0.28125,-0.28125,-0.28125,0.84375]",3.4640127285296973,1.6875,1.6875
DSR_Simple_training,think,ad,2,A_ONLY,"[0.0,0.5,0.0,0.0]","[-0.577083725634154,1.7312511769024619,-0.577083725634154,-0.577083725634154]","[-0.015625,0.046875,-0.015625,-0.015625]","[-0.015625,0.046875,-0.015625,-0.015625]",3.462502353804924,0.09375,0.09375
DSR_Simple_training,think,ad,3,AB_SIGNAL,"[2.0,2.0,2.0,2.0]","[0.0,0.0,0.0,0.0]","[0.0,0.0,0.0,0.0]","[0.0,0.0,0.0,0.0]",0.0,0.0,0.0
DSR_Simple_training,think,living,2,AB_SIGNAL,"[2.0,0.0,0.0,2.0]","[0.9999000099990001,-0.9999000099990001,-0.9999000099990001,0.9999000099990001]","[0.125,-0.125,-0.125,0.125]","[0.125,-0.125,-0.125,0.125]",3.9996000399960003,0.5,0.5
DSR_Simple_training,think,ad,2,AB_SIGNAL,"[0.0,2.0,2.0,2.0]","[-1.7318508306602218,0.5772836102200739,0.5772836102200739,0.5772836102200739]","[-0.1875,0.0625,0.0625,0.0625]","[-0.1875,0.0625,0.0625,0.0625]",3.4637016613204437,0.375,0.375
DSR_Simple_training,think,video,14,MIXED_HIGH,"[8.25,8.375,8.25,12.1875]","[-0.6017388141238947,-0.5276786523855693,-0.6017388141238947,1.731156280633359]","[0.03125,0.046875,0.03125,0.5234375]","[0.0,0.0,0.0,0.365234375]",3.4623125612667174,0.6328125,0.365234375
DSR_Simple_training,think,video,20,OTHER,"[0.0,0.875,0.9375,2.4375]","[-1.2126014309168185,-0.21398848780885033,-0.14265899187256686,1.5692489105982357]","[-0.1328125,-0.0234375,-0.015625,0.171875]","[-0.1328125,-0.0234375,-0.015625,0.171875]",3.1384978211964714,0.34375,0.34375
DSR_Simple_training,think,prod,2,A_ONLY,"[0.5,0.5,0.5,0.5]","[0.0,0.0,0.0,0.0]","[0.0,0.0,0.0,0.0]","[0.0,0.0,0.0,0.0]",0.0,0.0,0.0
DSR_Simple_training,think,prod,4,ALL_ZERO,"[0.0,0.0,0.0,0.0]","[0.0,0.0,0.0,0.0]","[0.0,0.0,0.0,0.0]","[0.0,0.0,0.0,0.0]",0.0,0.0,0.0
DSR_Simple_training,think,prod,2,ALL_ZERO,"[0.0,0.0,0.0,0.0]","[0.0,0.0,0.0,0.0]","[0.0,0.0,0.0,0.0]","[0.0,0.0,0.0,0.0]",0.0,0.0,0.0
DSR_Simple_training,think,prod,2,ALL_ZERO,"[0.0,0.0,0.0,0.0]","[0.0,0.0,0.0,0.0]","[0.0,0.0,0.0,0.0]","[0.0,0.0,0.0,0.0]",0.0,0.0,0.0
DSR_Simple_training,think,living,2,ALL_ZERO,"[0.0,0.0,0.0,0.0]","[0.0,0.0,0.0,0.0]","[0.0,0.0,0.0,0.0]","[0.0,0.0,0.0,0.0]",0.0,0.0,0.0
DSR_Simple_training,think,living,2,A_ONLY,"[0.5,0.5,0.5,0.5]","[0.0,0.0,0.0,0.0]","[0.0,0.0,0.0,0.0]","[0.0,0.0,0.0,0.0]",0.0,0.0,0.0
DSR_Simple_training,think,prod,3,ALL_ZERO,"[0.0,0.0,0.0,0.0]","[0.0,0.0,0.0,0.0]","[0.0,0.0,0.0,0.0]","[0.0,0.0,0.0,0.0]",0.0,0.0,0.0
DSR_Simple_training,think,prod,8,MIXED_HIGH,"[0.0,15.03125,15.140625,8.375]","[-1.5538184502834693,0.8698108146905031,0.8874463706726422,-0.20343873507967597]","[-1.0,0.87890625,0.892578125,0.046875]","[-1.20458984375,0.67431640625,0.68798828125,0.0]",3.5145143707262907,2.818359375,2.56689453125
DSR_Simple_training,think,prod,3,ALL_ZERO,"[0.0,0.0,0.0,0.0]","[0.0,0.0,0.0,0.0]","[0.0,0.0,0.0,0.0]","[0.0,0.0,0.0,0.0]",0.0,0.0,0.0
DSR_Simple_training,think,prod,2,A_ONLY,"[0.0,0.0,0.0,0.5]","[-0.577083725634154,-0.577083725634154,-0.577083725634154,1.7312511769024619]","[-0.015625,-0.015625,-0.015625,0.046875]","[-0.015625,-0.015625,-0.015625,0.046875]",3.4625023538049238,0.09375,0.09375
DSR_Simple_training,think,video,12,MIXED_HIGH,"[9.125,12.125,12.125,12.125]","[-1.7319174844987586,0.5773058281662529,0.5773058281662529,0.5773058281662529]","[0.140625,0.515625,0.515625,0.515625]","[0.0,0.09375,0.09375,0.09375]",3.463834968997517,1.6875,0.28125
DSR_Simple_training,think,ad,2,EXACT_SATURATED,"[8.0,8.0,8.0,8.0]","[0.0,0.0,0.0,0.0]","[0.0,0.0,0.0,0.0]","[0.0,0.0,0.0,0.0]",0.0,0.0,0.0
DSR_Simple_training,think,video,12,A_ONLY,"[2.25,2.25,0.5,2.25]","[0.5772740887666439,0.5772740887666439,-1.7318222662999319,0.5772740887666439]","[0.0546875,0.0546875,-0.1640625,0.0546875]","[0.0546875,0.0546875,-0.1640625,0.0546875]",3.4636445325998633,0.328125,0.328125
DSR_Simple_training,think,living,2,A_ONLY,"[0.5,2.25,0.5,0.0]","[-0.3655934363198177,1.6817298070711615,-0.3655934363198177,-0.950542934431526]","[-0.0390625,0.1796875,-0.0390625,-0.1015625]","[-0.0390625,0.1796875,-0.0390625,-0.1015625]",3.363459614142323,0.359375,0.359375
DSR_Simple_training,think,ad,3,EXACT_SATURATED,"[8.0,8.0,8.0,8.0]","[0.0,0.0,0.0,0.0]","[0.0,0.0,0.0,0.0]","[0.0,0.0,0.0,0.0]",0.0,0.0,0.0
DSR_Simple_training,think,ad,2,A_ONLY,"[0.5,0.75,0.75,0.5]","[-0.9992006394884093,0.9992006394884093,0.9992006394884093,-0.9992006394884093]","[-0.015625,0.015625,0.015625,-0.015625]","[-0.015625,0.015625,0.015625,-0.015625]",3.9968025579536373,0.0625,0.0625
DSR_Simple_training,think,video,15,MIXED_HIGH,"[9.0,14.25,2.25,14.25]","[-0.1902051051640887,0.874943483754808,-1.5596818623455273,0.874943483754808]","[0.125,0.78125,-0.71875,0.78125]","[0.0,0.5390625,-0.9609375,0.5390625]",3.499773935019232,2.40625,2.0390625
DSR_Simple_training,think,prod,2,MIXED_HIGH,"[9.0,9.0,9.0,9.0]","[0.0,0.0,0.0,0.0]","[0.125,0.125,0.125,0.125]","[0.0,0.0,0.0,0.0]",0.0,0.5,0.0
DSR_Simple_training,think,ad,3,MIXED_HIGH,"[0.5,0.5,8.375,8.25]","[-0.9999104100749426,-0.9999104100749426,1.0159089766361418,0.9839118435137436]","[-0.48828125,-0.48828125,0.49609375,0.48046875]","[-0.48828125,-0.48828125,0.49609375,0.48046875]",3.9996416402997705,1.953125,1.953125
DSR_Simple_training,think,prod,2,ALL_ZERO,"[0.0,0.0,0.0,0.0]","[0.0,0.0,0.0,0.0]","[0.0,0.0,0.0,0.0]","[0.0,0.0,0.0,0.0]",0.0,0.0,0.0
DSR_Simple_training,think,prod,2,A_ONLY,"[0.0,0.0,0.5,0.0]","[-0.577083725634154,-0.577083725634154,1.7312511769024619,-0.577083725634154]","[-0.015625,-0.015625,0.046875,-0.015625]","[-0.015625,-0.015625,0.046875,-0.015625]",3.462502353804924,0.09375,0.09375
DSR_Simple_training,think,living,2,OTHER,"[0.75,0.75,0.75,0.75]","[0.0,0.0,0.0,0.0]","[0.0,0.0,0.0,0.0]","[0.0,0.0,0.0,0.0]",0.0,0.0,0.0
DSR_Simple_training,think,prod,2,A_ONLY,"[0.5,0.0,0.0,0.0]","[1.7312511769024619,-0.577083725634154,-0.577083725634154,-0.577083725634154]","[0.046875,-0.015625,-0.015625,-0.015625]","[0.046875,-0.015625,-0.015625,-0.015625]",3.462502353804924,0.09375,0.09375
DSR_Simple_training,think,prod,2,MIXED_HIGH,"[12.0,12.0,12.0,12.0]","[0.0,0.0,0.0,0.0]","[0.5,0.5,0.5,0.5]","[0.0,0.0,0.0,0.0]",0.0,2.0,0.0
DSR_Simple_training,think,ad,2,EXACT_SATURATED,"[8.0,8.0,8.0,8.0]","[0.0,0.0,0.0,0.0]","[0.0,0.0,0.0,0.0]","[0.0,0.0,0.0,0.0]",0.0,0.0,0.0
DSR_Simple_training,think,ad,2,MULTI_EXACT,"[8.0,8.0,8.25,12.0]","[-0.62531830453198,-0.62531830453198,-0.4781845858185729,1.728821194882533]","[0.0,0.0,0.03125,0.5]","[0.0,0.0,0.0,0.3671875]",3.457642389765066,0.53125,0.3671875
DSR_Simple_training,think,ad,2,AB_SIGNAL,"[2.0,2.25,2.0,0.0]","[0.4818467988524429,0.7571878267681246,0.4818467988524429,-1.7208814244730104]","[0.0546875,0.0859375,0.0546875,-0.1953125]","[0.0546875,0.0859375,0.0546875,-0.1953125]",3.441762848946021,0.390625,0.390625
DSR_Simple_training,think,video,20,OTHER,"[0.875,0.875,0.9375,0.75]","[0.2290793856122267,0.2290793856122267,1.1453969280611336,-1.603555699285587]","[0.001953125,0.001953125,0.009765625,-0.013671875]","[0.001953125,0.001953125,0.009765625,-0.013671875]",3.207111398571174,0.02734375,0.02734375
DSR_Simple_training,think,video,14,A_ONLY,"[0.75,0.75,0.0,0.5]","[0.816230001325593,0.816230001325593,-1.632460002651186,0.0]","[0.03125,0.03125,-0.0625,0.0]","[0.03125,0.03125,-0.0625,0.0]",3.264920005302372,0.125,0.125
DSR_Simple_training,think,video,19,MIXED_HIGH,"[8.25,8.25,12.59375,8.25]","[-0.57731957537785,-0.57731957537785,1.7319587261335498,-0.57731957537785]","[0.03125,0.03125,0.57421875,0.03125]","[0.0,0.0,0.4072265625,0.0]",3.4639174522670997,0.66796875,0.4072265625
DSR_Simple_training,think,prod,2,ALL_ZERO,"[0.0,0.0,0.0,0.0]","[0.0,0.0,0.0,0.0]","[0.0,0.0,0.0,0.0]","[0.0,0.0,0.0,0.0]",0.0,0.0,0.0
DSR_Simple_training,think,video,20,A_ONLY,"[0.5,0.5,0.5,2.25]","[-0.5772740887666439,-0.5772740887666439,-0.5772740887666439,1.7318222662999319]","[-0.0546875,-0.0546875,-0.0546875,0.1640625]","[-0.0546875,-0.0546875,-0.0546875,0.1640625]",3.4636445325998633,0.328125,0.328125
DSR_Simple_training,think,video,16,MIXED_HIGH,"[12.5,12.5,12.5625,12.125]","[0.45057480477716333,0.45057480477716333,0.811034648598894,-1.7121842581532207]","[0.5625,0.5625,0.5703125,0.515625]","[0.009765625,0.009765625,0.017578125,0.0]",3.4243685163064415,2.2109375,0.037109375
DSR_Simple_training,think,video,16,OTHER,"[3.75,3.875,3.75,3.5]","[0.22924743637023273,1.1462371818511636,0.22924743637023273,-1.604732054591629]","[0.00390625,0.01953125,0.00390625,-0.02734375]","[0.00390625,0.01953125,0.00390625,-0.02734375]",3.2094641091832585,0.0546875,0.0546875
DSR_Simple_training,think,prod,4,A_ONLY,"[0.5,0.0,0.0,0.5]","[0.9996001599360256,-0.9996001599360256,-0.9996001599360256,0.9996001599360256]","[0.03125,-0.03125,-0.03125,0.03125]","[0.03125,-0.03125,-0.03125,0.03125]",3.9984006397441023,0.125,0.125
DSR_Simple_training,think,prod,4,A_ONLY,"[0.875,0.875,0.5,0.875]","[0.5769949324647409,0.5769949324647409,-1.7309847973942227,0.5769949324647409]","[0.01171875,0.01171875,-0.03515625,0.01171875]","[0.01171875,0.01171875,-0.03515625,0.01171875]",3.4619695947884455,0.0703125,0.0703125
DSR_Simple_training,think,living,2,ALL_ZERO,"[0.0,0.0,0.0,0.0]","[0.0,0.0,0.0,0.0]","[0.0,0.0,0.0,0.0]","[0.0,0.0,0.0,0.0]",0.0,0.0,0.0
DSR_Simple_training,think,video,15,A_ONLY,"[0.5,0.875,0.75,0.5]","[-0.9616582207745682,1.3463215090843954,0.5769949324647409,-0.9616582207745682]","[-0.01953125,0.02734375,0.01171875,-0.01953125]","[-0.01953125,0.02734375,0.01171875,-0.01953125]",3.846632883098273,0.078125,0.078125
DSR_Simple_training,think,prod,2,A_ONLY,"[0.0,0.0,0.0,0.5]","[-0.577083725634154,-0.577083725634154,-0.577083725634154,1.7312511769024619]","[-0.015625,-0.015625,-0.015625,0.046875]","[-0.015625,-0.015625,-0.015625,0.046875]",3.4625023538049238,0.09375,0.09375
DSR_Simple_training,think,prod,2,MULTI_EXACT,"[8.0,8.0,0.0,0.0]","[0.9999750006249845,0.9999750006249845,-0.9999750006249845,-0.9999750006249845]","[0.5,0.5,-0.5,-0.5]","[0.5,0.5,-0.5,-0.5]",3.999900002499938,2.0,2.0
DSR_Simple_training,think,ad,2,AB_SIGNAL,"[0.5,0.5,0.5,2.0]","[-0.5772613939839699,-0.5772613939839699,-0.5772613939839699,1.7317841819519098]","[-0.046875,-0.046875,-0.046875,0.140625]","[-0.046875,-0.046875,-0.046875,0.140625]",3.4635683639038195,0.28125,0.28125
DSR_Simple_training,think,ad,5,MULTI_EXACT,"[8.0,8.0,12.0,8.0]","[-0.5773169377806823,-0.5773169377806823,1.7319508133420467,-0.5773169377806823]","[0.0,0.0,0.5,0.0]","[0.0,0.0,0.375,0.0]",3.4639016266840934,0.5,0.375
DSR_Simple_training,think,video,11,OTHER,"[0.75,0.875,0.0,0.0]","[0.8409852265995962,1.1467980362721766,-0.9938916314358864,-0.9938916314358864]","[0.04296875,0.05859375,-0.05078125,-0.05078125]","[0.04296875,0.05859375,-0.05078125,-0.05078125]",3.9755665257435453,0.203125,0.203125
DSR_Simple_training,think,prod,2,MIXED_HIGH,"[8.25,8.25,8.25,0.5]","[0.5773330654012014,0.5773330654012014,0.5773330654012014,-1.7319991962036043]","[0.2421875,0.2421875,0.2421875,-0.7265625]","[0.2421875,0.2421875,0.2421875,-0.7265625]",3.4639983924072086,1.453125,1.453125
DSR_Simple_training,think,prod,2,SINGLE_EXACT,"[0.5,8.0,0.0,0.0]","[-0.47819865764792957,1.7288720699578992,-0.6253367061549848,-0.6253367061549848]","[-0.203125,0.734375,-0.265625,-0.265625]","[-0.203125,0.734375,-0.265625,-0.265625]",3.457744139915799,1.46875,1.46875
DSR_Simple_training,think,video,11,MIXED_HIGH,"[9.0,0.0,0.5,0.5]","[1.7294482571433951,-0.6651724065936135,-0.5321379252748908,-0.5321379252748908]","[0.8125,-0.3125,-0.25,-0.25]","[0.8125,-0.3125,-0.25,-0.25]",3.4588965142867902,1.625,1.625
DSR_Simple_training,think,ad,2,A_ONLY,"[0.5,0.5,0.5,0.5]","[0.0,0.0,0.0,0.0]","[0.0,0.0,0.0,0.0]","[0.0,0.0,0.0,0.0]",0.0,0.0,0.0
DSR_Simple_training,think,prod,2,A_ONLY,"[0.5,0.0,0.0,0.0]","[1.7312511769024619,-0.577083725634154,-0.577083725634154,-0.577083725634154]","[0.046875,-0.015625,-0.015625,-0.015625]","[0.046875,-0.015625,-0.015625,-0.015625]",3.462502353804924,0.09375,0.09375
DSR_Simple_training,think,prod,3,MIXED_HIGH,"[12.125,8.25,8.25,8.25]","[1.7319475879140536,-0.5773158626380179,-0.5773158626380179,-0.5773158626380179]","[0.515625,0.03125,0.03125,0.03125]","[0.36328125,0.0,0.0,0.0]",3.4638951758281076,0.609375,0.36328125
DSR_Simple_training,think,living,4,MIXED_HIGH,"[9.5625,3.5625,9.5625,3.5625]","[0.9999666677777407,-0.9999666677777407,0.9999666677777407,-0.9999666677777407]","[0.375,-0.375,0.375,-0.375]","[0.375,-0.375,0.375,-0.375]",3.9998666711109627,1.5,1.5
DSR_Simple_training,think,video,20,A_ONLY,"[0.9375,0.875,0.5,0.875]","[0.811034648598894,0.45057480477716333,-1.7121842581532207,0.45057480477716333]","[0.017578125,0.009765625,-0.037109375,0.009765625]","[0.017578125,0.009765625,-0.037109375,0.009765625]",3.424368516306441,0.07421875,0.07421875
DSR_Simple_training,think,prod,2,A_ONLY,"[0.5,0.0,0.0,0.5]","[0.9996001599360256,-0.9996001599360256,-0.9996001599360256,0.9996001599360256]","[0.03125,-0.03125,-0.03125,0.03125]","[0.03125,-0.03125,-0.03125,0.03125]",3.9984006397441023,0.125,0.125
DSR_Simple_training,think,ad,3,MIXED_HIGH,"[8.0,8.25,0.0,8.25]","[0.5299839591532296,0.6006484870403268,-1.7312809332338832,0.6006484870403268]","[0.234375,0.265625,-0.765625,0.265625]","[0.234375,0.265625,-0.765625,0.265625]",3.4625618664677664,1.53125,1.53125
DSR_Simple_training,think,ad,2,A_ONLY,"[0.5,0.0,0.5,0.5]","[0.577083725634154,-1.7312511769024619,0.577083725634154,0.577083725634154]","[0.015625,-0.046875,0.015625,0.015625]","[0.015625,-0.046875,0.015625,0.015625]",3.462502353804924,0.09375,0.09375
DSR_Simple_training,think,video,20,MIXED_HIGH,"[9.2421875,9.2421875,9.234375,0.96875]","[0.5780610406028521,0.5780610406028521,0.5758796781854829,-1.7320017593911872]","[0.2587890625,0.2587890625,0.2578125,-0.775390625]","[0.2587890625,0.2587890625,0.2578125,-0.775390625]",3.4640035187823743,1.55078125,1.55078125
DSR_Simple_training,think,ad,3,MIXED_HIGH,"[8.25,12.125,8.25,8.25]","[-0.5773158626380179,1.7319475879140536,-0.5773158626380179,-0.5773158626380179]","[0.03125,0.515625,0.03125,0.03125]","[0.0,0.36328125,0.0,0.0]",3.4638951758281076,0.609375,0.36328125
DSR_Simple_training,think,living,7,MIXED_HIGH,"[14.0625,14.0,14.0625,14.0625]","[0.5752247895920863,-1.725674368776259,0.5752247895920863,0.5752247895920863]","[0.7578125,0.75,0.7578125,0.7578125]","[0.001953125,0.0,0.001953125,0.001953125]",3.451348737552518,3.0234375,0.005859375
DSR_Simple_training,think,prod,2,MULTI_EXACT,"[0.5,8.0,0.5,8.0]","[-0.9999733340444255,0.9999733340444255,-0.9999733340444255,0.9999733340444255]","[-0.46875,0.46875,-0.46875,0.46875]","[-0.46875,0.46875,-0.46875,0.46875]",3.999893336177702,1.875,1.875
DSR_Simple_training,think,ad,2,MULTI_EXACT,"[8.0,0.5,8.0,8.0]","[0.5773324919592446,-1.731997475877734,0.5773324919592446,0.5773324919592446]","[0.234375,-0.703125,0.234375,0.234375]","[0.234375,-0.703125,0.234375,0.234375]",3.463994951755468,1.40625,1.40625
DSR_Simple_training,think,video,15,A_ONLY,"[0.0,0.5,0.75,0.0]","[-0.9619542435605934,0.577172546136356,1.3467359409848307,-0.9619542435605934]","[-0.0390625,0.0234375,0.0546875,-0.0390625]","[-0.0390625,0.0234375,0.0546875,-0.0390625]",3.847816974242374,0.15625,0.15625
DSR_Simple_training,think,video,19,MIXED_HIGH,"[9.1875,3.125,9.5625,9.125]","[0.5372663147904968,-1.728595969325946,0.6774227447358437,0.5139069097996056]","[0.1796875,-0.578125,0.2265625,0.171875]","[0.1796875,-0.578125,0.2265625,0.171875]",3.457191938651892,1.15625,1.15625
DSR_Simple_training,think,video,20,MIXED_HIGH,"[8.375,8.375,8.4375,8.375]","[-0.5752247895920863,-0.5752247895920863,1.725674368776259,-0.5752247895920863]","[0.046875,0.046875,0.0546875,0.046875]","[0.0,0.0,0.005859375,0.0]",3.451348737552518,0.1953125,0.005859375
DSR_Simple_training,think,ad,3,MIXED_HIGH,"[0.75,0.5,12.0,0.75]","[-0.5602368175523434,-0.6111674373298291,1.731641072434516,-0.5602368175523434]","[-0.34375,-0.375,1.0625,-0.34375]","[-0.34375,-0.375,1.0625,-0.34375]",3.463282144869032,2.125,2.125
DSR_Simple_training,think,ad,2,MULTI_EXACT,"[8.0,8.25,8.0,8.25]","[-0.9992006394884093,0.9992006394884093,-0.9992006394884093,0.9992006394884093]","[0.0,0.03125,0.0,0.03125]","[0.0,0.015625,0.0,0.015625]",3.9968025579536373,0.0625,0.03125
DSR_Simple_training,think,living,5,MIXED_HIGH,"[0.0,9.0,9.0,3.0]","[-1.347116061094882,0.9622257579249158,0.9622257579249158,-0.5773354547549495]","[-0.65625,0.46875,0.46875,-0.28125]","[-0.65625,0.46875,0.46875,-0.28125]",3.848903031699663,1.875,1.875
DSR_Simple_training,think,video,11,OTHER,"[0.875,2.25,2.375,2.25]","[-1.7258081139031192,0.5075906217362115,0.7106268704306962,0.5075906217362115]","[-0.1328125,0.0390625,0.0546875,0.0390625]","[-0.1328125,0.0390625,0.0546875,0.0390625]",3.4516162278062383,0.265625,0.265625
DSR_Simple_training,think,video,13,A_ONLY,"[0.5,0.75,0.875,0.875]","[-1.6319271914777207,0.0,0.8159635957388603,0.8159635957388603]","[-0.03125,0.0,0.015625,0.015625]","[-0.03125,0.0,0.015625,0.015625]",3.2638543829554414,0.0625,0.0625
DSR_Simple_training,think,ad,2,MIXED_HIGH,"[12.0,12.0,12.0,12.0]","[0.0,0.0,0.0,0.0]","[0.5,0.5,0.5,0.5]","[0.0,0.0,0.0,0.0]",0.0,2.0,0.0
DSR_Simple_training,think,prod,3,ALL_ZERO,"[0.0,0.0,0.0,0.0]","[0.0,0.0,0.0,0.0]","[0.0,0.0,0.0,0.0]","[0.0,0.0,0.0,0.0]",0.0,0.0,0.0
DSR_Simple_training,think,prod,4,A_ONLY,"[0.0,0.0,0.0,0.5]","[-0.577083725634154,-0.577083725634154,-0.577083725634154,1.7312511769024619]","[-0.015625,-0.015625,-0.015625,0.046875]","[-0.015625,-0.015625,-0.015625,0.046875]",3.4625023538049238,0.09375,0.09375
DSR_Simple_training,think,video,18,MIXED_HIGH,"[8.25,8.0,9.125,8.25]","[-0.3655506705835593,-0.9504317435172541,1.6815330846843726,-0.3655506705835593]","[0.03125,0.0,0.140625,0.03125]","[0.0,0.0,0.08984375,0.0]",3.363066169368745,0.203125,0.08984375
DSR_Simple_training,think,video,20,OTHER,"[0.9921875,0.984375,0.9921875,0.96875]","[0.8080515083671468,0.0,0.8080515083671468,-1.6161030167342936]","[0.0009765625,0.0,0.0009765625,-0.001953125]","[0.0009765625,0.0,0.0009765625,-0.001953125]",3.232206033468587,0.00390625,0.00390625
DSR_Simple_training,think,prod,2,SINGLE_EXACT,"[0.5,0.5,8.0,0.5]","[-0.5773324919592446,-0.5773324919592446,1.731997475877734,-0.5773324919592446]","[-0.234375,-0.234375,0.703125,-0.234375]","[-0.234375,-0.234375,0.703125,-0.234375]",3.463994951755468,1.40625,1.40625
DSR_Simple_training,think,video,11,AB_SIGNAL,"[2.0,2.0,2.0,0.5]","[0.5772613939839699,0.5772613939839699,0.5772613939839699,-1.7317841819519098]","[0.046875,0.046875,0.046875,-0.140625]","[0.046875,0.046875,0.046875,-0.140625]",3.4635683639038195,0.28125,0.28125
DSR_Simple_training,think,prod,2,MULTI_EXACT,"[8.0,2.0,8.0,8.0]","[0.5773280478227043,-1.731984143468113,0.5773280478227043,0.5773280478227043]","[0.1875,-0.5625,0.1875,0.1875]","[0.1875,-0.5625,0.1875,0.1875]",3.4639682869362263,1.125,1.125
DSR_Simple_training,think,prod,2,A_ONLY,"[0.0,0.0,0.5,0.0]","[-0.577083725634154,-0.577083725634154,1.7312511769024619,-0.577083725634154]","[-0.015625,-0.015625,0.046875,-0.015625]","[-0.015625,-0.015625,0.046875,-0.015625]",3.462502353804924,0.09375,0.09375
DSR_Simple_training,think,video,17,MIXED_HIGH,"[8.375,8.25,0.5,9.125]","[0.5154645339929456,0.47991525578653554,-1.724139993010887,0.7287602032314059]","[0.2265625,0.2109375,-0.7578125,0.3203125]","[0.2265625,0.2109375,-0.7578125,0.3203125]",3.448279986021774,1.515625,1.515625
DSR_Simple_training,think,ad,2,ALL_ZERO,"[0.0,0.0,0.0,0.0]","[0.0,0.0,0.0,0.0]","[0.0,0.0,0.0,0.0]","[0.0,0.0,0.0,0.0]",0.0,0.0,0.0
DSR_Simple_training,think,prod,2,ALL_ZERO,"[0.0,0.0,0.0,0.0]","[0.0,0.0,0.0,0.0]","[0.0,0.0,0.0,0.0]","[0.0,0.0,0.0,0.0]",0.0,0.0,0.0
DSR_Simple_training,think,video,18,OTHER,"[0.875,0.875,0.875,0.875]","[0.0,0.0,0.0,0.0]","[0.0,0.0,0.0,0.0]","[0.0,0.0,0.0,0.0]",0.0,0.0,0.0
DSR_Simple_training,think,prod,2,A_ONLY,"[0.5,0.5,0.5,0.0]","[0.577083725634154,0.577083725634154,0.577083725634154,-1.7312511769024619]","[0.015625,0.015625,0.015625,-0.046875]","[0.015625,0.015625,0.015625,-0.046875]",3.4625023538049238,0.09375,0.09375
DSR_Simple_training,think,video,16,OTHER,"[0.0,0.0,2.375,0.875]","[-0.8373173161614632,-0.8373173161614632,1.610225608002814,0.06440902432011256]","[-0.1015625,-0.1015625,0.1953125,0.0078125]","[-0.1015625,-0.1015625,0.1953125,0.0078125]",3.349269264645853,0.40625,0.40625
DSR_Simple_training,think,prod,2,MULTI_EXACT,"[8.0,8.0,12.0,8.0]","[-0.5773169377806823,-0.5773169377806823,1.7319508133420467,-0.5773169377806823]","[0.0,0.0,0.5,0.0]","[0.0,0.0,0.375,0.0]",3.4639016266840934,0.5,0.375
DSR_Simple_training,think,ad,2,A_ONLY,"[0.0,0.0,0.5,0.0]","[-0.577083725634154,-0.577083725634154,1.7312511769024619,-0.577083725634154]","[-0.015625,-0.015625,0.046875,-0.015625]","[-0.015625,-0.015625,0.046875,-0.015625]",3.462502353804924,0.09375,0.09375
DSR_Simple_training,think,prod,2,A_ONLY,"[0.0,0.0,0.5,0.0]","[-0.577083725634154,-0.577083725634154,1.7312511769024619,-0.577083725634154]","[-0.015625,-0.015625,0.046875,-0.015625]","[-0.015625,-0.015625,0.046875,-0.015625]",3.462502353804924,0.09375,0.09375
DSR_Simple_training,think,prod,2,ALL_ZERO,"[0.0,0.0,0.0,0.0]","[0.0,0.0,0.0,0.0]","[0.0,0.0,0.0,0.0]","[0.0,0.0,0.0,0.0]",0.0,0.0,0.0
DSR_Simple_training,think,video,15,ALL_ZERO,"[0.0,0.0,0.0,0.0]","[0.0,0.0,0.0,0.0]","[0.0,0.0,0.0,0.0]","[0.0,0.0,0.0,0.0]",0.0,0.0,0.0
DSR_Simple_training,think,video,20,MIXED_HIGH,"[9.5625,9.125,9.0,9.1875]","[1.6390013342414826,-0.44700036388404074,-1.0430008490627618,-0.14900012129468024]","[0.1953125,0.140625,0.125,0.1484375]","[0.04296875,0.0,0.0,0.0]",3.278002668482965,0.609375,0.04296875
DSR_Simple_training,think,living,2,OTHER,"[0.75,0.75,0.75,0.75]","[0.0,0.0,0.0,0.0]","[0.0,0.0,0.0,0.0]","[0.0,0.0,0.0,0.0]",0.0,0.0,0.0
DSR_Simple_training,think,video,20,A_ONLY,"[0.0,0.0,0.5,0.5]","[-0.9996001599360256,-0.9996001599360256,0.9996001599360256,0.9996001599360256]","[-0.03125,-0.03125,0.03125,0.03125]","[-0.03125,-0.03125,0.03125,0.03125]",3.9984006397441023,0.125,0.125
DSR_Simple_training,think,video,20,OTHER,"[0.75,0.75,0.75,0.875]","[-0.5762855695777033,-0.5762855695777033,-0.5762855695777033,1.7288567087331097]","[-0.00390625,-0.00390625,-0.00390625,0.01171875]","[-0.00390625,-0.00390625,-0.00390625,0.01171875]",3.45771341746622,0.0234375,0.0234375
DSR_Simple_training,think,living,2,A_ONLY,"[0.5,0.0,0.0,0.0]","[1.7312511769024619,-0.577083725634154,-0.577083725634154,-0.577083725634154]","[0.046875,-0.015625,-0.015625,-0.015625]","[0.046875,-0.015625,-0.015625,-0.015625]",3.462502353804924,0.09375,0.09375
DSR_Simple_training,think,ad,2,MIXED_HIGH,"[8.25,8.25,8.25,8.25]","[0.0,0.0,0.0,0.0]","[0.03125,0.03125,0.03125,0.03125]","[0.0,0.0,0.0,0.0]",0.0,0.125,0.0
DSR_Simple_training,think,video,13,MIXED_HIGH,"[9.5,9.5,9.5,9.5625]","[-0.5752247895920863,-0.5752247895920863,-0.5752247895920863,1.725674368776259]","[0.1875,0.1875,0.1875,0.1953125]","[0.0,0.0,0.0,0.005859375]",3.451348737552518,0.7578125,0.005859375
DSR_Simple_training,think,prod,3,AB_SIGNAL,"[2.0,2.0,0.75,0.5]","[0.9916935293434067,0.9916935293434067,-0.8113856149173327,-1.1720014437694806]","[0.0859375,0.0859375,-0.0703125,-0.1015625]","[0.0859375,0.0859375,-0.0703125,-0.1015625]",3.966774117373627,0.34375,0.34375
DSR_Simple_training,think,prod,2,MULTI_EXACT,"[0.0,8.0,0.0,8.0]","[-0.9999750006249845,0.9999750006249845,-0.9999750006249845,0.9999750006249845]","[-0.5,0.5,-0.5,0.5]","[-0.5,0.5,-0.5,0.5]",3.999900002499938,2.0,2.0
DSR_Simple_training,think,video,19,OTHER,"[3.1875,2.4375,2.25,3.1875]","[0.9876470687613281,-0.7681699423699219,-1.2071241951527345,0.9876470687613281]","[0.052734375,-0.041015625,-0.064453125,0.052734375]","[0.052734375,-0.041015625,-0.064453125,0.052734375]",3.9505882750453125,0.2109375,0.2109375
DSR_Simple_training,think,ad,2,ALL_ZERO,"[0.0,0.0,0.0,0.0]","[0.0,0.0,0.0,0.0]","[0.0,0.0,0.0,0.0]","[0.0,0.0,0.0,0.0]",0.0,0.0,0.0
DSR_Simple_training,think,prod,2,A_ONLY,"[0.5,0.5,0.5,0.5]","[0.0,0.0,0.0,0.0]","[0.0,0.0,0.0,0.0]","[0.0,0.0,0.0,0.0]",0.0,0.0,0.0
DSR_Simple_training,think,ad,2,A_ONLY,"[0.5,0.5,0.5,0.5]","[0.0,0.0,0.0,0.0]","[0.0,0.0,0.0,0.0]","[0.0,0.0,0.0,0.0]",0.0,0.0,0.0
DSR_Simple_training,think,ad,2,ALL_ZERO,"[0.0,0.0,0.0,0.0]","[0.0,0.0,0.0,0.0]","[0.0,0.0,0.0,0.0]","[0.0,0.0,0.0,0.0]",0.0,0.0,0.0
DSR_Simple_training,think,ad,6,MIXED_HIGH,"[8.25,8.25,8.25,0.5]","[0.5773330654012014,0.5773330654012014,0.5773330654012014,-1.7319991962036043]","[0.2421875,0.2421875,0.2421875,-0.7265625]","[0.2421875,0.2421875,0.2421875,-0.7265625]",3.4639983924072086,1.453125,1.453125
DSR_Simple_training,think,ad,2,SINGLE_EXACT,"[0.5,0.5,8.0,0.5]","[-0.5773324919592446,-0.5773324919592446,1.731997475877734,-0.5773324919592446]","[-0.234375,-0.234375,0.703125,-0.234375]","[-0.234375,-0.234375,0.703125,-0.234375]",3.463994951755468,1.40625,1.40625
DSR_Simple_training,think,prod,4,A_ONLY,"[0.0,0.0,0.5,0.5]","[-0.9996001599360256,-0.9996001599360256,0.9996001599360256,0.9996001599360256]","[-0.03125,-0.03125,0.03125,0.03125]","[-0.03125,-0.03125,0.03125,0.03125]",3.9984006397441023,0.125,0.125
DSR_Simple_training,think,video,12,A_ONLY,"[0.5,0.5,0.5,0.5]","[0.0,0.0,0.0,0.0]","[0.0,0.0,0.0,0.0]","[0.0,0.0,0.0,0.0]",0.0,0.0,0.0
DSR_Simple_training,think,living,2,ALL_ZERO,"[0.0,0.0,0.0,0.0]","[0.0,0.0,0.0,0.0]","[0.0,0.0,0.0,0.0]","[0.0,0.0,0.0,0.0]",0.0,0.0,0.0
DSR_Simple_training,think,prod,2,AB_SIGNAL,"[2.0,0.5,0.5,2.0]","[0.9998666844420744,-0.9998666844420744,-0.9998666844420744,0.9998666844420744]","[0.09375,-0.09375,-0.09375,0.09375]","[0.09375,-0.09375,-0.09375,0.09375]",3.9994667377682975,0.375,0.375
DSR_Simple_training,think,video,15,OTHER,"[0.75,2.25,0.0,0.0]","[0.0,1.6328154034295606,-0.8164077017147803,-0.8164077017147803]","[0.0,0.1875,-0.09375,-0.09375]","[0.0,0.1875,-0.09375,-0.09375]",3.265630806859121,0.375,0.375
DSR_Simple_training,think,video,11,OTHER,"[2.25,0.875,0.875,0.875]","[1.731759947329819,-0.5772533157766064,-0.5772533157766064,-0.5772533157766064]","[0.12890625,-0.04296875,-0.04296875,-0.04296875]","[0.12890625,-0.04296875,-0.04296875,-0.04296875]",3.4635198946596386,0.2578125,0.2578125
DSR_Simple_training,think,video,20,AB_SIGNAL,"[2.0,2.0,2.0,2.375]","[-0.5769949324647409,-0.5769949324647409,-0.5769949324647409,1.7309847973942227]","[-0.01171875,-0.01171875,-0.01171875,0.03515625]","[-0.01171875,-0.01171875,-0.01171875,0.03515625]",3.461969594788445,0.0703125,0.0703125
DSR_Simple_training,think,prod,2,MULTI_EXACT,"[8.0,0.0,0.0,8.0]","[0.9999750006249845,-0.9999750006249845,-0.9999750006249845,0.9999750006249845]","[0.5,-0.5,-0.5,0.5]","[0.5,-0.5,-0.5,0.5]",3.999900002499938,2.0,2.0
DSR_Simple_training,think,video,14,ALL_ZERO,"[0.0,0.0,0.0,0.0]","[0.0,0.0,0.0,0.0]","[0.0,0.0,0.0,0.0]","[0.0,0.0,0.0,0.0]",0.0,0.0,0.0
DSR_Simple_training,think,video,11,MIXED_HIGH,"[9.21875,9.21875,9.21875,9.21875]","[0.0,0.0,0.0,0.0]","[0.15234375,0.15234375,0.15234375,0.15234375]","[0.0,0.0,0.0,0.0]",0.0,0.609375,0.0
DSR_Simple_training,think,video,17,MIXED_HIGH,"[9.1875,3.1875,9.1875,3.1875]","[0.9999666677777407,-0.9999666677777407,0.9999666677777407,-0.9999666677777407]","[0.375,-0.375,0.375,-0.375]","[0.375,-0.375,0.375,-0.375]",3.9998666711109627,1.5,1.5
DSR_Simple_training,think,ad,2,A_ONLY,"[0.5,0.0,0.0,0.0]","[1.7312511769024619,-0.577083725634154,-0.577083725634154,-0.577083725634154]","[0.046875,-0.015625,-0.015625,-0.015625]","[0.046875,-0.015625,-0.015625,-0.015625]",3.462502353804924,0.09375,0.09375
DSR_Simple_training,think,video,13,OTHER,"[3.5,3.5625,3.5,3.5]","[-0.5752247895920863,1.725674368776259,-0.5752247895920863,-0.5752247895920863]","[-0.001953125,0.005859375,-0.001953125,-0.001953125]","[-0.001953125,0.005859375,-0.001953125,-0.001953125]",3.451348737552518,0.01171875,0.01171875
DSR_Simple_training,think,ad,2,ALL_ZERO,"[0.0,0.0,0.0,0.0]","[0.0,0.0,0.0,0.0]","[0.0,0.0,0.0,0.0]","[0.0,0.0,0.0,0.0]",0.0,0.0,0.0
DSR_Simple_training,think,prod,2,ALL_ZERO,"[0.0,0.0,0.0,0.0]","[0.0,0.0,0.0,0.0]","[0.0,0.0,0.0,0.0]","[0.0,0.0,0.0,0.0]",0.0,0.0,0.0
DSR_Simple_training,think,prod,3,MIXED_HIGH,"[8.25,8.25,8.25,8.25]","[0.0,0.0,0.0,0.0]","[0.03125,0.03125,0.03125,0.03125]","[0.0,0.0,0.0,0.0]",0.0,0.125,0.0
DSR_Simple_training,think,prod,2,OTHER,"[0.75,0.75,0.75,0.75]","[0.0,0.0,0.0,0.0]","[0.0,0.0,0.0,0.0]","[0.0,0.0,0.0,0.0]",0.0,0.0,0.0
DSR_Simple_training,think,ad,2,MIXED_HIGH,"[8.25,8.25,8.25,8.25]","[0.0,0.0,0.0,0.0]","[0.03125,0.03125,0.03125,0.03125]","[0.0,0.0,0.0,0.0]",0.0,0.125,0.0
DSR_Simple_training,think,video,14,A_ONLY,"[0.5,0.5,0.5,0.75]","[-0.5768174280738311,-0.5768174280738311,-0.5768174280738311,1.730452284221493]","[-0.0078125,-0.0078125,-0.0078125,0.0234375]","[-0.0078125,-0.0078125,-0.0078125,0.0234375]",3.460904568442986,0.046875,0.046875
DSR_Simple_training,think,living,2,A_ONLY,"[0.5,0.5,0.5,0.5]","[0.0,0.0,0.0,0.0]","[0.0,0.0,0.0,0.0]","[0.0,0.0,0.0,0.0]",0.0,0.0,0.0
DSR_Simple_training,think,video,20,MIXED_HIGH,"[14.28125,14.0,14.0,14.0]","[1.73062975220418,-0.5768765840680601,-0.5768765840680601,-0.5768765840680601]","[0.78515625,0.75,0.75,0.75]","[0.0263671875,0.0,0.0,0.0]",3.4612595044083605,3.03515625,0.0263671875
DSR_Simple_training,think,video,13,MIXED_HIGH,"[9.59375,9.75,3.1875,3.125]","[0.9758265032245981,1.0237786655452172,-0.9902121519207838,-1.0093930168490315]","[0.3974609375,0.4169921875,-0.4033203125,-0.4111328125]","[0.3974609375,0.4169921875,-0.4033203125,-0.4111328125]",3.9992103375396306,1.62890625,1.62890625
DSR_Simple_training,think,ad,4,A_ONLY,"[0.75,0.0,0.0,0.5]","[1.3467359409848307,-0.9619542435605934,-0.9619542435605934,0.577172546136356]","[0.0546875,-0.0390625,-0.0390625,0.0234375]","[0.0546875,-0.0390625,-0.0390625,0.0234375]",3.847816974242374,0.15625,0.15625
DSR_Simple_training,think,video,11,A_ONLY,"[0.0,0.5,0.5,0.75]","[-1.6053208797055876,0.22933155424365537,0.22933155424365537,1.1466577712182768]","[-0.0546875,0.0078125,0.0078125,0.0390625]","[-0.0546875,0.0078125,0.0078125,0.0390625]",3.2106417594111756,0.109375,0.109375
DSR_Simple_training,think,prod,2,A_ONLY,"[0.0,0.0,0.75,0.5]","[-0.9619542435605934,-0.9619542435605934,1.3467359409848307,0.577172546136356]","[-0.0390625,-0.0390625,0.0546875,0.0234375]","[-0.0390625,-0.0390625,0.0546875,0.0234375]",3.847816974242374,0.15625,0.15625
DSR_Simple_training,think,prod,2,SINGLE_EXACT,"[8.0,0.5,0.5,0.5]","[1.731997475877734,-0.5773324919592446,-0.5773324919592446,-0.5773324919592446]","[0.703125,-0.234375,-0.234375,-0.234375]","[0.703125,-0.234375,-0.234375,-0.234375]",3.463994951755468,1.40625,1.40625
DSR_Simple_training,think,prod,2,MIXED_HIGH,"[0.5,0.5,0.75,8.25]","[-0.6021498138302286,-0.6021498138302286,-0.52688108710145,1.7311807147619072]","[-0.25,-0.25,-0.21875,0.71875]","[-0.25,-0.25,-0.21875,0.71875]",3.4623614295238143,1.4375,1.4375
DSR_Simple_training,think,living,2,AB_SIGNAL,"[0.0,0.0,0.0,2.0]","[-0.5772836102200739,-0.5772836102200739,-0.5772836102200739,1.7318508306602218]","[-0.0625,-0.0625,-0.0625,0.1875]","[-0.0625,-0.0625,-0.0625,0.1875]",3.463701661320443,0.375,0.375
DSR_Simple_training,think,living,2,AB_SIGNAL,"[2.0,2.0,2.0,2.25]","[-0.5768174280738311,-0.5768174280738311,-0.5768174280738311,1.730452284221493]","[-0.0078125,-0.0078125,-0.0078125,0.0234375]","[-0.0078125,-0.0078125,-0.0078125,0.0234375]",3.460904568442986,0.046875,0.046875
DSR_Simple_training,think,video,17,OTHER,"[0.75,0.75,0.75,0.75]","[0.0,0.0,0.0,0.0]","[0.0,0.0,0.0,0.0]","[0.0,0.0,0.0,0.0]",0.0,0.0,0.0
DSR_Simple_training,think,living,2,A_ONLY,"[0.5,0.5,0.5,0.5]","[0.0,0.0,0.0,0.0]","[0.0,0.0,0.0,0.0]","[0.0,0.0,0.0,0.0]",0.0,0.0,0.0
DSR_Simple_training,think,ad,2,A_ONLY,"[0.0,0.5,0.75,0.5]","[-1.6053208797055876,0.22933155424365537,1.1466577712182768,0.22933155424365537]","[-0.0546875,0.0078125,0.0390625,0.0078125]","[-0.0546875,0.0078125,0.0390625,0.0078125]",3.2106417594111756,0.109375,0.109375
DSR_Simple_training,think,ad,2,A_ONLY,"[0.5,0.5,0.5,0.5]","[0.0,0.0,0.0,0.0]","[0.0,0.0,0.0,0.0]","[0.0,0.0,0.0,0.0]",0.0,0.0,0.0
DSR_Simple_training,think,video,12,SINGLE_EXACT,"[0.5,0.75,0.5,8.0]","[-0.6029754027101624,-0.5251721249411091,-0.6029754027101624,1.7311229303614337]","[-0.2421875,-0.2109375,-0.2421875,0.6953125]","[-0.2421875,-0.2109375,-0.2421875,0.6953125]",3.4622458607228674,1.390625,1.390625
DSR_Simple_training,think,video,14,MIXED_HIGH,"[0.9375,0.9375,0.9375,8.46875]","[-0.5773325657214242,-0.5773325657214242,-0.5773325657214242,1.7319976971642728]","[-0.2353515625,-0.2353515625,-0.2353515625,0.7060546875]","[-0.2353515625,-0.2353515625,-0.2353515625,0.7060546875]",3.4639953943285455,1.412109375,1.412109375
DSR_Simple_training,think,video,13,OTHER,"[2.375,2.375,0.75,2.375]","[0.5772682295667987,0.5772682295667987,-1.7318046887003962,0.5772682295667987]","[0.05078125,0.05078125,-0.15234375,0.05078125]","[0.05078125,0.05078125,-0.15234375,0.05078125]",3.4636093774007923,0.3046875,0.3046875
DSR_Simple_training,think,ad,2,AB_SIGNAL,"[0.0,2.0,2.0,2.0]","[-1.7318508306602218,0.5772836102200739,0.5772836102200739,0.5772836102200739]","[-0.1875,0.0625,0.0625,0.0625]","[-0.1875,0.0625,0.0625,0.0625]",3.4637016613204437,0.375,0.375
DSR_Simple_training,think,prod,2,ALL_ZERO,"[0.0,0.0,0.0,0.0]","[0.0,0.0,0.0,0.0]","[0.0,0.0,0.0,0.0]","[0.0,0.0,0.0,0.0]",0.0,0.0,0.0
DSR_Simple_training,think,video,13,OTHER,"[3.5625,3.5625,3.59375,3.5625]","[-0.5731149022381534,-0.5731149022381534,1.7193447067144603,-0.5731149022381534]","[-0.0009765625,-0.0009765625,0.0029296875,-0.0009765625]","[-0.0009765625,-0.0009765625,0.0029296875,-0.0009765625]",3.4386894134289205,0.005859375,0.005859375
DSR_Simple_training,think,video,11,A_ONLY,"[0.5,0.75,0.75,0.5]","[-0.9992006394884093,0.9992006394884093,0.9992006394884093,-0.9992006394884093]","[-0.015625,0.015625,0.015625,-0.015625]","[-0.015625,0.015625,0.015625,-0.015625]",3.9968025579536373,0.0625,0.0625
DSR_Simple_training,think,living,2,AB_SIGNAL,"[2.0,0.5,0.5,2.0]","[0.9998666844420744,-0.9998666844420744,-0.9998666844420744,0.9998666844420744]","[0.09375,-0.09375,-0.09375,0.09375]","[0.09375,-0.09375,-0.09375,0.09375]",3.9994667377682975,0.375,0.375
DSR_Simple_training,think,ad,3,MIXED_HIGH,"[0.0,0.5,8.25,8.25]","[-1.0614374097334442,-0.936562420353039,0.9989999150432417,0.9989999150432417]","[-0.53125,-0.46875,0.5,0.5]","[-0.53125,-0.46875,0.5,0.5]",3.9959996601729664,2.0,2.0
DSR_Simple_training,think,living,2,SINGLE_EXACT,"[2.0,2.0,2.0,8.0]","[-0.5773280478227043,-0.5773280478227043,-0.5773280478227043,1.731984143468113]","[-0.1875,-0.1875,-0.1875,0.5625]","[-0.1875,-0.1875,-0.1875,0.5625]",3.463968286936226,1.125,1.125
DSR_Simple_training,think,ad,2,ALL_ZERO,"[0.0,0.0,0.0,0.0]","[0.0,0.0,0.0,0.0]","[0.0,0.0,0.0,0.0]","[0.0,0.0,0.0,0.0]",0.0,0.0,0.0
DSR_Simple_training,think,prod,2,A_ONLY,"[0.0,0.0,0.5,0.0]","[-0.577083725634154,-0.577083725634154,1.7312511769024619,-0.577083725634154]","[-0.015625,-0.015625,0.046875,-0.015625]","[-0.015625,-0.015625,0.046875,-0.015625]",3.462502353804924,0.09375,0.09375
DSR_Simple_training,think,ad,2,ALL_ZERO,"[0.0,0.0,0.0,0.0]","[0.0,0.0,0.0,0.0]","[0.0,0.0,0.0,0.0]","[0.0,0.0,0.0,0.0]",0.0,0.0,0.0
DSR_Simple_training,think,video,20,MIXED_HIGH,"[14.390625,14.390625,14.390625,14.390625]","[0.0,0.0,0.0,0.0]","[0.798828125,0.798828125,0.798828125,0.798828125]","[0.0,0.0,0.0,0.0]",0.0,3.1953125,0.0
DSR_Simple_training,think,video,12,A_ONLY,"[0.5,0.5,0.0,0.0]","[0.9996001599360256,0.9996001599360256,-0.9996001599360256,-0.9996001599360256]","[0.03125,0.03125,-0.03125,-0.03125]","[0.03125,0.03125,-0.03125,-0.03125]",3.9984006397441023,0.125,0.125
DSR_Simple_training,think,video,14,MIXED_HIGH,"[8.25,0.0,8.25,0.75]","[0.9977148285792943,-1.092735288443989,0.9977148285792943,-0.9026943687145996]","[0.4921875,-0.5390625,0.4921875,-0.4453125]","[0.4921875,-0.5390625,0.4921875,-0.4453125]",3.990859314317177,1.96875,1.96875
DSR_Simple_training,think,video,16,AB_SIGNAL,"[2.0,2.0,2.0,0.875]","[0.5772317749956067,0.5772317749956067,0.5772317749956067,-1.73169532498682]","[0.03515625,0.03515625,0.03515625,-0.10546875]","[0.03515625,0.03515625,0.03515625,-0.10546875]",3.4633906499736407,0.2109375,0.2109375
DSR_Simple_training,think,prod,3,MULTI_EXACT,"[8.0,8.0,8.0,0.875]","[0.5773315563458661,0.5773315563458661,0.5773315563458661,-1.7319946690375982]","[0.22265625,0.22265625,0.22265625,-0.66796875]","[0.22265625,0.22265625,0.22265625,-0.66796875]",3.4639893380751965,1.3359375,1.3359375
DSR_Simple_training,think,prod,2,ALL_ZERO,"[0.0,0.0,0.0,0.0]","[0.0,0.0,0.0,0.0]","[0.0,0.0,0.0,0.0]","[0.0,0.0,0.0,0.0]",0.0,0.0,0.0
DSR_Simple_training,think,ad,2,A_ONLY,"[0.0,0.5,0.0,0.5]","[-0.9996001599360256,0.9996001599360256,-0.9996001599360256,0.9996001599360256]","[-0.03125,0.03125,-0.03125,0.03125]","[-0.03125,0.03125,-0.03125,0.03125]",3.9984006397441023,0.125,0.125
DSR_Simple_training,think,prod,2,MULTI_EXACT,"[8.0,8.0,0.0,0.0]","[0.9999750006249845,0.9999750006249845,-0.9999750006249845,-0.9999750006249845]","[0.5,0.5,-0.5,-0.5]","[0.5,0.5,-0.5,-0.5]",3.999900002499938,2.0,2.0
DSR_Simple_training,think,video,12,A_ONLY,"[0.5,0.0,0.5,0.0]","[0.9996001599360256,-0.9996001599360256,0.9996001599360256,-0.9996001599360256]","[0.03125,-0.03125,0.03125,-0.03125]","[0.03125,-0.03125,0.03125,-0.03125]",3.9984006397441023,0.125,0.125
DSR_Simple_training,think,prod,2,MIXED_HIGH,"[8.25,0.0,8.25,8.25]","[0.5773341080258594,-1.7320023240775781,0.5773341080258594,0.5773341080258594]","[0.2578125,-0.7734375,0.2578125,0.2578125]","[0.2578125,-0.7734375,0.2578125,0.2578125]",3.4640046481551563,1.546875,1.546875
DSR_Simple_training,think,prod,2,MULTI_EXACT,"[8.0,0.5,8.0,8.0]","[0.5773324919592446,-1.731997475877734,0.5773324919592446,0.5773324919592446]","[0.234375,-0.703125,0.234375,0.234375]","[0.234375,-0.703125,0.234375,0.234375]",3.463994951755468,1.40625,1.40625
DSR_Simple_training,think,living,2,A_ONLY,"[2.25,2.25,0.5,0.5]","[0.9998857273454462,0.9998857273454462,-0.9998857273454462,-0.9998857273454462]","[0.109375,0.109375,-0.109375,-0.109375]","[0.109375,0.109375,-0.109375,-0.109375]",3.999542909381785,0.4375,0.4375
DSR_Simple_training,think,living,2,OTHER,"[0.75,0.75,0.0,0.75]","[0.577172546136356,0.577172546136356,-1.7315176384090682,0.577172546136356]","[0.0234375,0.0234375,-0.0703125,0.0234375]","[0.0234375,0.0234375,-0.0703125,0.0234375]",3.4630352768181365,0.140625,0.140625
DSR_Simple_training,think,video,12,SINGLE_EXACT,"[0.0,0.5,8.0,2.0]","[-0.8230290861106109,-0.6662616411371612,1.6852500334645841,-0.19595930621681212]","[-0.328125,-0.265625,0.671875,-0.078125]","[-0.328125,-0.265625,0.671875,-0.078125]",3.3705000669291687,1.34375,1.34375
DSR_Simple_training,think,ad,4,MIXED_HIGH,"[8.25,8.0,12.5625,8.25]","[-0.5327768342340437,-0.6639219011224237,1.729475569590511,-0.5327768342340437]","[0.03125,0.0,0.5703125,0.03125]","[0.0,0.0,0.412109375,0.0]",3.458951139181022,0.6328125,0.412109375
DSR_Simple_training,think,prod,2,ALL_ZERO,"[0.0,0.0,0.0,0.0]","[0.0,0.0,0.0,0.0]","[0.0,0.0,0.0,0.0]","[0.0,0.0,0.0,0.0]",0.0,0.0,0.0
DSR_Simple_training,think,video,11,OTHER,"[0.875,0.96875,0.75,0.984375]","[-0.20901955943352657,0.7942743258474009,-1.5467447398080965,0.9614899733942222]","[-0.00244140625,0.00927734375,-0.01806640625,0.01123046875]","[-0.00244140625,0.00927734375,-0.01806640625,0.01123046875]",3.5115285984832463,0.041015625,0.041015625
DSR_Simple_training,think,video,14,OTHER,"[0.9375,0.9375,0.9375,2.4375]","[-0.5772613939839699,-0.5772613939839699,-0.5772613939839699,1.7317841819519098]","[-0.046875,-0.046875,-0.046875,0.140625]","[-0.046875,-0.046875,-0.046875,0.140625]",3.4635683639038195,0.28125,0.28125
DSR_Simple_training,think,ad,2,A_ONLY,"[0.75,0.75,0.75,0.5]","[0.5768174280738311,0.5768174280738311,0.5768174280738311,-1.730452284221493]","[0.0078125,0.0078125,0.0078125,-0.0234375]","[0.0078125,0.0078125,0.0078125,-0.0234375]",3.460904568442986,0.046875,0.046875
DSR_Simple_training,think,video,11,MIXED_HIGH,"[14.25,0.75,12.0,12.0]","[0.852786704112556,-1.705573408225112,0.426393352056278,0.426393352056278]","[0.78125,-0.90625,0.5,0.5]","[0.5625,-1.125,0.28125,0.28125]",3.411146816450224,2.6875,2.25
DSR_Simple_training,think,video,15,OTHER,"[2.4375,2.4375,2.375,0.75]","[0.6057553678559786,0.6057553678559786,0.5192188867336959,-1.730729622445653]","[0.0546875,0.0546875,0.046875,-0.15625]","[0.0546875,0.0546875,0.046875,-0.15625]",3.461459244891306,0.3125,0.3125
DSR_Simple_training,think,ad,2,A_ONLY,"[2.25,0.5,2.25,2.25]","[0.5772740887666439,-1.7318222662999319,0.5772740887666439,0.5772740887666439]","[0.0546875,-0.1640625,0.0546875,0.0546875]","[0.0546875,-0.1640625,0.0546875,0.0546875]",3.4636445325998633,0.328125,0.328125
DSR_Simple_training,think,video,14,OTHER,"[2.375,0.75,2.375,2.375]","[0.5772682295667987,-1.7318046887003962,0.5772682295667987,0.5772682295667987]","[0.05078125,-0.15234375,0.05078125,0.05078125]","[0.05078125,-0.15234375,0.05078125,0.05078125]",3.463609377400792,0.3046875,0.3046875
DSR_Simple_training,think,video,20,MIXED_HIGH,"[9.125,0.0,9.96875,9.875]","[0.4489143277614322,-1.726736854086505,0.6500875534802483,0.6277349728448243]","[0.2353515625,-0.9052734375,0.3408203125,0.3291015625]","[0.2353515625,-0.9052734375,0.3408203125,0.3291015625]",3.45347370817301,1.810546875,1.810546875
DSR_Simple_training,think,prod,2,A_ONLY,"[0.0,0.0,0.0,0.5]","[-0.577083725634154,-0.577083725634154,-0.577083725634154,1.7312511769024619]","[-0.015625,-0.015625,-0.015625,0.046875]","[-0.015625,-0.015625,-0.015625,0.046875]",3.4625023538049238,0.09375,0.09375
DSR_Simple_training,think,living,2,MULTI_EXACT,"[8.0,8.0,0.0,8.0]","[0.5773336030040704,0.5773336030040704,-1.7320008090122112,0.5773336030040704]","[0.25,0.25,-0.75,0.25]","[0.25,0.25,-0.75,0.25]",3.464001618024423,1.5,1.5
DSR_Simple_training,think,prod,3,ALL_ZERO,"[0.0,0.0,0.0,0.0]","[0.0,0.0,0.0,0.0]","[0.0,0.0,0.0,0.0]","[0.0,0.0,0.0,0.0]",0.0,0.0,0.0
DSR_Simple_training,think,ad,2,A_ONLY,"[0.75,0.5,0.5,0.5]","[1.730452284221493,-0.5768174280738311,-0.5768174280738311,-0.5768174280738311]","[0.0234375,-0.0078125,-0.0078125,-0.0078125]","[0.0234375,-0.0078125,-0.0078125,-0.0078125]",3.4609045684429867,0.046875,0.046875
DSR_Simple_training,think,video,18,OTHER,"[0.75,0.9375,0.75,0.9375]","[-0.9989344698987747,0.9989344698987747,-0.9989344698987747,0.9989344698987747]","[-0.01171875,0.01171875,-0.01171875,0.01171875]","[-0.01171875,0.01171875,-0.01171875,0.01171875]",3.9957378795950986,0.046875,0.046875
DSR_Simple_training,think,ad,6,MIXED_HIGH,"[9.5625,9.125,9.0,9.125]","[1.6811397779495412,-0.36546516911946547,-0.9502094397106102,-0.36546516911946547]","[0.1953125,0.140625,0.125,0.140625]","[0.044921875,0.0,0.0,0.0]",3.3622795558990823,0.6015625,0.044921875
DSR_Simple_training,think,prod,2,ALL_ZERO,"[0.0,0.0,0.0,0.0]","[0.0,0.0,0.0,0.0]","[0.0,0.0,0.0,0.0]","[0.0,0.0,0.0,0.0]",0.0,0.0,0.0
DSR_Simple_training,think,video,20,MULTI_EXACT,"[8.0,0.0,8.0,0.0]","[0.9999750006249845,-0.9999750006249845,0.9999750006249845,-0.9999750006249845]","[0.5,-0.5,0.5,-0.5]","[0.5,-0.5,0.5,-0.5]",3.999900002499938,2.0,2.0
DSR_Simple_training,think,prod,2,ALL_ZERO,"[0.0,0.0,0.0,0.0]","[0.0,0.0,0.0,0.0]","[0.0,0.0,0.0,0.0]","[0.0,0.0,0.0,0.0]",0.0,0.0,0.0
DSR_Simple_training,think,video,11,MIXED_HIGH,"[8.25,0.0,0.0,0.0]","[1.7320023240775781,-0.5773341080258594,-0.5773341080258594,-0.5773341080258594]","[0.7734375,-0.2578125,-0.2578125,-0.2578125]","[0.7734375,-0.2578125,-0.2578125,-0.2578125]",3.4640046481551563,1.546875,1.546875
DSR_Simple_training,think,prod,2,ALL_ZERO,"[0.0,0.0,0.0,0.0]","[0.0,0.0,0.0,0.0]","[0.0,0.0,0.0,0.0]","[0.0,0.0,0.0,0.0]",0.0,0.0,0.0
DSR_Simple_training,think,video,16,MIXED_HIGH,"[2.375,2.375,9.78125,2.375]","[-0.5773322669380285,-0.5773322669380285,1.7319968008140856,-0.5773322669380285]","[-0.2314453125,-0.2314453125,0.6943359375,-0.2314453125]","[-0.2314453125,-0.2314453125,0.6943359375,-0.2314453125]",3.4639936016281707,1.388671875,1.388671875
DSR_Simple_training,think,video,18,OTHER,"[0.75,0.96875,0.75,2.375]","[-0.679769438439818,-0.35716699307854843,-0.679769438439818,1.7167058699581843]","[-0.0576171875,-0.0302734375,-0.0576171875,0.1455078125]","[-0.0576171875,-0.0302734375,-0.0576171875,0.1455078125]",3.4334117399163686,0.291015625,0.291015625
DSR_Simple_training,think,video,12,A_ONLY,"[0.5,0.0,0.0,0.0]","[1.7312511769024619,-0.577083725634154,-0.577083725634154,-0.577083725634154]","[0.046875,-0.015625,-0.015625,-0.015625]","[0.046875,-0.015625,-0.015625,-0.015625]",3.462502353804924,0.09375,0.09375
DSR_Simple_training,think,video,19,OTHER,"[2.4375,2.25,2.25,2.4375]","[0.9989344698987747,-0.9989344698987747,-0.9989344698987747,0.9989344698987747]","[0.01171875,-0.01171875,-0.01171875,0.01171875]","[0.01171875,-0.01171875,-0.01171875,0.01171875]",3.9957378795950986,0.046875,0.046875
DSR_Simple_training,think,prod,5,ALL_ZERO,"[0.0,0.0,0.0,0.0]","[0.0,0.0,0.0,0.0]","[0.0,0.0,0.0,0.0]","[0.0,0.0,0.0,0.0]",0.0,0.0,0.0
DSR_Simple_training,think,video,19,SINGLE_EXACT,"[0.0,8.0,0.0,0.5]","[-0.6253367061549848,1.7288720699578992,-0.6253367061549848,-0.47819865764792957]","[-0.265625,0.734375,-0.265625,-0.203125]","[-0.265625,0.734375,-0.265625,-0.203125]",3.457744139915799,1.46875,1.46875
DSR_Simple_training,think,video,19,MIXED_HIGH,"[14.0625,14.0625,12.1875,14.09375]","[0.5644530952486998,0.5644530952486998,-1.7316272922036382,0.6027211017062387]","[0.7578125,0.7578125,0.5234375,0.76171875]","[0.0576171875,0.0576171875,0.0,0.0615234375]",3.4632545844072764,2.80078125,0.1767578125
DSR_Simple_training,think,ad,2,A_ONLY,"[0.5,0.5,0.5,0.5]","[0.0,0.0,0.0,0.0]","[0.0,0.0,0.0,0.0]","[0.0,0.0,0.0,0.0]",0.0,0.0,0.0
DSR_Simple_training,think,living,2,OTHER,"[0.75,0.75,0.75,0.75]","[0.0,0.0,0.0,0.0]","[0.0,0.0,0.0,0.0]","[0.0,0.0,0.0,0.0]",0.0,0.0,0.0
DSR_Simple_training,think,video,20,OTHER,"[0.875,0.96875,0.875,0.9375]","[-0.9598859030088706,1.3438402642124188,-0.9598859030088706,0.5759315418053224]","[-0.0048828125,0.0068359375,-0.0048828125,0.0029296875]","[-0.0048828125,0.0068359375,-0.0048828125,0.0029296875]",3.8395436120354827,0.01953125,0.01953125
DSR_Simple_training,think,video,11,MIXED_HIGH,"[12.125,12.125,12.125,12.125]","[0.0,0.0,0.0,0.0]","[0.515625,0.515625,0.515625,0.515625]","[0.0,0.0,0.0,0.0]",0.0,2.0625,0.0
DSR_Simple_training,think,ad,2,ALL_ZERO,"[0.0,0.0,0.0,0.0]","[0.0,0.0,0.0,0.0]","[0.0,0.0,0.0,0.0]","[0.0,0.0,0.0,0.0]",0.0,0.0,0.0
DSR_Simple_training,think,ad,2,OTHER,"[0.75,0.75,0.75,0.75]","[0.0,0.0,0.0,0.0]","[0.0,0.0,0.0,0.0]","[0.0,0.0,0.0,0.0]",0.0,0.0,0.0
DSR_Simple_training,think,living,3,ALL_ZERO,"[0.0,0.0,0.0,0.0]","[0.0,0.0,0.0,0.0]","[0.0,0.0,0.0,0.0]","[0.0,0.0,0.0,0.0]",0.0,0.0,0.0
DSR_Simple_training,think,video,20,A_ONLY,"[0.75,0.9375,0.9375,0.5]","[-0.17398074024547908,0.8699037012273954,0.8699037012273954,-1.5658266622093115]","[-0.00390625,0.01953125,0.01953125,-0.03515625]","[-0.00390625,0.01953125,0.01953125,-0.03515625]",3.4796148049095814,0.078125,0.078125
DSR_Simple_training,think,video,20,OTHER,"[0.0,2.375,2.375,0.0]","[-0.9999157965644998,0.9999157965644998,0.9999157965644998,-0.9999157965644998]","[-0.1484375,0.1484375,0.1484375,-0.1484375]","[-0.1484375,0.1484375,0.1484375,-0.1484375]",3.999663186257999,0.59375,0.59375
DSR_Simple_training,think,ad,2,MIXED_HIGH,"[8.25,8.25,8.25,8.25]","[0.0,0.0,0.0,0.0]","[0.03125,0.03125,0.03125,0.03125]","[0.0,0.0,0.0,0.0]",0.0,0.125,0.0
DSR_Simple_training,think,prod,2,A_ONLY,"[0.5,0.5,0.5,0.5]","[0.0,0.0,0.0,0.0]","[0.0,0.0,0.0,0.0]","[0.0,0.0,0.0,0.0]",0.0,0.0,0.0
DSR_Simple_training,think,prod,2,ALL_ZERO,"[0.0,0.0,0.0,0.0]","[0.0,0.0,0.0,0.0]","[0.0,0.0,0.0,0.0]","[0.0,0.0,0.0,0.0]",0.0,0.0,0.0
DSR_Simple_training,think,video,20,A_ONLY,"[0.5,0.0,0.0,0.0]","[1.7312511769024619,-0.577083725634154,-0.577083725634154,-0.577083725634154]","[0.046875,-0.015625,-0.015625,-0.015625]","[0.046875,-0.015625,-0.015625,-0.015625]",3.462502353804924,0.09375,0.09375
DSR_Simple_training,think,ad,4,A_ONLY,"[0.5,0.75,0.75,0.5]","[-0.9992006394884093,0.9992006394884093,0.9992006394884093,-0.9992006394884093]","[-0.015625,0.015625,0.015625,-0.015625]","[-0.015625,0.015625,0.015625,-0.015625]",3.9968025579536373,0.0625,0.0625
DSR_Simple_training,think,video,20,A_ONLY,"[0.5,0.0,0.0,0.0]","[1.7312511769024619,-0.577083725634154,-0.577083725634154,-0.577083725634154]","[0.046875,-0.015625,-0.015625,-0.015625]","[0.046875,-0.015625,-0.015625,-0.015625]",3.462502353804924,0.09375,0.09375
DSR_Simple_training,think,ad,2,A_ONLY,"[0.5,0.5,0.5,0.5]","[0.0,0.0,0.0,0.0]","[0.0,0.0,0.0,0.0]","[0.0,0.0,0.0,0.0]",0.0,0.0,0.0
DSR_Simple_training,think,prod,2,ALL_ZERO,"[0.0,0.0,0.0,0.0]","[0.0,0.0,0.0,0.0]","[0.0,0.0,0.0,0.0]","[0.0,0.0,0.0,0.0]",0.0,0.0,0.0
DSR_Simple_training,think,ad,2,A_ONLY,"[0.5,0.5,0.5,0.5]","[0.0,0.0,0.0,0.0]","[0.0,0.0,0.0,0.0]","[0.0,0.0,0.0,0.0]",0.0,0.0,0.0
DSR_Simple_training,think,video,20,MIXED_HIGH,"[9.59375,9.59375,9.59375,9.59375]","[0.0,0.0,0.0,0.0]","[0.19921875,0.19921875,0.19921875,0.19921875]","[0.0,0.0,0.0,0.0]",0.0,0.796875,0.0
DSR_Simple_training,think,video,20,OTHER,"[0.875,0.0,0.0,0.0]","[1.731593785334322,-0.577197928444774,-0.577197928444774,-0.577197928444774]","[0.08203125,-0.02734375,-0.02734375,-0.02734375]","[0.08203125,-0.02734375,-0.02734375,-0.02734375]",3.463187570668644,0.1640625,0.1640625
DSR_Simple_training,think,video,15,A_ONLY,"[0.0,0.0,0.5,0.0]","[-0.577083725634154,-0.577083725634154,1.7312511769024619,-0.577083725634154]","[-0.015625,-0.015625,0.046875,-0.015625]","[-0.015625,-0.015625,0.046875,-0.015625]",3.462502353804924,0.09375,0.09375
DSR_Simple_training,think,video,16,MIXED_HIGH,"[12.5625,12.5,12.5625,12.5]","[0.996810207336523,-0.996810207336523,0.996810207336523,-0.996810207336523]","[0.5703125,0.5625,0.5703125,0.5625]","[0.00390625,0.0,0.00390625,0.0]",3.987240829346092,2.265625,0.0078125
DSR_Simple_training,think,prod,2,SINGLE_EXACT,"[2.25,8.0,0.0,0.5]","[-0.1376214610286577,1.671117741062272,-0.8453889748903258,-0.6881073051432884]","[-0.0546875,0.6640625,-0.3359375,-0.2734375]","[-0.0546875,0.6640625,-0.3359375,-0.2734375]",3.342235482124544,1.328125,1.328125
DSR_Simple_training,think,video,13,MIXED_HIGH,"[12.125,12.125,9.125,12.125]","[0.5773058281662529,0.5773058281662529,-1.7319174844987586,0.5773058281662529]","[0.515625,0.515625,0.140625,0.515625]","[0.09375,0.09375,0.0,0.09375]",3.463834968997517,1.6875,0.28125
DSR_Simple_training,think,ad,4,EXACT_SATURATED,"[8.0,8.0,8.0,8.0]","[0.0,0.0,0.0,0.0]","[0.0,0.0,0.0,0.0]","[0.0,0.0,0.0,0.0]",0.0,0.0,0.0
DSR_Simple_training,think,ad,2,A_ONLY,"[0.75,0.75,0.5,0.75]","[0.5768174280738311,0.5768174280738311,-1.730452284221493,0.5768174280738311]","[0.0078125,0.0078125,-0.0234375,0.0078125]","[0.0078125,0.0078125,-0.0234375,0.0078125]",3.4609045684429867,0.046875,0.046875
DSR_Simple_training,think,ad,3,MULTI_EXACT,"[12.0,8.0,8.0,8.0]","[1.7319508133420467,-0.5773169377806823,-0.5773169377806823,-0.5773169377806823]","[0.5,0.0,0.0,0.0]","[0.375,0.0,0.0,0.0]",3.4639016266840934,0.5,0.375
DSR_Simple_training,think,video,17,OTHER,"[3.5,3.5,3.0,3.5]","[0.577083725634154,0.577083725634154,-1.7312511769024619,0.577083725634154]","[0.015625,0.015625,-0.046875,0.015625]","[0.015625,0.015625,-0.046875,0.015625]",3.462502353804924,0.09375,0.09375
DSR_Simple_training,think,video,12,A_ONLY,"[0.875,0.5,0.5,0.5]","[1.7309847973942227,-0.5769949324647409,-0.5769949324647409,-0.5769949324647409]","[0.03515625,-0.01171875,-0.01171875,-0.01171875]","[0.03515625,-0.01171875,-0.01171875,-0.01171875]",3.4619695947884455,0.0703125,0.0703125
DSR_Simple_training,think,video,16,MIXED_HIGH,"[14.28125,12.125,14.28125,14.0625]","[0.6549054966986609,-1.7234355176280551,0.6549054966986609,0.41362452423073326]","[0.78515625,0.515625,0.78515625,0.7578125]","[0.07421875,0.0,0.07421875,0.046875]",3.44687103525611,2.84375,0.1953125
DSR_Simple_training,think,ad,2,MIXED_HIGH,"[2.25,8.25,0.0,2.25]","[-0.30598504349142336,1.6523192348536861,-1.0403491478708393,-0.30598504349142336]","[-0.1171875,0.6328125,-0.3984375,-0.1171875]","[-0.1171875,0.6328125,-0.3984375,-0.1171875]",3.3046384697073723,1.265625,1.265625
DSR_Simple_training,think,ad,2,AB_SIGNAL,"[2.0,2.0,2.0,2.0]","[0.0,0.0,0.0,0.0]","[0.0,0.0,0.0,0.0]","[0.0,0.0,0.0,0.0]",0.0,0.0,0.0
DSR_Simple_training,think,prod,2,MULTI_EXACT,"[8.0,8.0,8.0,8.25]","[-0.5768174280738311,-0.5768174280738311,-0.5768174280738311,1.730452284221493]","[0.0,0.0,0.0,0.03125]","[0.0,0.0,0.0,0.0234375]",3.460904568442986,0.03125,0.0234375
DSR_Simple_training,think,ad,6,MIXED_HIGH,"[14.0625,14.09375,14.0625,12.125]","[0.564868951381283,0.6019095383571048,0.564868951381283,-1.7316474411196707]","[0.7578125,0.76171875,0.7578125,0.515625]","[0.0595703125,0.0634765625,0.0595703125,0.0]",3.4632948822393415,2.79296875,0.1826171875
DSR_Simple_training,think,prod,4,MULTI_EXACT,"[0.0,0.0,8.0,8.0]","[-0.9999750006249845,-0.9999750006249845,0.9999750006249845,0.9999750006249845]","[-0.5,-0.5,0.5,0.5]","[-0.5,-0.5,0.5,0.5]",3.999900002499938,2.0,2.0
DSR_Simple_training,think,living,2,ALL_ZERO,"[0.0,0.0,0.0,0.0]","[0.0,0.0,0.0,0.0]","[0.0,0.0,0.0,0.0]","[0.0,0.0,0.0,0.0]",0.0,0.0,0.0
DSR_Simple_training,think,video,13,OTHER,"[2.4375,2.375,2.25,3.1875]","[-0.34040988393971117,-0.5106148259095667,-0.8510247098492778,1.7020494196985556]","[-0.015625,-0.0234375,-0.0390625,0.078125]","[-0.015625,-0.0234375,-0.0390625,0.078125]",3.404098839397111,0.15625,0.15625
DSR_Simple_training,think,prod,3,A_ONLY,"[0.5,0.5,0.5,0.5]","[0.0,0.0,0.0,0.0]","[0.0,0.0,0.0,0.0]","[0.0,0.0,0.0,0.0]",0.0,0.0,0.0
DSR_Simple_training,think,video,20,MIXED_HIGH,"[8.375,8.375,8.375,8.375]","[0.0,0.0,0.0,0.0]","[0.046875,0.046875,0.046875,0.046875]","[0.0,0.0,0.0,0.0]",0.0,0.1875,0.0
DSR_Simple_training,think,living,2,ALL_ZERO,"[0.0,0.0,0.0,0.0]","[0.0,0.0,0.0,0.0]","[0.0,0.0,0.0,0.0]","[0.0,0.0,0.0,0.0]",0.0,0.0,0.0
DSR_Simple_training,think,prod,2,ALL_ZERO,"[0.0,0.0,0.0,0.0]","[0.0,0.0,0.0,0.0]","[0.0,0.0,0.0,0.0]","[0.0,0.0,0.0,0.0]",0.0,0.0,0.0
DSR_Simple_training,think,video,12,MIXED_HIGH,"[15.0,15.0,15.0,15.0]","[0.0,0.0,0.0,0.0]","[0.875,0.875,0.875,0.875]","[0.0,0.0,0.0,0.0]",0.0,3.5,0.0
DSR_Simple_training,think,ad,2,EXACT_SATURATED,"[8.0,8.0,8.0,8.0]","[0.0,0.0,0.0,0.0]","[0.0,0.0,0.0,0.0]","[0.0,0.0,0.0,0.0]",0.0,0.0,0.0
DSR_Simple_training,think,ad,2,MIXED_HIGH,"[8.25,8.25,8.25,8.25]","[0.0,0.0,0.0,0.0]","[0.03125,0.03125,0.03125,0.03125]","[0.0,0.0,0.0,0.0]",0.0,0.125,0.0
DSR_Simple_training,think,ad,5,OTHER,"[0.0,0.0,3.125,0.0]","[-0.5773076056758284,-0.5773076056758284,1.7319228170274852,-0.5773076056758284]","[-0.09765625,-0.09765625,0.29296875,-0.09765625]","[-0.09765625,-0.09765625,0.29296875,-0.09765625]",3.4638456340549704,0.5859375,0.5859375
DSR_Simple_training,think,video,12,OTHER,"[0.9375,0.75,0.875,0.875]","[1.1453969280611336,-1.603555699285587,0.2290793856122267,0.2290793856122267]","[0.009765625,-0.013671875,0.001953125,0.001953125]","[0.009765625,-0.013671875,0.001953125,0.001953125]",3.2071113985711737,0.02734375,0.02734375
DSR_Simple_training,think,ad,2,AB_SIGNAL,"[3.0,2.25,2.0,2.25]","[1.6662223407091443,-0.33324446814182884,-0.9997334044254865,-0.33324446814182884]","[0.078125,-0.015625,-0.046875,-0.015625]","[0.078125,-0.015625,-0.046875,-0.015625]",3.3324446814182886,0.15625,0.15625
DSR_Simple_training,think,video,18,A_ONLY,"[0.5,2.375,0.5,0.75]","[-0.6788278529822334,1.717035157543296,-0.6788278529822334,-0.3593794515788294]","[-0.06640625,0.16796875,-0.06640625,-0.03515625]","[-0.06640625,0.16796875,-0.06640625,-0.03515625]",3.434070315086592,0.3359375,0.3359375
DSR_Simple_training,think,ad,3,MIXED_HIGH,"[8.25,8.25,8.0,8.25]","[0.5768174280738311,0.5768174280738311,-1.730452284221493,0.5768174280738311]","[0.03125,0.03125,0.0,0.03125]","[0.0078125,0.0078125,0.0,0.0078125]",3.4609045684429867,0.09375,0.0234375
DSR_Simple_training,think,ad,3,MIXED_HIGH,"[3.0,3.0,9.0,9.0]","[-0.9999666677777407,-0.9999666677777407,0.9999666677777407,0.9999666677777407]","[-0.375,-0.375,0.375,0.375]","[-0.375,-0.375,0.375,0.375]",3.9998666711109627,1.5,1.5
DSR_Simple_training,think,prod,2,ALL_ZERO,"[0.0,0.0,0.0,0.0]","[0.0,0.0,0.0,0.0]","[0.0,0.0,0.0,0.0]","[0.0,0.0,0.0,0.0]",0.0,0.0,0.0
DSR_Simple_training,think,prod,4,MIXED_HIGH,"[12.0,12.0,12.0,8.0]","[0.5773169377806823,0.5773169377806823,0.5773169377806823,-1.7319508133420467]","[0.5,0.5,0.5,0.0]","[0.125,0.125,0.125,0.0]",3.463901626684094,1.5,0.375
DSR_Simple_training,think,video,14,A_ONLY,"[0.875,0.75,0.5,0.75]","[1.1462371818511636,0.22924743637023273,-1.604732054591629,0.22924743637023273]","[0.01953125,0.00390625,-0.02734375,0.00390625]","[0.01953125,0.00390625,-0.02734375,0.00390625]",3.209464109183258,0.0546875,0.0546875
DSR_Simple_training,think,video,17,MIXED_HIGH,"[15.125,15.125,15.125,15.0]","[0.5762855695777033,0.5762855695777033,0.5762855695777033,-1.7288567087331097]","[0.890625,0.890625,0.890625,0.875]","[0.00390625,0.00390625,0.00390625,0.0]",3.45771341746622,3.546875,0.01171875
DSR_Simple_training,think,video,20,OTHER,"[3.125,3.0,3.0,3.0]","[1.7288567087331097,-0.5762855695777033,-0.5762855695777033,-0.5762855695777033]","[0.01171875,-0.00390625,-0.00390625,-0.00390625]","[0.01171875,-0.00390625,-0.00390625,-0.00390625]",3.4577134174662194,0.0234375,0.0234375
DSR_Simple_training,think,ad,2,EXACT_SATURATED,"[8.0,8.0,8.0,8.0]","[0.0,0.0,0.0,0.0]","[0.0,0.0,0.0,0.0]","[0.0,0.0,0.0,0.0]",0.0,0.0,0.0
DSR_Simple_training,think,living,3,A_ONLY,"[0.5,0.5,0.0,0.0]","[0.9996001599360256,0.9996001599360256,-0.9996001599360256,-0.9996001599360256]","[0.03125,0.03125,-0.03125,-0.03125]","[0.03125,0.03125,-0.03125,-0.03125]",3.9984006397441023,0.125,0.125
DSR_Simple_training,think,prod,2,MIXED_HIGH,"[12.0,12.0,12.0,12.0]","[0.0,0.0,0.0,0.0]","[0.5,0.5,0.5,0.5]","[0.0,0.0,0.0,0.0]",0.0,2.0,0.0
DSR_Simple_training,think,prod,4,AB_SIGNAL,"[2.0,2.0,2.0,2.0]","[0.0,0.0,0.0,0.0]","[0.0,0.0,0.0,0.0]","[0.0,0.0,0.0,0.0]",0.0,0.0,0.0
DSR_Simple_training,think,video,12,AB_SIGNAL,"[2.0,2.0,2.0,2.0]","[0.0,0.0,0.0,0.0]","[0.0,0.0,0.0,0.0]","[0.0,0.0,0.0,0.0]",0.0,0.0,0.0
DSR_Simple_training,think,living,2,AB_SIGNAL,"[2.0,0.5,0.0,2.0]","[0.98008626719716,-0.7000616194265429,-1.2601109149677772,0.98008626719716]","[0.109375,-0.078125,-0.140625,0.109375]","[0.109375,-0.078125,-0.140625,0.109375]",3.92034506878864,0.4375,0.4375
DSR_Simple_training,think,prod,2,A_ONLY,"[0.5,0.0,0.0,0.0]","[1.7312511769024619,-0.577083725634154,-0.577083725634154,-0.577083725634154]","[0.046875,-0.015625,-0.015625,-0.015625]","[0.046875,-0.015625,-0.015625,-0.015625]",3.462502353804924,0.09375,0.09375
DSR_Simple_training,think,living,7,A_ONLY,"[2.375,0.5,0.875,2.375]","[0.9877626907970256,-1.2072655109741424,-0.7682598706199089,0.9877626907970256]","[0.10546875,-0.12890625,-0.08203125,0.10546875]","[0.10546875,-0.12890625,-0.08203125,0.10546875]",3.9510507631881024,0.421875,0.421875
DSR_Simple_training,think,video,15,MIXED_HIGH,"[8.25,8.4375,8.25,8.25]","[-0.5766400328628015,1.7299200985884045,-0.5766400328628015,-0.5766400328628015]","[0.03125,0.0546875,0.03125,0.03125]","[0.0,0.017578125,0.0,0.0]",3.4598401971768094,0.1484375,0.017578125
DSR_Simple_training,think,ad,2,MIXED_HIGH,"[0.0,8.25,8.0,8.25]","[-1.7312809332338832,0.6006484870403268,0.5299839591532296,0.6006484870403268]","[-0.765625,0.265625,0.234375,0.265625]","[-0.765625,0.265625,0.234375,0.265625]",3.462561866467766,1.53125,1.53125
DSR_Simple_training,think,prod,2,MULTI_EXACT,"[8.0,8.0,8.0,0.0]","[0.5773336030040704,0.5773336030040704,0.5773336030040704,-1.7320008090122112]","[0.25,0.25,0.25,-0.75]","[0.25,0.25,0.25,-0.75]",3.4640016180244224,1.5,1.5
DSR_Simple_training,think,video,14,OTHER,"[3.125,3.125,3.125,3.125]","[0.0,0.0,0.0,0.0]","[0.0,0.0,0.0,0.0]","[0.0,0.0,0.0,0.0]",0.0,0.0,0.0
DSR_Simple_training,think,living,2,A_ONLY,"[0.0,0.0,0.5,0.5]","[-0.9996001599360256,-0.9996001599360256,0.9996001599360256,0.9996001599360256]","[-0.03125,-0.03125,0.03125,0.03125]","[-0.03125,-0.03125,0.03125,0.03125]",3.9984006397441023,0.125,0.125
DSR_Simple_training,think,living,2,ALL_ZERO,"[0.0,0.0,0.0,0.0]","[0.0,0.0,0.0,0.0]","[0.0,0.0,0.0,0.0]","[0.0,0.0,0.0,0.0]",0.0,0.0,0.0
DSR_Simple_training,think,prod,2,ALL_ZERO,"[0.0,0.0,0.0,0.0]","[0.0,0.0,0.0,0.0]","[0.0,0.0,0.0,0.0]","[0.0,0.0,0.0,0.0]",0.0,0.0,0.0
DSR_Simple_training,think,ad,3,EXACT_SATURATED,"[8.0,8.0,8.0,8.0]","[0.0,0.0,0.0,0.0]","[0.0,0.0,0.0,0.0]","[0.0,0.0,0.0,0.0]",0.0,0.0,0.0
DSR_Simple_training,think,video,20,MIXED_HIGH,"[8.25,8.375,8.375,8.375]","[-1.7288567087331097,0.5762855695777033,0.5762855695777033,0.5762855695777033]","[0.03125,0.046875,0.046875,0.046875]","[0.0,0.00390625,0.00390625,0.00390625]",3.4577134174662194,0.171875,0.01171875
DSR_Simple_training,think,video,17,MIXED_HIGH,"[14.40234375,14.40234375,14.40234375,14.40234375]","[0.0,0.0,0.0,0.0]","[0.80029296875,0.80029296875,0.80029296875,0.80029296875]","[0.0,0.0,0.0,0.0]",0.0,3.201171875,0.0
DSR_Simple_training,think,video,17,A_ONLY,"[0.5,0.875,0.5,0.0]","[0.10047146868579837,1.3061290929153788,0.10047146868579837,-1.5070720302869756]","[0.00390625,0.05078125,0.00390625,-0.05859375]","[0.00390625,0.05078125,0.00390625,-0.05859375]",3.014144060573951,0.1171875,0.1171875
DSR_Simple_training,think,living,2,EXACT_SATURATED,"[8.0,8.0,8.0,8.0]","[0.0,0.0,0.0,0.0]","[0.0,0.0,0.0,0.0]","[0.0,0.0,0.0,0.0]",0.0,0.0,0.0
DSR_Simple_training,think,ad,2,OTHER,"[0.75,0.75,2.25,0.75]","[-0.5772613939839699,-0.5772613939839699,1.7317841819519098,-0.5772613939839699]","[-0.046875,-0.046875,0.140625,-0.046875]","[-0.046875,-0.046875,0.140625,-0.046875]",3.4635683639038195,0.28125,0.28125
DSR_Simple_training,think,prod,3,A_ONLY,"[0.5,0.5,0.0,0.0]","[0.9996001599360256,0.9996001599360256,-0.9996001599360256,-0.9996001599360256]","[0.03125,0.03125,-0.03125,-0.03125]","[0.03125,0.03125,-0.03125,-0.03125]",3.9984006397441023,0.125,0.125
DSR_Simple_training,think,video,13,A_ONLY,"[0.5,0.5,0.0,0.5]","[0.577083725634154,0.577083725634154,-1.7312511769024619,0.577083725634154]","[0.015625,0.015625,-0.046875,0.015625]","[0.015625,0.015625,-0.046875,0.015625]",3.462502353804924,0.09375,0.09375
DSR_Simple_training,think,video,15,A_ONLY,"[0.0,0.5,0.0,0.0]","[-0.577083725634154,1.7312511769024619,-0.577083725634154,-0.577083725634154]","[-0.015625,0.046875,-0.015625,-0.015625]","[-0.015625,0.046875,-0.015625,-0.015625]",3.462502353804924,0.09375,0.09375
DSR_Simple_training,think,ad,2,OTHER,"[0.75,0.75,0.75,0.75]","[0.0,0.0,0.0,0.0]","[0.0,0.0,0.0,0.0]","[0.0,0.0,0.0,0.0]",0.0,0.0,0.0
DSR_Simple_training,think,video,18,MIXED_HIGH,"[9.59375,9.59375,9.6171875,3.125]","[0.5745406710069791,0.5745406710069791,0.5828976262216261,-1.7319789682355844]","[0.201416015625,0.201416015625,0.204345703125,-0.607177734375]","[0.201416015625,0.201416015625,0.204345703125,-0.607177734375]",3.463957936471169,1.21435546875,1.21435546875
DSR_Simple_training,think,prod,2,MULTI_EXACT,"[0.5,8.0,8.0,8.0]","[-1.731997475877734,0.5773324919592446,0.5773324919592446,0.5773324919592446]","[-0.703125,0.234375,0.234375,0.234375]","[-0.703125,0.234375,0.234375,0.234375]",3.463994951755468,1.40625,1.40625
DSR_Simple_training,think,video,13,OTHER,"[0.875,0.9375,0.875,0.875]","[-0.5752247895920863,1.725674368776259,-0.5752247895920863,-0.5752247895920863]","[-0.001953125,0.005859375,-0.001953125,-0.001953125]","[-0.001953125,0.005859375,-0.001953125,-0.001953125]",3.451348737552518,0.01171875,0.01171875
DSR_Simple_training,think,ad,2,ALL_ZERO,"[0.0,0.0,0.0,0.0]","[0.0,0.0,0.0,0.0]","[0.0,0.0,0.0,0.0]","[0.0,0.0,0.0,0.0]",0.0,0.0,0.0
DSR_Simple_training,think,video,13,ALL_ZERO,"[0.0,0.0,0.0,0.0]","[0.0,0.0,0.0,0.0]","[0.0,0.0,0.0,0.0]","[0.0,0.0,0.0,0.0]",0.0,0.0,0.0
DSR_Simple_training,think,ad,3,MIXED_HIGH,"[8.375,8.375,8.375,8.375]","[0.0,0.0,0.0,0.0]","[0.046875,0.046875,0.046875,0.046875]","[0.0,0.0,0.0,0.0]",0.0,0.1875,0.0
DSR_Simple_training,think,ad,2,A_ONLY,"[0.5,0.5,0.0,0.5]","[0.577083725634154,0.577083725634154,-1.7312511769024619,0.577083725634154]","[0.015625,0.015625,-0.046875,0.015625]","[0.015625,0.015625,-0.046875,0.015625]",3.462502353804924,0.09375,0.09375
DSR_Simple_training,think,ad,4,OTHER,"[0.75,0.75,0.0,0.75]","[0.577172546136356,0.577172546136356,-1.7315176384090682,0.577172546136356]","[0.0234375,0.0234375,-0.0703125,0.0234375]","[0.0234375,0.0234375,-0.0703125,0.0234375]",3.4630352768181365,0.140625,0.140625
DSR_Simple_training,think,prod,3,A_ONLY,"[0.75,0.75,0.5,2.375]","[-0.46027403487018137,-0.46027403487018137,-0.7950187875030406,1.7155668572434033]","[-0.04296875,-0.04296875,-0.07421875,0.16015625]","[-0.04296875,-0.04296875,-0.07421875,0.16015625]",3.4311337144868066,0.3203125,0.3203125
DSR_Simple_training,think,living,2,ALL_ZERO,"[0.0,0.0,0.0,0.0]","[0.0,0.0,0.0,0.0]","[0.0,0.0,0.0,0.0]","[0.0,0.0,0.0,0.0]",0.0,0.0,0.0
DSR_Simple_training,think,video,19,MIXED_HIGH,"[9.5625,9.78125,3.5625,3.78125]","[0.9628698553596926,1.0357356822517774,-1.0357356822517774,-0.9628698553596926]","[0.361328125,0.388671875,-0.388671875,-0.361328125]","[0.361328125,0.388671875,-0.388671875,-0.361328125]",3.99721107522294,1.5,1.5
DSR_Simple_training,think,living,3,AB_SIGNAL,"[2.0,2.0,0.5,0.0]","[0.98008626719716,0.98008626719716,-0.7000616194265429,-1.2601109149677772]","[0.109375,0.109375,-0.078125,-0.140625]","[0.109375,0.109375,-0.078125,-0.140625]",3.92034506878864,0.4375,0.4375
DSR_Simple_training,think,ad,2,MIXED_HIGH,"[12.0,12.0,9.0,12.0]","[0.5773058281662529,0.5773058281662529,-1.7319174844987586,0.5773058281662529]","[0.5,0.5,0.125,0.5]","[0.09375,0.09375,0.0,0.09375]",3.463834968997517,1.625,0.28125
DSR_Simple_training,think,video,20,OTHER,"[0.0,2.375,0.0,0.0]","[-0.5772941342971899,1.7318824028915698,-0.5772941342971899,-0.5772941342971899]","[-0.07421875,0.22265625,-0.07421875,-0.07421875]","[-0.07421875,0.22265625,-0.07421875,-0.07421875]",3.4637648057831396,0.4453125,0.4453125
DSR_Simple_training,think,prod,2,ALL_ZERO,"[0.0,0.0,0.0,0.0]","[0.0,0.0,0.0,0.0]","[0.0,0.0,0.0,0.0]","[0.0,0.0,0.0,0.0]",0.0,0.0,0.0
DSR_Simple_training,think,video,19,MIXED_HIGH,"[12.1875,8.4375,8.4375,8.4375]","[1.731944147470769,-0.5773147158235897,-0.5773147158235897,-0.5773147158235897]","[0.5234375,0.0546875,0.0546875,0.0546875]","[0.3515625,0.0,0.0,0.0]",3.463888294941538,0.6875,0.3515625
DSR_Simple_training,think,video,13,OTHER,"[2.375,2.25,2.375,2.375]","[0.5762855695777033,-1.7288567087331097,0.5762855695777033,0.5762855695777033]","[0.00390625,-0.01171875,0.00390625,0.00390625]","[0.00390625,-0.01171875,0.00390625,0.00390625]",3.4577134174662194,0.0234375,0.0234375
DSR_Simple_training,think,living,2,AB_SIGNAL,"[2.0,2.0,2.0,2.0]","[0.0,0.0,0.0,0.0]","[0.0,0.0,0.0,0.0]","[0.0,0.0,0.0,0.0]",0.0,0.0,0.0
DSR_Simple_training,think,video,11,OTHER,"[3.1875,3.1875,3.1875,3.609375]","[-0.5770343927219804,-0.5770343927219804,-0.5770343927219804,1.7311031781659414]","[-0.01318359375,-0.01318359375,-0.01318359375,0.03955078125]","[-0.01318359375,-0.01318359375,-0.01318359375,0.03955078125]",3.4622063563318823,0.0791015625,0.0791015625
DSR_Simple_training,think,prod,2,ALL_ZERO,"[0.0,0.0,0.0,0.0]","[0.0,0.0,0.0,0.0]","[0.0,0.0,0.0,0.0]","[0.0,0.0,0.0,0.0]",0.0,0.0,0.0
DSR_Simple_training,think,living,2,A_ONLY,"[0.5,0.5,0.5,0.5]","[0.0,0.0,0.0,0.0]","[0.0,0.0,0.0,0.0]","[0.0,0.0,0.0,0.0]",0.0,0.0,0.0
DSR_Simple_training,think,video,14,MIXED_HIGH,"[8.25,12.5,9.0,9.0]","[-0.8698872521908677,1.7019533195038714,-0.4160330336565019,-0.4160330336565019]","[0.03125,0.5625,0.125,0.125]","[0.0,0.3515625,0.0,0.0]",3.403906639007743,0.84375,0.3515625
DSR_Simple_training,think,video,12,A_ONLY,"[0.5,0.0,0.0,0.0]","[1.7312511769024619,-0.577083725634154,-0.577083725634154,-0.577083725634154]","[0.046875,-0.015625,-0.015625,-0.015625]","[0.046875,-0.015625,-0.015625,-0.015625]",3.462502353804924,0.09375,0.09375
DSR_Simple_training,think,living,2,ALL_ZERO,"[0.0,0.0,0.0,0.0]","[0.0,0.0,0.0,0.0]","[0.0,0.0,0.0,0.0]","[0.0,0.0,0.0,0.0]",0.0,0.0,0.0
DSR_Simple_training,think,video,18,MIXED_HIGH,"[9.0,9.0,9.0,9.0]","[0.0,0.0,0.0,0.0]","[0.125,0.125,0.125,0.125]","[0.0,0.0,0.0,0.0]",0.0,0.5,0.0
DSR_Simple_training,think,video,12,OTHER,"[0.9375,3.1875,0.875,3.1875]","[-0.972335049958364,0.999724769675501,-1.027114489392638,0.999724769675501]","[-0.138671875,0.142578125,-0.146484375,0.142578125]","[-0.138671875,0.142578125,-0.146484375,0.142578125]",3.998899078702004,0.5703125,0.5703125
DSR_Simple_training,think,prod,2,A_ONLY,"[0.0,0.5,0.0,0.0]","[-0.577083725634154,1.7312511769024619,-0.577083725634154,-0.577083725634154]","[-0.015625,0.046875,-0.015625,-0.015625]","[-0.015625,0.046875,-0.015625,-0.015625]",3.462502353804924,0.09375,0.09375
DSR_Simple_training,think,living,2,A_ONLY,"[0.5,0.5,0.5,0.0]","[0.577083725634154,0.577083725634154,0.577083725634154,-1.7312511769024619]","[0.015625,0.015625,0.015625,-0.046875]","[0.015625,0.015625,0.015625,-0.046875]",3.4625023538049238,0.09375,0.09375
DSR_Simple_training,think,living,3,AB_SIGNAL,"[0.0,0.0,0.0,2.0]","[-0.5772836102200739,-0.5772836102200739,-0.5772836102200739,1.7318508306602218]","[-0.0625,-0.0625,-0.0625,0.1875]","[-0.0625,-0.0625,-0.0625,0.1875]",3.463701661320443,0.375,0.375
DSR_Simple_training,think,prod,2,ALL_ZERO,"[0.0,0.0,0.0,0.0]","[0.0,0.0,0.0,0.0]","[0.0,0.0,0.0,0.0]","[0.0,0.0,0.0,0.0]",0.0,0.0,0.0
DSR_Simple_training,think,video,20,MIXED_HIGH,"[8.25,8.25,8.25,9.1875]","[-0.577208081993245,-0.577208081993245,-0.577208081993245,1.7316242459797353]","[0.03125,0.03125,0.03125,0.1484375]","[0.0,0.0,0.0,0.087890625]",3.4632484919594706,0.2421875,0.087890625
DSR_Simple_training,think,video,16,OTHER,"[0.875,0.75,0.75,0.75]","[1.7288567087331097,-0.5762855695777033,-0.5762855695777033,-0.5762855695777033]","[0.01171875,-0.00390625,-0.00390625,-0.00390625]","[0.01171875,-0.00390625,-0.00390625,-0.00390625]",3.4577134174662194,0.0234375,0.0234375
DSR_Simple_training,think,ad,2,AB_SIGNAL,"[2.0,2.0,2.0,2.0]","[0.0,0.0,0.0,0.0]","[0.0,0.0,0.0,0.0]","[0.0,0.0,0.0,0.0]",0.0,0.0,0.0
DSR_Simple_training,think,ad,2,MIXED_HIGH,"[9.0,9.0,9.0,9.0]","[0.0,0.0,0.0,0.0]","[0.125,0.125,0.125,0.125]","[0.0,0.0,0.0,0.0]",0.0,0.5,0.0
DSR_Simple_training,think,prod,2,SINGLE_EXACT,"[0.0,8.0,0.0,0.0]","[-0.5773336030040704,1.7320008090122112,-0.5773336030040704,-0.5773336030040704]","[-0.25,0.75,-0.25,-0.25]","[-0.25,0.75,-0.25,-0.25]",3.464001618024423,1.5,1.5
DSR_Simple_training,think,ad,2,A_ONLY,"[0.5,0.5,0.5,0.5]","[0.0,0.0,0.0,0.0]","[0.0,0.0,0.0,0.0]","[0.0,0.0,0.0,0.0]",0.0,0.0,0.0
DSR_Simple_training,think,prod,2,ALL_ZERO,"[0.0,0.0,0.0,0.0]","[0.0,0.0,0.0,0.0]","[0.0,0.0,0.0,0.0]","[0.0,0.0,0.0,0.0]",0.0,0.0,0.0
DSR_Simple_training,think,video,17,OTHER,"[3.5625,3.5625,3.5625,3.5625]","[0.0,0.0,0.0,0.0]","[0.0,0.0,0.0,0.0]","[0.0,0.0,0.0,0.0]",0.0,0.0,0.0
DSR_Simple_training,think,living,2,A_ONLY,"[0.5,0.0,0.0,0.0]","[1.7312511769024619,-0.577083725634154,-0.577083725634154,-0.577083725634154]","[0.046875,-0.015625,-0.015625,-0.015625]","[0.046875,-0.015625,-0.015625,-0.015625]",3.462502353804924,0.09375,0.09375
DSR_Simple_training,think,prod,2,ALL_ZERO,"[0.0,0.0,0.0,0.0]","[0.0,0.0,0.0,0.0]","[0.0,0.0,0.0,0.0]","[0.0,0.0,0.0,0.0]",0.0,0.0,0.0
DSR_Simple_training,think,video,13,MIXED_HIGH,"[12.5625,8.375,9.5625,9.5625]","[1.644848584566518,-1.059565039137941,-0.2926417727142885,-0.2926417727142885]","[0.5703125,0.046875,0.1953125,0.1953125]","[0.318359375,0.0,0.0,0.0]",3.289697169133036,1.0078125,0.318359375
DSR_Simple_training,think,prod,3,MULTI_EXACT,"[8.0,8.0,8.375,14.0]","[-0.6253305721603142,-0.6253305721603142,-0.47819396694612265,1.728855111266751]","[0.0,0.0,0.046875,0.75]","[0.0,0.0,0.0,0.55078125]",3.457710222533502,0.796875,0.55078125
DSR_Simple_training,think,video,14,MIXED_HIGH,"[8.375,3.1875,9.1875,0.875]","[0.8519677881952894,-0.6367338206512163,1.0851379197013686,-1.3003718872454417]","[0.37109375,-0.27734375,0.47265625,-0.56640625]","[0.37109375,-0.27734375,0.47265625,-0.56640625]",3.874211415793316,1.6875,1.6875
DSR_Simple_training,think,prod,2,ALL_ZERO,"[0.0,0.0,0.0,0.0]","[0.0,0.0,0.0,0.0]","[0.0,0.0,0.0,0.0]","[0.0,0.0,0.0,0.0]",0.0,0.0,0.0
DSR_Simple_training,think,video,13,OTHER,"[0.875,0.0,0.0,0.875]","[0.9997714808043876,-0.9997714808043876,-0.9997714808043876,0.9997714808043876]","[0.0546875,-0.0546875,-0.0546875,0.0546875]","[0.0546875,-0.0546875,-0.0546875,0.0546875]",3.9990859232175504,0.21875,0.21875
DSR_Simple_training,think,video,12,A_ONLY,"[0.5,0.5,0.0,0.0]","[0.9996001599360256,0.9996001599360256,-0.9996001599360256,-0.9996001599360256]","[0.03125,0.03125,-0.03125,-0.03125]","[0.03125,0.03125,-0.03125,-0.03125]",3.9984006397441023,0.125,0.125
DSR_Simple_training,think,video,13,AB_SIGNAL,"[2.0,0.75,0.5,0.5]","[1.7082895826398659,-0.3014628675246822,-0.7034133575575918,-0.7034133575575918]","[0.1328125,-0.0234375,-0.0546875,-0.0546875]","[0.1328125,-0.0234375,-0.0546875,-0.0546875]",3.4165791652797317,0.265625,0.265625
DSR_Simple_training,think,prod,3,ALL_ZERO,"[0.0,0.0,0.0,0.0]","[0.0,0.0,0.0,0.0]","[0.0,0.0,0.0,0.0]","[0.0,0.0,0.0,0.0]",0.0,0.0,0.0
DSR_Simple_training,think,prod,2,MIXED_HIGH,"[12.0,12.0,12.0,12.0]","[0.0,0.0,0.0,0.0]","[0.5,0.5,0.5,0.5]","[0.0,0.0,0.0,0.0]",0.0,2.0,0.0
DSR_Simple_training,think,prod,3,EXACT_SATURATED,"[8.0,8.0,8.0,8.0]","[0.0,0.0,0.0,0.0]","[0.0,0.0,0.0,0.0]","[0.0,0.0,0.0,0.0]",0.0,0.0,0.0
DSR_Simple_training,think,video,16,A_ONLY,"[0.0,0.5,0.0,0.5]","[-0.9996001599360256,0.9996001599360256,-0.9996001599360256,0.9996001599360256]","[-0.03125,0.03125,-0.03125,0.03125]","[-0.03125,0.03125,-0.03125,0.03125]",3.9984006397441023,0.125,0.125
DSR_Simple_training,think,ad,2,A_ONLY,"[0.5,0.5,0.5,0.5]","[0.0,0.0,0.0,0.0]","[0.0,0.0,0.0,0.0]","[0.0,0.0,0.0,0.0]",0.0,0.0,0.0
DSR_Simple_training,think,video,20,MIXED_HIGH,"[14.3046875,0.0,14.3046875,12.609375]","[0.6678202078871349,-1.72041963711549,0.6678202078871349,0.38477922134122033]","[0.7880859375,-1.0,0.7880859375,0.576171875]","[0.5,-1.2880859375,0.5,0.2880859375]",3.44083927423098,3.15234375,2.576171875
DSR_Simple_training,think,video,17,OTHER,"[0.875,0.875,0.75,0.9375]","[0.2290793856122267,0.2290793856122267,-1.603555699285587,1.1453969280611336]","[0.001953125,0.001953125,-0.013671875,0.009765625]","[0.001953125,0.001953125,-0.013671875,0.009765625]",3.207111398571174,0.02734375,0.02734375
DSR_Simple_training,think,living,3,MIXED_HIGH,"[0.75,0.75,8.25,8.25]","[-0.9999733340444255,-0.9999733340444255,0.9999733340444255,0.9999733340444255]","[-0.46875,-0.46875,0.46875,0.46875]","[-0.46875,-0.46875,0.46875,0.46875]",3.999893336177702,1.875,1.875
DSR_Simple_training,think,ad,2,ALL_ZERO,"[0.0,0.0,0.0,0.0]","[0.0,0.0,0.0,0.0]","[0.0,0.0,0.0,0.0]","[0.0,0.0,0.0,0.0]",0.0,0.0,0.0
DSR_Simple_training,think,video,18,OTHER,"[0.75,2.4375,0.75,2.4375]","[-0.9998814955264561,0.9998814955264561,-0.9998814955264561,0.9998814955264561]","[-0.10546875,0.10546875,-0.10546875,0.10546875]","[-0.10546875,0.10546875,-0.10546875,0.10546875]",3.9995259821058244,0.421875,0.421875
DSR_Simple_training,think,video,17,OTHER,"[3.125,3.1875,3.125,3.125]","[-0.5752247895920863,1.725674368776259,-0.5752247895920863,-0.5752247895920863]","[-0.001953125,0.005859375,-0.001953125,-0.001953125]","[-0.001953125,0.005859375,-0.001953125,-0.001953125]",3.451348737552518,0.01171875,0.01171875
DSR_Simple_training,think,video,13,A_ONLY,"[0.0,0.5,0.0,0.5]","[-0.9996001599360256,0.9996001599360256,-0.9996001599360256,0.9996001599360256]","[-0.03125,0.03125,-0.03125,0.03125]","[-0.03125,0.03125,-0.03125,0.03125]",3.9984006397441023,0.125,0.125
DSR_Simple_training,think,video,15,MIXED_HIGH,"[12.1875,9.1875,12.1875,12.1875]","[0.5773058281662529,-1.7319174844987586,0.5773058281662529,0.5773058281662529]","[0.5234375,0.1484375,0.5234375,0.5234375]","[0.09375,0.0,0.09375,0.09375]",3.463834968997517,1.71875,0.28125
DSR_Simple_training,think,prod,2,MULTI_EXACT,"[8.0,8.0,0.0,0.0]","[0.9999750006249845,0.9999750006249845,-0.9999750006249845,-0.9999750006249845]","[0.5,0.5,-0.5,-0.5]","[0.5,0.5,-0.5,-0.5]",3.999900002499938,2.0,2.0
DSR_Simple_training,think,living,2,A_ONLY,"[0.5,0.5,0.5,0.5]","[0.0,0.0,0.0,0.0]","[0.0,0.0,0.0,0.0]","[0.0,0.0,0.0,0.0]",0.0,0.0,0.0
DSR_Simple_training,think,video,13,MIXED_HIGH,"[0.75,0.75,0.75,8.25]","[-0.5773324919592446,-0.5773324919592446,-0.5773324919592446,1.731997475877734]","[-0.234375,-0.234375,-0.234375,0.703125]","[-0.234375,-0.234375,-0.234375,0.703125]",3.463994951755468,1.40625,1.40625
DSR_Simple_training,think,ad,3,OTHER,"[3.0,3.0,3.0,3.0]","[0.0,0.0,0.0,0.0]","[0.0,0.0,0.0,0.0]","[0.0,0.0,0.0,0.0]",0.0,0.0,0.0
DSR_Simple_training,think,video,13,MIXED_HIGH,"[2.25,9.1875,9.125,2.25]","[-0.9999505687758918,1.0089998951901533,0.9909012423616304,-0.9999505687758918]","[-0.431640625,0.435546875,0.427734375,-0.431640625]","[-0.431640625,0.435546875,0.427734375,-0.431640625]",3.9998022751035673,1.7265625,1.7265625
DSR_Simple_training,think,prod,2,A_ONLY,"[0.5,0.5,0.5,0.5]","[0.0,0.0,0.0,0.0]","[0.0,0.0,0.0,0.0]","[0.0,0.0,0.0,0.0]",0.0,0.0,0.0
DSR_Simple_training,think,ad,2,A_ONLY,"[2.25,0.5,2.25,2.25]","[0.5772740887666439,-1.7318222662999319,0.5772740887666439,0.5772740887666439]","[0.0546875,-0.1640625,0.0546875,0.0546875]","[0.0546875,-0.1640625,0.0546875,0.0546875]",3.4636445325998633,0.328125,0.328125
DSR_Simple_training,think,prod,5,MIXED_HIGH,"[8.25,9.125,2.25,2.25]","[0.8600875768933841,1.1306769269272579,-0.9953822519103209,-0.9953822519103209]","[0.34765625,0.45703125,-0.40234375,-0.40234375]","[0.34765625,0.45703125,-0.40234375,-0.40234375]",3.9815290076412837,1.609375,1.609375
DSR_Simple_training,think,living,2,AB_SIGNAL,"[0.5,2.0,2.0,2.0]","[-1.7317841819519098,0.5772613939839699,0.5772613939839699,0.5772613939839699]","[-0.140625,0.046875,0.046875,0.046875]","[-0.140625,0.046875,0.046875,0.046875]",3.4635683639038195,0.28125,0.28125
DSR_Simple_training,think,video,20,MIXED_HIGH,"[8.25,8.4375,12.0,8.4375]","[-0.6561632319212701,-0.5368608261174028,1.7298848841560759,-0.5368608261174028]","[0.03125,0.0546875,0.5,0.0546875]","[0.0,0.0,0.33984375,0.0]",3.4597697683121513,0.640625,0.33984375
DSR_Simple_training,think,video,11,OTHER,"[2.375,2.375,2.375,2.375]","[0.0,0.0,0.0,0.0]","[0.0,0.0,0.0,0.0]","[0.0,0.0,0.0,0.0]",0.0,0.0,0.0
DSR_Simple_training,think,video,12,AB_SIGNAL,"[2.0,2.0,2.0,2.0]","[0.0,0.0,0.0,0.0]","[0.0,0.0,0.0,0.0]","[0.0,0.0,0.0,0.0]",0.0,0.0,0.0
DSR_Simple_training,think,video,17,MIXED_HIGH,"[8.4375,8.375,9.125,8.4375]","[-0.5075081876893234,-0.7105114627650527,1.7255278381436996,-0.5075081876893234]","[0.0546875,0.046875,0.140625,0.0546875]","[0.0,0.0,0.06640625,0.0]",3.4510556762873987,0.296875,0.06640625
DSR_Simple_training,think,video,20,AB_SIGNAL,"[2.25,2.0,2.0,0.0]","[0.7571878267681246,0.4818467988524429,0.4818467988524429,-1.7208814244730104]","[0.0859375,0.0546875,0.0546875,-0.1953125]","[0.0859375,0.0546875,0.0546875,-0.1953125]",3.441762848946021,0.390625,0.390625
DSR_Simple_training,think,prod,2,ALL_ZERO,"[0.0,0.0,0.0,0.0]","[0.0,0.0,0.0,0.0]","[0.0,0.0,0.0,0.0]","[0.0,0.0,0.0,0.0]",0.0,0.0,0.0
DSR_Simple_training,think,prod,2,ALL_ZERO,"[0.0,0.0,0.0,0.0]","[0.0,0.0,0.0,0.0]","[0.0,0.0,0.0,0.0]","[0.0,0.0,0.0,0.0]",0.0,0.0,0.0
DSR_Simple_training,think,prod,4,MULTI_EXACT,"[8.0,0.0,0.0,8.0]","[0.9999750006249845,-0.9999750006249845,-0.9999750006249845,0.9999750006249845]","[0.5,-0.5,-0.5,0.5]","[0.5,-0.5,-0.5,0.5]",3.999900002499938,2.0,2.0
DSR_Simple_training,think,ad,2,A_ONLY,"[0.75,0.5,0.5,0.0]","[1.1466577712182768,0.22933155424365537,0.22933155424365537,-1.6053208797055876]","[0.0390625,0.0078125,0.0078125,-0.0546875]","[0.0390625,0.0078125,0.0078125,-0.0546875]",3.210641759411175,0.109375,0.109375
DSR_Simple_training,think,ad,8,MIXED_HIGH,"[8.25,0.875,12.21875,8.4375]","[0.1957564863063934,-1.598361213433756,1.1612350789631687,0.2413696481641938]","[0.1005859375,-0.8212890625,0.5966796875,0.1240234375]","[0.1005859375,-0.8212890625,0.5966796875,0.1240234375]",3.196722426867512,1.642578125,1.642578125
DSR_Simple_training,think,prod,4,ALL_ZERO,"[0.0,0.0,0.0,0.0]","[0.0,0.0,0.0,0.0]","[0.0,0.0,0.0,0.0]","[0.0,0.0,0.0,0.0]",0.0,0.0,0.0
DSR_Simple_training,think,prod,3,A_ONLY,"[0.5,0.0,0.5,0.5]","[0.577083725634154,-1.7312511769024619,0.577083725634154,0.577083725634154]","[0.015625,-0.046875,0.015625,0.015625]","[0.015625,-0.046875,0.015625,0.015625]",3.462502353804924,0.09375,0.09375
DSR_Simple_training,think,video,20,AB_SIGNAL,"[0.75,0.5,2.0,0.0]","[-0.08480738373855036,-0.4240369186927518,1.6113402910324568,-1.1024959886011545]","[-0.0078125,-0.0390625,0.1484375,-0.1015625]","[-0.0078125,-0.0390625,0.1484375,-0.1015625]",3.2226805820649136,0.296875,0.296875
DSR_Simple_training,think,video,16,OTHER,"[0.75,0.875,0.75,0.875]","[-0.998402555910543,0.998402555910543,-0.998402555910543,0.998402555910543]","[-0.0078125,0.0078125,-0.0078125,0.0078125]","[-0.0078125,0.0078125,-0.0078125,0.0078125]",3.993610223642172,0.03125,0.03125
DSR_Simple_training,think,video,20,MIXED_HIGH,"[9.0,9.0,9.0,9.0]","[0.0,0.0,0.0,0.0]","[0.125,0.125,0.125,0.125]","[0.0,0.0,0.0,0.0]",0.0,0.5,0.0
DSR_Simple_training,think,ad,2,A_ONLY,"[0.5,0.0,0.0,0.5]","[0.9996001599360256,-0.9996001599360256,-0.9996001599360256,0.9996001599360256]","[0.03125,-0.03125,-0.03125,0.03125]","[0.03125,-0.03125,-0.03125,0.03125]",3.9984006397441023,0.125,0.125
DSR_Simple_training,think,video,15,MIXED_HIGH,"[8.375,8.4375,12.21875,12.21875]","[-1.0162718528098607,-0.9834888898159941,0.9998803713129274,0.9998803713129274]","[0.046875,0.0546875,0.52734375,0.52734375]","[0.0,0.0,0.23828125,0.23828125]",3.9995214852517096,1.15625,0.4765625
DSR_Simple_training,think,prod,2,SINGLE_EXACT,"[8.0,0.0,0.0,0.0]","[1.7320008090122112,-0.5773336030040704,-0.5773336030040704,-0.5773336030040704]","[0.75,-0.25,-0.25,-0.25]","[0.75,-0.25,-0.25,-0.25]",3.464001618024423,1.5,1.5
DSR_Simple_training,think,ad,2,A_ONLY,"[0.5,0.5,0.75,0.5]","[-0.5768174280738311,-0.5768174280738311,1.730452284221493,-0.5768174280738311]","[-0.0078125,-0.0078125,0.0234375,-0.0078125]","[-0.0078125,-0.0078125,0.0234375,-0.0078125]",3.4609045684429867,0.046875,0.046875
DSR_Simple_training,think,ad,2,ALL_ZERO,"[0.0,0.0,0.0,0.0]","[0.0,0.0,0.0,0.0]","[0.0,0.0,0.0,0.0]","[0.0,0.0,0.0,0.0]",0.0,0.0,0.0
DSR_Simple_training,think,prod,3,ALL_ZERO,"[0.0,0.0,0.0,0.0]","[0.0,0.0,0.0,0.0]","[0.0,0.0,0.0,0.0]","[0.0,0.0,0.0,0.0]",0.0,0.0,0.0
DSR_Simple_training,think,ad,2,MIXED_HIGH,"[9.0,9.0,9.0,9.0]","[0.0,0.0,0.0,0.0]","[0.125,0.125,0.125,0.125]","[0.0,0.0,0.0,0.0]",0.0,0.5,0.0
DSR_Simple_training,think,video,15,OTHER,"[2.25,0.0,2.25,0.75]","[0.9621516933535258,-1.3470123706949362,0.9621516933535258,-0.5772910160121155]","[0.1171875,-0.1640625,0.1171875,-0.0703125]","[0.1171875,-0.1640625,0.1171875,-0.0703125]",3.848606773414103,0.46875,0.46875
DSR_Simple_training,think,video,11,MIXED_HIGH,"[9.5625,9.5625,9.5625,9.5625]","[0.0,0.0,0.0,0.0]","[0.1953125,0.1953125,0.1953125,0.1953125]","[0.0,0.0,0.0,0.0]",0.0,0.78125,0.0
DSR_Simple_training,think,ad,3,OTHER,"[0.0,0.0,0.75,0.0]","[-0.577172546136356,-0.577172546136356,1.7315176384090682,-0.577172546136356]","[-0.0234375,-0.0234375,0.0703125,-0.0234375]","[-0.0234375,-0.0234375,0.0703125,-0.0234375]",3.4630352768181365,0.140625,0.140625
DSR_Simple_training,think,prod,2,ALL_ZERO,"[0.0,0.0,0.0,0.0]","[0.0,0.0,0.0,0.0]","[0.0,0.0,0.0,0.0]","[0.0,0.0,0.0,0.0]",0.0,0.0,0.0
DSR_Simple_training,think,prod,2,ALL_ZERO,"[0.0,0.0,0.0,0.0]","[0.0,0.0,0.0,0.0]","[0.0,0.0,0.0,0.0]","[0.0,0.0,0.0,0.0]",0.0,0.0,0.0
DSR_Simple_training,think,video,17,AB_SIGNAL,"[2.0,2.4375,0.5,0.5]","[0.7335810948772757,1.2345633060129761,-0.9840722004451259,-0.9840722004451259]","[0.080078125,0.134765625,-0.107421875,-0.107421875]","[0.080078125,0.134765625,-0.107421875,-0.107421875]",3.9362888017805036,0.4296875,0.4296875
DSR_Simple_training,think,video,20,A_ONLY,"[0.75,0.5,0.75,0.75]","[0.5768174280738311,-1.730452284221493,0.5768174280738311,0.5768174280738311]","[0.0078125,-0.0234375,0.0078125,0.0078125]","[0.0078125,-0.0234375,0.0078125,0.0078125]",3.4609045684429867,0.046875,0.046875
DSR_Simple_training,think,prod,2,ALL_ZERO,"[0.0,0.0,0.0,0.0]","[0.0,0.0,0.0,0.0]","[0.0,0.0,0.0,0.0]","[0.0,0.0,0.0,0.0]",0.0,0.0,0.0
DSR_Simple_training,think,ad,2,AB_SIGNAL,"[2.0,2.0,2.0,2.0]","[0.0,0.0,0.0,0.0]","[0.0,0.0,0.0,0.0]","[0.0,0.0,0.0,0.0]",0.0,0.0,0.0
DSR_Simple_training,think,ad,2,EXACT_SATURATED,"[8.0,8.0,8.0,8.0]","[0.0,0.0,0.0,0.0]","[0.0,0.0,0.0,0.0]","[0.0,0.0,0.0,0.0]",0.0,0.0,0.0
DSR_Simple_training,think,video,15,OTHER,"[0.75,0.875,0.875,0.875]","[-1.7288567087331097,0.5762855695777033,0.5762855695777033,0.5762855695777033]","[-0.01171875,0.00390625,0.00390625,0.00390625]","[-0.01171875,0.00390625,0.00390625,0.00390625]",3.4577134174662194,0.0234375,0.0234375
DSR_Simple_training,think,prod,2,MULTI_EXACT,"[8.0,0.0,8.0,0.0]","[0.9999750006249845,-0.9999750006249845,0.9999750006249845,-0.9999750006249845]","[0.5,-0.5,0.5,-0.5]","[0.5,-0.5,0.5,-0.5]",3.999900002499938,2.0,2.0
DSR_Simple_training,think,ad,2,EXACT_SATURATED,"[8.0,8.0,8.0,8.0]","[0.0,0.0,0.0,0.0]","[0.0,0.0,0.0,0.0]","[0.0,0.0,0.0,0.0]",0.0,0.0,0.0
DSR_Simple_training,think,video,14,MIXED_HIGH,"[15.03125,15.03125,14.0625,14.0625]","[0.9997935910005676,0.9997935910005676,-0.9997935910005676,-0.9997935910005676]","[0.87890625,0.87890625,0.7578125,0.7578125]","[0.060546875,0.060546875,0.0,0.0]",3.9991743640022706,3.2734375,0.12109375
DSR_Simple_training,think,video,20,MIXED_HIGH,"[8.4375,8.4375,0.96875,9.21875]","[0.49727249126882683,0.49727249126882683,-1.7241877968292967,0.7296428142916431]","[0.208984375,0.208984375,-0.724609375,0.306640625]","[0.208984375,0.208984375,-0.724609375,0.306640625]",3.4483755936585934,1.44921875,1.44921875
DSR_Simple_training,think,ad,5,MIXED_HIGH,"[9.125,2.25,9.125,9.125]","[0.5773308759016773,-1.7319926277050322,0.5773308759016773,0.5773308759016773]","[0.21484375,-0.64453125,0.21484375,0.21484375]","[0.21484375,-0.64453125,0.21484375,0.21484375]",3.463985255410064,1.2890625,1.2890625
DSR_Simple_training,think,video,11,MIXED_HIGH,"[12.125,12.125,12.0,12.125]","[0.5762855695777033,0.5762855695777033,-1.7288567087331097,0.5762855695777033]","[0.515625,0.515625,0.5,0.515625]","[0.00390625,0.00390625,0.0,0.00390625]",3.4577134174662194,2.046875,0.01171875
DSR_Simple_training,think,video,16,OTHER,"[2.4375,2.4375,3.125,2.4375]","[-0.5771563949205513,-0.5771563949205513,1.7314691847616537,-0.5771563949205513]","[-0.021484375,-0.021484375,0.064453125,-0.021484375]","[-0.021484375,-0.021484375,0.064453125,-0.021484375]",3.462938369523308,0.12890625,0.12890625
DSR_Simple_training,think,video,14,A_ONLY,"[0.5,0.0,0.5,0.5]","[0.577083725634154,-1.7312511769024619,0.577083725634154,0.577083725634154]","[0.015625,-0.046875,0.015625,0.015625]","[0.015625,-0.046875,0.015625,0.015625]",3.462502353804924,0.09375,0.09375
DSR_Simple_training,think,ad,3,MULTI_EXACT,"[8.0,8.0,0.0,8.0]","[0.5773336030040704,0.5773336030040704,-1.7320008090122112,0.5773336030040704]","[0.25,0.25,-0.75,0.25]","[0.25,0.25,-0.75,0.25]",3.464001618024423,1.5,1.5
DSR_Simple_training,think,prod,2,ALL_ZERO,"[0.0,0.0,0.0,0.0]","[0.0,0.0,0.0,0.0]","[0.0,0.0,0.0,0.0]","[0.0,0.0,0.0,0.0]",0.0,0.0,0.0
DSR_Simple_training,think,video,17,A_ONLY,"[0.75,0.5,0.0,0.0]","[1.3467359409848307,0.577172546136356,-0.9619542435605934,-0.9619542435605934]","[0.0546875,0.0234375,-0.0390625,-0.0390625]","[0.0546875,0.0234375,-0.0390625,-0.0390625]",3.847816974242374,0.15625,0.15625
DSR_Simple_training,think,prod,2,A_ONLY,"[0.0,0.0,0.5,0.5]","[-0.9996001599360256,-0.9996001599360256,0.9996001599360256,0.9996001599360256]","[-0.03125,-0.03125,0.03125,0.03125]","[-0.03125,-0.03125,0.03125,0.03125]",3.9984006397441023,0.125,0.125
DSR_Simple_training,think,prod,3,SINGLE_EXACT,"[0.0,0.0,0.0,8.0]","[-0.5773336030040704,-0.5773336030040704,-0.5773336030040704,1.7320008090122112]","[-0.25,-0.25,-0.25,0.75]","[-0.25,-0.25,-0.25,0.75]",3.4640016180244224,1.5,1.5
DSR_Simple_training,think,ad,2,A_ONLY,"[0.5,0.5,0.5,0.5]","[0.0,0.0,0.0,0.0]","[0.0,0.0,0.0,0.0]","[0.0,0.0,0.0,0.0]",0.0,0.0,0.0
DSR_Simple_training,think,video,15,MIXED_HIGH,"[12.1875,12.59375,12.59375,12.59375]","[-1.7310667515885552,0.5770222505295184,0.5770222505295184,0.5770222505295184]","[0.5234375,0.57421875,0.57421875,0.57421875]","[0.0,0.0126953125,0.0126953125,0.0126953125]",3.4621335031771103,2.24609375,0.0380859375
DSR_Simple_training,think,living,2,A_ONLY,"[0.0,0.0,0.5,0.5]","[-0.9996001599360256,-0.9996001599360256,0.9996001599360256,0.9996001599360256]","[-0.03125,-0.03125,0.03125,0.03125]","[-0.03125,-0.03125,0.03125,0.03125]",3.9984006397441023,0.125,0.125
DSR_Simple_training,think,ad,3,MULTI_EXACT,"[8.0,8.0,8.25,0.0]","[0.5532910353830912,0.5532910353830912,0.6246834270454256,-1.731265497811608]","[0.2421875,0.2421875,0.2734375,-0.7578125]","[0.2421875,0.2421875,0.2734375,-0.7578125]",3.462530995623216,1.515625,1.515625
DSR_Simple_training,think,prod,2,MIXED_HIGH,"[0.5,9.0,0.0,9.0]","[-0.9420668893398244,0.9991618523301168,-1.0562568153204093,0.9991618523301168]","[-0.515625,0.546875,-0.578125,0.546875]","[-0.515625,0.546875,-0.578125,0.546875]",3.996647409320467,2.1875,2.1875
DSR_Simple_training,think,video,20,A_ONLY,"[0.5,0.5,0.75,0.5]","[-0.5768174280738311,-0.5768174280738311,1.730452284221493,-0.5768174280738311]","[-0.0078125,-0.0078125,0.0234375,-0.0078125]","[-0.0078125,-0.0078125,0.0234375,-0.0078125]",3.4609045684429867,0.046875,0.046875
DSR_Simple_training,think,video,20,OTHER,"[3.125,3.125,3.125,3.125]","[0.0,0.0,0.0,0.0]","[0.0,0.0,0.0,0.0]","[0.0,0.0,0.0,0.0]",0.0,0.0,0.0
DSR_Simple_training,think,video,11,A_ONLY,"[0.5,0.5,0.5,0.5]","[0.0,0.0,0.0,0.0]","[0.0,0.0,0.0,0.0]","[0.0,0.0,0.0,0.0]",0.0,0.0,0.0
DSR_Simple_training,think,video,11,A_ONLY,"[0.75,0.75,0.5,0.75]","[0.5768174280738311,0.5768174280738311,-1.730452284221493,0.5768174280738311]","[0.0078125,0.0078125,-0.0234375,0.0078125]","[0.0078125,0.0078125,-0.0234375,0.0078125]",3.4609045684429867,0.046875,0.046875
DSR_Simple_training,think,prod,2,ALL_ZERO,"[0.0,0.0,0.0,0.0]","[0.0,0.0,0.0,0.0]","[0.0,0.0,0.0,0.0]","[0.0,0.0,0.0,0.0]",0.0,0.0,0.0
DSR_Simple_training,think,ad,2,AB_SIGNAL,"[2.0,2.0,2.0,2.0]","[0.0,0.0,0.0,0.0]","[0.0,0.0,0.0,0.0]","[0.0,0.0,0.0,0.0]",0.0,0.0,0.0
DSR_Simple_training,think,prod,2,ALL_ZERO,"[0.0,0.0,0.0,0.0]","[0.0,0.0,0.0,0.0]","[0.0,0.0,0.0,0.0]","[0.0,0.0,0.0,0.0]",0.0,0.0,0.0
DSR_Simple_training,think,video,11,MIXED_HIGH,"[12.5,9.5,9.5,12.75]","[0.918472834970559,-0.9983400380114772,-0.9983400380114772,1.0782072410523953]","[0.5625,0.1875,0.1875,0.59375]","[0.1796875,0.0,0.0,0.2109375]",3.9933601520459088,1.53125,0.390625
DSR_Simple_training,think,prod,2,MIXED_HIGH,"[9.0,9.0,0.5,9.0]","[0.5773345833412914,0.5773345833412914,-1.7320037500238743,0.5773345833412914]","[0.265625,0.265625,-0.796875,0.265625]","[0.265625,0.265625,-0.796875,0.265625]",3.4640075000477486,1.59375,1.59375
DSR_Simple_training,think,living,2,A_ONLY,"[0.5,0.5,0.5,0.5]","[0.0,0.0,0.0,0.0]","[0.0,0.0,0.0,0.0]","[0.0,0.0,0.0,0.0]",0.0,0.0,0.0
DSR_Simple_training,think,living,2,ALL_ZERO,"[0.0,0.0,0.0,0.0]","[0.0,0.0,0.0,0.0]","[0.0,0.0,0.0,0.0]","[0.0,0.0,0.0,0.0]",0.0,0.0,0.0
DSR_Simple_training,think,ad,2,MIXED_HIGH,"[8.25,8.25,8.25,0.0]","[0.5773341080258594,0.5773341080258594,0.5773341080258594,-1.7320023240775781]","[0.2578125,0.2578125,0.2578125,-0.7734375]","[0.2578125,0.2578125,0.2578125,-0.7734375]",3.4640046481551563,1.546875,1.546875
DSR_Simple_training,think,video,11,MIXED_HIGH,"[9.125,9.0,9.0,9.0]","[1.7288567087331097,-0.5762855695777033,-0.5762855695777033,-0.5762855695777033]","[0.140625,0.125,0.125,0.125]","[0.01171875,0.0,0.0,0.0]",3.4577134174662194,0.515625,0.01171875
DSR_Simple_training,think,ad,4,MIXED_HIGH,"[2.0,8.0,12.0,12.0]","[-1.5881639716099762,-0.12216645935461355,0.855165215482295,0.855165215482295]","[-0.75,0.0,0.5,0.5]","[-0.8125,0.0,0.4375,0.4375]",3.42066086192918,1.75,1.6875
DSR_Simple_training,think,ad,2,ALL_ZERO,"[0.0,0.0,0.0,0.0]","[0.0,0.0,0.0,0.0]","[0.0,0.0,0.0,0.0]","[0.0,0.0,0.0,0.0]",0.0,0.0,0.0
DSR_Simple_training,think,prod,2,EXACT_SATURATED,"[8.0,8.0,8.0,8.0]","[0.0,0.0,0.0,0.0]","[0.0,0.0,0.0,0.0]","[0.0,0.0,0.0,0.0]",0.0,0.0,0.0
DSR_Simple_training,think,prod,3,A_ONLY,"[0.0,0.5,0.0,0.0]","[-0.577083725634154,1.7312511769024619,-0.577083725634154,-0.577083725634154]","[-0.015625,0.046875,-0.015625,-0.015625]","[-0.015625,0.046875,-0.015625,-0.015625]",3.462502353804924,0.09375,0.09375
DSR_Simple_training,think,prod,2,ALL_ZERO,"[0.0,0.0,0.0,0.0]","[0.0,0.0,0.0,0.0]","[0.0,0.0,0.0,0.0]","[0.0,0.0,0.0,0.0]",0.0,0.0,0.0
DSR_Simple_training,think,ad,2,A_ONLY,"[0.75,0.75,0.75,0.5]","[0.5768174280738311,0.5768174280738311,0.5768174280738311,-1.730452284221493]","[0.0078125,0.0078125,0.0078125,-0.0234375]","[0.0078125,0.0078125,0.0078125,-0.0234375]",3.460904568442986,0.046875,0.046875
DSR_Simple_training,think,ad,2,EXACT_SATURATED,"[8.0,8.0,8.0,8.0]","[0.0,0.0,0.0,0.0]","[0.0,0.0,0.0,0.0]","[0.0,0.0,0.0,0.0]",0.0,0.0,0.0
DSR_Simple_training,think,ad,2,EXACT_SATURATED,"[8.0,8.0,8.0,8.0]","[0.0,0.0,0.0,0.0]","[0.0,0.0,0.0,0.0]","[0.0,0.0,0.0,0.0]",0.0,0.0,0.0
DSR_Simple_training,think,video,20,A_ONLY,"[0.75,0.75,0.5,0.0]","[0.816230001325593,0.816230001325593,0.0,-1.632460002651186]","[0.03125,0.03125,0.0,-0.0625]","[0.03125,0.03125,0.0,-0.0625]",3.264920005302372,0.125,0.125
DSR_Simple_training,think,living,3,MIXED_HIGH,"[8.25,9.0,9.0,9.0]","[-1.7315176384090682,0.577172546136356,0.577172546136356,0.577172546136356]","[0.03125,0.125,0.125,0.125]","[0.0,0.0234375,0.0234375,0.0234375]",3.4630352768181365,0.40625,0.0703125
DSR_Simple_training,think,video,20,MIXED_HIGH,"[0.75,0.875,0.875,8.25]","[-0.6032036656864336,-0.5642873001582767,-0.5642873001582767,1.7317782660029868]","[-0.2421875,-0.2265625,-0.2265625,0.6953125]","[-0.2421875,-0.2265625,-0.2265625,0.6953125]",3.463556532005974,1.390625,1.390625
DSR_Simple_training,think,video,13,MIXED_HIGH,"[9.21875,9.234375,2.4375,2.4375]","[0.9976677924523247,1.0022706427058534,-0.9999692175790891,-0.9999692175790891]","[0.42333984375,0.42529296875,-0.42431640625,-0.42431640625]","[0.42333984375,0.42529296875,-0.42431640625,-0.42431640625]",3.9998768703163563,1.697265625,1.697265625
DSR_Simple_training,think,video,16,MIXED_HIGH,"[8.375,8.4375,8.46875,8.4375]","[-1.6012081550909916,0.22874402215585593,1.1437201107792796,0.22874402215585593]","[0.046875,0.0546875,0.05859375,0.0546875]","[0.0,0.0009765625,0.0048828125,0.0009765625]",3.202416310181983,0.21484375,0.0068359375
DSR_Simple_training,think,video,20,MIXED_HIGH,"[9.78125,9.5625,9.5625,9.78125]","[0.9990865494405115,-0.9990865494405115,-0.9990865494405115,0.9990865494405115]","[0.22265625,0.1953125,0.1953125,0.22265625]","[0.013671875,0.0,0.0,0.013671875]",3.996346197762046,0.8359375,0.02734375
DSR_Simple_training,think,prod,4,MIXED_HIGH,"[8.375,8.25,8.25,8.25]","[1.7288567087331097,-0.5762855695777033,-0.5762855695777033,-0.5762855695777033]","[0.046875,0.03125,0.03125,0.03125]","[0.01171875,0.0,0.0,0.0]",3.4577134174662194,0.140625,0.01171875
DSR_Simple_training,think,prod,3,SINGLE_EXACT,"[8.0,0.5,0.0,0.5]","[1.7287338885680736,-0.5261364008685442,-0.6764610868309854,-0.5261364008685442]","[0.71875,-0.21875,-0.28125,-0.21875]","[0.71875,-0.21875,-0.28125,-0.21875]",3.4574677771361473,1.4375,1.4375
DSR_Simple_training,think,ad,7,MIXED_HIGH,"[12.1875,12.1875,12.1875,12.1875]","[0.0,0.0,0.0,0.0]","[0.5234375,0.5234375,0.5234375,0.5234375]","[0.0,0.0,0.0,0.0]",0.0,2.09375,0.0
DSR_Simple_training,think,ad,2,EXACT_SATURATED,"[8.0,8.0,8.0,8.0]","[0.0,0.0,0.0,0.0]","[0.0,0.0,0.0,0.0]","[0.0,0.0,0.0,0.0]",0.0,0.0,0.0
DSR_Simple_training,think,video,16,A_ONLY,"[0.0,0.0,0.5,0.0]","[-0.577083725634154,-0.577083725634154,1.7312511769024619,-0.577083725634154]","[-0.015625,-0.015625,0.046875,-0.015625]","[-0.015625,-0.015625,0.046875,-0.015625]",3.462502353804924,0.09375,0.09375
DSR_Simple_training,think,video,11,OTHER,"[0.9375,0.75,0.9375,0.9375]","[0.5766400328628015,-1.7299200985884045,0.5766400328628015,0.5766400328628015]","[0.005859375,-0.017578125,0.005859375,0.005859375]","[0.005859375,-0.017578125,0.005859375,0.005859375]",3.4598401971768094,0.03515625,0.03515625
DSR_Simple_training,think,prod,2,A_ONLY,"[0.5,0.0,0.0,0.0]","[1.7312511769024619,-0.577083725634154,-0.577083725634154,-0.577083725634154]","[0.046875,-0.015625,-0.015625,-0.015625]","[0.046875,-0.015625,-0.015625,-0.015625]",3.462502353804924,0.09375,0.09375
DSR_Simple_training,think,ad,2,A_ONLY,"[0.5,0.5,0.5,0.0]","[0.577083725634154,0.577083725634154,0.577083725634154,-1.7312511769024619]","[0.015625,0.015625,0.015625,-0.046875]","[0.015625,0.015625,0.015625,-0.046875]",3.4625023538049238,0.09375,0.09375
DSR_Simple_training,think,ad,4,AB_SIGNAL,"[2.0,2.0,2.0,2.0]","[0.0,0.0,0.0,0.0]","[0.0,0.0,0.0,0.0]","[0.0,0.0,0.0,0.0]",0.0,0.0,0.0
DSR_Simple_training,think,living,2,AB_SIGNAL,"[2.0,2.0,0.0,2.0]","[0.5772836102200739,0.5772836102200739,-1.7318508306602218,0.5772836102200739]","[0.0625,0.0625,-0.1875,0.0625]","[0.0625,0.0625,-0.1875,0.0625]",3.4637016613204437,0.375,0.375
DSR_Simple_training,think,prod,2,ALL_ZERO,"[0.0,0.0,0.0,0.0]","[0.0,0.0,0.0,0.0]","[0.0,0.0,0.0,0.0]","[0.0,0.0,0.0,0.0]",0.0,0.0,0.0
DSR_Simple_training,think,video,12,A_ONLY,"[0.5,0.0,0.5,0.5]","[0.577083725634154,-1.7312511769024619,0.577083725634154,0.577083725634154]","[0.015625,-0.046875,0.015625,0.015625]","[0.015625,-0.046875,0.015625,0.015625]",3.462502353804924,0.09375,0.09375
DSR_Simple_training,think,prod,2,MIXED_HIGH,"[8.25,12.0,12.0,0.0]","[0.0382631557368878,0.8035262704746439,0.8035262704746439,-1.6453156966861755]","[0.03125,0.5,0.5,-1.0]","[0.0234375,0.4921875,0.4921875,-1.0078125]",3.290631393372351,2.03125,2.015625
DSR_Simple_training,think,video,11,AB_SIGNAL,"[0.0,0.0,0.0,2.0]","[-0.5772836102200739,-0.5772836102200739,-0.5772836102200739,1.7318508306602218]","[-0.0625,-0.0625,-0.0625,0.1875]","[-0.0625,-0.0625,-0.0625,0.1875]",3.463701661320443,0.375,0.375
DSR_Simple_training,think,video,13,A_ONLY,"[0.0,0.5,0.5,0.75]","[-1.6053208797055876,0.22933155424365537,0.22933155424365537,1.1466577712182768]","[-0.0546875,0.0078125,0.0078125,0.0390625]","[-0.0546875,0.0078125,0.0078125,0.0390625]",3.2106417594111756,0.109375,0.109375
DSR_Simple_training,think,prod,3,ALL_ZERO,"[0.0,0.0,0.0,0.0]","[0.0,0.0,0.0,0.0]","[0.0,0.0,0.0,0.0]","[0.0,0.0,0.0,0.0]",0.0,0.0,0.0
DSR_Simple_training,think,ad,2,ALL_ZERO,"[0.0,0.0,0.0,0.0]","[0.0,0.0,0.0,0.0]","[0.0,0.0,0.0,0.0]","[0.0,0.0,0.0,0.0]",0.0,0.0,0.0
DSR_Simple_training,think,prod,3,ALL_ZERO,"[0.0,0.0,0.0,0.0]","[0.0,0.0,0.0,0.0]","[0.0,0.0,0.0,0.0]","[0.0,0.0,0.0,0.0]",0.0,0.0,0.0
DSR_Simple_training,think,living,2,AB_SIGNAL,"[2.0,2.0,2.0,2.0]","[0.0,0.0,0.0,0.0]","[0.0,0.0,0.0,0.0]","[0.0,0.0,0.0,0.0]",0.0,0.0,0.0
DSR_Simple_training,think,video,20,MIXED_HIGH,"[9.0,9.0,8.25,9.0]","[0.577172546136356,0.577172546136356,-1.7315176384090682,0.577172546136356]","[0.125,0.125,0.03125,0.125]","[0.0234375,0.0234375,0.0,0.0234375]",3.4630352768181365,0.40625,0.0703125
DSR_Simple_training,think,prod,2,A_ONLY,"[0.5,0.5,0.5,0.75]","[-0.5768174280738311,-0.5768174280738311,-0.5768174280738311,1.730452284221493]","[-0.0078125,-0.0078125,-0.0078125,0.0234375]","[-0.0078125,-0.0078125,-0.0078125,0.0234375]",3.460904568442986,0.046875,0.046875
DSR_Simple_training,think,prod,2,ALL_ZERO,"[0.0,0.0,0.0,0.0]","[0.0,0.0,0.0,0.0]","[0.0,0.0,0.0,0.0]","[0.0,0.0,0.0,0.0]",0.0,0.0,0.0
DSR_Simple_training,think,video,17,OTHER,"[0.75,0.75,0.0,0.75]","[0.577172546136356,0.577172546136356,-1.7315176384090682,0.577172546136356]","[0.0234375,0.0234375,-0.0703125,0.0234375]","[0.0234375,0.0234375,-0.0703125,0.0234375]",3.4630352768181365,0.140625,0.140625
DSR_Simple_training,think,prod,3,EXACT_SATURATED,"[8.0,8.0,8.0,8.0]","[0.0,0.0,0.0,0.0]","[0.0,0.0,0.0,0.0]","[0.0,0.0,0.0,0.0]",0.0,0.0,0.0
DSR_Simple_training,think,living,2,ALL_ZERO,"[0.0,0.0,0.0,0.0]","[0.0,0.0,0.0,0.0]","[0.0,0.0,0.0,0.0]","[0.0,0.0,0.0,0.0]",0.0,0.0,0.0
DSR_Simple_training,think,video,12,A_ONLY,"[0.75,0.5,0.5,0.5]","[1.730452284221493,-0.5768174280738311,-0.5768174280738311,-0.5768174280738311]","[0.0234375,-0.0078125,-0.0078125,-0.0078125]","[0.0234375,-0.0078125,-0.0078125,-0.0078125]",3.4609045684429867,0.046875,0.046875
DSR_Simple_training,think,living,2,OTHER,"[3.0,3.0,3.0,3.0]","[0.0,0.0,0.0,0.0]","[0.0,0.0,0.0,0.0]","[0.0,0.0,0.0,0.0]",0.0,0.0,0.0
DSR_Simple_training,think,living,2,AB_SIGNAL,"[2.25,0.0,2.0,0.0]","[1.1136952677885483,-0.9964641869687011,0.8792331061488539,-0.9964641869687011]","[0.1484375,-0.1328125,0.1171875,-0.1328125]","[0.1484375,-0.1328125,0.1171875,-0.1328125]",3.9858567478748044,0.53125,0.53125
DSR_Simple_training,think,living,3,MIXED_HIGH,"[9.5,9.5,9.5,9.5]","[0.0,0.0,0.0,0.0]","[0.1875,0.1875,0.1875,0.1875]","[0.0,0.0,0.0,0.0]",0.0,0.75,0.0
DSR_Simple_training,think,ad,2,ALL_ZERO,"[0.0,0.0,0.0,0.0]","[0.0,0.0,0.0,0.0]","[0.0,0.0,0.0,0.0]","[0.0,0.0,0.0,0.0]",0.0,0.0,0.0
DSR_Simple_training,think,video,14,A_ONLY,"[0.5,0.5,0.5,0.5]","[0.0,0.0,0.0,0.0]","[0.0,0.0,0.0,0.0]","[0.0,0.0,0.0,0.0]",0.0,0.0,0.0
DSR_Simple_training,think,video,18,MIXED_HIGH,"[8.4375,14.09375,9.125,9.125]","[-0.7749483685442016,1.7186632706824736,-0.47185745106913607,-0.47185745106913607]","[0.0546875,0.76171875,0.140625,0.140625]","[0.0,0.4873046875,0.0,0.0]",3.4373265413649476,1.09765625,0.4873046875
DSR_Simple_training,think,living,3,A_ONLY,"[0.5,0.5,0.0,0.0]","[0.9996001599360256,0.9996001599360256,-0.9996001599360256,-0.9996001599360256]","[0.03125,0.03125,-0.03125,-0.03125]","[0.03125,0.03125,-0.03125,-0.03125]",3.9984006397441023,0.125,0.125
DSR_Simple_training,think,ad,2,A_ONLY,"[0.5,0.5,0.5,0.5]","[0.0,0.0,0.0,0.0]","[0.0,0.0,0.0,0.0]","[0.0,0.0,0.0,0.0]",0.0,0.0,0.0
DSR_Simple_training,think,ad,4,SINGLE_EXACT,"[2.0,2.0,8.0,2.0]","[-0.5773280478227043,-0.5773280478227043,1.731984143468113,-0.5773280478227043]","[-0.1875,-0.1875,0.5625,-0.1875]","[-0.1875,-0.1875,0.5625,-0.1875]",3.4639682869362263,1.125,1.125
DSR_Simple_training,think,prod,2,SINGLE_EXACT,"[8.0,0.0,0.0,0.0]","[1.7320008090122112,-0.5773336030040704,-0.5773336030040704,-0.5773336030040704]","[0.75,-0.25,-0.25,-0.25]","[0.75,-0.25,-0.25,-0.25]",3.464001618024423,1.5,1.5
DSR_Simple_training,think,video,20,MIXED_HIGH,"[12.125,12.125,8.375,8.25]","[0.9996789352404866,0.9996789352404866,-0.9669025767080116,-1.0324552937729616]","[0.515625,0.515625,0.046875,0.03125]","[0.23828125,0.23828125,0.0,0.0]",3.9987157409619463,1.109375,0.4765625
DSR_Simple_training,think,video,16,MIXED_HIGH,"[9.125,9.125,9.125,9.5625]","[-0.5770456680725549,-0.5770456680725549,-0.5770456680725549,1.7311370042176644]","[0.140625,0.140625,0.140625,0.1953125]","[0.0,0.0,0.0,0.041015625]",3.4622740084353287,0.6171875,0.041015625
DSR_Simple_training,think,ad,2,SINGLE_EXACT,"[0.0,2.0,2.0,8.0]","[-0.9999666677777407,-0.3333222225925802,-0.3333222225925802,1.666611112962901]","[-0.375,-0.125,-0.125,0.625]","[-0.375,-0.125,-0.125,0.625]",3.333222225925802,1.25,1.25
DSR_Simple_training,think,video,11,A_ONLY,"[0.0,0.0,0.0,0.5]","[-0.577083725634154,-0.577083725634154,-0.577083725634154,1.7312511769024619]","[-0.015625,-0.015625,-0.015625,0.046875]","[-0.015625,-0.015625,-0.015625,0.046875]",3.4625023538049238,0.09375,0.09375
DSR_Simple_training,think,prod,2,ALL_ZERO,"[0.0,0.0,0.0,0.0]","[0.0,0.0,0.0,0.0]","[0.0,0.0,0.0,0.0]","[0.0,0.0,0.0,0.0]",0.0,0.0,0.0
DSR_Simple_training,think,ad,2,A_ONLY,"[0.5,0.5,0.5,0.5]","[0.0,0.0,0.0,0.0]","[0.0,0.0,0.0,0.0]","[0.0,0.0,0.0,0.0]",0.0,0.0,0.0
DSR_Simple_training,think,prod,2,OTHER,"[2.25,2.25,2.25,2.25]","[0.0,0.0,0.0,0.0]","[0.0,0.0,0.0,0.0]","[0.0,0.0,0.0,0.0]",0.0,0.0,0.0
DSR_Simple_training,think,video,13,MIXED_HIGH,"[12.0,12.0,9.0,12.0]","[0.5773058281662529,0.5773058281662529,-1.7319174844987586,0.5773058281662529]","[0.5,0.5,0.125,0.5]","[0.09375,0.09375,0.0,0.09375]",3.463834968997517,1.625,0.28125
DSR_Simple_training,think,prod,2,MULTI_EXACT,"[8.0,8.0,0.0,0.0]","[0.9999750006249845,0.9999750006249845,-0.9999750006249845,-0.9999750006249845]","[0.5,0.5,-0.5,-0.5]","[0.5,0.5,-0.5,-0.5]",3.999900002499938,2.0,2.0
DSR_Simple_training,think,prod,4,OTHER,"[0.75,0.0,0.75,0.75]","[0.577172546136356,-1.7315176384090682,0.577172546136356,0.577172546136356]","[0.0234375,-0.0703125,0.0234375,0.0234375]","[0.0234375,-0.0703125,0.0234375,0.0234375]",3.4630352768181365,0.140625,0.140625
DSR_Simple_training,think,ad,3,OTHER,"[2.25,2.25,2.25,2.25]","[0.0,0.0,0.0,0.0]","[0.0,0.0,0.0,0.0]","[0.0,0.0,0.0,0.0]",0.0,0.0,0.0
DSR_Simple_training,think,video,11,A_ONLY,"[0.5,0.75,0.75,0.5]","[-0.9992006394884093,0.9992006394884093,0.9992006394884093,-0.9992006394884093]","[-0.015625,0.015625,0.015625,-0.015625]","[-0.015625,0.015625,0.015625,-0.015625]",3.9968025579536373,0.0625,0.0625
DSR_Simple_training,think,ad,2,A_ONLY,"[0.5,0.5,0.75,0.5]","[-0.5768174280738311,-0.5768174280738311,1.730452284221493,-0.5768174280738311]","[-0.0078125,-0.0078125,0.0234375,-0.0078125]","[-0.0078125,-0.0078125,0.0234375,-0.0078125]",3.4609045684429867,0.046875,0.046875
DSR_Simple_training,think,prod,2,MIXED_HIGH,"[12.0,12.0,12.0,12.0]","[0.0,0.0,0.0,0.0]","[0.5,0.5,0.5,0.5]","[0.0,0.0,0.0,0.0]",0.0,2.0,0.0
DSR_Simple_training,think,prod,2,ALL_ZERO,"[0.0,0.0,0.0,0.0]","[0.0,0.0,0.0,0.0]","[0.0,0.0,0.0,0.0]","[0.0,0.0,0.0,0.0]",0.0,0.0,0.0
DSR_Simple_training,think,prod,2,MIXED_HIGH,"[12.0,12.0,12.0,12.0]","[0.0,0.0,0.0,0.0]","[0.5,0.5,0.5,0.5]","[0.0,0.0,0.0,0.0]",0.0,2.0,0.0
DSR_Simple_training,think,video,11,A_ONLY,"[0.5,0.5,0.5,0.5]","[0.0,0.0,0.0,0.0]","[0.0,0.0,0.0,0.0]","[0.0,0.0,0.0,0.0]",0.0,0.0,0.0
DSR_Simple_training,think,prod,3,MIXED_HIGH,"[8.25,8.25,8.25,0.5]","[0.5773330654012014,0.5773330654012014,0.5773330654012014,-1.7319991962036043]","[0.2421875,0.2421875,0.2421875,-0.7265625]","[0.2421875,0.2421875,0.2421875,-0.7265625]",3.4639983924072086,1.453125,1.453125
DSR_Simple_training,think,prod,5,MIXED_HIGH,"[8.0,12.0,12.0,0.0]","[0.0,0.8164799146012595,0.8164799146012595,-1.632959829202519]","[0.0,0.5,0.5,-1.0]","[0.0,0.5,0.5,-1.0]",3.265919658405038,2.0,2.0
DSR_Simple_training,think,ad,3,A_ONLY,"[0.5,0.5,0.5,0.0]","[0.577083725634154,0.577083725634154,0.577083725634154,-1.7312511769024619]","[0.015625,0.015625,0.015625,-0.046875]","[0.015625,0.015625,0.015625,-0.046875]",3.4625023538049238,0.09375,0.09375
DSR_Simple_training,think,prod,8,MIXED_HIGH,"[14.25,14.0,14.0,14.0]","[1.730452284221493,-0.5768174280738311,-0.5768174280738311,-0.5768174280738311]","[0.78125,0.75,0.75,0.75]","[0.0234375,0.0,0.0,0.0]",3.4609045684429867,3.03125,0.0234375
DSR_Simple_training,think,video,11,OTHER,"[2.375,0.0,2.375,0.75]","[0.9665019277014398,-1.3289401505894798,0.9665019277014398,-0.6040637048133999]","[0.125,-0.171875,0.125,-0.078125]","[0.125,-0.171875,0.125,-0.078125]",3.866007710805759,0.5,0.5
DSR_Simple_training,think,video,14,OTHER,"[0.875,0.875,0.875,0.875]","[0.0,0.0,0.0,0.0]","[0.0,0.0,0.0,0.0]","[0.0,0.0,0.0,0.0]",0.0,0.0,0.0
DSR_Simple_training,think,video,12,A_ONLY,"[0.5,0.0,0.0,0.0]","[1.7312511769024619,-0.577083725634154,-0.577083725634154,-0.577083725634154]","[0.046875,-0.015625,-0.015625,-0.015625]","[0.046875,-0.015625,-0.015625,-0.015625]",3.462502353804924,0.09375,0.09375
DSR_Simple_training,think,living,3,A_ONLY,"[0.0,0.0,0.5,0.0]","[-0.577083725634154,-0.577083725634154,1.7312511769024619,-0.577083725634154]","[-0.015625,-0.015625,0.046875,-0.015625]","[-0.015625,-0.015625,0.046875,-0.015625]",3.462502353804924,0.09375,0.09375
DSR_Simple_training,think,video,15,MULTI_EXACT,"[8.0,8.0,8.0,9.0]","[-0.5772169666411974,-0.5772169666411974,-0.5772169666411974,1.731650899923592]","[0.0,0.0,0.0,0.125]","[0.0,0.0,0.0,0.09375]",3.4633017998471844,0.125,0.09375
DSR_Simple_training,think,living,2,ALL_ZERO,"[0.0,0.0,0.0,0.0]","[0.0,0.0,0.0,0.0]","[0.0,0.0,0.0,0.0]","[0.0,0.0,0.0,0.0]",0.0,0.0,0.0
DSR_Simple_training,think,ad,2,ALL_ZERO,"[0.0,0.0,0.0,0.0]","[0.0,0.0,0.0,0.0]","[0.0,0.0,0.0,0.0]","[0.0,0.0,0.0,0.0]",0.0,0.0,0.0
DSR_Simple_training,think,video,11,A_ONLY,"[0.5,0.75,0.75,0.75]","[-1.730452284221493,0.5768174280738311,0.5768174280738311,0.5768174280738311]","[-0.0234375,0.0078125,0.0078125,0.0078125]","[-0.0234375,0.0078125,0.0078125,0.0078125]",3.4609045684429867,0.046875,0.046875
DSR_Simple_training,think,ad,2,MULTI_EXACT,"[8.0,8.0,0.5,8.25]","[0.5516890145214219,0.5516890145214219,-1.7311620800499792,0.6277840510071353]","[0.2265625,0.2265625,-0.7109375,0.2578125]","[0.2265625,0.2265625,-0.7109375,0.2578125]",3.462324160099959,1.421875,1.421875
DSR_Simple_training,think,ad,2,MIXED_HIGH,"[12.0,12.0,12.0,0.5]","[0.5773386752195544,0.5773386752195544,0.5773386752195544,-1.7320160256586632]","[0.5,0.5,0.5,-0.9375]","[0.359375,0.359375,0.359375,-1.078125]",3.4640320513173264,2.4375,2.15625
DSR_Simple_training,think,ad,2,ALL_ZERO,"[0.0,0.0,0.0,0.0]","[0.0,0.0,0.0,0.0]","[0.0,0.0,0.0,0.0]","[0.0,0.0,0.0,0.0]",0.0,0.0,0.0
DSR_Simple_training,think,ad,2,MIXED_HIGH,"[12.0,12.0,12.0,8.0]","[0.5773169377806823,0.5773169377806823,0.5773169377806823,-1.7319508133420467]","[0.5,0.5,0.5,0.0]","[0.125,0.125,0.125,0.0]",3.463901626684094,1.5,0.375
DSR_Simple_training,think,ad,4,OTHER,"[0.75,0.0,0.75,0.0]","[0.9997334044254865,-0.9997334044254865,0.9997334044254865,-0.9997334044254865]","[0.046875,-0.046875,0.046875,-0.046875]","[0.046875,-0.046875,0.046875,-0.046875]",3.998933617701946,0.1875,0.1875
DSR_Simple_training,think,ad,5,MIXED_HIGH,"[14.0625,12.125,14.0,14.0625]","[0.6020954310824684,-1.7310243643620968,0.5268335021971599,0.6020954310824684]","[0.7578125,0.515625,0.75,0.7578125]","[0.0625,0.0,0.0546875,0.0625]",3.4620487287241932,2.78125,0.1796875
DSR_Simple_training,think,living,2,SINGLE_EXACT,"[0.0,8.0,0.0,0.0]","[-0.5773336030040704,1.7320008090122112,-0.5773336030040704,-0.5773336030040704]","[-0.25,0.75,-0.25,-0.25]","[-0.25,0.75,-0.25,-0.25]",3.464001618024423,1.5,1.5
DSR_Simple_training,think,video,20,MIXED_HIGH,"[14.375,14.375,14.375,14.375]","[0.0,0.0,0.0,0.0]","[0.796875,0.796875,0.796875,0.796875]","[0.0,0.0,0.0,0.0]",0.0,3.1875,0.0
DSR_Simple_training,think,video,19,OTHER,"[2.46875,2.46875,2.4375,2.46875]","[0.5731149022381534,0.5731149022381534,-1.7193447067144603,0.5731149022381534]","[0.0009765625,0.0009765625,-0.0029296875,0.0009765625]","[0.0009765625,0.0009765625,-0.0029296875,0.0009765625]",3.4386894134289205,0.005859375,0.005859375
DSR_Simple_training,think,ad,6,MULTI_EXACT,"[8.0,8.25,8.25,8.0]","[-0.9992006394884093,0.9992006394884093,0.9992006394884093,-0.9992006394884093]","[0.0,0.03125,0.03125,0.0]","[0.0,0.015625,0.015625,0.0]",3.9968025579536373,0.0625,0.03125
DSR_Simple_training,think,ad,2,MULTI_EXACT,"[8.0,8.0,0.5,8.0]","[0.5773324919592446,0.5773324919592446,-1.731997475877734,0.5773324919592446]","[0.234375,0.234375,-0.703125,0.234375]","[0.234375,0.234375,-0.703125,0.234375]",3.463994951755468,1.40625,1.40625
DSR_Simple_training,think,ad,2,A_ONLY,"[0.5,0.75,0.0,0.5]","[0.22933155424365537,1.1466577712182768,-1.6053208797055876,0.22933155424365537]","[0.0078125,0.0390625,-0.0546875,0.0078125]","[0.0078125,0.0390625,-0.0546875,0.0078125]",3.2106417594111756,0.109375,0.109375
DSR_Simple_training,think,video,13,MIXED_HIGH,"[12.0,12.0,12.0,12.0]","[0.0,0.0,0.0,0.0]","[0.5,0.5,0.5,0.5]","[0.0,0.0,0.0,0.0]",0.0,2.0,0.0
DSR_Simple_training,think,prod,2,ALL_ZERO,"[0.0,0.0,0.0,0.0]","[0.0,0.0,0.0,0.0]","[0.0,0.0,0.0,0.0]","[0.0,0.0,0.0,0.0]",0.0,0.0,0.0
DSR_Simple_training,think,video,20,MIXED_HIGH,"[0.75,8.375,8.375,2.375]","[-1.2212465895652171,0.9860435426859901,0.9860435426859901,-0.7508404958067632]","[-0.52734375,0.42578125,0.42578125,-0.32421875]","[-0.52734375,0.42578125,0.42578125,-0.32421875]",3.9441741707439606,1.703125,1.703125
DSR_Simple_training,think,video,20,OTHER,"[0.875,0.875,0.875,2.375]","[-0.5772613939839699,-0.5772613939839699,-0.5772613939839699,1.7317841819519098]","[-0.046875,-0.046875,-0.046875,0.140625]","[-0.046875,-0.046875,-0.046875,0.140625]",3.4635683639038195,0.28125,0.28125
DSR_Simple_training,think,prod,3,ALL_ZERO,"[0.0,0.0,0.0,0.0]","[0.0,0.0,0.0,0.0]","[0.0,0.0,0.0,0.0]","[0.0,0.0,0.0,0.0]",0.0,0.0,0.0
DSR_Simple_training,think,living,8,MIXED_HIGH,"[9.125,8.0,8.25,8.25]","[1.6815330846843726,-0.9504317435172541,-0.3655506705835593,-0.3655506705835593]","[0.140625,0.0,0.03125,0.03125]","[0.08984375,0.0,0.0,0.0]",3.363066169368745,0.203125,0.08984375
DSR_Simple_training,think,video,15,OTHER,"[2.4375,2.375,2.375,2.4375]","[0.996810207336523,-0.996810207336523,-0.996810207336523,0.996810207336523]","[0.00390625,-0.00390625,-0.00390625,0.00390625]","[0.00390625,-0.00390625,-0.00390625,0.00390625]",3.987240829346092,0.015625,0.015625
DSR_Simple_training,think,prod,2,EXACT_SATURATED,"[8.0,8.0,8.0,8.0]","[0.0,0.0,0.0,0.0]","[0.0,0.0,0.0,0.0]","[0.0,0.0,0.0,0.0]",0.0,0.0,0.0
DSR_Simple_training,think,video,12,MIXED_HIGH,"[8.25,2.375,2.4375,8.25]","[0.9999371829990407,-1.0106316983252337,-0.9892426676728477,0.9999371829990407]","[0.365234375,-0.369140625,-0.361328125,0.365234375]","[0.365234375,-0.369140625,-0.361328125,0.365234375]",3.9997487319961627,1.4609375,1.4609375
DSR_Simple_training,think,ad,2,AB_SIGNAL,"[0.0,2.0,2.0,2.0]","[-1.7318508306602218,0.5772836102200739,0.5772836102200739,0.5772836102200739]","[-0.1875,0.0625,0.0625,0.0625]","[-0.1875,0.0625,0.0625,0.0625]",3.4637016613204437,0.375,0.375
DSR_Simple_training,think,video,20,MIXED_HIGH,"[8.46875,8.46875,9.21875,8.46875]","[-0.577172546136356,-0.577172546136356,1.7315176384090682,-0.577172546136356]","[0.05859375,0.05859375,0.15234375,0.05859375]","[0.0,0.0,0.0703125,0.0]",3.4630352768181365,0.328125,0.0703125
DSR_Simple_training,think,ad,2,MIXED_HIGH,"[12.0,12.0,12.0,12.0]","[0.0,0.0,0.0,0.0]","[0.5,0.5,0.5,0.5]","[0.0,0.0,0.0,0.0]",0.0,2.0,0.0
DSR_Simple_training,think,video,11,OTHER,"[0.875,0.875,0.875,0.875]","[0.0,0.0,0.0,0.0]","[0.0,0.0,0.0,0.0]","[0.0,0.0,0.0,0.0]",0.0,0.0,0.0
DSR_Simple_training,think,living,2,A_ONLY,"[0.5,0.5,0.5,0.5]","[0.0,0.0,0.0,0.0]","[0.0,0.0,0.0,0.0]","[0.0,0.0,0.0,0.0]",0.0,0.0,0.0
DSR_Simple_training,think,prod,2,ALL_ZERO,"[0.0,0.0,0.0,0.0]","[0.0,0.0,0.0,0.0]","[0.0,0.0,0.0,0.0]","[0.0,0.0,0.0,0.0]",0.0,0.0,0.0
DSR_Simple_training,think,living,3,MIXED_HIGH,"[8.25,8.25,8.25,8.25]","[0.0,0.0,0.0,0.0]","[0.03125,0.03125,0.03125,0.03125]","[0.0,0.0,0.0,0.0]",0.0,0.125,0.0
DSR_Simple_training,think,video,16,MIXED_HIGH,"[9.0,8.0,9.125,9.0]","[0.4817937358194574,-1.7206919136409193,0.7571044420020044,0.4817937358194574]","[0.125,0.0,0.140625,0.125]","[0.02734375,0.0,0.04296875,0.02734375]",3.4413838272818387,0.390625,0.09765625
DSR_Simple_training,think,living,7,OTHER,"[3.1875,0.0,0.0,0.0]","[1.7319253264641306,-0.5773084421547102,-0.5773084421547102,-0.5773084421547102]","[0.298828125,-0.099609375,-0.099609375,-0.099609375]","[0.298828125,-0.099609375,-0.099609375,-0.099609375]",3.463850652928261,0.59765625,0.59765625
DSR_Simple_training,think,prod,2,ALL_ZERO,"[0.0,0.0,0.0,0.0]","[0.0,0.0,0.0,0.0]","[0.0,0.0,0.0,0.0]","[0.0,0.0,0.0,0.0]",0.0,0.0,0.0
DSR_Simple_training,think,video,20,OTHER,"[2.375,0.75,2.375,2.375]","[0.5772682295667987,-1.7318046887003962,0.5772682295667987,0.5772682295667987]","[0.05078125,-0.15234375,0.05078125,0.05078125]","[0.05078125,-0.15234375,0.05078125,0.05078125]",3.463609377400792,0.3046875,0.3046875
DSR_Simple_training,think,ad,4,OTHER,"[2.25,2.25,2.25,2.25]","[0.0,0.0,0.0,0.0]","[0.0,0.0,0.0,0.0]","[0.0,0.0,0.0,0.0]",0.0,0.0,0.0
DSR_Simple_training,think,ad,2,MULTI_EXACT,"[8.0,8.0,2.0,2.0]","[0.9999666677777407,0.9999666677777407,-0.9999666677777407,-0.9999666677777407]","[0.375,0.375,-0.375,-0.375]","[0.375,0.375,-0.375,-0.375]",3.9998666711109627,1.5,1.5
DSR_Simple_training,think,prod,3,A_ONLY,"[0.5,0.5,0.5,0.5]","[0.0,0.0,0.0,0.0]","[0.0,0.0,0.0,0.0]","[0.0,0.0,0.0,0.0]",0.0,0.0,0.0
DSR_Simple_training,think,video,20,A_ONLY,"[0.5,0.5,0.5,0.5]","[0.0,0.0,0.0,0.0]","[0.0,0.0,0.0,0.0]","[0.0,0.0,0.0,0.0]",0.0,0.0,0.0
DSR_Simple_training,think,prod,2,A_ONLY,"[0.0,0.0,0.0,0.5]","[-0.577083725634154,-0.577083725634154,-0.577083725634154,1.7312511769024619]","[-0.015625,-0.015625,-0.015625,0.046875]","[-0.015625,-0.015625,-0.015625,0.046875]",3.4625023538049238,0.09375,0.09375
DSR_Simple_training,think,ad,2,AB_SIGNAL,"[2.0,2.0,2.0,2.0]","[0.0,0.0,0.0,0.0]","[0.0,0.0,0.0,0.0]","[0.0,0.0,0.0,0.0]",0.0,0.0,0.0
DSR_Simple_training,think,prod,2,EXACT_SATURATED,"[8.0,8.0,8.0,8.0]","[0.0,0.0,0.0,0.0]","[0.0,0.0,0.0,0.0]","[0.0,0.0,0.0,0.0]",0.0,0.0,0.0
DSR_Simple_training,think,prod,3,A_ONLY,"[0.0,0.0,0.0,0.5]","[-0.577083725634154,-0.577083725634154,-0.577083725634154,1.7312511769024619]","[-0.015625,-0.015625,-0.015625,0.046875]","[-0.015625,-0.015625,-0.015625,0.046875]",3.4625023538049238,0.09375,0.09375
DSR_Simple_training,think,prod,2,ALL_ZERO,"[0.0,0.0,0.0,0.0]","[0.0,0.0,0.0,0.0]","[0.0,0.0,0.0,0.0]","[0.0,0.0,0.0,0.0]",0.0,0.0,0.0
DSR_Simple_training,think,living,4,OTHER,"[3.0,3.0,3.0,0.0]","[0.5773058281662529,0.5773058281662529,0.5773058281662529,-1.7319174844987586]","[0.09375,0.09375,0.09375,-0.28125]","[0.09375,0.09375,0.09375,-0.28125]",3.463834968997517,0.5625,0.5625
DSR_Simple_training,think,video,20,OTHER,"[2.25,2.25,2.375,2.25]","[-0.5762855695777033,-0.5762855695777033,1.7288567087331097,-0.5762855695777033]","[-0.00390625,-0.00390625,0.01171875,-0.00390625]","[-0.00390625,-0.00390625,0.01171875,-0.00390625]",3.4577134174662194,0.0234375,0.0234375
DSR_Simple_training,think,prod,2,A_ONLY,"[0.5,0.0,0.0,0.5]","[0.9996001599360256,-0.9996001599360256,-0.9996001599360256,0.9996001599360256]","[0.03125,-0.03125,-0.03125,0.03125]","[0.03125,-0.03125,-0.03125,0.03125]",3.9984006397441023,0.125,0.125
DSR_Simple_training,think,ad,3,MIXED_HIGH,"[8.25,8.25,8.25,8.25]","[0.0,0.0,0.0,0.0]","[0.03125,0.03125,0.03125,0.03125]","[0.0,0.0,0.0,0.0]",0.0,0.125,0.0
DSR_Simple_training,think,living,2,A_ONLY,"[0.5,0.5,0.5,0.5]","[0.0,0.0,0.0,0.0]","[0.0,0.0,0.0,0.0]","[0.0,0.0,0.0,0.0]",0.0,0.0,0.0
DSR_Simple_training,think,prod,2,EXACT_SATURATED,"[8.0,8.0,8.0,8.0]","[0.0,0.0,0.0,0.0]","[0.0,0.0,0.0,0.0]","[0.0,0.0,0.0,0.0]",0.0,0.0,0.0
DSR_Simple_training,think,ad,5,MIXED_HIGH,"[0.0,8.0,12.75,0.0]","[-0.9513695926229764,0.5158027911811318,1.386936394064821,-0.9513695926229764]","[-0.6484375,0.3515625,0.9453125,-0.6484375]","[-0.6484375,0.3515625,0.9453125,-0.6484375]",3.8054783704919055,2.59375,2.59375
DSR_Simple_training,think,ad,2,SINGLE_EXACT,"[0.5,0.5,0.75,8.0]","[-0.6029754027101624,-0.6029754027101624,-0.5251721249411091,1.7311229303614337]","[-0.2421875,-0.2421875,-0.2109375,0.6953125]","[-0.2421875,-0.2421875,-0.2109375,0.6953125]",3.4622458607228674,1.390625,1.390625
DSR_Simple_training,think,ad,2,A_ONLY,"[0.0,0.5,0.0,0.0]","[-0.577083725634154,1.7312511769024619,-0.577083725634154,-0.577083725634154]","[-0.015625,0.046875,-0.015625,-0.015625]","[-0.015625,0.046875,-0.015625,-0.015625]",3.462502353804924,0.09375,0.09375
DSR_Simple_training,think,ad,2,MIXED_HIGH,"[0.5,8.25,0.5,0.5]","[-0.5773330654012014,1.7319991962036043,-0.5773330654012014,-0.5773330654012014]","[-0.2421875,0.7265625,-0.2421875,-0.2421875]","[-0.2421875,0.7265625,-0.2421875,-0.2421875]",3.463998392407208,1.453125,1.453125
DSR_Simple_training,think,living,2,ALL_ZERO,"[0.0,0.0,0.0,0.0]","[0.0,0.0,0.0,0.0]","[0.0,0.0,0.0,0.0]","[0.0,0.0,0.0,0.0]",0.0,0.0,0.0
DSR_Simple_training,think,living,2,AB_SIGNAL,"[0.0,0.0,0.0,2.0]","[-0.5772836102200739,-0.5772836102200739,-0.5772836102200739,1.7318508306602218]","[-0.0625,-0.0625,-0.0625,0.1875]","[-0.0625,-0.0625,-0.0625,0.1875]",3.463701661320443,0.375,0.375
DSR_Simple_training,think,video,16,MIXED_HIGH,"[0.5,0.96875,8.4375,0.96875]","[-0.6708516807424671,-0.5291224524165938,1.7290965855756548,-0.5291224524165938]","[-0.27734375,-0.21875,0.71484375,-0.21875]","[-0.27734375,-0.21875,0.71484375,-0.21875]",3.4581931711513096,1.4296875,1.4296875
DSR_Simple_training,think,video,20,OTHER,"[3.59375,3.59375,3.21875,3.59375]","[0.5769949324647409,0.5769949324647409,-1.7309847973942227,0.5769949324647409]","[0.01171875,0.01171875,-0.03515625,0.01171875]","[0.01171875,0.01171875,-0.03515625,0.01171875]",3.4619695947884455,0.0703125,0.0703125
DSR_Simple_training,think,prod,3,ALL_ZERO,"[0.0,0.0,0.0,0.0]","[0.0,0.0,0.0,0.0]","[0.0,0.0,0.0,0.0]","[0.0,0.0,0.0,0.0]",0.0,0.0,0.0
DSR_Simple_training,think,prod,2,EXACT_SATURATED,"[8.0,8.0,8.0,8.0]","[0.0,0.0,0.0,0.0]","[0.0,0.0,0.0,0.0]","[0.0,0.0,0.0,0.0]",0.0,0.0,0.0
DSR_Simple_training,think,prod,2,A_ONLY,"[0.5,0.5,0.5,0.5]","[0.0,0.0,0.0,0.0]","[0.0,0.0,0.0,0.0]","[0.0,0.0,0.0,0.0]",0.0,0.0,0.0
DSR_Simple_training,think,ad,2,A_ONLY,"[0.5,0.5,0.5,0.5]","[0.0,0.0,0.0,0.0]","[0.0,0.0,0.0,0.0]","[0.0,0.0,0.0,0.0]",0.0,0.0,0.0
DSR_Simple_training,think,living,2,MIXED_HIGH,"[9.0,9.0,9.0,9.0]","[0.0,0.0,0.0,0.0]","[0.125,0.125,0.125,0.125]","[0.0,0.0,0.0,0.0]",0.0,0.5,0.0
DSR_Simple_training,think,prod,2,ALL_ZERO,"[0.0,0.0,0.0,0.0]","[0.0,0.0,0.0,0.0]","[0.0,0.0,0.0,0.0]","[0.0,0.0,0.0,0.0]",0.0,0.0,0.0
DSR_Simple_training,think,ad,2,A_ONLY,"[0.5,0.5,0.5,0.5]","[0.0,0.0,0.0,0.0]","[0.0,0.0,0.0,0.0]","[0.0,0.0,0.0,0.0]",0.0,0.0,0.0
DSR_Simple_training,think,prod,2,ALL_ZERO,"[0.0,0.0,0.0,0.0]","[0.0,0.0,0.0,0.0]","[0.0,0.0,0.0,0.0]","[0.0,0.0,0.0,0.0]",0.0,0.0,0.0
DSR_Simple_training,think,prod,2,ALL_ZERO,"[0.0,0.0,0.0,0.0]","[0.0,0.0,0.0,0.0]","[0.0,0.0,0.0,0.0]","[0.0,0.0,0.0,0.0]",0.0,0.0,0.0
DSR_Simple_training,think,video,12,AB_SIGNAL,"[2.0,0.0,2.0,0.0]","[0.9999000099990001,-0.9999000099990001,0.9999000099990001,-0.9999000099990001]","[0.125,-0.125,0.125,-0.125]","[0.125,-0.125,0.125,-0.125]",3.9996000399960003,0.5,0.5
DSR_Simple_training,think,ad,2,ALL_ZERO,"[0.0,0.0,0.0,0.0]","[0.0,0.0,0.0,0.0]","[0.0,0.0,0.0,0.0]","[0.0,0.0,0.0,0.0]",0.0,0.0,0.0
DSR_Simple_training,think,ad,5,MIXED_HIGH,"[15.0,15.0,15.0,15.0]","[0.0,0.0,0.0,0.0]","[0.875,0.875,0.875,0.875]","[0.0,0.0,0.0,0.0]",0.0,3.5,0.0
DSR_Simple_training,think,living,2,EXACT_SATURATED,"[8.0,8.0,8.0,8.0]","[0.0,0.0,0.0,0.0]","[0.0,0.0,0.0,0.0]","[0.0,0.0,0.0,0.0]",0.0,0.0,0.0
DSR_Simple_training,think,ad,2,ALL_ZERO,"[0.0,0.0,0.0,0.0]","[0.0,0.0,0.0,0.0]","[0.0,0.0,0.0,0.0]","[0.0,0.0,0.0,0.0]",0.0,0.0,0.0
DSR_Simple_training,think,prod,4,MIXED_HIGH,"[0.75,12.1875,0.875,0.75]","[-0.5857509565858436,1.7319230986619267,-0.5604211854902396,-0.5857509565858436]","[-0.361328125,1.068359375,-0.345703125,-0.361328125]","[-0.361328125,1.068359375,-0.345703125,-0.361328125]",3.4638461973238535,2.13671875,2.13671875
DSR_Simple_training,think,video,20,MIXED_HIGH,"[9.21875,9.21875,9.21875,3.1875]","[0.577328162954912,0.577328162954912,0.577328162954912,-1.7319844888647358]","[0.1884765625,0.1884765625,0.1884765625,-0.5654296875]","[0.1884765625,0.1884765625,0.1884765625,-0.5654296875]",3.463968977729472,1.130859375,1.130859375
DSR_Simple_training,think,prod,2,ALL_ZERO,"[0.0,0.0,0.0,0.0]","[0.0,0.0,0.0,0.0]","[0.0,0.0,0.0,0.0]","[0.0,0.0,0.0,0.0]",0.0,0.0,0.0
DSR_Simple_training,think,video,20,MIXED_HIGH,"[9.125,9.1875,9.0,9.59375]","[-0.4562866550818216,-0.17549486733916214,-1.0178702305671403,1.649651752988124]","[0.140625,0.1484375,0.125,0.19921875]","[0.0,0.0,0.0,0.0458984375]",3.299303505976248,0.61328125,0.0458984375
DSR_Simple_training,think,ad,2,ALL_ZERO,"[0.0,0.0,0.0,0.0]","[0.0,0.0,0.0,0.0]","[0.0,0.0,0.0,0.0]","[0.0,0.0,0.0,0.0]",0.0,0.0,0.0
DSR_Simple_training,think,living,3,OTHER,"[3.0,3.0,3.0,0.0]","[0.5773058281662529,0.5773058281662529,0.5773058281662529,-1.7319174844987586]","[0.09375,0.09375,0.09375,-0.28125]","[0.09375,0.09375,0.09375,-0.28125]",3.463834968997517,0.5625,0.5625
DSR_Simple_training,think,video,11,OTHER,"[3.125,3.0,3.125,3.1875]","[0.2290793856122267,-1.603555699285587,0.2290793856122267,1.1453969280611336]","[0.001953125,-0.013671875,0.001953125,0.009765625]","[0.001953125,-0.013671875,0.001953125,0.009765625]",3.207111398571174,0.02734375,0.02734375
DSR_Simple_training,think,prod,3,A_ONLY,"[0.5,0.0,0.5,0.0]","[0.9996001599360256,-0.9996001599360256,0.9996001599360256,-0.9996001599360256]","[0.03125,-0.03125,0.03125,-0.03125]","[0.03125,-0.03125,0.03125,-0.03125]",3.9984006397441023,0.125,0.125
DSR_Simple_training,think,prod,2,MULTI_EXACT,"[2.0,8.0,8.0,2.0]","[-0.9999666677777407,0.9999666677777407,0.9999666677777407,-0.9999666677777407]","[-0.375,0.375,0.375,-0.375]","[-0.375,0.375,0.375,-0.375]",3.9998666711109627,1.5,1.5
DSR_Simple_training,think,ad,2,A_ONLY,"[0.5,0.5,0.5,0.5]","[0.0,0.0,0.0,0.0]","[0.0,0.0,0.0,0.0]","[0.0,0.0,0.0,0.0]",0.0,0.0,0.0
DSR_Simple_training,think,video,12,MIXED_HIGH,"[9.0,9.0,2.0,2.0]","[0.9999714293877318,0.9999714293877318,-0.9999714293877318,-0.9999714293877318]","[0.4375,0.4375,-0.4375,-0.4375]","[0.4375,0.4375,-0.4375,-0.4375]",3.999885717550927,1.75,1.75
DSR_Simple_training,think,ad,3,MIXED_HIGH,"[8.25,0.0,8.25,8.25]","[0.5773341080258594,-1.7320023240775781,0.5773341080258594,0.5773341080258594]","[0.2578125,-0.7734375,0.2578125,0.2578125]","[0.2578125,-0.7734375,0.2578125,0.2578125]",3.4640046481551563,1.546875,1.546875
DSR_Simple_training,think,prod,3,A_ONLY,"[0.5,0.5,0.5,0.5]","[0.0,0.0,0.0,0.0]","[0.0,0.0,0.0,0.0]","[0.0,0.0,0.0,0.0]",0.0,0.0,0.0
DSR_Simple_training,think,prod,2,ALL_ZERO,"[0.0,0.0,0.0,0.0]","[0.0,0.0,0.0,0.0]","[0.0,0.0,0.0,0.0]","[0.0,0.0,0.0,0.0]",0.0,0.0,0.0
DSR_Simple_training,think,prod,2,ALL_ZERO,"[0.0,0.0,0.0,0.0]","[0.0,0.0,0.0,0.0]","[0.0,0.0,0.0,0.0]","[0.0,0.0,0.0,0.0]",0.0,0.0,0.0
DSR_Simple_training,think,ad,2,ALL_ZERO,"[0.0,0.0,0.0,0.0]","[0.0,0.0,0.0,0.0]","[0.0,0.0,0.0,0.0]","[0.0,0.0,0.0,0.0]",0.0,0.0,0.0
DSR_Simple_training,think,video,20,MIXED_HIGH,"[3.609375,9.951171875,3.80859375,9.904296875]","[-1.0317226758849292,1.0072326062808437,-0.9676717246127058,0.9921617942167912]","[-0.401123046875,0.3916015625,-0.376220703125,0.3857421875]","[-0.401123046875,0.3916015625,-0.376220703125,0.3857421875]",3.9987888009952703,1.5546875,1.5546875
DSR_Simple_training,think,video,17,OTHER,"[0.875,0.875,0.75,0.75]","[0.998402555910543,0.998402555910543,-0.998402555910543,-0.998402555910543]","[0.0078125,0.0078125,-0.0078125,-0.0078125]","[0.0078125,0.0078125,-0.0078125,-0.0078125]",3.993610223642172,0.03125,0.03125
DSR_Simple_training,think,ad,2,EXACT_SATURATED,"[8.0,8.0,8.0,8.0]","[0.0,0.0,0.0,0.0]","[0.0,0.0,0.0,0.0]","[0.0,0.0,0.0,0.0]",0.0,0.0,0.0
DSR_Simple_training,think,living,2,MIXED_HIGH,"[8.25,8.25,8.25,8.25]","[0.0,0.0,0.0,0.0]","[0.03125,0.03125,0.03125,0.03125]","[0.0,0.0,0.0,0.0]",0.0,0.125,0.0
DSR_Simple_training,think,prod,2,AB_SIGNAL,"[2.0,2.0,2.0,2.0]","[0.0,0.0,0.0,0.0]","[0.0,0.0,0.0,0.0]","[0.0,0.0,0.0,0.0]",0.0,0.0,0.0
DSR_Simple_training,think,living,2,A_ONLY,"[0.0,0.5,0.0,0.5]","[-0.9996001599360256,0.9996001599360256,-0.9996001599360256,0.9996001599360256]","[-0.03125,0.03125,-0.03125,0.03125]","[-0.03125,0.03125,-0.03125,0.03125]",3.9984006397441023,0.125,0.125
DSR_Simple_training,think,ad,4,MIXED_HIGH,"[12.0,8.0,0.0,12.0]","[0.8164799146012595,0.0,-1.632959829202519,0.8164799146012595]","[0.5,0.0,-1.0,0.5]","[0.5,0.0,-1.0,0.5]",3.265919658405038,2.0,2.0
DSR_Simple_training,think,living,2,OTHER,"[2.25,2.25,2.25,2.25]","[0.0,0.0,0.0,0.0]","[0.0,0.0,0.0,0.0]","[0.0,0.0,0.0,0.0]",0.0,0.0,0.0
DSR_Simple_training,think,video,18,MIXED_HIGH,"[9.59375,9.796875,9.59375,9.796875]","[-0.9990163531292265,0.9990163531292265,-0.9990163531292265,0.9990163531292265]","[0.19921875,0.224609375,0.19921875,0.224609375]","[0.0,0.0126953125,0.0,0.0126953125]",3.996065412516906,0.84765625,0.025390625
DSR_Simple_training,think,video,19,A_ONLY,"[2.25,0.5,3.5625,2.25]","[0.10049454716522375,-1.5074182074783564,1.3064291131479089,0.10049454716522375]","[0.013671875,-0.205078125,0.177734375,0.013671875]","[0.013671875,-0.205078125,0.177734375,0.013671875]",3.0148364149567124,0.41015625,0.41015625
DSR_Simple_training,think,ad,2,ALL_ZERO,"[0.0,0.0,0.0,0.0]","[0.0,0.0,0.0,0.0]","[0.0,0.0,0.0,0.0]","[0.0,0.0,0.0,0.0]",0.0,0.0,0.0
DSR_Simple_training,think,video,11,MULTI_EXACT,"[8.25,8.0,8.25,8.0]","[0.9992006394884093,-0.9992006394884093,0.9992006394884093,-0.9992006394884093]","[0.03125,0.0,0.03125,0.0]","[0.015625,0.0,0.015625,0.0]",3.9968025579536373,0.0625,0.03125
DSR_Simple_training,think,ad,2,ALL_ZERO,"[0.0,0.0,0.0,0.0]","[0.0,0.0,0.0,0.0]","[0.0,0.0,0.0,0.0]","[0.0,0.0,0.0,0.0]",0.0,0.0,0.0
DSR_Simple_training,think,video,20,MIXED_HIGH,"[3.125,0.75,9.125,9.125]","[-0.6519864306016423,-1.2955055049617048,0.9737459677816735,0.9737459677816735]","[-0.30078125,-0.59765625,0.44921875,0.44921875]","[-0.30078125,-0.59765625,0.44921875,0.44921875]",3.894983871126694,1.796875,1.796875
DSR_Simple_training,think,video,13,MIXED_HIGH,"[9.1875,8.25,8.25,8.375]","[1.7168157839202252,-0.6787411238754378,-0.6787411238754378,-0.35933353616934943]","[0.1484375,0.03125,0.03125,0.046875]","[0.083984375,0.0,0.0,0.0]",3.4336315678404503,0.2578125,0.083984375
DSR_Simple_training,think,prod,2,ALL_ZERO,"[0.0,0.0,0.0,0.0]","[0.0,0.0,0.0,0.0]","[0.0,0.0,0.0,0.0]","[0.0,0.0,0.0,0.0]",0.0,0.0,0.0
DSR_Simple_training,think,video,12,A_ONLY,"[0.75,0.0,0.5,0.0]","[1.3467359409848307,-0.9619542435605934,0.577172546136356,-0.9619542435605934]","[0.0546875,-0.0390625,0.0234375,-0.0390625]","[0.0546875,-0.0390625,0.0234375,-0.0390625]",3.847816974242374,0.15625,0.15625
DSR_Simple_training,think,living,3,OTHER,"[3.0,2.25,2.25,2.25]","[1.7315176384090682,-0.577172546136356,-0.577172546136356,-0.577172546136356]","[0.0703125,-0.0234375,-0.0234375,-0.0234375]","[0.0703125,-0.0234375,-0.0234375,-0.0234375]",3.4630352768181365,0.140625,0.140625
DSR_Simple_training,think,prod,2,ALL_ZERO,"[0.0,0.0,0.0,0.0]","[0.0,0.0,0.0,0.0]","[0.0,0.0,0.0,0.0]","[0.0,0.0,0.0,0.0]",0.0,0.0,0.0
DSR_Simple_training,think,prod,2,A_ONLY,"[0.5,0.5,0.5,0.5]","[0.0,0.0,0.0,0.0]","[0.0,0.0,0.0,0.0]","[0.0,0.0,0.0,0.0]",0.0,0.0,0.0
DSR_Simple_training,think,ad,2,MIXED_HIGH,"[8.25,8.25,8.0,8.25]","[0.5768174280738311,0.5768174280738311,-1.730452284221493,0.5768174280738311]","[0.03125,0.03125,0.0,0.03125]","[0.0078125,0.0078125,0.0,0.0078125]",3.4609045684429867,0.09375,0.0234375
DSR_Simple_training,think,video,13,OTHER,"[2.4375,0.75,0.9375,2.4375]","[0.9964330368562009,-1.1136604529569305,-0.8792056207554714,0.9964330368562009]","[0.099609375,-0.111328125,-0.087890625,0.099609375]","[0.099609375,-0.111328125,-0.087890625,0.099609375]",3.9857321474248035,0.3984375,0.3984375
DSR_Simple_training,think,ad,2,EXACT_SATURATED,"[8.0,8.0,8.0,8.0]","[0.0,0.0,0.0,0.0]","[0.0,0.0,0.0,0.0]","[0.0,0.0,0.0,0.0]",0.0,0.0,0.0
DSR_Simple_training,think,video,20,A_ONLY,"[0.5,0.5,0.5,0.5]","[0.0,0.0,0.0,0.0]","[0.0,0.0,0.0,0.0]","[0.0,0.0,0.0,0.0]",0.0,0.0,0.0
DSR_Simple_training,think,video,20,MIXED_HIGH,"[0.96875,0.9375,0.875,8.375]","[-0.5643821323044851,-0.5740710959491974,-0.5934490232386217,1.7319022514923041]","[-0.2275390625,-0.2314453125,-0.2392578125,0.6982421875]","[-0.2275390625,-0.2314453125,-0.2392578125,0.6982421875]",3.4638045029846083,1.396484375,1.396484375
DSR_Simple_training,think,prod,3,MIXED_HIGH,"[0.0,8.25,0.0,8.25]","[-0.9999757581634385,0.9999757581634385,-0.9999757581634385,0.9999757581634385]","[-0.515625,0.515625,-0.515625,0.515625]","[-0.515625,0.515625,-0.515625,0.515625]",3.999903032653754,2.0625,2.0625
DSR_Simple_training,think,ad,2,A_ONLY,"[0.5,0.5,0.0,0.5]","[0.577083725634154,0.577083725634154,-1.7312511769024619,0.577083725634154]","[0.015625,0.015625,-0.046875,0.015625]","[0.015625,0.015625,-0.046875,0.015625]",3.462502353804924,0.09375,0.09375
DSR_Simple_training,think,prod,2,MULTI_EXACT,"[0.0,8.0,8.0,8.0]","[-1.7320008090122112,0.5773336030040704,0.5773336030040704,0.5773336030040704]","[-0.75,0.25,0.25,0.25]","[-0.75,0.25,0.25,0.25]",3.464001618024423,1.5,1.5
DSR_Simple_training,think,video,20,A_ONLY,"[0.0,0.75,0.5,0.5]","[-1.6053208797055876,1.1466577712182768,0.22933155424365537,0.22933155424365537]","[-0.0546875,0.0390625,0.0078125,0.0078125]","[-0.0546875,0.0390625,0.0078125,0.0078125]",3.2106417594111756,0.109375,0.109375
DSR_Simple_training,think,prod,2,ALL_ZERO,"[0.0,0.0,0.0,0.0]","[0.0,0.0,0.0,0.0]","[0.0,0.0,0.0,0.0]","[0.0,0.0,0.0,0.0]",0.0,0.0,0.0
DSR_Simple_training,think,prod,7,A_ONLY,"[0.5,0.0,0.5,0.5]","[0.577083725634154,-1.7312511769024619,0.577083725634154,0.577083725634154]","[0.015625,-0.046875,0.015625,0.015625]","[0.015625,-0.046875,0.015625,0.015625]",3.462502353804924,0.09375,0.09375
DSR_Simple_training,think,ad,4,A_ONLY,"[0.5,0.5,0.5,0.5]","[0.0,0.0,0.0,0.0]","[0.0,0.0,0.0,0.0]","[0.0,0.0,0.0,0.0]",0.0,0.0,0.0
DSR_Simple_training,think,prod,2,AB_SIGNAL,"[2.0,2.0,2.0,2.0]","[0.0,0.0,0.0,0.0]","[0.0,0.0,0.0,0.0]","[0.0,0.0,0.0,0.0]",0.0,0.0,0.0
DSR_Simple_training,think,video,12,AB_SIGNAL,"[2.0,2.0,2.0,2.0]","[0.0,0.0,0.0,0.0]","[0.0,0.0,0.0,0.0]","[0.0,0.0,0.0,0.0]",0.0,0.0,0.0
DSR_Simple_training,think,prod,2,ALL_ZERO,"[0.0,0.0,0.0,0.0]","[0.0,0.0,0.0,0.0]","[0.0,0.0,0.0,0.0]","[0.0,0.0,0.0,0.0]",0.0,0.0,0.0
DSR_Simple_training,think,ad,2,AB_SIGNAL,"[0.5,2.0,0.5,0.5]","[-0.5772613939839699,1.7317841819519098,-0.5772613939839699,-0.5772613939839699]","[-0.046875,0.140625,-0.046875,-0.046875]","[-0.046875,0.140625,-0.046875,-0.046875]",3.4635683639038195,0.28125,0.28125
DSR_Simple_training,think,ad,2,AB_SIGNAL,"[2.0,2.0,2.0,0.5]","[0.5772613939839699,0.5772613939839699,0.5772613939839699,-1.7317841819519098]","[0.046875,0.046875,0.046875,-0.140625]","[0.046875,0.046875,0.046875,-0.140625]",3.4635683639038195,0.28125,0.28125
DSR_Simple_training,think,video,11,OTHER,"[0.0,2.25,2.25,2.25]","[-1.7318730480363465,0.5772910160121155,0.5772910160121155,0.5772910160121155]","[-0.2109375,0.0703125,0.0703125,0.0703125]","[-0.2109375,0.0703125,0.0703125,0.0703125]",3.463746096072693,0.421875,0.421875
DSR_Simple_training,think,video,15,A_ONLY,"[0.5,0.0,0.0,0.5]","[0.9996001599360256,-0.9996001599360256,-0.9996001599360256,0.9996001599360256]","[0.03125,-0.03125,-0.03125,0.03125]","[0.03125,-0.03125,-0.03125,0.03125]",3.9984006397441023,0.125,0.125
DSR_Simple_training,think,video,12,OTHER,"[2.25,2.25,2.25,2.25]","[0.0,0.0,0.0,0.0]","[0.0,0.0,0.0,0.0]","[0.0,0.0,0.0,0.0]",0.0,0.0,0.0
DSR_Simple_training,think,prod,2,ALL_ZERO,"[0.0,0.0,0.0,0.0]","[0.0,0.0,0.0,0.0]","[0.0,0.0,0.0,0.0]","[0.0,0.0,0.0,0.0]",0.0,0.0,0.0
DSR_Simple_training,think,ad,2,A_ONLY,"[0.5,0.5,0.5,0.5]","[0.0,0.0,0.0,0.0]","[0.0,0.0,0.0,0.0]","[0.0,0.0,0.0,0.0]",0.0,0.0,0.0
DSR_Simple_training,think,ad,2,A_ONLY,"[0.5,0.5,0.5,0.5]","[0.0,0.0,0.0,0.0]","[0.0,0.0,0.0,0.0]","[0.0,0.0,0.0,0.0]",0.0,0.0,0.0
DSR_Simple_training,think,prod,2,A_ONLY,"[0.5,0.5,0.5,0.5]","[0.0,0.0,0.0,0.0]","[0.0,0.0,0.0,0.0]","[0.0,0.0,0.0,0.0]",0.0,0.0,0.0
DSR_Simple_training,think,prod,2,ALL_ZERO,"[0.0,0.0,0.0,0.0]","[0.0,0.0,0.0,0.0]","[0.0,0.0,0.0,0.0]","[0.0,0.0,0.0,0.0]",0.0,0.0,0.0
DSR_Simple_training,think,living,3,A_ONLY,"[0.5,0.5,0.5,0.5]","[0.0,0.0,0.0,0.0]","[0.0,0.0,0.0,0.0]","[0.0,0.0,0.0,0.0]",0.0,0.0,0.0
DSR_Simple_training,think,living,2,A_ONLY,"[0.0,0.0,0.5,0.0]","[-0.577083725634154,-0.577083725634154,1.7312511769024619,-0.577083725634154]","[-0.015625,-0.015625,0.046875,-0.015625]","[-0.015625,-0.015625,0.046875,-0.015625]",3.462502353804924,0.09375,0.09375
DSR_Simple_training,think,ad,2,A_ONLY,"[0.0,0.5,0.5,0.5]","[-1.7312511769024619,0.577083725634154,0.577083725634154,0.577083725634154]","[-0.046875,0.015625,0.015625,0.015625]","[-0.046875,0.015625,0.015625,0.015625]",3.462502353804924,0.09375,0.09375
DSR_Simple_training,think,ad,2,A_ONLY,"[0.5,0.5,0.5,0.5]","[0.0,0.0,0.0,0.0]","[0.0,0.0,0.0,0.0]","[0.0,0.0,0.0,0.0]",0.0,0.0,0.0
DSR_Simple_training,think,video,12,MULTI_EXACT,"[8.0,8.0,8.0,2.0]","[0.5773280478227043,0.5773280478227043,0.5773280478227043,-1.731984143468113]","[0.1875,0.1875,0.1875,-0.5625]","[0.1875,0.1875,0.1875,-0.5625]",3.463968286936226,1.125,1.125
DSR_Simple_training,think,prod,2,MIXED_HIGH,"[0.5,9.0,9.0,9.0]","[-1.7320037500238743,0.5773345833412914,0.5773345833412914,0.5773345833412914]","[-0.796875,0.265625,0.265625,0.265625]","[-0.796875,0.265625,0.265625,0.265625]",3.464007500047748,1.59375,1.59375
DSR_Simple_training,think,living,2,A_ONLY,"[0.5,0.0,0.0,0.5]","[0.9996001599360256,-0.9996001599360256,-0.9996001599360256,0.9996001599360256]","[0.03125,-0.03125,-0.03125,0.03125]","[0.03125,-0.03125,-0.03125,0.03125]",3.9984006397441023,0.125,0.125
DSR_Simple_training,think,prod,5,ALL_ZERO,"[0.0,0.0,0.0,0.0]","[0.0,0.0,0.0,0.0]","[0.0,0.0,0.0,0.0]","[0.0,0.0,0.0,0.0]",0.0,0.0,0.0
DSR_Simple_training,think,ad,2,EXACT_SATURATED,"[8.0,8.0,8.0,8.0]","[0.0,0.0,0.0,0.0]","[0.0,0.0,0.0,0.0]","[0.0,0.0,0.0,0.0]",0.0,0.0,0.0
DSR_Simple_training,think,video,20,MIXED_HIGH,"[8.25,8.25,0.0,0.0]","[0.9999757581634385,0.9999757581634385,-0.9999757581634385,-0.9999757581634385]","[0.515625,0.515625,-0.515625,-0.515625]","[0.515625,0.515625,-0.515625,-0.515625]",3.999903032653754,2.0625,2.0625
DSR_Simple_training,think,living,2,MIXED_HIGH,"[0.0,0.0,0.0,9.0]","[-0.5773354547549495,-0.5773354547549495,-0.5773354547549495,1.7320063642648484]","[-0.28125,-0.28125,-0.28125,0.84375]","[-0.28125,-0.28125,-0.28125,0.84375]",3.4640127285296973,1.6875,1.6875
DSR_Simple_training,think,ad,3,AB_SIGNAL,"[3.125,2.0,2.25,2.0]","[1.6889782281682906,-0.7431504203940478,-0.20267738738019486,-0.7431504203940478]","[0.09765625,-0.04296875,-0.01171875,-0.04296875]","[0.09765625,-0.04296875,-0.01171875,-0.04296875]",3.377956456336581,0.1953125,0.1953125
DSR_Simple_training,think,video,20,A_ONLY,"[0.5,0.0,0.0,0.5]","[0.9996001599360256,-0.9996001599360256,-0.9996001599360256,0.9996001599360256]","[0.03125,-0.03125,-0.03125,0.03125]","[0.03125,-0.03125,-0.03125,0.03125]",3.9984006397441023,0.125,0.125
DSR_Simple_training,think,prod,3,ALL_ZERO,"[0.0,0.0,0.0,0.0]","[0.0,0.0,0.0,0.0]","[0.0,0.0,0.0,0.0]","[0.0,0.0,0.0,0.0]",0.0,0.0,0.0
DSR_Simple_training,think,video,15,MIXED_HIGH,"[14.25,12.5,12.5,12.5]","[1.7318222662999319,-0.5772740887666439,-0.5772740887666439,-0.5772740887666439]","[0.78125,0.5625,0.5625,0.5625]","[0.1640625,0.0,0.0,0.0]",3.4636445325998633,2.46875,0.1640625
DSR_Simple_training,think,video,13,A_ONLY,"[0.5,0.5,0.5,0.0]","[0.577083725634154,0.577083725634154,0.577083725634154,-1.7312511769024619]","[0.015625,0.015625,0.015625,-0.046875]","[0.015625,0.015625,0.015625,-0.046875]",3.4625023538049238,0.09375,0.09375
DSR_Simple_training,think,ad,4,MIXED_HIGH,"[12.0,12.0,12.0,12.0]","[0.0,0.0,0.0,0.0]","[0.5,0.5,0.5,0.5]","[0.0,0.0,0.0,0.0]",0.0,2.0,0.0
DSR_Simple_training,think,prod,2,ALL_ZERO,"[0.0,0.0,0.0,0.0]","[0.0,0.0,0.0,0.0]","[0.0,0.0,0.0,0.0]","[0.0,0.0,0.0,0.0]",0.0,0.0,0.0
DSR_Simple_training,think,living,2,MULTI_EXACT,"[9.0,8.0,8.0,8.0]","[1.731650899923592,-0.5772169666411974,-0.5772169666411974,-0.5772169666411974]","[0.125,0.0,0.0,0.0]","[0.09375,0.0,0.0,0.0]",3.463301799847184,0.125,0.09375
DSR_Simple_training,think,prod,2,AB_SIGNAL,"[2.0,2.0,2.0,2.0]","[0.0,0.0,0.0,0.0]","[0.0,0.0,0.0,0.0]","[0.0,0.0,0.0,0.0]",0.0,0.0,0.0
DSR_Simple_training,think,ad,3,OTHER,"[0.75,0.75,0.75,2.25]","[-0.5772613939839699,-0.5772613939839699,-0.5772613939839699,1.7317841819519098]","[-0.046875,-0.046875,-0.046875,0.140625]","[-0.046875,-0.046875,-0.046875,0.140625]",3.4635683639038195,0.28125,0.28125
DSR_Simple_training,think,video,20,OTHER,"[0.0,0.75,0.0,0.0]","[-0.577172546136356,1.7315176384090682,-0.577172546136356,-0.577172546136356]","[-0.0234375,0.0703125,-0.0234375,-0.0234375]","[-0.0234375,0.0703125,-0.0234375,-0.0234375]",3.4630352768181365,0.140625,0.140625
DSR_Simple_training,think,prod,3,MULTI_EXACT,"[9.0,8.0,8.0,9.0]","[0.9998000399920016,-0.9998000399920016,-0.9998000399920016,0.9998000399920016]","[0.125,0.0,0.0,0.125]","[0.0625,0.0,0.0,0.0625]",3.9992001599680065,0.25,0.125
DSR_Simple_training,think,living,2,ALL_ZERO,"[0.0,0.0,0.0,0.0]","[0.0,0.0,0.0,0.0]","[0.0,0.0,0.0,0.0]","[0.0,0.0,0.0,0.0]",0.0,0.0,0.0
DSR_Simple_training,think,video,12,OTHER,"[0.75,0.75,0.75,0.75]","[0.0,0.0,0.0,0.0]","[0.0,0.0,0.0,0.0]","[0.0,0.0,0.0,0.0]",0.0,0.0,0.0
DSR_Simple_training,think,video,11,A_ONLY,"[0.5,0.5,0.5,0.5]","[0.0,0.0,0.0,0.0]","[0.0,0.0,0.0,0.0]","[0.0,0.0,0.0,0.0]",0.0,0.0,0.0
DSR_Simple_training,think,video,15,A_ONLY,"[0.5,0.75,0.875,0.5]","[-0.9616582207745682,0.5769949324647409,1.3463215090843954,-0.9616582207745682]","[-0.01953125,0.01171875,0.02734375,-0.01953125]","[-0.01953125,0.01171875,0.02734375,-0.01953125]",3.846632883098273,0.078125,0.078125
DSR_Simple_training,think,prod,3,OTHER,"[3.0,2.25,0.0,2.25]","[0.9999111190116434,0.33330370633721446,-1.6665185316860724,0.33330370633721446]","[0.140625,0.046875,-0.234375,0.046875]","[0.140625,0.046875,-0.234375,0.046875]",3.333037063372145,0.46875,0.46875
DSR_Simple_training,think,video,20,AB_SIGNAL,"[3.125,3.125,2.4375,2.0]","[0.9461816172802807,0.9461816172802807,-0.48940428480014525,-1.4029589497604162]","[0.056640625,0.056640625,-0.029296875,-0.083984375]","[0.056640625,0.056640625,-0.029296875,-0.083984375]",3.7847264691211233,0.2265625,0.2265625
DSR_Simple_training,think,ad,2,AB_SIGNAL,"[3.0,3.0,3.0,2.0]","[0.5772169666411974,0.5772169666411974,0.5772169666411974,-1.731650899923592]","[0.03125,0.03125,0.03125,-0.09375]","[0.03125,0.03125,0.03125,-0.09375]",3.4633017998471844,0.1875,0.1875
DSR_Simple_training,think,living,2,ALL_ZERO,"[0.0,0.0,0.0,0.0]","[0.0,0.0,0.0,0.0]","[0.0,0.0,0.0,0.0]","[0.0,0.0,0.0,0.0]",0.0,0.0,0.0
DSR_Simple_training,think,ad,3,SINGLE_EXACT,"[0.5,0.5,0.5,8.0]","[-0.5773324919592446,-0.5773324919592446,-0.5773324919592446,1.731997475877734]","[-0.234375,-0.234375,-0.234375,0.703125]","[-0.234375,-0.234375,-0.234375,0.703125]",3.463994951755468,1.40625,1.40625
DSR_Simple_training,think,prod,2,A_ONLY,"[0.0,0.5,0.0,0.5]","[-0.9996001599360256,0.9996001599360256,-0.9996001599360256,0.9996001599360256]","[-0.03125,0.03125,-0.03125,0.03125]","[-0.03125,0.03125,-0.03125,0.03125]",3.9984006397441023,0.125,0.125
DSR_Simple_training,think,video,20,A_ONLY,"[0.5,0.0,2.25,2.25]","[-0.7384762257642506,-1.2307937096070845,0.9846349676856676,0.9846349676856676]","[-0.09375,-0.15625,0.125,0.125]","[-0.09375,-0.15625,0.125,0.125]",3.9385398707426704,0.5,0.5
DSR_Simple_training,think,ad,2,MIXED_HIGH,"[12.0,12.0,12.0,12.0]","[0.0,0.0,0.0,0.0]","[0.5,0.5,0.5,0.5]","[0.0,0.0,0.0,0.0]",0.0,2.0,0.0
DSR_Simple_training,think,ad,2,AB_SIGNAL,"[2.0,2.0,2.0,2.0]","[0.0,0.0,0.0,0.0]","[0.0,0.0,0.0,0.0]","[0.0,0.0,0.0,0.0]",0.0,0.0,0.0
DSR_Simple_training,think,video,12,MIXED_HIGH,"[8.25,8.25,8.25,0.0]","[0.5773341080258594,0.5773341080258594,0.5773341080258594,-1.7320023240775781]","[0.2578125,0.2578125,0.2578125,-0.7734375]","[0.2578125,0.2578125,0.2578125,-0.7734375]",3.4640046481551563,1.546875,1.546875
DSR_Simple_training,think,video,11,OTHER,"[0.75,0.75,0.75,0.75]","[0.0,0.0,0.0,0.0]","[0.0,0.0,0.0,0.0]","[0.0,0.0,0.0,0.0]",0.0,0.0,0.0
DSR_Simple_training,think,ad,3,A_ONLY,"[0.5,0.5,0.5,0.5]","[0.0,0.0,0.0,0.0]","[0.0,0.0,0.0,0.0]","[0.0,0.0,0.0,0.0]",0.0,0.0,0.0
DSR_Simple_training,think,video,13,AB_SIGNAL,"[2.0,3.0,3.125,3.0]","[-1.7206919136409193,0.4817937358194574,0.7571044420020044,0.4817937358194574]","[-0.09765625,0.02734375,0.04296875,0.02734375]","[-0.09765625,0.02734375,0.04296875,0.02734375]",3.4413838272818387,0.1953125,0.1953125
DSR_Simple_training,think,prod,2,ALL_ZERO,"[0.0,0.0,0.0,0.0]","[0.0,0.0,0.0,0.0]","[0.0,0.0,0.0,0.0]","[0.0,0.0,0.0,0.0]",0.0,0.0,0.0
DSR_Simple_training,think,video,12,MIXED_HIGH,"[14.1171875,14.1171875,14.1171875,14.109375]","[0.5607736139838397,0.5607736139838397,0.5607736139838397,-1.6823208419515192]","[0.7646484375,0.7646484375,0.7646484375,0.763671875]","[0.000244140625,0.000244140625,0.000244140625,0.0]",3.3646416839030384,3.0576171875,0.000732421875
DSR_Simple_training,think,living,2,MIXED_HIGH,"[8.25,8.25,8.25,8.25]","[0.0,0.0,0.0,0.0]","[0.03125,0.03125,0.03125,0.03125]","[0.0,0.0,0.0,0.0]",0.0,0.125,0.0
DSR_Simple_training,think,ad,5,MIXED_HIGH,"[15.5,15.5,15.5,15.5]","[0.0,0.0,0.0,0.0]","[0.9375,0.9375,0.9375,0.9375]","[0.0,0.0,0.0,0.0]",0.0,3.75,0.0
DSR_Simple_training,think,prod,3,AB_SIGNAL,"[2.0,2.0,2.0,2.0]","[0.0,0.0,0.0,0.0]","[0.0,0.0,0.0,0.0]","[0.0,0.0,0.0,0.0]",0.0,0.0,0.0
DSR_Simple_training,think,prod,3,MIXED_HIGH,"[2.0,0.0,0.0,9.0]","[-0.20271573421589378,-0.7432910254582773,-0.7432910254582773,1.6892977851324482]","[-0.09375,-0.34375,-0.34375,0.78125]","[-0.09375,-0.34375,-0.34375,0.78125]",3.3785955702648964,1.5625,1.5625
DSR_Simple_training,think,video,20,MIXED_HIGH,"[8.25,8.25,8.0,8.25]","[0.5768174280738311,0.5768174280738311,-1.730452284221493,0.5768174280738311]","[0.03125,0.03125,0.0,0.03125]","[0.0078125,0.0078125,0.0,0.0078125]",3.4609045684429867,0.09375,0.0234375
DSR_Simple_training,think,ad,9,MULTI_EXACT,"[8.0,8.0,8.0,0.5]","[0.5773324919592446,0.5773324919592446,0.5773324919592446,-1.731997475877734]","[0.234375,0.234375,0.234375,-0.703125]","[0.234375,0.234375,0.234375,-0.703125]",3.463994951755468,1.40625,1.40625
DSR_Simple_training,think,living,3,AB_SIGNAL,"[2.0,2.0,2.0,2.0]","[0.0,0.0,0.0,0.0]","[0.0,0.0,0.0,0.0]","[0.0,0.0,0.0,0.0]",0.0,0.0,0.0
DSR_Simple_training,think,ad,3,MIXED_HIGH,"[8.375,8.375,8.375,8.375]","[0.0,0.0,0.0,0.0]","[0.046875,0.046875,0.046875,0.046875]","[0.0,0.0,0.0,0.0]",0.0,0.1875,0.0
DSR_Simple_training,think,video,14,OTHER,"[2.25,2.25,2.25,2.25]","[0.0,0.0,0.0,0.0]","[0.0,0.0,0.0,0.0]","[0.0,0.0,0.0,0.0]",0.0,0.0,0.0
DSR_Simple_training,think,ad,2,A_ONLY,"[0.5,0.5,0.5,0.5]","[0.0,0.0,0.0,0.0]","[0.0,0.0,0.0,0.0]","[0.0,0.0,0.0,0.0]",0.0,0.0,0.0
DSR_Simple_training,think,ad,2,A_ONLY,"[0.5,0.5,0.5,0.5]","[0.0,0.0,0.0,0.0]","[0.0,0.0,0.0,0.0]","[0.0,0.0,0.0,0.0]",0.0,0.0,0.0
DSR_Simple_training,think,video,19,MIXED_HIGH,"[9.9375,9.96875,12.9453125,12.9453125]","[-1.0103487813826721,-0.989463018460033,0.9999058999213526,0.9999058999213526]","[0.2421875,0.24609375,0.6181640625,0.6181640625]","[0.0,0.0,0.18701171875,0.18701171875]",3.9996235996854104,1.724609375,0.3740234375
DSR_Simple_training,think,video,13,OTHER,"[3.59375,3.5,3.59375,3.59375]","[0.5759315418053224,-1.727794625415967,0.5759315418053224,0.5759315418053224]","[0.0029296875,-0.0087890625,0.0029296875,0.0029296875]","[0.0029296875,-0.0087890625,0.0029296875,0.0029296875]",3.4555892508319337,0.017578125,0.017578125
DSR_Simple_training,think,prod,2,ALL_ZERO,"[0.0,0.0,0.0,0.0]","[0.0,0.0,0.0,0.0]","[0.0,0.0,0.0,0.0]","[0.0,0.0,0.0,0.0]",0.0,0.0,0.0
DSR_Simple_training,think,living,2,AB_SIGNAL,"[0.0,0.0,2.0,0.0]","[-0.5772836102200739,-0.5772836102200739,1.7318508306602218,-0.5772836102200739]","[-0.0625,-0.0625,0.1875,-0.0625]","[-0.0625,-0.0625,0.1875,-0.0625]",3.4637016613204437,0.375,0.375
DSR_Simple_training,think,ad,2,ALL_ZERO,"[0.0,0.0,0.0,0.0]","[0.0,0.0,0.0,0.0]","[0.0,0.0,0.0,0.0]","[0.0,0.0,0.0,0.0]",0.0,0.0,0.0
DSR_Simple_training,think,living,3,A_ONLY,"[0.5,0.5,0.5,0.5]","[0.0,0.0,0.0,0.0]","[0.0,0.0,0.0,0.0]","[0.0,0.0,0.0,0.0]",0.0,0.0,0.0
DSR_Simple_training,think,video,20,MIXED_HIGH,"[9.125,9.125,9.125,9.125]","[0.0,0.0,0.0,0.0]","[0.140625,0.140625,0.140625,0.140625]","[0.0,0.0,0.0,0.0]",0.0,0.5625,0.0
DSR_Simple_training,think,video,20,OTHER,"[2.4375,2.46875,3.1875,2.4375]","[-0.6092036094178372,-0.5117310319109833,1.7301382507466578,-0.6092036094178372]","[-0.0244140625,-0.0205078125,0.0693359375,-0.0244140625]","[-0.0244140625,-0.0205078125,0.0693359375,-0.0244140625]",3.4602765014933157,0.138671875,0.138671875
DSR_Simple_training,think,living,2,ALL_ZERO,"[0.0,0.0,0.0,0.0]","[0.0,0.0,0.0,0.0]","[0.0,0.0,0.0,0.0]","[0.0,0.0,0.0,0.0]",0.0,0.0,0.0
DSR_Simple_training,think,living,2,AB_SIGNAL,"[2.0,2.0,2.0,2.0]","[0.0,0.0,0.0,0.0]","[0.0,0.0,0.0,0.0]","[0.0,0.0,0.0,0.0]",0.0,0.0,0.0
DSR_Simple_training,think,ad,3,EXACT_SATURATED,"[8.0,8.0,8.0,8.0]","[0.0,0.0,0.0,0.0]","[0.0,0.0,0.0,0.0]","[0.0,0.0,0.0,0.0]",0.0,0.0,0.0
DSR_Simple_training,think,ad,3,MIXED_HIGH,"[8.25,12.125,8.25,8.0]","[-0.5277656846873118,1.72888758776878,-0.5277656846873118,-0.6733562183941564]","[0.03125,0.515625,0.03125,0.0]","[0.0,0.37109375,0.0,0.0]",3.4577751755375594,0.578125,0.37109375
DSR_Simple_training,think,prod,2,ALL_ZERO,"[0.0,0.0,0.0,0.0]","[0.0,0.0,0.0,0.0]","[0.0,0.0,0.0,0.0]","[0.0,0.0,0.0,0.0]",0.0,0.0,0.0
DSR_Simple_training,think,prod,2,MIXED_HIGH,"[0.5,0.0,0.0,9.0]","[-0.4894937206545397,-0.6200253794957503,-0.6200253794957503,1.7295444796460404]","[-0.234375,-0.296875,-0.296875,0.828125]","[-0.234375,-0.296875,-0.296875,0.828125]",3.459088959292081,1.65625,1.65625
DSR_Simple_training,think,ad,2,A_ONLY,"[0.5,0.5,0.5,0.5]","[0.0,0.0,0.0,0.0]","[0.0,0.0,0.0,0.0]","[0.0,0.0,0.0,0.0]",0.0,0.0,0.0
DSR_Simple_training,think,ad,3,AB_SIGNAL,"[2.0,2.0,2.0,2.0]","[0.0,0.0,0.0,0.0]","[0.0,0.0,0.0,0.0]","[0.0,0.0,0.0,0.0]",0.0,0.0,0.0
DSR_Simple_training,think,ad,2,EXACT_SATURATED,"[8.0,8.0,8.0,8.0]","[0.0,0.0,0.0,0.0]","[0.0,0.0,0.0,0.0]","[0.0,0.0,0.0,0.0]",0.0,0.0,0.0
DSR_Simple_training,think,ad,2,MIXED_HIGH,"[8.25,0.75,0.75,8.0]","[1.0335734000826144,-0.9996857476208895,-0.9996857476208895,0.9657980951591644]","[0.4765625,-0.4609375,-0.4609375,0.4453125]","[0.4765625,-0.4609375,-0.4609375,0.4453125]",3.998742990483558,1.84375,1.84375
DSR_Simple_training,think,video,13,OTHER,"[2.25,2.25,2.25,2.25]","[0.0,0.0,0.0,0.0]","[0.0,0.0,0.0,0.0]","[0.0,0.0,0.0,0.0]",0.0,0.0,0.0
DSR_Simple_training,think,living,2,A_ONLY,"[0.5,0.5,0.5,0.5]","[0.0,0.0,0.0,0.0]","[0.0,0.0,0.0,0.0]","[0.0,0.0,0.0,0.0]",0.0,0.0,0.0
DSR_Simple_training,think,living,2,OTHER,"[2.25,2.25,2.25,2.25]","[0.0,0.0,0.0,0.0]","[0.0,0.0,0.0,0.0]","[0.0,0.0,0.0,0.0]",0.0,0.0,0.0
DSR_Simple_training,think,prod,3,ALL_ZERO,"[0.0,0.0,0.0,0.0]","[0.0,0.0,0.0,0.0]","[0.0,0.0,0.0,0.0]","[0.0,0.0,0.0,0.0]",0.0,0.0,0.0
DSR_Simple_training,think,ad,2,A_ONLY,"[0.75,0.5,0.75,0.75]","[0.5768174280738311,-1.730452284221493,0.5768174280738311,0.5768174280738311]","[0.0078125,-0.0234375,0.0078125,0.0078125]","[0.0078125,-0.0234375,0.0078125,0.0078125]",3.4609045684429867,0.046875,0.046875
DSR_Simple_training,think,ad,2,ALL_ZERO,"[0.0,0.0,0.0,0.0]","[0.0,0.0,0.0,0.0]","[0.0,0.0,0.0,0.0]","[0.0,0.0,0.0,0.0]",0.0,0.0,0.0
DSR_Simple_training,think,ad,2,ALL_ZERO,"[0.0,0.0,0.0,0.0]","[0.0,0.0,0.0,0.0]","[0.0,0.0,0.0,0.0]","[0.0,0.0,0.0,0.0]",0.0,0.0,0.0
DSR_Simple_training,think,video,20,OTHER,"[0.75,0.75,0.75,0.75]","[0.0,0.0,0.0,0.0]","[0.0,0.0,0.0,0.0]","[0.0,0.0,0.0,0.0]",0.0,0.0,0.0
DSR_Simple_training,think,video,12,OTHER,"[2.375,2.375,0.75,2.375]","[0.5772682295667987,0.5772682295667987,-1.7318046887003962,0.5772682295667987]","[0.05078125,0.05078125,-0.15234375,0.05078125]","[0.05078125,0.05078125,-0.15234375,0.05078125]",3.4636093774007923,0.3046875,0.3046875
DSR_Simple_training,think,prod,2,MULTI_EXACT,"[8.0,0.0,0.0,8.0]","[0.9999750006249845,-0.9999750006249845,-0.9999750006249845,0.9999750006249845]","[0.5,-0.5,-0.5,0.5]","[0.5,-0.5,-0.5,0.5]",3.999900002499938,2.0,2.0
DSR_Simple_training,think,prod,5,MIXED_HIGH,"[14.375,14.28125,14.375,14.375]","[0.5759315418053224,-1.727794625415967,0.5759315418053224,0.5759315418053224]","[0.796875,0.78515625,0.796875,0.796875]","[0.0029296875,0.0,0.0029296875,0.0029296875]",3.4555892508319337,3.17578125,0.0087890625
DSR_Simple_training,think,prod,3,SINGLE_EXACT,"[0.0,0.0,0.0,8.0]","[-0.5773336030040704,-0.5773336030040704,-0.5773336030040704,1.7320008090122112]","[-0.25,-0.25,-0.25,0.75]","[-0.25,-0.25,-0.25,0.75]",3.4640016180244224,1.5,1.5
DSR_Simple_training,think,video,13,ALL_ZERO,"[0.0,0.0,0.0,0.0]","[0.0,0.0,0.0,0.0]","[0.0,0.0,0.0,0.0]","[0.0,0.0,0.0,0.0]",0.0,0.0,0.0
DSR_Simple_training,think,living,2,A_ONLY,"[0.5,0.0,0.75,0.5]","[0.22933155424365537,-1.6053208797055876,1.1466577712182768,0.22933155424365537]","[0.0078125,-0.0546875,0.0390625,0.0078125]","[0.0078125,-0.0546875,0.0390625,0.0078125]",3.2106417594111756,0.109375,0.109375
DSR_Simple_training,think,video,14,OTHER,"[0.75,0.75,0.75,0.75]","[0.0,0.0,0.0,0.0]","[0.0,0.0,0.0,0.0]","[0.0,0.0,0.0,0.0]",0.0,0.0,0.0
DSR_Simple_training,think,video,18,MIXED_HIGH,"[8.375,12.21875,8.4375,9.1875]","[-0.7508800737356534,1.6956960605553497,-0.7110983479748241,-0.23371763884487226]","[0.046875,0.52734375,0.0546875,0.1484375]","[0.0,0.3330078125,0.0,0.0]",3.3913921211106994,0.77734375,0.3330078125
DSR_Simple_training,think,prod,3,MIXED_HIGH,"[8.25,8.0,0.75,8.25]","[0.6029754027101624,0.5251721249411091,-1.7311229303614337,0.6029754027101624]","[0.2421875,0.2109375,-0.6953125,0.2421875]","[0.2421875,0.2109375,-0.6953125,0.2421875]",3.4622458607228674,1.390625,1.390625
DSR_Simple_training,think,living,3,OTHER,"[3.0,0.0,0.0,0.0]","[1.7319174844987586,-0.5773058281662529,-0.5773058281662529,-0.5773058281662529]","[0.28125,-0.09375,-0.09375,-0.09375]","[0.28125,-0.09375,-0.09375,-0.09375]",3.463834968997517,0.5625,0.5625
DSR_Simple_training,think,ad,4,MIXED_HIGH,"[12.125,15.0,15.0,15.0]","[-1.7319116883091266,0.5773038961030421,0.5773038961030421,0.5773038961030421]","[0.515625,0.875,0.875,0.875]","[0.0,0.08984375,0.08984375,0.08984375]",3.4638233766182527,3.140625,0.26953125
DSR_Simple_training,think,video,20,OTHER,"[0.75,0.875,0.875,0.75]","[-0.998402555910543,0.998402555910543,0.998402555910543,-0.998402555910543]","[-0.0078125,0.0078125,0.0078125,-0.0078125]","[-0.0078125,0.0078125,0.0078125,-0.0078125]",3.993610223642172,0.03125,0.03125
DSR_Simple_training,think,video,16,MIXED_HIGH,"[12.1875,12.1875,12.1875,12.125]","[0.5752247895920863,0.5752247895920863,0.5752247895920863,-1.725674368776259]","[0.5234375,0.5234375,0.5234375,0.515625]","[0.001953125,0.001953125,0.001953125,0.0]",3.451348737552518,2.0859375,0.005859375
DSR_Simple_training,think,ad,4,MIXED_HIGH,"[14.0,12.5,14.0,14.0]","[0.5772613939839699,-1.7317841819519098,0.5772613939839699,0.5772613939839699]","[0.75,0.5625,0.75,0.75]","[0.046875,0.0,0.046875,0.046875]",3.4635683639038195,2.8125,0.140625
DSR_Simple_training,think,prod,3,A_ONLY,"[0.5,0.5,0.5,0.75]","[-0.5768174280738311,-0.5768174280738311,-0.5768174280738311,1.730452284221493]","[-0.0078125,-0.0078125,-0.0078125,0.0234375]","[-0.0078125,-0.0078125,-0.0078125,0.0234375]",3.460904568442986,0.046875,0.046875
DSR_Simple_training,think,video,13,MIXED_HIGH,"[8.375,8.25,8.0,8.25]","[1.1462371818511636,0.22924743637023273,-1.604732054591629,0.22924743637023273]","[0.046875,0.03125,0.0,0.03125]","[0.01953125,0.00390625,0.0,0.00390625]",3.209464109183258,0.109375,0.02734375
DSR_Simple_training,think,ad,2,MIXED_HIGH,"[0.5,8.25,8.0,0.5]","[-0.9997051485959882,1.032482366582742,0.9669279306092345,-0.9997051485959882]","[-0.4765625,0.4921875,0.4609375,-0.4765625]","[-0.4765625,0.4921875,0.4609375,-0.4765625]",3.998820594383953,1.90625,1.90625
DSR_Simple_training,think,video,18,OTHER,"[2.46875,2.46875,2.46875,2.4375]","[0.5731149022381534,0.5731149022381534,0.5731149022381534,-1.7193447067144603]","[0.0009765625,0.0009765625,0.0009765625,-0.0029296875]","[0.0009765625,0.0009765625,0.0009765625,-0.0029296875]",3.4386894134289205,0.005859375,0.005859375
DSR_Simple_training,think,prod,2,A_ONLY,"[0.5,0.5,0.5,0.5]","[0.0,0.0,0.0,0.0]","[0.0,0.0,0.0,0.0]","[0.0,0.0,0.0,0.0]",0.0,0.0,0.0
DSR_Simple_training,think,ad,2,ALL_ZERO,"[0.0,0.0,0.0,0.0]","[0.0,0.0,0.0,0.0]","[0.0,0.0,0.0,0.0]","[0.0,0.0,0.0,0.0]",0.0,0.0,0.0
DSR_Simple_training,think,ad,2,A_ONLY,"[0.0,0.0,0.0,0.5]","[-0.577083725634154,-0.577083725634154,-0.577083725634154,1.7312511769024619]","[-0.015625,-0.015625,-0.015625,0.046875]","[-0.015625,-0.015625,-0.015625,0.046875]",3.4625023538049238,0.09375,0.09375
DSR_Simple_training,think,video,14,OTHER,"[2.25,2.25,2.25,2.25]","[0.0,0.0,0.0,0.0]","[0.0,0.0,0.0,0.0]","[0.0,0.0,0.0,0.0]",0.0,0.0,0.0
DSR_Simple_training,think,living,2,SINGLE_EXACT,"[0.0,8.0,2.0,0.0]","[-0.7624695965583439,1.6774331124283566,-0.15249391931166878,-0.7624695965583439]","[-0.3125,0.6875,-0.0625,-0.3125]","[-0.3125,0.6875,-0.0625,-0.3125]",3.354866224856713,1.375,1.375
DSR_Simple_training,think,video,11,A_ONLY,"[0.5,0.5,0.5,0.0]","[0.577083725634154,0.577083725634154,0.577083725634154,-1.7312511769024619]","[0.015625,0.015625,0.015625,-0.046875]","[0.015625,0.015625,0.015625,-0.046875]",3.4625023538049238,0.09375,0.09375
DSR_Simple_training,think,ad,3,OTHER,"[2.25,2.25,2.25,2.25]","[0.0,0.0,0.0,0.0]","[0.0,0.0,0.0,0.0]","[0.0,0.0,0.0,0.0]",0.0,0.0,0.0
DSR_Simple_training,think,ad,2,EXACT_SATURATED,"[8.0,8.0,8.0,8.0]","[0.0,0.0,0.0,0.0]","[0.0,0.0,0.0,0.0]","[0.0,0.0,0.0,0.0]",0.0,0.0,0.0
DSR_Simple_training,think,ad,2,AB_SIGNAL,"[2.0,2.0,0.5,0.5]","[0.9998666844420744,0.9998666844420744,-0.9998666844420744,-0.9998666844420744]","[0.09375,0.09375,-0.09375,-0.09375]","[0.09375,0.09375,-0.09375,-0.09375]",3.9994667377682975,0.375,0.375
DSR_Simple_training,think,ad,2,OTHER,"[3.0,3.0,3.0,3.0]","[0.0,0.0,0.0,0.0]","[0.0,0.0,0.0,0.0]","[0.0,0.0,0.0,0.0]",0.0,0.0,0.0
DSR_Simple_training,think,video,20,AB_SIGNAL,"[2.0,2.0,2.0,3.0]","[-0.5772169666411974,-0.5772169666411974,-0.5772169666411974,1.731650899923592]","[-0.03125,-0.03125,-0.03125,0.09375]","[-0.03125,-0.03125,-0.03125,0.09375]",3.4633017998471844,0.1875,0.1875
DSR_Simple_training,think,prod,2,MIXED_HIGH,"[8.25,0.0,0.5,8.25]","[0.9989999150432417,-1.0614374097334442,-0.936562420353039,0.9989999150432417]","[0.5,-0.53125,-0.46875,0.5]","[0.5,-0.53125,-0.46875,0.5]",3.9959996601729664,2.0,2.0
DSR_Simple_training,think,video,11,MIXED_HIGH,"[12.125,12.125,12.125,12.125]","[0.0,0.0,0.0,0.0]","[0.515625,0.515625,0.515625,0.515625]","[0.0,0.0,0.0,0.0]",0.0,2.0625,0.0
DSR_Simple_training,think,prod,2,A_ONLY,"[0.5,0.0,0.5,0.75]","[0.22933155424365537,-1.6053208797055876,0.22933155424365537,1.1466577712182768]","[0.0078125,-0.0546875,0.0078125,0.0390625]","[0.0078125,-0.0546875,0.0078125,0.0390625]",3.2106417594111756,0.109375,0.109375
DSR_Simple_training,think,video,20,MIXED_HIGH,"[8.25,8.25,8.25,8.25]","[0.0,0.0,0.0,0.0]","[0.03125,0.03125,0.03125,0.03125]","[0.0,0.0,0.0,0.0]",0.0,0.125,0.0
DSR_Simple_training,think,video,12,A_ONLY,"[0.0,0.5,0.75,0.75]","[-1.632460002651186,0.0,0.816230001325593,0.816230001325593]","[-0.0625,0.0,0.03125,0.03125]","[-0.0625,0.0,0.03125,0.03125]",3.264920005302372,0.125,0.125
DSR_Simple_training,think,video,14,AB_SIGNAL,"[2.0,2.0,2.0,3.5]","[-0.5772613939839699,-0.5772613939839699,-0.5772613939839699,1.7317841819519098]","[-0.046875,-0.046875,-0.046875,0.140625]","[-0.046875,-0.046875,-0.046875,0.140625]",3.4635683639038195,0.28125,0.28125
DSR_Simple_training,think,video,12,MULTI_EXACT,"[9.0,8.0,8.0,8.0]","[1.731650899923592,-0.5772169666411974,-0.5772169666411974,-0.5772169666411974]","[0.125,0.0,0.0,0.0]","[0.09375,0.0,0.0,0.0]",3.463301799847184,0.125,0.09375
DSR_Simple_training,think,prod,2,EXACT_SATURATED,"[8.0,8.0,8.0,8.0]","[0.0,0.0,0.0,0.0]","[0.0,0.0,0.0,0.0]","[0.0,0.0,0.0,0.0]",0.0,0.0,0.0
DSR_Simple_training,think,prod,2,MIXED_HIGH,"[8.25,0.0,0.0,8.25]","[0.9999757581634385,-0.9999757581634385,-0.9999757581634385,0.9999757581634385]","[0.515625,-0.515625,-0.515625,0.515625]","[0.515625,-0.515625,-0.515625,0.515625]",3.999903032653754,2.0625,2.0625
DSR_Simple_training,think,ad,2,MIXED_HIGH,"[9.0,9.0,9.0,9.0]","[0.0,0.0,0.0,0.0]","[0.125,0.125,0.125,0.125]","[0.0,0.0,0.0,0.0]",0.0,0.5,0.0
DSR_Simple_training,think,ad,3,MIXED_HIGH,"[9.0,9.0,9.0,9.0]","[0.0,0.0,0.0,0.0]","[0.125,0.125,0.125,0.125]","[0.0,0.0,0.0,0.0]",0.0,0.5,0.0
DSR_Simple_training,think,ad,2,AB_SIGNAL,"[2.0,2.0,2.0,2.0]","[0.0,0.0,0.0,0.0]","[0.0,0.0,0.0,0.0]","[0.0,0.0,0.0,0.0]",0.0,0.0,0.0
DSR_Simple_training,think,video,15,MIXED_HIGH,"[14.0,14.0,14.0625,14.0]","[-0.5752247895920863,-0.5752247895920863,1.725674368776259,-0.5752247895920863]","[0.75,0.75,0.7578125,0.75]","[0.0,0.0,0.005859375,0.0]",3.451348737552518,3.0078125,0.005859375
DSR_Simple_training,think,living,4,MIXED_HIGH,"[0.0,0.0,12.5,12.5]","[-0.999984000255996,-0.999984000255996,0.999984000255996,0.999984000255996]","[-0.78125,-0.78125,0.78125,0.78125]","[-0.78125,-0.78125,0.78125,0.78125]",3.999936001023984,3.125,3.125
DSR_Simple_training,think,ad,5,A_ONLY,"[0.5,0.5,0.5,0.5]","[0.0,0.0,0.0,0.0]","[0.0,0.0,0.0,0.0]","[0.0,0.0,0.0,0.0]",0.0,0.0,0.0
DSR_Simple_training,think,video,11,A_ONLY,"[0.75,0.5,0.875,0.875]","[0.0,-1.6319271914777207,0.8159635957388603,0.8159635957388603]","[0.0,-0.03125,0.015625,0.015625]","[0.0,-0.03125,0.015625,0.015625]",3.2638543829554414,0.0625,0.0625
DSR_Simple_training,think,video,20,A_ONLY,"[0.5,0.5,0.5,0.875]","[-0.5769949324647409,-0.5769949324647409,-0.5769949324647409,1.7309847973942227]","[-0.01171875,-0.01171875,-0.01171875,0.03515625]","[-0.01171875,-0.01171875,-0.01171875,0.03515625]",3.461969594788445,0.0703125,0.0703125
DSR_Simple_training,think,ad,3,MIXED_HIGH,"[14.0,14.0,14.0,14.0]","[0.0,0.0,0.0,0.0]","[0.75,0.75,0.75,0.75]","[0.0,0.0,0.0,0.0]",0.0,3.0,0.0
DSR_Simple_training,think,video,19,MULTI_EXACT,"[0.5,8.0,8.0,8.0]","[-1.731997475877734,0.5773324919592446,0.5773324919592446,0.5773324919592446]","[-0.703125,0.234375,0.234375,0.234375]","[-0.703125,0.234375,0.234375,0.234375]",3.463994951755468,1.40625,1.40625
DSR_Simple_training,think,living,2,A_ONLY,"[0.75,0.5,0.5,0.5]","[1.730452284221493,-0.5768174280738311,-0.5768174280738311,-0.5768174280738311]","[0.0234375,-0.0078125,-0.0078125,-0.0078125]","[0.0234375,-0.0078125,-0.0078125,-0.0078125]",3.4609045684429867,0.046875,0.046875
DSR_Simple_training,think,living,2,ALL_ZERO,"[0.0,0.0,0.0,0.0]","[0.0,0.0,0.0,0.0]","[0.0,0.0,0.0,0.0]","[0.0,0.0,0.0,0.0]",0.0,0.0,0.0
DSR_Simple_training,think,video,12,MIXED_HIGH,"[9.0,9.0,9.0,9.0]","[0.0,0.0,0.0,0.0]","[0.125,0.125,0.125,0.125]","[0.0,0.0,0.0,0.0]",0.0,0.5,0.0
DSR_Simple_training,think,video,14,MULTI_EXACT,"[8.0,2.0,8.0,2.0]","[0.9999666677777407,-0.9999666677777407,0.9999666677777407,-0.9999666677777407]","[0.375,-0.375,0.375,-0.375]","[0.375,-0.375,0.375,-0.375]",3.9998666711109627,1.5,1.5
DSR_Simple_training,think,ad,2,OTHER,"[3.0,3.0,3.0,3.0]","[0.0,0.0,0.0,0.0]","[0.0,0.0,0.0,0.0]","[0.0,0.0,0.0,0.0]",0.0,0.0,0.0
DSR_Simple_training,think,ad,2,OTHER,"[2.25,2.25,2.25,2.25]","[0.0,0.0,0.0,0.0]","[0.0,0.0,0.0,0.0]","[0.0,0.0,0.0,0.0]",0.0,0.0,0.0
DSR_Simple_training,think,ad,2,EXACT_SATURATED,"[8.0,8.0,8.0,8.0]","[0.0,0.0,0.0,0.0]","[0.0,0.0,0.0,0.0]","[0.0,0.0,0.0,0.0]",0.0,0.0,0.0
DSR_Simple_training,think,living,2,ALL_ZERO,"[0.0,0.0,0.0,0.0]","[0.0,0.0,0.0,0.0]","[0.0,0.0,0.0,0.0]","[0.0,0.0,0.0,0.0]",0.0,0.0,0.0
DSR_Simple_training,think,ad,2,MIXED_HIGH,"[8.25,8.25,8.25,8.25]","[0.0,0.0,0.0,0.0]","[0.03125,0.03125,0.03125,0.03125]","[0.0,0.0,0.0,0.0]",0.0,0.125,0.0
DSR_Simple_training,think,prod,3,A_ONLY,"[0.5,0.0,0.0,0.0]","[1.7312511769024619,-0.577083725634154,-0.577083725634154,-0.577083725634154]","[0.046875,-0.015625,-0.015625,-0.015625]","[0.046875,-0.015625,-0.015625,-0.015625]",3.462502353804924,0.09375,0.09375
DSR_Simple_training,think,prod,2,EXACT_SATURATED,"[8.0,8.0,8.0,8.0]","[0.0,0.0,0.0,0.0]","[0.0,0.0,0.0,0.0]","[0.0,0.0,0.0,0.0]",0.0,0.0,0.0
DSR_Simple_training,think,video,17,OTHER,"[3.125,3.0,3.0,3.125]","[0.998402555910543,-0.998402555910543,-0.998402555910543,0.998402555910543]","[0.0078125,-0.0078125,-0.0078125,0.0078125]","[0.0078125,-0.0078125,-0.0078125,0.0078125]",3.993610223642172,0.03125,0.03125
DSR_Simple_training,think,prod,2,MULTI_EXACT,"[8.0,8.0,0.5,0.0]","[0.9989352864887419,0.9989352864887419,-0.9344878486507585,-1.063382724326725]","[0.484375,0.484375,-0.453125,-0.515625]","[0.484375,0.484375,-0.453125,-0.515625]",3.9957411459549674,1.9375,1.9375
DSR_Simple_training,think,video,14,A_ONLY,"[0.5,0.5,0.5,0.5]","[0.0,0.0,0.0,0.0]","[0.0,0.0,0.0,0.0]","[0.0,0.0,0.0,0.0]",0.0,0.0,0.0
DSR_Simple_training,think,ad,2,MULTI_EXACT,"[8.0,8.0,8.0,8.25]","[-0.5768174280738311,-0.5768174280738311,-0.5768174280738311,1.730452284221493]","[0.0,0.0,0.0,0.03125]","[0.0,0.0,0.0,0.0234375]",3.460904568442986,0.03125,0.0234375
DSR_Simple_training,think,video,15,OTHER,"[2.25,3.1875,2.46875,2.375]","[-0.8780842159938789,1.6919183674028397,-0.27841694653464455,-0.5354172048743164]","[-0.0400390625,0.0771484375,-0.0126953125,-0.0244140625]","[-0.0400390625,0.0771484375,-0.0126953125,-0.0244140625]",3.3838367348056795,0.154296875,0.154296875
DSR_Simple_training,think,video,13,MULTI_EXACT,"[8.25,8.0,0.5,8.0]","[0.6277840510071353,0.5516890145214219,-1.7311620800499792,0.5516890145214219]","[0.2578125,0.2265625,-0.7109375,0.2265625]","[0.2578125,0.2265625,-0.7109375,0.2265625]",3.4623241600999584,1.421875,1.421875
DSR_Simple_training,think,prod,2,ALL_ZERO,"[0.0,0.0,0.0,0.0]","[0.0,0.0,0.0,0.0]","[0.0,0.0,0.0,0.0]","[0.0,0.0,0.0,0.0]",0.0,0.0,0.0
DSR_Simple_training,think,ad,2,MIXED_HIGH,"[0.0,0.0,9.0,8.0]","[-0.9965342818432619,-0.9965342818432619,1.1137736091189396,0.879294954567584]","[-0.53125,-0.53125,0.59375,0.46875]","[-0.53125,-0.53125,0.59375,0.46875]",3.9861371273730475,2.125,2.125
DSR_Simple_training,think,ad,2,A_ONLY,"[0.5,0.5,0.5,0.5]","[0.0,0.0,0.0,0.0]","[0.0,0.0,0.0,0.0]","[0.0,0.0,0.0,0.0]",0.0,0.0,0.0
DSR_Simple_training,think,prod,2,ALL_ZERO,"[0.0,0.0,0.0,0.0]","[0.0,0.0,0.0,0.0]","[0.0,0.0,0.0,0.0]","[0.0,0.0,0.0,0.0]",0.0,0.0,0.0
DSR_Simple_training,think,video,20,OTHER,"[2.25,2.25,2.25,2.25]","[0.0,0.0,0.0,0.0]","[0.0,0.0,0.0,0.0]","[0.0,0.0,0.0,0.0]",0.0,0.0,0.0
DSR_Simple_training,think,ad,2,OTHER,"[0.75,0.75,0.75,0.75]","[0.0,0.0,0.0,0.0]","[0.0,0.0,0.0,0.0]","[0.0,0.0,0.0,0.0]",0.0,0.0,0.0
DSR_Simple_training,think,video,17,ALL_ZERO,"[0.0,0.0,0.0,0.0]","[0.0,0.0,0.0,0.0]","[0.0,0.0,0.0,0.0]","[0.0,0.0,0.0,0.0]",0.0,0.0,0.0
DSR_Simple_training,think,ad,2,AB_SIGNAL,"[2.0,2.25,3.0,3.0]","[-1.2599697859295744,-0.6999832144053192,0.9799765001674469,0.9799765001674469]","[-0.0703125,-0.0390625,0.0546875,0.0546875]","[-0.0703125,-0.0390625,0.0546875,0.0546875]",3.919906000669787,0.21875,0.21875
DSR_Simple_training,think,prod,3,EXACT_SATURATED,"[8.0,8.0,8.0,8.0]","[0.0,0.0,0.0,0.0]","[0.0,0.0,0.0,0.0]","[0.0,0.0,0.0,0.0]",0.0,0.0,0.0
DSR_Simple_training,think,living,2,AB_SIGNAL,"[2.0,0.0,2.0,0.0]","[0.9999000099990001,-0.9999000099990001,0.9999000099990001,-0.9999000099990001]","[0.125,-0.125,0.125,-0.125]","[0.125,-0.125,0.125,-0.125]",3.9996000399960003,0.5,0.5
DSR_Simple_training,think,video,12,MIXED_HIGH,"[12.1875,12.125,12.125,12.125]","[1.725674368776259,-0.5752247895920863,-0.5752247895920863,-0.5752247895920863]","[0.5234375,0.515625,0.515625,0.515625]","[0.005859375,0.0,0.0,0.0]",3.451348737552518,2.0703125,0.005859375
DSR_Simple_training,think,video,13,OTHER,"[0.9375,0.875,0.875,0.9375]","[0.996810207336523,-0.996810207336523,-0.996810207336523,0.996810207336523]","[0.00390625,-0.00390625,-0.00390625,0.00390625]","[0.00390625,-0.00390625,-0.00390625,0.00390625]",3.987240829346092,0.015625,0.015625
DSR_Simple_training,think,video,12,OTHER,"[3.0,3.0,3.0,3.0]","[0.0,0.0,0.0,0.0]","[0.0,0.0,0.0,0.0]","[0.0,0.0,0.0,0.0]",0.0,0.0,0.0
DSR_Simple_training,think,video,17,OTHER,"[2.25,2.25,2.25,0.75]","[0.5772613939839699,0.5772613939839699,0.5772613939839699,-1.7317841819519098]","[0.046875,0.046875,0.046875,-0.140625]","[0.046875,0.046875,0.046875,-0.140625]",3.4635683639038195,0.28125,0.28125
DSR_Simple_training,think,video,14,OTHER,"[0.875,0.75,0.875,0.875]","[0.5762855695777033,-1.7288567087331097,0.5762855695777033,0.5762855695777033]","[0.00390625,-0.01171875,0.00390625,0.00390625]","[0.00390625,-0.01171875,0.00390625,0.00390625]",3.4577134174662194,0.0234375,0.0234375
DSR_Simple_training,think,ad,2,A_ONLY,"[0.5,0.5,0.5,0.5]","[0.0,0.0,0.0,0.0]","[0.0,0.0,0.0,0.0]","[0.0,0.0,0.0,0.0]",0.0,0.0,0.0
DSR_Simple_training,think,living,2,A_ONLY,"[0.5,0.5,0.5,0.5]","[0.0,0.0,0.0,0.0]","[0.0,0.0,0.0,0.0]","[0.0,0.0,0.0,0.0]",0.0,0.0,0.0
DSR_Simple_training,think,video,20,MIXED_HIGH,"[8.25,0.5,8.25,8.25]","[0.5773330654012014,-1.7319991962036043,0.5773330654012014,0.5773330654012014]","[0.2421875,-0.7265625,0.2421875,0.2421875]","[0.2421875,-0.7265625,0.2421875,0.2421875]",3.463998392407208,1.453125,1.453125
DSR_Simple_training,think,ad,2,MIXED_HIGH,"[9.0,9.0,9.0,9.0]","[0.0,0.0,0.0,0.0]","[0.125,0.125,0.125,0.125]","[0.0,0.0,0.0,0.0]",0.0,0.5,0.0
DSR_Simple_training,think,prod,2,ALL_ZERO,"[0.0,0.0,0.0,0.0]","[0.0,0.0,0.0,0.0]","[0.0,0.0,0.0,0.0]","[0.0,0.0,0.0,0.0]",0.0,0.0,0.0
DSR_Simple_training,think,video,14,OTHER,"[0.875,0.875,2.375,0.875]","[-0.5772613939839699,-0.5772613939839699,1.7317841819519098,-0.5772613939839699]","[-0.046875,-0.046875,0.140625,-0.046875]","[-0.046875,-0.046875,0.140625,-0.046875]",3.4635683639038195,0.28125,0.28125
DSR_Simple_training,think,prod,2,MIXED_HIGH,"[0.5,8.25,8.25,8.25]","[-1.7319991962036043,0.5773330654012014,0.5773330654012014,0.5773330654012014]","[-0.7265625,0.2421875,0.2421875,0.2421875]","[-0.7265625,0.2421875,0.2421875,0.2421875]",3.463998392407208,1.453125,1.453125
DSR_Simple_training,think,ad,2,AB_SIGNAL,"[0.0,2.25,2.0,2.0]","[-1.7208814244730104,0.7571878267681246,0.4818467988524429,0.4818467988524429]","[-0.1953125,0.0859375,0.0546875,0.0546875]","[-0.1953125,0.0859375,0.0546875,0.0546875]",3.441762848946021,0.390625,0.390625
DSR_Simple_training,think,prod,2,A_ONLY,"[0.0,0.0,0.5,0.5]","[-0.9996001599360256,-0.9996001599360256,0.9996001599360256,0.9996001599360256]","[-0.03125,-0.03125,0.03125,0.03125]","[-0.03125,-0.03125,0.03125,0.03125]",3.9984006397441023,0.125,0.125
DSR_Simple_training,think,living,2,ALL_ZERO,"[0.0,0.0,0.0,0.0]","[0.0,0.0,0.0,0.0]","[0.0,0.0,0.0,0.0]","[0.0,0.0,0.0,0.0]",0.0,0.0,0.0
DSR_Simple_training,think,ad,3,MIXED_HIGH,"[9.0,12.5,9.0,9.0]","[-0.5773121764649985,1.7319365293949955,-0.5773121764649985,-0.5773121764649985]","[0.125,0.5625,0.125,0.125]","[0.0,0.328125,0.0,0.0]",3.4638730587899915,0.9375,0.328125
DSR_Simple_training,think,video,20,MIXED_HIGH,"[9.1875,12.5,9.0,12.125]","[-0.937720196285767,1.1117301296171465,-1.0537268185066866,0.8797168851753072]","[0.1484375,0.5625,0.125,0.515625]","[0.0,0.224609375,0.0,0.177734375]",3.982894029584907,1.3515625,0.40234375
DSR_Simple_training,think,ad,2,ALL_ZERO,"[0.0,0.0,0.0,0.0]","[0.0,0.0,0.0,0.0]","[0.0,0.0,0.0,0.0]","[0.0,0.0,0.0,0.0]",0.0,0.0,0.0
DSR_Simple_training,think,prod,5,ALL_ZERO,"[0.0,0.0,0.0,0.0]","[0.0,0.0,0.0,0.0]","[0.0,0.0,0.0,0.0]","[0.0,0.0,0.0,0.0]",0.0,0.0,0.0
DSR_Simple_training,think,ad,2,ALL_ZERO,"[0.0,0.0,0.0,0.0]","[0.0,0.0,0.0,0.0]","[0.0,0.0,0.0,0.0]","[0.0,0.0,0.0,0.0]",0.0,0.0,0.0
DSR_Simple_training,think,ad,2,MIXED_HIGH,"[0.0,8.25,8.0,0.5]","[-1.0621279009497286,1.0304225904736173,0.9670119695213947,-0.9353066590452833]","[-0.5234375,0.5078125,0.4765625,-0.4609375]","[-0.5234375,0.5078125,0.4765625,-0.4609375]",3.9948691199900237,1.96875,1.96875
DSR_Simple_training,think,living,8,MIXED_HIGH,"[14.25,14.28125,14.28125,14.25]","[-0.9936406995230525,0.9936406995230525,0.9936406995230525,-0.9936406995230525]","[0.78125,0.78515625,0.78515625,0.78125]","[0.0,0.001953125,0.001953125,0.0]",3.97456279809221,3.1328125,0.00390625
DSR_Simple_training,think,living,2,A_ONLY,"[0.0,0.0,0.0,0.5]","[-0.577083725634154,-0.577083725634154,-0.577083725634154,1.7312511769024619]","[-0.015625,-0.015625,-0.015625,0.046875]","[-0.015625,-0.015625,-0.015625,0.046875]",3.4625023538049238,0.09375,0.09375
DSR_Simple_training,think,ad,2,EXACT_SATURATED,"[8.0,8.0,8.0,8.0]","[0.0,0.0,0.0,0.0]","[0.0,0.0,0.0,0.0]","[0.0,0.0,0.0,0.0]",0.0,0.0,0.0
DSR_Simple_training,think,video,20,OTHER,"[2.25,2.25,2.25,2.25]","[0.0,0.0,0.0,0.0]","[0.0,0.0,0.0,0.0]","[0.0,0.0,0.0,0.0]",0.0,0.0,0.0
DSR_Simple_training,think,ad,8,MIXED_HIGH,"[15.5625,15.5625,15.125,15.5625]","[0.5770456680725549,0.5770456680725549,-1.7311370042176644,0.5770456680725549]","[0.9453125,0.9453125,0.890625,0.9453125]","[0.013671875,0.013671875,0.0,0.013671875]",3.4622740084353287,3.7265625,0.041015625
DSR_Simple_training,think,video,11,OTHER,"[3.1875,2.4375,2.375,2.375]","[1.7267703940671806,-0.4544132615966264,-0.636178566235277,-0.636178566235277]","[0.07421875,-0.01953125,-0.02734375,-0.02734375]","[0.07421875,-0.01953125,-0.02734375,-0.02734375]",3.453540788134361,0.1484375,0.1484375
DSR_Simple_training,think,video,20,OTHER,"[2.4375,3.1875,3.1875,3.1875]","[-1.7315176384090682,0.577172546136356,0.577172546136356,0.577172546136356]","[-0.0703125,0.0234375,0.0234375,0.0234375]","[-0.0703125,0.0234375,0.0234375,0.0234375]",3.4630352768181365,0.140625,0.140625
DSR_Simple_training,think,ad,3,MIXED_HIGH,"[0.75,8.25,8.25,8.375]","[-1.7317863450301214,0.5645049411976639,0.5645049411976639,0.6027764626347937]","[-0.70703125,0.23046875,0.23046875,0.24609375]","[-0.70703125,0.23046875,0.23046875,0.24609375]",3.4635726900602433,1.4140625,1.4140625
DSR_Simple_training,think,video,19,MIXED_HIGH,"[9.21875,2.4375,8.4375,3.1875]","[1.120788124534559,-1.1156350756861244,0.8631356821128213,-0.8682887309612561]","[0.4248046875,-0.4228515625,0.3271484375,-0.3291015625]","[0.4248046875,-0.4228515625,0.3271484375,-0.3291015625]",3.967847613294761,1.50390625,1.50390625
DSR_Simple_training,think,prod,2,ALL_ZERO,"[0.0,0.0,0.0,0.0]","[0.0,0.0,0.0,0.0]","[0.0,0.0,0.0,0.0]","[0.0,0.0,0.0,0.0]",0.0,0.0,0.0
DSR_Simple_training,think,prod,2,AB_SIGNAL,"[2.0,0.5,2.0,2.0]","[0.5772613939839699,-1.7317841819519098,0.5772613939839699,0.5772613939839699]","[0.046875,-0.140625,0.046875,0.046875]","[0.046875,-0.140625,0.046875,0.046875]",3.4635683639038195,0.28125,0.28125
DSR_Simple_training,think,ad,2,MULTI_EXACT,"[8.0,2.0,8.0,8.0]","[0.5773280478227043,-1.731984143468113,0.5773280478227043,0.5773280478227043]","[0.1875,-0.5625,0.1875,0.1875]","[0.1875,-0.5625,0.1875,0.1875]",3.4639682869362263,1.125,1.125
DSR_Simple_training,think,video,20,AB_SIGNAL,"[2.25,2.375,2.0,2.25]","[0.22924743637023273,1.1462371818511636,-1.604732054591629,0.22924743637023273]","[0.00390625,0.01953125,-0.02734375,0.00390625]","[0.00390625,0.01953125,-0.02734375,0.00390625]",3.209464109183258,0.0546875,0.0546875
DSR_Simple_training,think,video,11,OTHER,"[2.25,2.375,0.75,2.25]","[0.5133593538098341,0.7000354824679555,-1.7267541900876238,0.5133593538098341]","[0.04296875,0.05859375,-0.14453125,0.04296875]","[0.04296875,0.05859375,-0.14453125,0.04296875]",3.453508380175248,0.2890625,0.2890625
DSR_Simple_training,think,ad,2,AB_SIGNAL,"[2.0,2.0,2.0,2.0]","[0.0,0.0,0.0,0.0]","[0.0,0.0,0.0,0.0]","[0.0,0.0,0.0,0.0]",0.0,0.0,0.0
DSR_Simple_training,think,ad,2,AB_SIGNAL,"[0.0,2.0,0.0,0.0]","[-0.5772836102200739,1.7318508306602218,-0.5772836102200739,-0.5772836102200739]","[-0.0625,0.1875,-0.0625,-0.0625]","[-0.0625,0.1875,-0.0625,-0.0625]",3.4637016613204437,0.375,0.375
DSR_Simple_training,think,prod,2,ALL_ZERO,"[0.0,0.0,0.0,0.0]","[0.0,0.0,0.0,0.0]","[0.0,0.0,0.0,0.0]","[0.0,0.0,0.0,0.0]",0.0,0.0,0.0
DSR_Simple_training,think,video,12,MULTI_EXACT,"[0.5,8.0,8.0,0.5]","[-0.9999733340444255,0.9999733340444255,0.9999733340444255,-0.9999733340444255]","[-0.46875,0.46875,0.46875,-0.46875]","[-0.46875,0.46875,0.46875,-0.46875]",3.999893336177702,1.875,1.875
DSR_Simple_training,think,ad,2,A_ONLY,"[0.5,0.5,0.5,0.5]","[0.0,0.0,0.0,0.0]","[0.0,0.0,0.0,0.0]","[0.0,0.0,0.0,0.0]",0.0,0.0,0.0
DSR_Simple_training,think,ad,2,OTHER,"[0.75,0.0,0.0,2.25]","[0.0,-0.8164077017147803,-0.8164077017147803,1.6328154034295606]","[0.0,-0.09375,-0.09375,0.1875]","[0.0,-0.09375,-0.09375,0.1875]",3.265630806859121,0.375,0.375
DSR_Simple_training,think,video,16,OTHER,"[0.9375,0.75,0.75,0.875]","[1.3454934100132034,-0.9610667214380025,-0.9610667214380025,0.5766400328628015]","[0.013671875,-0.009765625,-0.009765625,0.005859375]","[0.013671875,-0.009765625,-0.009765625,0.005859375]",3.84426688575201,0.0390625,0.0390625
DSR_Simple_training,think,ad,2,EXACT_SATURATED,"[8.0,8.0,8.0,8.0]","[0.0,0.0,0.0,0.0]","[0.0,0.0,0.0,0.0]","[0.0,0.0,0.0,0.0]",0.0,0.0,0.0
DSR_Simple_training,think,video,12,OTHER,"[2.25,2.25,0.75,2.25]","[0.5772613939839699,0.5772613939839699,-1.7317841819519098,0.5772613939839699]","[0.046875,0.046875,-0.140625,0.046875]","[0.046875,0.046875,-0.140625,0.046875]",3.4635683639038195,0.28125,0.28125
DSR_Simple_training,think,ad,2,A_ONLY,"[0.0,0.0,0.5,0.0]","[-0.577083725634154,-0.577083725634154,1.7312511769024619,-0.577083725634154]","[-0.015625,-0.015625,0.046875,-0.015625]","[-0.015625,-0.015625,0.046875,-0.015625]",3.462502353804924,0.09375,0.09375
DSR_Simple_training,think,video,14,A_ONLY,"[0.5,0.5,0.5,0.75]","[-0.5768174280738311,-0.5768174280738311,-0.5768174280738311,1.730452284221493]","[-0.0078125,-0.0078125,-0.0078125,0.0234375]","[-0.0078125,-0.0078125,-0.0078125,0.0234375]",3.460904568442986,0.046875,0.046875
DSR_Simple_training,think,video,20,OTHER,"[3.21875,3.21875,3.21875,3.21875]","[0.0,0.0,0.0,0.0]","[0.0,0.0,0.0,0.0]","[0.0,0.0,0.0,0.0]",0.0,0.0,0.0
DSR_Simple_training,think,video,20,MIXED_HIGH,"[12.0,12.0,8.25,12.125]","[0.5516722227142558,0.5516722227142558,-1.7311093885171474,0.6277649430886358]","[0.5,0.5,0.03125,0.515625]","[0.11328125,0.11328125,0.0,0.12890625]",3.4622187770342947,1.546875,0.35546875
DSR_Simple_training,think,ad,2,AB_SIGNAL,"[2.25,2.0,2.0,2.25]","[0.9992006394884093,-0.9992006394884093,-0.9992006394884093,0.9992006394884093]","[0.015625,-0.015625,-0.015625,0.015625]","[0.015625,-0.015625,-0.015625,0.015625]",3.9968025579536373,0.0625,0.0625
DSR_Simple_training,think,video,11,A_ONLY,"[0.75,0.5,0.75,0.75]","[0.5768174280738311,-1.730452284221493,0.5768174280738311,0.5768174280738311]","[0.0078125,-0.0234375,0.0078125,0.0078125]","[0.0078125,-0.0234375,0.0078125,0.0078125]",3.4609045684429867,0.046875,0.046875
DSR_Simple_training,think,video,15,ALL_ZERO,"[0.0,0.0,0.0,0.0]","[0.0,0.0,0.0,0.0]","[0.0,0.0,0.0,0.0]","[0.0,0.0,0.0,0.0]",0.0,0.0,0.0
DSR_Simple_training,think,video,12,A_ONLY,"[0.875,0.875,0.875,0.5]","[0.5769949324647409,0.5769949324647409,0.5769949324647409,-1.7309847973942227]","[0.01171875,0.01171875,0.01171875,-0.03515625]","[0.01171875,0.01171875,0.01171875,-0.03515625]",3.461969594788445,0.0703125,0.0703125
DSR_Simple_training,think,video,13,AB_SIGNAL,"[3.1875,3.1875,2.0,3.1875]","[0.5772380103195139,0.5772380103195139,-1.731714030958542,0.5772380103195139]","[0.037109375,0.037109375,-0.111328125,0.037109375]","[0.037109375,0.037109375,-0.111328125,0.037109375]",3.463428061917084,0.22265625,0.22265625
DSR_Simple_training,think,prod,3,A_ONLY,"[0.0,0.0,0.0,0.5]","[-0.577083725634154,-0.577083725634154,-0.577083725634154,1.7312511769024619]","[-0.015625,-0.015625,-0.015625,0.046875]","[-0.015625,-0.015625,-0.015625,0.046875]",3.4625023538049238,0.09375,0.09375
DSR_Simple_training,think,ad,3,MIXED_HIGH,"[12.5,12.0,12.5,12.5]","[0.577083725634154,-1.7312511769024619,0.577083725634154,0.577083725634154]","[0.5625,0.5,0.5625,0.5625]","[0.015625,0.0,0.015625,0.015625]",3.462502353804924,2.1875,0.046875
DSR_Simple_training,think,ad,2,ALL_ZERO,"[0.0,0.0,0.0,0.0]","[0.0,0.0,0.0,0.0]","[0.0,0.0,0.0,0.0]","[0.0,0.0,0.0,0.0]",0.0,0.0,0.0
DSR_Simple_training,think,prod,2,MIXED_HIGH,"[12.0,8.0,0.0,0.0]","[1.347124702682136,0.577339158292344,-0.96223193048724,-0.96223193048724]","[0.875,0.375,-0.625,-0.625]","[0.875,0.375,-0.625,-0.625]",3.84892772194896,2.5,2.5
DSR_Simple_training,think,video,12,MIXED_HIGH,"[8.25,8.25,8.25,8.25]","[0.0,0.0,0.0,0.0]","[0.03125,0.03125,0.03125,0.03125]","[0.0,0.0,0.0,0.0]",0.0,0.125,0.0
DSR_Simple_training,think,video,20,MIXED_HIGH,"[12.5,12.0,12.5,12.5]","[0.577083725634154,-1.7312511769024619,0.577083725634154,0.577083725634154]","[0.5625,0.5,0.5625,0.5625]","[0.015625,0.0,0.015625,0.015625]",3.462502353804924,2.1875,0.046875
DSR_Simple_training,think,prod,3,EXACT_SATURATED,"[8.0,8.0,8.0,8.0]","[0.0,0.0,0.0,0.0]","[0.0,0.0,0.0,0.0]","[0.0,0.0,0.0,0.0]",0.0,0.0,0.0
DSR_Simple_training,think,ad,2,A_ONLY,"[0.5,0.5,0.5,0.5]","[0.0,0.0,0.0,0.0]","[0.0,0.0,0.0,0.0]","[0.0,0.0,0.0,0.0]",0.0,0.0,0.0
DSR_Simple_training,think,living,5,MIXED_HIGH,"[12.75,9.0,12.75,3.0]","[0.8466275431399687,-0.09406972701555208,0.8466275431399687,-1.5991853592643852]","[0.59375,0.125,0.59375,-0.625]","[0.421875,0.0,0.421875,-0.796875]",3.3865101725598747,1.9375,1.640625
DSR_Simple_training,think,video,11,MIXED_HIGH,"[0.0,8.25,8.25,8.375]","[-1.7318276537428878,0.5656723492125011,0.5656723492125011,0.6004829553178858]","[-0.77734375,0.25390625,0.25390625,0.26953125]","[-0.77734375,0.25390625,0.25390625,0.26953125]",3.4636553074857757,1.5546875,1.5546875
DSR_Simple_training,think,prod,2,ALL_ZERO,"[0.0,0.0,0.0,0.0]","[0.0,0.0,0.0,0.0]","[0.0,0.0,0.0,0.0]","[0.0,0.0,0.0,0.0]",0.0,0.0,0.0
DSR_Simple_training,think,video,14,MIXED_HIGH,"[12.5,12.5,12.5,12.5]","[0.0,0.0,0.0,0.0]","[0.5625,0.5625,0.5625,0.5625]","[0.0,0.0,0.0,0.0]",0.0,2.25,0.0
DSR_Simple_training,think,living,2,A_ONLY,"[0.5,0.75,0.0,0.5]","[0.22933155424365537,1.1466577712182768,-1.6053208797055876,0.22933155424365537]","[0.0078125,0.0390625,-0.0546875,0.0078125]","[0.0078125,0.0390625,-0.0546875,0.0078125]",3.2106417594111756,0.109375,0.109375
DSR_Simple_training,think,living,2,SINGLE_EXACT,"[2.0,8.0,2.0,2.0]","[-0.5773280478227043,1.731984143468113,-0.5773280478227043,-0.5773280478227043]","[-0.1875,0.5625,-0.1875,-0.1875]","[-0.1875,0.5625,-0.1875,-0.1875]",3.4639682869362263,1.125,1.125
DSR_Simple_training,think,video,17,OTHER,"[0.75,3.21875,3.21875,3.1875]","[-1.731763754560076,0.5870385608678224,0.5870385608678224,0.5576866328244312]","[-0.23046875,0.078125,0.078125,0.07421875]","[-0.23046875,0.078125,0.078125,0.07421875]",3.4635275091201523,0.4609375,0.4609375
DSR_Simple_training,think,video,14,MIXED_HIGH,"[2.375,9.125,9.1875,0.5]","[-0.7461268391655895,0.9775458587998365,0.9935057911884052,-1.2249248108226523]","[-0.365234375,0.478515625,0.486328125,-0.599609375]","[-0.365234375,0.478515625,0.486328125,-0.599609375]",3.9421032999764836,1.9296875,1.9296875
DSR_Simple_training,think,ad,2,A_ONLY,"[0.5,0.5,0.5,0.5]","[0.0,0.0,0.0,0.0]","[0.0,0.0,0.0,0.0]","[0.0,0.0,0.0,0.0]",0.0,0.0,0.0
DSR_Simple_training,think,prod,2,MIXED_HIGH,"[9.0,2.0,2.0,0.0]","[1.6818773790704773,-0.3656255171892342,-0.3656255171892342,-0.9506263446920089]","[0.71875,-0.15625,-0.15625,-0.40625]","[0.71875,-0.15625,-0.15625,-0.40625]",3.3637547581409546,1.4375,1.4375
DSR_Simple_training,think,ad,2,AB_SIGNAL,"[0.0,0.0,2.0,2.0]","[-0.9999000099990001,-0.9999000099990001,0.9999000099990001,0.9999000099990001]","[-0.125,-0.125,0.125,0.125]","[-0.125,-0.125,0.125,0.125]",3.9996000399960003,0.5,0.5
DSR_Simple_training,think,video,19,MIXED_HIGH,"[8.46875,8.4375,8.4375,8.46875]","[0.9936406995230525,-0.9936406995230525,-0.9936406995230525,0.9936406995230525]","[0.05859375,0.0546875,0.0546875,0.05859375]","[0.001953125,0.0,0.0,0.001953125]",3.97456279809221,0.2265625,0.00390625
DSR_Simple_training,think,living,2,OTHER,"[2.25,2.25,2.25,2.25]","[0.0,0.0,0.0,0.0]","[0.0,0.0,0.0,0.0]","[0.0,0.0,0.0,0.0]",0.0,0.0,0.0
DSR_Simple_training,think,prod,2,ALL_ZERO,"[0.0,0.0,0.0,0.0]","[0.0,0.0,0.0,0.0]","[0.0,0.0,0.0,0.0]","[0.0,0.0,0.0,0.0]",0.0,0.0,0.0
DSR_Simple_training,think,ad,3,EXACT_SATURATED,"[8.0,8.0,8.0,8.0]","[0.0,0.0,0.0,0.0]","[0.0,0.0,0.0,0.0]","[0.0,0.0,0.0,0.0]",0.0,0.0,0.0
DSR_Simple_training,think,ad,3,AB_SIGNAL,"[2.0,2.0,2.0,2.0]","[0.0,0.0,0.0,0.0]","[0.0,0.0,0.0,0.0]","[0.0,0.0,0.0,0.0]",0.0,0.0,0.0
DSR_Simple_training,think,ad,3,EXACT_SATURATED,"[8.0,8.0,8.0,8.0]","[0.0,0.0,0.0,0.0]","[0.0,0.0,0.0,0.0]","[0.0,0.0,0.0,0.0]",0.0,0.0,0.0
DSR_Simple_training,think,prod,2,A_ONLY,"[0.5,0.5,0.5,0.5]","[0.0,0.0,0.0,0.0]","[0.0,0.0,0.0,0.0]","[0.0,0.0,0.0,0.0]",0.0,0.0,0.0
DSR_Simple_training,think,prod,2,SINGLE_EXACT,"[0.0,0.0,0.5,8.0]","[-0.6253367061549848,-0.6253367061549848,-0.47819865764792957,1.7288720699578992]","[-0.265625,-0.265625,-0.203125,0.734375]","[-0.265625,-0.265625,-0.203125,0.734375]",3.4577441399157984,1.46875,1.46875
DSR_Simple_training,think,prod,4,MULTI_EXACT,"[8.0,0.0,8.0,8.0]","[0.5773336030040704,-1.7320008090122112,0.5773336030040704,0.5773336030040704]","[0.25,-0.75,0.25,0.25]","[0.25,-0.75,0.25,0.25]",3.464001618024423,1.5,1.5
DSR_Simple_training,think,video,17,MIXED_HIGH,"[8.375,8.375,8.375,8.25]","[0.5762855695777033,0.5762855695777033,0.5762855695777033,-1.7288567087331097]","[0.046875,0.046875,0.046875,0.03125]","[0.00390625,0.00390625,0.00390625,0.0]",3.45771341746622,0.171875,0.01171875
DSR_Simple_training,think,ad,3,OTHER,"[3.0,3.0,3.0,3.0]","[0.0,0.0,0.0,0.0]","[0.0,0.0,0.0,0.0]","[0.0,0.0,0.0,0.0]",0.0,0.0,0.0
DSR_Simple_training,think,living,2,AB_SIGNAL,"[2.0,2.0,2.0,0.5]","[0.5772613939839699,0.5772613939839699,0.5772613939839699,-1.7317841819519098]","[0.046875,0.046875,0.046875,-0.140625]","[0.046875,0.046875,0.046875,-0.140625]",3.4635683639038195,0.28125,0.28125
DSR_Simple_training,think,video,20,MIXED_HIGH,"[9.1875,9.21875,9.1875,9.1875]","[-0.5731149022381534,1.7193447067144603,-0.5731149022381534,-0.5731149022381534]","[0.1484375,0.15234375,0.1484375,0.1484375]","[0.0,0.0029296875,0.0,0.0]",3.4386894134289205,0.59765625,0.0029296875
DSR_Simple_training,think,video,12,MIXED_HIGH,"[9.125,9.125,12.5,8.25]","[-0.38402408895122775,-0.38402408895122775,1.6897059913854022,-0.9216578134829466]","[0.140625,0.140625,0.5625,0.03125]","[0.0,0.0,0.34375,0.0]",3.3794119827708045,0.875,0.34375
DSR_Simple_training,think,video,20,A_ONLY,"[0.5,0.5,0.5,0.5]","[0.0,0.0,0.0,0.0]","[0.0,0.0,0.0,0.0]","[0.0,0.0,0.0,0.0]",0.0,0.0,0.0
DSR_Simple_training,think,video,20,A_ONLY,"[0.75,0.5,0.0,0.875]","[0.6525586412656152,-0.09322266303794503,-1.5847852716450654,1.0254492934173953]","[0.02734375,-0.00390625,-0.06640625,0.04296875]","[0.02734375,-0.00390625,-0.06640625,0.04296875]",3.356015869366021,0.140625,0.140625
DSR_Simple_training,think,ad,2,A_ONLY,"[0.5,0.5,0.5,0.5]","[0.0,0.0,0.0,0.0]","[0.0,0.0,0.0,0.0]","[0.0,0.0,0.0,0.0]",0.0,0.0,0.0
DSR_Simple_training,think,video,20,OTHER,"[0.875,0.875,0.875,0.875]","[0.0,0.0,0.0,0.0]","[0.0,0.0,0.0,0.0]","[0.0,0.0,0.0,0.0]",0.0,0.0,0.0
DSR_Simple_training,think,prod,4,MULTI_EXACT,"[12.5,12.5,8.0,8.0]","[0.9999555575307764,0.9999555575307764,-0.9999555575307764,-0.9999555575307764]","[0.5625,0.5625,0.0,0.0]","[0.28125,0.28125,0.0,0.0]",3.9998222301231054,1.125,0.5625
DSR_Simple_training,think,video,12,MIXED_HIGH,"[8.25,8.25,0.5,8.25]","[0.5773330654012014,0.5773330654012014,-1.7319991962036043,0.5773330654012014]","[0.2421875,0.2421875,-0.7265625,0.2421875]","[0.2421875,0.2421875,-0.7265625,0.2421875]",3.463998392407208,1.453125,1.453125
DSR_Simple_training,think,prod,2,AB_SIGNAL,"[2.0,2.0,0.5,2.0]","[0.5772613939839699,0.5772613939839699,-1.7317841819519098,0.5772613939839699]","[0.046875,0.046875,-0.140625,0.046875]","[0.046875,0.046875,-0.140625,0.046875]",3.4635683639038195,0.28125,0.28125
DSR_Simple_training,think,ad,4,MIXED_HIGH,"[9.125,9.125,9.125,9.125]","[0.0,0.0,0.0,0.0]","[0.140625,0.140625,0.140625,0.140625]","[0.0,0.0,0.0,0.0]",0.0,0.5625,0.0
DSR_Simple_training,think,prod,4,A_ONLY,"[2.375,0.5,0.75,2.375]","[0.994823557875416,-1.1369412090004754,-0.8527059067503565,0.994823557875416]","[0.109375,-0.125,-0.09375,0.109375]","[0.109375,-0.125,-0.09375,0.109375]",3.9792942315016635,0.4375,0.4375
DSR_Simple_training,think,living,2,AB_SIGNAL,"[0.0,3.0,0.0,2.0]","[-0.9621763802770882,1.3470469323879235,-0.9621763802770882,0.5773058281662529]","[-0.15625,0.21875,-0.15625,0.09375]","[-0.15625,0.21875,-0.15625,0.09375]",3.8487055211083527,0.625,0.625
DSR_Simple_training,think,ad,2,MIXED_HIGH,"[8.25,8.25,8.25,8.25]","[0.0,0.0,0.0,0.0]","[0.03125,0.03125,0.03125,0.03125]","[0.0,0.0,0.0,0.0]",0.0,0.125,0.0
DSR_Simple_training,think,video,20,MIXED_HIGH,"[9.5625,12.75,9.5,3.1875]","[0.23414198410671583,1.1526989986792164,0.21613106225235307,-1.6029720450382854]","[0.1953125,0.59375,0.1875,-0.6015625]","[0.1015625,0.5,0.09375,-0.6953125]",3.2059440900765708,1.578125,1.390625
DSR_Simple_training,think,video,20,MIXED_HIGH,"[15.76171875,15.76171875,15.7578125,15.7578125]","[0.9512937595129377,0.9512937595129377,-0.9512937595129377,-0.9512937595129377]","[0.97021484375,0.97021484375,0.9697265625,0.9697265625]","[0.000244140625,0.000244140625,0.0,0.0]",3.805175038051751,3.8798828125,0.00048828125
DSR_Simple_training,think,prod,3,ALL_ZERO,"[0.0,0.0,0.0,0.0]","[0.0,0.0,0.0,0.0]","[0.0,0.0,0.0,0.0]","[0.0,0.0,0.0,0.0]",0.0,0.0,0.0
DSR_Simple_training,think,living,2,ALL_ZERO,"[0.0,0.0,0.0,0.0]","[0.0,0.0,0.0,0.0]","[0.0,0.0,0.0,0.0]","[0.0,0.0,0.0,0.0]",0.0,0.0,0.0
DSR_Simple_training,think,ad,4,MIXED_HIGH,"[8.25,8.25,8.25,8.25]","[0.0,0.0,0.0,0.0]","[0.03125,0.03125,0.03125,0.03125]","[0.0,0.0,0.0,0.0]",0.0,0.125,0.0
DSR_Simple_training,think,video,19,MIXED_HIGH,"[14.0,14.0625,12.1875,14.0625]","[0.5251230973832588,0.6029191118104082,-1.7309613210040753,0.6029191118104082]","[0.75,0.7578125,0.5234375,0.7578125]","[0.052734375,0.060546875,0.0,0.060546875]",3.46192264200815,2.7890625,0.173828125
DSR_Simple_training,think,ad,2,A_ONLY,"[0.0,0.0,0.0,0.5]","[-0.577083725634154,-0.577083725634154,-0.577083725634154,1.7312511769024619]","[-0.015625,-0.015625,-0.015625,0.046875]","[-0.015625,-0.015625,-0.015625,0.046875]",3.4625023538049238,0.09375,0.09375
DSR_Simple_training,think,living,8,MIXED_HIGH,"[9.125,3.125,3.125,9.125]","[0.9999666677777407,-0.9999666677777407,-0.9999666677777407,0.9999666677777407]","[0.375,-0.375,-0.375,0.375]","[0.375,-0.375,-0.375,0.375]",3.9998666711109627,1.5,1.5
DSR_Simple_training,think,video,20,MIXED_HIGH,"[12.21875,8.46875,0.9375,8.4375]","[1.1478491157567927,0.2326205849208118,-1.6054633811747832,0.22499368049717863]","[0.587890625,0.119140625,-0.822265625,0.115234375]","[0.587890625,0.119140625,-0.822265625,0.115234375]",3.2109267623495663,1.64453125,1.64453125
DSR_Simple_training,think,living,4,AB_SIGNAL,"[2.25,3.0,2.0,3.0]","[-0.6999832144053192,0.9799765001674469,-1.2599697859295744,0.9799765001674469]","[-0.0390625,0.0546875,-0.0703125,0.0546875]","[-0.0390625,0.0546875,-0.0703125,0.0546875]",3.919906000669787,0.21875,0.21875
DSR_Simple_training,think,ad,2,ALL_ZERO,"[0.0,0.0,0.0,0.0]","[0.0,0.0,0.0,0.0]","[0.0,0.0,0.0,0.0]","[0.0,0.0,0.0,0.0]",0.0,0.0,0.0
DSR_Simple_training,think,living,2,MULTI_EXACT,"[8.0,8.0,0.0,8.0]","[0.5773336030040704,0.5773336030040704,-1.7320008090122112,0.5773336030040704]","[0.25,0.25,-0.75,0.25]","[0.25,0.25,-0.75,0.25]",3.464001618024423,1.5,1.5
DSR_Simple_training,think,ad,2,A_ONLY,"[0.5,0.5,0.5,0.5]","[0.0,0.0,0.0,0.0]","[0.0,0.0,0.0,0.0]","[0.0,0.0,0.0,0.0]",0.0,0.0,0.0
DSR_Simple_training,think,ad,3,MIXED_HIGH,"[8.25,8.25,9.125,8.25]","[-0.577197928444774,-0.577197928444774,1.731593785334322,-0.577197928444774]","[0.03125,0.03125,0.140625,0.03125]","[0.0,0.0,0.08203125,0.0]",3.463187570668644,0.234375,0.08203125
DSR_Simple_training,think,ad,2,ALL_ZERO,"[0.0,0.0,0.0,0.0]","[0.0,0.0,0.0,0.0]","[0.0,0.0,0.0,0.0]","[0.0,0.0,0.0,0.0]",0.0,0.0,0.0
DSR_Simple_training,think,video,13,MIXED_HIGH,"[8.25,8.25,8.0,8.25]","[0.5768174280738311,0.5768174280738311,-1.730452284221493,0.5768174280738311]","[0.03125,0.03125,0.0,0.03125]","[0.0078125,0.0078125,0.0,0.0078125]",3.4609045684429867,0.09375,0.0234375
DSR_Simple_training,think,video,11,EXACT_SATURATED,"[8.0,8.0,8.0,8.0]","[0.0,0.0,0.0,0.0]","[0.0,0.0,0.0,0.0]","[0.0,0.0,0.0,0.0]",0.0,0.0,0.0
DSR_Simple_training,think,ad,3,A_ONLY,"[0.0,0.0,0.5,0.5]","[-0.9996001599360256,-0.9996001599360256,0.9996001599360256,0.9996001599360256]","[-0.03125,-0.03125,0.03125,0.03125]","[-0.03125,-0.03125,0.03125,0.03125]",3.9984006397441023,0.125,0.125
DSR_Simple_training,think,video,20,OTHER,"[2.375,2.375,2.375,2.25]","[0.5762855695777033,0.5762855695777033,0.5762855695777033,-1.7288567087331097]","[0.00390625,0.00390625,0.00390625,-0.01171875]","[0.00390625,0.00390625,0.00390625,-0.01171875]",3.45771341746622,0.0234375,0.0234375
DSR_Simple_training,think,ad,2,SINGLE_EXACT,"[0.5,0.5,8.0,0.5]","[-0.5773324919592446,-0.5773324919592446,1.731997475877734,-0.5773324919592446]","[-0.234375,-0.234375,0.703125,-0.234375]","[-0.234375,-0.234375,0.703125,-0.234375]",3.463994951755468,1.40625,1.40625
DSR_Simple_training,think,video,13,OTHER,"[0.75,0.75,0.75,0.75]","[0.0,0.0,0.0,0.0]","[0.0,0.0,0.0,0.0]","[0.0,0.0,0.0,0.0]",0.0,0.0,0.0
DSR_Simple_training,think,prod,2,MIXED_HIGH,"[8.25,0.75,0.75,2.25]","[1.6976944750689134,-0.7275833464581057,-0.7275833464581057,-0.2425277821527019]","[0.65625,-0.28125,-0.28125,-0.09375]","[0.65625,-0.28125,-0.28125,-0.09375]",3.395388950137827,1.3125,1.3125
DSR_Simple_training,think,ad,5,MIXED_HIGH,"[12.0,12.125,12.125,12.1875]","[-1.603555699285587,0.2290793856122267,0.2290793856122267,1.1453969280611336]","[0.5,0.515625,0.515625,0.5234375]","[0.0,0.001953125,0.001953125,0.009765625]",3.207111398571174,2.0546875,0.013671875
DSR_Simple_training,think,prod,2,ALL_ZERO,"[0.0,0.0,0.0,0.0]","[0.0,0.0,0.0,0.0]","[0.0,0.0,0.0,0.0]","[0.0,0.0,0.0,0.0]",0.0,0.0,0.0
DSR_Simple_training,think,video,19,ALL_ZERO,"[0.0,0.0,0.0,0.0]","[0.0,0.0,0.0,0.0]","[0.0,0.0,0.0,0.0]","[0.0,0.0,0.0,0.0]",0.0,0.0,0.0
DSR_Simple_training,think,living,2,A_ONLY,"[0.5,0.5,0.5,0.5]","[0.0,0.0,0.0,0.0]","[0.0,0.0,0.0,0.0]","[0.0,0.0,0.0,0.0]",0.0,0.0,0.0
DSR_Simple_training,think,living,2,OTHER,"[0.75,0.75,0.75,0.75]","[0.0,0.0,0.0,0.0]","[0.0,0.0,0.0,0.0]","[0.0,0.0,0.0,0.0]",0.0,0.0,0.0
DSR_Simple_training,think,ad,2,A_ONLY,"[0.5,0.5,0.0,0.0]","[0.9996001599360256,0.9996001599360256,-0.9996001599360256,-0.9996001599360256]","[0.03125,0.03125,-0.03125,-0.03125]","[0.03125,0.03125,-0.03125,-0.03125]",3.9984006397441023,0.125,0.125
DSR_Simple_training,think,video,11,A_ONLY,"[0.75,0.5,0.875,0.75]","[0.22924743637023273,-1.604732054591629,1.1462371818511636,0.22924743637023273]","[0.00390625,-0.02734375,0.01953125,0.00390625]","[0.00390625,-0.02734375,0.01953125,0.00390625]",3.209464109183258,0.0546875,0.0546875
DSR_Simple_training,think,ad,2,MIXED_HIGH,"[8.25,0.75,8.25,8.25]","[0.5773324919592446,-1.731997475877734,0.5773324919592446,0.5773324919592446]","[0.234375,-0.703125,0.234375,0.234375]","[0.234375,-0.703125,0.234375,0.234375]",3.463994951755468,1.40625,1.40625
DSR_Simple_training,think,prod,2,ALL_ZERO,"[0.0,0.0,0.0,0.0]","[0.0,0.0,0.0,0.0]","[0.0,0.0,0.0,0.0]","[0.0,0.0,0.0,0.0]",0.0,0.0,0.0
DSR_Simple_training,think,video,20,MIXED_HIGH,"[2.375,12.1875,8.375,8.375]","[-1.552631868860045,1.241215734704735,0.15570806707765492,0.15570806707765492]","[-0.681640625,0.544921875,0.068359375,0.068359375]","[-0.681640625,0.544921875,0.068359375,0.068359375]",3.1052637377200893,1.36328125,1.36328125
DSR_Simple_training,think,video,14,MIXED_HIGH,"[12.125,12.125,12.125,8.375]","[0.5773147158235897,0.5773147158235897,0.5773147158235897,-1.731944147470769]","[0.515625,0.515625,0.515625,0.046875]","[0.1171875,0.1171875,0.1171875,0.0]",3.4638882949415386,1.59375,0.3515625
DSR_Simple_training,think,prod,2,EXACT_SATURATED,"[8.0,8.0,8.0,8.0]","[0.0,0.0,0.0,0.0]","[0.0,0.0,0.0,0.0]","[0.0,0.0,0.0,0.0]",0.0,0.0,0.0
DSR_Simple_training,think,ad,2,ALL_ZERO,"[0.0,0.0,0.0,0.0]","[0.0,0.0,0.0,0.0]","[0.0,0.0,0.0,0.0]","[0.0,0.0,0.0,0.0]",0.0,0.0,0.0
DSR_Simple_training,think,ad,2,A_ONLY,"[0.5,0.5,0.5,0.5]","[0.0,0.0,0.0,0.0]","[0.0,0.0,0.0,0.0]","[0.0,0.0,0.0,0.0]",0.0,0.0,0.0
DSR_Simple_training,think,ad,2,ALL_ZERO,"[0.0,0.0,0.0,0.0]","[0.0,0.0,0.0,0.0]","[0.0,0.0,0.0,0.0]","[0.0,0.0,0.0,0.0]",0.0,0.0,0.0
DSR_Simple_training,think,ad,2,ALL_ZERO,"[0.0,0.0,0.0,0.0]","[0.0,0.0,0.0,0.0]","[0.0,0.0,0.0,0.0]","[0.0,0.0,0.0,0.0]",0.0,0.0,0.0
DSR_Simple_training,think,ad,2,A_ONLY,"[0.5,0.5,0.5,0.5]","[0.0,0.0,0.0,0.0]","[0.0,0.0,0.0,0.0]","[0.0,0.0,0.0,0.0]",0.0,0.0,0.0
DSR_Simple_training,think,ad,2,EXACT_SATURATED,"[8.0,8.0,8.0,8.0]","[0.0,0.0,0.0,0.0]","[0.0,0.0,0.0,0.0]","[0.0,0.0,0.0,0.0]",0.0,0.0,0.0
DSR_Simple_training,think,living,2,MIXED_HIGH,"[9.0,9.0,9.0,9.0]","[0.0,0.0,0.0,0.0]","[0.125,0.125,0.125,0.125]","[0.0,0.0,0.0,0.0]",0.0,0.5,0.0
DSR_Simple_training,think,video,12,EXACT_SATURATED,"[8.0,8.0,8.0,8.0]","[0.0,0.0,0.0,0.0]","[0.0,0.0,0.0,0.0]","[0.0,0.0,0.0,0.0]",0.0,0.0,0.0
DSR_Simple_training,think,living,2,AB_SIGNAL,"[2.0,2.0,2.0,2.0]","[0.0,0.0,0.0,0.0]","[0.0,0.0,0.0,0.0]","[0.0,0.0,0.0,0.0]",0.0,0.0,0.0
DSR_Simple_training,think,ad,2,EXACT_SATURATED,"[8.0,8.0,8.0,8.0]","[0.0,0.0,0.0,0.0]","[0.0,0.0,0.0,0.0]","[0.0,0.0,0.0,0.0]",0.0,0.0,0.0
DSR_Simple_training,think,video,15,MIXED_HIGH,"[8.25,8.25,8.25,8.25]","[0.0,0.0,0.0,0.0]","[0.03125,0.03125,0.03125,0.03125]","[0.0,0.0,0.0,0.0]",0.0,0.125,0.0
DSR_Simple_training,think,living,2,MIXED_HIGH,"[8.25,8.25,8.25,8.25]","[0.0,0.0,0.0,0.0]","[0.03125,0.03125,0.03125,0.03125]","[0.0,0.0,0.0,0.0]",0.0,0.125,0.0
DSR_Simple_training,think,ad,2,A_ONLY,"[0.5,0.0,0.0,0.5]","[0.9996001599360256,-0.9996001599360256,-0.9996001599360256,0.9996001599360256]","[0.03125,-0.03125,-0.03125,0.03125]","[0.03125,-0.03125,-0.03125,0.03125]",3.9984006397441023,0.125,0.125
DSR_Simple_training,think,video,13,A_ONLY,"[0.0,3.1875,3.0,0.5]","[-1.1655126827414861,1.0565862637936836,0.9258745610563207,-0.8169481421085183]","[-0.208984375,0.189453125,0.166015625,-0.146484375]","[-0.208984375,0.189453125,0.166015625,-0.146484375]",3.964921649700009,0.7109375,0.7109375
DSR_Simple_training,think,prod,3,ALL_ZERO,"[0.0,0.0,0.0,0.0]","[0.0,0.0,0.0,0.0]","[0.0,0.0,0.0,0.0]","[0.0,0.0,0.0,0.0]",0.0,0.0,0.0
DSR_Simple_training,think,prod,2,ALL_ZERO,"[0.0,0.0,0.0,0.0]","[0.0,0.0,0.0,0.0]","[0.0,0.0,0.0,0.0]","[0.0,0.0,0.0,0.0]",0.0,0.0,0.0
DSR_Simple_training,think,video,20,OTHER,"[0.9375,2.46875,0.96875,0.875]","[-0.5609455767837638,1.7295821950832717,-0.5142001120517835,-0.6544365062477244]","[-0.046875,0.14453125,-0.04296875,-0.0546875]","[-0.046875,0.14453125,-0.04296875,-0.0546875]",3.459164390166544,0.2890625,0.2890625
DSR_Simple_training,think,video,14,MIXED_HIGH,"[0.5,2.375,0.5,9.1875]","[-0.7388022939100453,-0.21420894912184746,-0.7388022939100453,1.691813536941938]","[-0.330078125,-0.095703125,-0.330078125,0.755859375]","[-0.330078125,-0.095703125,-0.330078125,0.755859375]",3.3836270738838756,1.51171875,1.51171875
DSR_Simple_training,think,video,20,MIXED_HIGH,"[8.4375,8.375,8.375,8.375]","[1.725674368776259,-0.5752247895920863,-0.5752247895920863,-0.5752247895920863]","[0.0546875,0.046875,0.046875,0.046875]","[0.005859375,0.0,0.0,0.0]",3.451348737552518,0.1953125,0.005859375
DSR_Simple_training,think,ad,5,MULTI_EXACT,"[8.0,0.0,8.0,8.0]","[0.5773336030040704,-1.7320008090122112,0.5773336030040704,0.5773336030040704]","[0.25,-0.75,0.25,0.25]","[0.25,-0.75,0.25,0.25]",3.464001618024423,1.5,1.5
DSR_Simple_training,think,living,2,AB_SIGNAL,"[2.0,2.0,2.0,2.0]","[0.0,0.0,0.0,0.0]","[0.0,0.0,0.0,0.0]","[0.0,0.0,0.0,0.0]",0.0,0.0,0.0
DSR_Simple_training,think,prod,2,MULTI_EXACT,"[8.0,8.0,0.0,8.0]","[0.5773336030040704,0.5773336030040704,-1.7320008090122112,0.5773336030040704]","[0.25,0.25,-0.75,0.25]","[0.25,0.25,-0.75,0.25]",3.464001618024423,1.5,1.5
DSR_Simple_training,think,ad,2,MIXED_HIGH,"[12.0,12.0,12.0,12.0]","[0.0,0.0,0.0,0.0]","[0.5,0.5,0.5,0.5]","[0.0,0.0,0.0,0.0]",0.0,2.0,0.0
DSR_Simple_training,think,prod,2,ALL_ZERO,"[0.0,0.0,0.0,0.0]","[0.0,0.0,0.0,0.0]","[0.0,0.0,0.0,0.0]","[0.0,0.0,0.0,0.0]",0.0,0.0,0.0
DSR_Simple_training,think,living,2,ALL_ZERO,"[0.0,0.0,0.0,0.0]","[0.0,0.0,0.0,0.0]","[0.0,0.0,0.0,0.0]","[0.0,0.0,0.0,0.0]",0.0,0.0,0.0
DSR_Simple_training,think,living,2,SINGLE_EXACT,"[0.5,0.5,0.5,8.0]","[-0.5773324919592446,-0.5773324919592446,-0.5773324919592446,1.731997475877734]","[-0.234375,-0.234375,-0.234375,0.703125]","[-0.234375,-0.234375,-0.234375,0.703125]",3.463994951755468,1.40625,1.40625
DSR_Simple_training,think,living,2,A_ONLY,"[0.5,0.5,0.5,0.5]","[0.0,0.0,0.0,0.0]","[0.0,0.0,0.0,0.0]","[0.0,0.0,0.0,0.0]",0.0,0.0,0.0
DSR_Simple_training,think,video,18,A_ONLY,"[0.5,0.5,0.5,0.5]","[0.0,0.0,0.0,0.0]","[0.0,0.0,0.0,0.0]","[0.0,0.0,0.0,0.0]",0.0,0.0,0.0
DSR_Simple_training,think,ad,2,OTHER,"[0.75,0.75,0.75,0.75]","[0.0,0.0,0.0,0.0]","[0.0,0.0,0.0,0.0]","[0.0,0.0,0.0,0.0]",0.0,0.0,0.0
DSR_Simple_training,think,ad,2,A_ONLY,"[0.0,0.0,0.0,0.5]","[-0.577083725634154,-0.577083725634154,-0.577083725634154,1.7312511769024619]","[-0.015625,-0.015625,-0.015625,0.046875]","[-0.015625,-0.015625,-0.015625,0.046875]",3.4625023538049238,0.09375,0.09375
DSR_Simple_training,think,video,20,A_ONLY,"[0.5,0.5,0.5,0.5]","[0.0,0.0,0.0,0.0]","[0.0,0.0,0.0,0.0]","[0.0,0.0,0.0,0.0]",0.0,0.0,0.0
DSR_Simple_training,think,prod,3,A_ONLY,"[0.75,0.75,0.5,0.5]","[0.9992006394884093,0.9992006394884093,-0.9992006394884093,-0.9992006394884093]","[0.015625,0.015625,-0.015625,-0.015625]","[0.015625,0.015625,-0.015625,-0.015625]",3.9968025579536373,0.0625,0.0625
DSR_Simple_training,think,living,2,AB_SIGNAL,"[2.0,2.0,2.0,2.0]","[0.0,0.0,0.0,0.0]","[0.0,0.0,0.0,0.0]","[0.0,0.0,0.0,0.0]",0.0,0.0,0.0
DSR_Simple_training,think,video,15,OTHER,"[2.375,2.25,3.125,2.25]","[-0.34290307845654355,-0.6858061569130871,1.7145153922827179,-0.6858061569130871]","[-0.015625,-0.03125,0.078125,-0.03125]","[-0.015625,-0.03125,0.078125,-0.03125]",3.4290307845654358,0.15625,0.15625
DSR_Simple_training,think,ad,2,MIXED_HIGH,"[8.25,2.25,2.25,2.25]","[1.731984143468113,-0.5773280478227043,-0.5773280478227043,-0.5773280478227043]","[0.5625,-0.1875,-0.1875,-0.1875]","[0.5625,-0.1875,-0.1875,-0.1875]",3.4639682869362263,1.125,1.125
DSR_Simple_training,think,video,16,OTHER,"[3.0,3.0,3.0,3.0]","[0.0,0.0,0.0,0.0]","[0.0,0.0,0.0,0.0]","[0.0,0.0,0.0,0.0]",0.0,0.0,0.0
DSR_Simple_training,think,living,2,ALL_ZERO,"[0.0,0.0,0.0,0.0]","[0.0,0.0,0.0,0.0]","[0.0,0.0,0.0,0.0]","[0.0,0.0,0.0,0.0]",0.0,0.0,0.0
DSR_Simple_training,think,living,2,AB_SIGNAL,"[2.0,2.0,2.0,2.0]","[0.0,0.0,0.0,0.0]","[0.0,0.0,0.0,0.0]","[0.0,0.0,0.0,0.0]",0.0,0.0,0.0
DSR_Simple_training,think,ad,2,MIXED_HIGH,"[8.25,8.25,8.25,8.25]","[0.0,0.0,0.0,0.0]","[0.03125,0.03125,0.03125,0.03125]","[0.0,0.0,0.0,0.0]",0.0,0.125,0.0
DSR_Simple_training,think,ad,3,MIXED_HIGH,"[8.375,0.875,8.375,8.375]","[0.5773324919592446,-1.731997475877734,0.5773324919592446,0.5773324919592446]","[0.234375,-0.703125,0.234375,0.234375]","[0.234375,-0.703125,0.234375,0.234375]",3.463994951755468,1.40625,1.40625
DSR_Simple_training,think,video,13,A_ONLY,"[0.5,0.5,0.0,0.5]","[0.577083725634154,0.577083725634154,-1.7312511769024619,0.577083725634154]","[0.015625,0.015625,-0.046875,0.015625]","[0.015625,0.015625,-0.046875,0.015625]",3.462502353804924,0.09375,0.09375
DSR_Simple_training,think,video,17,OTHER,"[3.1875,3.125,3.1875,3.1875]","[0.5752247895920863,-1.725674368776259,0.5752247895920863,0.5752247895920863]","[0.001953125,-0.005859375,0.001953125,0.001953125]","[0.001953125,-0.005859375,0.001953125,0.001953125]",3.451348737552518,0.01171875,0.01171875
DSR_Simple_training,think,ad,2,ALL_ZERO,"[0.0,0.0,0.0,0.0]","[0.0,0.0,0.0,0.0]","[0.0,0.0,0.0,0.0]","[0.0,0.0,0.0,0.0]",0.0,0.0,0.0
DSR_Simple_training,think,ad,2,MULTI_EXACT,"[8.0,12.0,8.0,8.0]","[-0.5773169377806823,1.7319508133420467,-0.5773169377806823,-0.5773169377806823]","[0.0,0.5,0.0,0.0]","[0.0,0.375,0.0,0.0]",3.4639016266840934,0.5,0.375
DSR_Simple_training,think,video,12,MIXED_HIGH,"[12.125,12.125,12.125,12.5625]","[-0.5770456680725549,-0.5770456680725549,-0.5770456680725549,1.7311370042176644]","[0.515625,0.515625,0.515625,0.5703125]","[0.0,0.0,0.0,0.041015625]",3.4622740084353287,2.1171875,0.041015625
DSR_Simple_training,think,video,20,EXACT_SATURATED,"[8.0,8.0,8.0,8.0]","[0.0,0.0,0.0,0.0]","[0.0,0.0,0.0,0.0]","[0.0,0.0,0.0,0.0]",0.0,0.0,0.0
DSR_Simple_training,think,video,11,A_ONLY,"[0.75,0.75,0.5,0.5]","[0.9992006394884093,0.9992006394884093,-0.9992006394884093,-0.9992006394884093]","[0.015625,0.015625,-0.015625,-0.015625]","[0.015625,0.015625,-0.015625,-0.015625]",3.9968025579536373,0.0625,0.0625
DSR_Simple_training,think,prod,2,MULTI_EXACT,"[0.5,8.0,8.0,8.0]","[-1.731997475877734,0.5773324919592446,0.5773324919592446,0.5773324919592446]","[-0.703125,0.234375,0.234375,0.234375]","[-0.703125,0.234375,0.234375,0.234375]",3.463994951755468,1.40625,1.40625
DSR_Simple_training,think,video,16,AB_SIGNAL,"[2.0,2.0,2.0,2.0]","[0.0,0.0,0.0,0.0]","[0.0,0.0,0.0,0.0]","[0.0,0.0,0.0,0.0]",0.0,0.0,0.0
DSR_Simple_training,think,video,16,MIXED_HIGH,"[0.75,0.75,8.375,8.375]","[-0.9999737711797723,-0.9999737711797723,0.9999737711797723,0.9999737711797723]","[-0.4765625,-0.4765625,0.4765625,0.4765625]","[-0.4765625,-0.4765625,0.4765625,0.4765625]",3.999895084719089,1.90625,1.90625
DSR_Simple_training,think,prod,2,ALL_ZERO,"[0.0,0.0,0.0,0.0]","[0.0,0.0,0.0,0.0]","[0.0,0.0,0.0,0.0]","[0.0,0.0,0.0,0.0]",0.0,0.0,0.0
DSR_Simple_training,think,video,14,A_ONLY,"[0.5,0.5,0.5,0.5]","[0.0,0.0,0.0,0.0]","[0.0,0.0,0.0,0.0]","[0.0,0.0,0.0,0.0]",0.0,0.0,0.0
DSR_Simple_training,think,prod,2,EXACT_SATURATED,"[8.0,8.0,8.0,8.0]","[0.0,0.0,0.0,0.0]","[0.0,0.0,0.0,0.0]","[0.0,0.0,0.0,0.0]",0.0,0.0,0.0
DSR_Simple_training,think,video,12,OTHER,"[0.96875,0.75,0.9375,0.0]","[0.7762387596271735,0.21893913733074125,0.6966245278705403,-1.691802424828455]","[0.0380859375,0.0107421875,0.0341796875,-0.0830078125]","[0.0380859375,0.0107421875,0.0341796875,-0.0830078125]",3.38360484965691,0.166015625,0.166015625
DSR_Simple_training,think,ad,2,A_ONLY,"[0.5,0.5,0.5,0.5]","[0.0,0.0,0.0,0.0]","[0.0,0.0,0.0,0.0]","[0.0,0.0,0.0,0.0]",0.0,0.0,0.0
DSR_Simple_training,think,video,19,OTHER,"[2.375,2.25,2.25,2.25]","[1.7288567087331097,-0.5762855695777033,-0.5762855695777033,-0.5762855695777033]","[0.01171875,-0.00390625,-0.00390625,-0.00390625]","[0.01171875,-0.00390625,-0.00390625,-0.00390625]",3.4577134174662194,0.0234375,0.0234375
DSR_Simple_training,think,video,12,OTHER,"[2.375,2.375,2.375,0.75]","[0.5772682295667987,0.5772682295667987,0.5772682295667987,-1.7318046887003962]","[0.05078125,0.05078125,0.05078125,-0.15234375]","[0.05078125,0.05078125,0.05078125,-0.15234375]",3.4636093774007923,0.3046875,0.3046875
DSR_Simple_training,think,video,16,A_ONLY,"[0.0,0.0,0.0,0.5]","[-0.577083725634154,-0.577083725634154,-0.577083725634154,1.7312511769024619]","[-0.015625,-0.015625,-0.015625,0.046875]","[-0.015625,-0.015625,-0.015625,0.046875]",3.4625023538049238,0.09375,0.09375
DSR_Simple_training,think,ad,3,OTHER,"[2.25,2.25,2.25,2.25]","[0.0,0.0,0.0,0.0]","[0.0,0.0,0.0,0.0]","[0.0,0.0,0.0,0.0]",0.0,0.0,0.0
DSR_Simple_training,think,ad,5,MIXED_HIGH,"[15.0,14.0,14.25,14.25]","[1.6662223407091443,-0.9997334044254865,-0.33324446814182884,-0.33324446814182884]","[0.875,0.75,0.78125,0.78125]","[0.078125,0.0,0.0,0.0]",3.3324446814182886,3.1875,0.078125
DSR_Simple_training,think,video,13,A_ONLY,"[0.0,0.5,0.5,0.75]","[-1.6053208797055876,0.22933155424365537,0.22933155424365537,1.1466577712182768]","[-0.0546875,0.0078125,0.0078125,0.0390625]","[-0.0546875,0.0078125,0.0078125,0.0390625]",3.2106417594111756,0.109375,0.109375
DSR_Simple_training,think,prod,3,ALL_ZERO,"[0.0,0.0,0.0,0.0]","[0.0,0.0,0.0,0.0]","[0.0,0.0,0.0,0.0]","[0.0,0.0,0.0,0.0]",0.0,0.0,0.0
DSR_Simple_training,think,video,20,MIXED_HIGH,"[0.9375,8.375,0.75,0.875]","[-0.5516258926201726,1.731625628138107,-0.6091868553283646,-0.5708128801895699]","[-0.224609375,0.705078125,-0.248046875,-0.232421875]","[-0.224609375,0.705078125,-0.248046875,-0.232421875]",3.4632512562762137,1.41015625,1.41015625
DSR_Simple_training,think,prod,2,EXACT_SATURATED,"[8.0,8.0,8.0,8.0]","[0.0,0.0,0.0,0.0]","[0.0,0.0,0.0,0.0]","[0.0,0.0,0.0,0.0]",0.0,0.0,0.0
DSR_Simple_training,think,ad,4,A_ONLY,"[0.5,0.5,0.5,0.5]","[0.0,0.0,0.0,0.0]","[0.0,0.0,0.0,0.0]","[0.0,0.0,0.0,0.0]",0.0,0.0,0.0
DSR_Simple_training,think,video,14,AB_SIGNAL,"[2.0,3.0,2.0,3.0]","[-0.9998000399920016,0.9998000399920016,-0.9998000399920016,0.9998000399920016]","[-0.0625,0.0625,-0.0625,0.0625]","[-0.0625,0.0625,-0.0625,0.0625]",3.9992001599680065,0.25,0.25
DSR_Simple_training,think,living,2,A_ONLY,"[0.5,0.5,0.5,0.5]","[0.0,0.0,0.0,0.0]","[0.0,0.0,0.0,0.0]","[0.0,0.0,0.0,0.0]",0.0,0.0,0.0
DSR_Simple_training,think,ad,2,ALL_ZERO,"[0.0,0.0,0.0,0.0]","[0.0,0.0,0.0,0.0]","[0.0,0.0,0.0,0.0]","[0.0,0.0,0.0,0.0]",0.0,0.0,0.0
DSR_Simple_training,think,video,13,A_ONLY,"[0.5,0.5,0.5,0.5]","[0.0,0.0,0.0,0.0]","[0.0,0.0,0.0,0.0]","[0.0,0.0,0.0,0.0]",0.0,0.0,0.0
DSR_Simple_training,think,video,12,AB_SIGNAL,"[2.0,2.0,2.375,2.25]","[-0.9616582207745682,-0.9616582207745682,1.3463215090843954,0.5769949324647409]","[-0.01953125,-0.01953125,0.02734375,0.01171875]","[-0.01953125,-0.01953125,0.02734375,0.01171875]",3.846632883098273,0.078125,0.078125
DSR_Simple_training,think,prod,4,MIXED_HIGH,"[12.125,8.375,2.375,8.375]","[1.2346693427062327,0.1610438273095086,-1.55675699732525,0.1610438273095086]","[0.5390625,0.0703125,-0.6796875,0.0703125]","[0.5390625,0.0703125,-0.6796875,0.0703125]",3.1135139946505,1.359375,1.359375
DSR_Simple_training,think,ad,2,MIXED_HIGH,"[2.0,2.0,9.0,9.0]","[-0.9999714293877318,-0.9999714293877318,0.9999714293877318,0.9999714293877318]","[-0.4375,-0.4375,0.4375,0.4375]","[-0.4375,-0.4375,0.4375,0.4375]",3.999885717550927,1.75,1.75
DSR_Simple_training,think,ad,5,MIXED_HIGH,"[8.25,8.0,8.25,8.25]","[0.5768174280738311,-1.730452284221493,0.5768174280738311,0.5768174280738311]","[0.03125,0.0,0.03125,0.03125]","[0.0078125,0.0,0.0078125,0.0078125]",3.4609045684429867,0.09375,0.0234375
DSR_Simple_training,think,video,11,A_ONLY,"[0.5,0.75,0.5,0.5]","[-0.5768174280738311,1.730452284221493,-0.5768174280738311,-0.5768174280738311]","[-0.0078125,0.0234375,-0.0078125,-0.0078125]","[-0.0078125,0.0234375,-0.0078125,-0.0078125]",3.4609045684429867,0.046875,0.046875
DSR_Simple_training,think,prod,2,ALL_ZERO,"[0.0,0.0,0.0,0.0]","[0.0,0.0,0.0,0.0]","[0.0,0.0,0.0,0.0]","[0.0,0.0,0.0,0.0]",0.0,0.0,0.0
DSR_Simple_training,think,video,12,A_ONLY,"[0.5,0.5,0.5,0.5]","[0.0,0.0,0.0,0.0]","[0.0,0.0,0.0,0.0]","[0.0,0.0,0.0,0.0]",0.0,0.0,0.0
DSR_Simple_training,think,video,16,A_ONLY,"[3.21875,0.5,3.21875,2.4375]","[0.7873349574671449,-1.6590272318057695,0.7873349574671449,0.0843573168714798]","[0.109375,-0.23046875,0.109375,0.01171875]","[0.109375,-0.23046875,0.109375,0.01171875]",3.3180544636115394,0.4609375,0.4609375
DSR_Simple_training,think,living,3,OTHER,"[2.25,0.75,2.25,2.25]","[0.5772613939839699,-1.7317841819519098,0.5772613939839699,0.5772613939839699]","[0.046875,-0.140625,0.046875,0.046875]","[0.046875,-0.140625,0.046875,0.046875]",3.4635683639038195,0.28125,0.28125
DSR_Simple_training,think,video,12,A_ONLY,"[0.875,0.5,0.875,0.5]","[0.9994669509594883,-0.9994669509594883,0.9994669509594883,-0.9994669509594883]","[0.0234375,-0.0234375,0.0234375,-0.0234375]","[0.0234375,-0.0234375,0.0234375,-0.0234375]",3.9978678038379534,0.09375,0.09375
DSR_Simple_training,think,living,2,OTHER,"[3.0,3.0,3.0,3.0]","[0.0,0.0,0.0,0.0]","[0.0,0.0,0.0,0.0]","[0.0,0.0,0.0,0.0]",0.0,0.0,0.0
DSR_Simple_training,think,prod,2,MIXED_HIGH,"[9.0,9.0,8.25,9.0]","[0.577172546136356,0.577172546136356,-1.7315176384090682,0.577172546136356]","[0.125,0.125,0.03125,0.125]","[0.0234375,0.0234375,0.0,0.0234375]",3.4630352768181365,0.40625,0.0703125
DSR_Simple_training,think,prod,2,ALL_ZERO,"[0.0,0.0,0.0,0.0]","[0.0,0.0,0.0,0.0]","[0.0,0.0,0.0,0.0]","[0.0,0.0,0.0,0.0]",0.0,0.0,0.0
DSR_Simple_training,think,video,12,OTHER,"[0.875,0.875,0.875,0.875]","[0.0,0.0,0.0,0.0]","[0.0,0.0,0.0,0.0]","[0.0,0.0,0.0,0.0]",0.0,0.0,0.0
DSR_Simple_training,think,living,2,AB_SIGNAL,"[2.0,0.5,2.0,0.5]","[0.9998666844420744,-0.9998666844420744,0.9998666844420744,-0.9998666844420744]","[0.09375,-0.09375,0.09375,-0.09375]","[0.09375,-0.09375,0.09375,-0.09375]",3.9994667377682975,0.375,0.375
DSR_Simple_training,think,ad,2,MIXED_HIGH,"[12.0,12.0,12.0,0.0]","[0.577339158292344,0.577339158292344,0.577339158292344,-1.7320174748770318]","[0.5,0.5,0.5,-1.0]","[0.375,0.375,0.375,-1.125]",3.4640349497540637,2.5,2.25
DSR_Simple_training,think,ad,2,MIXED_HIGH,"[8.25,0.5,8.25,8.25]","[0.5773330654012014,-1.7319991962036043,0.5773330654012014,0.5773330654012014]","[0.2421875,-0.7265625,0.2421875,0.2421875]","[0.2421875,-0.7265625,0.2421875,0.2421875]",3.463998392407208,1.453125,1.453125
DSR_Simple_training,think,video,18,MIXED_HIGH,"[8.375,8.375,8.375,8.375]","[0.0,0.0,0.0,0.0]","[0.046875,0.046875,0.046875,0.046875]","[0.0,0.0,0.0,0.0]",0.0,0.1875,0.0
DSR_Simple_training,think,video,11,AB_SIGNAL,"[0.0,0.5,2.0,2.0]","[-1.2601109149677772,-0.7000616194265429,0.98008626719716,0.98008626719716]","[-0.140625,-0.078125,0.109375,0.109375]","[-0.140625,-0.078125,0.109375,0.109375]",3.92034506878864,0.4375,0.4375
DSR_Simple_training,think,video,20,MIXED_HIGH,"[9.1875,12.125,9.125,12.125]","[-0.9787729847379706,0.999821866130185,-1.0208707475223995,0.999821866130185]","[0.1484375,0.515625,0.140625,0.515625]","[0.0,0.185546875,0.0,0.185546875]",3.99928746452074,1.3203125,0.37109375
DSR_Simple_training,think,ad,2,OTHER,"[2.25,2.25,2.25,0.0]","[0.5772910160121155,0.5772910160121155,0.5772910160121155,-1.7318730480363465]","[0.0703125,0.0703125,0.0703125,-0.2109375]","[0.0703125,0.0703125,0.0703125,-0.2109375]",3.4637460960726933,0.421875,0.421875
DSR_Simple_training,think,video,20,MIXED_HIGH,"[0.5,8.25,8.25,12.125]","[-1.6058721074342648,0.22941030106203783,0.22941030106203783,1.147051505310189]","[-0.84765625,0.12109375,0.12109375,0.60546875]","[-0.84765625,0.12109375,0.12109375,0.60546875]",3.2117442148685296,1.6953125,1.6953125
DSR_Simple_training,think,prod,4,A_ONLY,"[0.5,0.5,0.5,0.5]","[0.0,0.0,0.0,0.0]","[0.0,0.0,0.0,0.0]","[0.0,0.0,0.0,0.0]",0.0,0.0,0.0
DSR_Simple_training,think,ad,2,A_ONLY,"[0.5,0.5,0.5,0.5]","[0.0,0.0,0.0,0.0]","[0.0,0.0,0.0,0.0]","[0.0,0.0,0.0,0.0]",0.0,0.0,0.0
DSR_Simple_training,think,living,2,SINGLE_EXACT,"[0.5,0.5,8.0,0.5]","[-0.5773324919592446,-0.5773324919592446,1.731997475877734,-0.5773324919592446]","[-0.234375,-0.234375,0.703125,-0.234375]","[-0.234375,-0.234375,0.703125,-0.234375]",3.463994951755468,1.40625,1.40625
DSR_Simple_training,think,video,20,MIXED_HIGH,"[12.0,12.125,12.125,12.0]","[-0.998402555910543,0.998402555910543,0.998402555910543,-0.998402555910543]","[0.5,0.515625,0.515625,0.5]","[0.0,0.0078125,0.0078125,0.0]",3.993610223642172,2.03125,0.015625
DSR_Simple_training,think,prod,2,A_ONLY,"[0.5,0.5,0.5,0.5]","[0.0,0.0,0.0,0.0]","[0.0,0.0,0.0,0.0]","[0.0,0.0,0.0,0.0]",0.0,0.0,0.0
DSR_Simple_training,think,ad,2,MIXED_HIGH,"[12.0,12.0,12.0,12.0]","[0.0,0.0,0.0,0.0]","[0.5,0.5,0.5,0.5]","[0.0,0.0,0.0,0.0]",0.0,2.0,0.0
DSR_Simple_training,think,ad,2,MULTI_EXACT,"[8.0,2.0,8.0,0.5]","[0.9878494250909127,-0.7683273306262655,0.9878494250909127,-1.2073715195555599]","[0.421875,-0.328125,0.421875,-0.515625]","[0.421875,-0.328125,0.421875,-0.515625]",3.9513977003636507,1.6875,1.6875
DSR_Simple_training,think,living,3,EXACT_SATURATED,"[8.0,8.0,8.0,8.0]","[0.0,0.0,0.0,0.0]","[0.0,0.0,0.0,0.0]","[0.0,0.0,0.0,0.0]",0.0,0.0,0.0
DSR_Simple_training,think,video,17,ALL_ZERO,"[0.0,0.0,0.0,0.0]","[0.0,0.0,0.0,0.0]","[0.0,0.0,0.0,0.0]","[0.0,0.0,0.0,0.0]",0.0,0.0,0.0
DSR_Simple_training,think,ad,2,OTHER,"[2.25,2.25,2.25,2.25]","[0.0,0.0,0.0,0.0]","[0.0,0.0,0.0,0.0]","[0.0,0.0,0.0,0.0]",0.0,0.0,0.0
DSR_Simple_training,think,prod,2,MIXED_HIGH,"[12.0,12.0,12.0,12.0]","[0.0,0.0,0.0,0.0]","[0.5,0.5,0.5,0.5]","[0.0,0.0,0.0,0.0]",0.0,2.0,0.0
DSR_Simple_training,think,prod,2,AB_SIGNAL,"[2.0,0.0,2.0,2.0]","[0.5772836102200739,-1.7318508306602218,0.5772836102200739,0.5772836102200739]","[0.0625,-0.1875,0.0625,0.0625]","[0.0625,-0.1875,0.0625,0.0625]",3.4637016613204437,0.375,0.375
DSR_Simple_training,think,ad,2,A_ONLY,"[0.5,0.0,0.5,0.5]","[0.577083725634154,-1.7312511769024619,0.577083725634154,0.577083725634154]","[0.015625,-0.046875,0.015625,0.015625]","[0.015625,-0.046875,0.015625,0.015625]",3.462502353804924,0.09375,0.09375
DSR_Simple_training,think,ad,2,MIXED_HIGH,"[8.25,9.0,9.0,9.0]","[-1.7315176384090682,0.577172546136356,0.577172546136356,0.577172546136356]","[0.03125,0.125,0.125,0.125]","[0.0,0.0234375,0.0234375,0.0234375]",3.4630352768181365,0.40625,0.0703125
DSR_Simple_training,think,ad,2,MULTI_EXACT,"[8.0,0.0,8.0,8.0]","[0.5773336030040704,-1.7320008090122112,0.5773336030040704,0.5773336030040704]","[0.25,-0.75,0.25,0.25]","[0.25,-0.75,0.25,0.25]",3.464001618024423,1.5,1.5
DSR_Simple_training,think,ad,2,MIXED_HIGH,"[9.0,0.0,9.0,9.0]","[0.5773354547549495,-1.7320063642648484,0.5773354547549495,0.5773354547549495]","[0.28125,-0.84375,0.28125,0.28125]","[0.28125,-0.84375,0.28125,0.28125]",3.464012728529697,1.6875,1.6875
DSR_Simple_training,think,ad,3,MIXED_HIGH,"[0.875,0.875,8.375,0.875]","[-0.5773324919592446,-0.5773324919592446,1.731997475877734,-0.5773324919592446]","[-0.234375,-0.234375,0.703125,-0.234375]","[-0.234375,-0.234375,0.703125,-0.234375]",3.463994951755468,1.40625,1.40625
DSR_Simple_training,think,video,20,MIXED_HIGH,"[12.125,12.125,12.125,12.125]","[0.0,0.0,0.0,0.0]","[0.515625,0.515625,0.515625,0.515625]","[0.0,0.0,0.0,0.0]",0.0,2.0625,0.0
DSR_Simple_training,think,prod,2,ALL_ZERO,"[0.0,0.0,0.0,0.0]","[0.0,0.0,0.0,0.0]","[0.0,0.0,0.0,0.0]","[0.0,0.0,0.0,0.0]",0.0,0.0,0.0
DSR_Simple_training,think,video,15,ALL_ZERO,"[0.0,0.0,0.0,0.0]","[0.0,0.0,0.0,0.0]","[0.0,0.0,0.0,0.0]","[0.0,0.0,0.0,0.0]",0.0,0.0,0.0
DSR_Simple_training,think,ad,2,MIXED_HIGH,"[8.25,8.25,8.25,8.25]","[0.0,0.0,0.0,0.0]","[0.03125,0.03125,0.03125,0.03125]","[0.0,0.0,0.0,0.0]",0.0,0.125,0.0
DSR_Simple_training,think,prod,2,MULTI_EXACT,"[8.0,2.0,8.0,0.0]","[0.9801686086079743,-0.7001204347199816,0.9801686086079743,-1.260216782495967]","[0.4375,-0.3125,0.4375,-0.5625]","[0.4375,-0.3125,0.4375,-0.5625]",3.920674434431897,1.75,1.75
DSR_Simple_training,think,ad,2,AB_SIGNAL,"[2.0,2.0,2.0,2.0]","[0.0,0.0,0.0,0.0]","[0.0,0.0,0.0,0.0]","[0.0,0.0,0.0,0.0]",0.0,0.0,0.0
DSR_Simple_training,think,video,11,OTHER,"[0.875,0.875,0.75,0.875]","[0.5762855695777033,0.5762855695777033,-1.7288567087331097,0.5762855695777033]","[0.00390625,0.00390625,-0.01171875,0.00390625]","[0.00390625,0.00390625,-0.01171875,0.00390625]",3.4577134174662194,0.0234375,0.0234375
DSR_Simple_training,think,video,11,A_ONLY,"[0.75,0.75,0.5,0.5]","[0.9992006394884093,0.9992006394884093,-0.9992006394884093,-0.9992006394884093]","[0.015625,0.015625,-0.015625,-0.015625]","[0.015625,0.015625,-0.015625,-0.015625]",3.9968025579536373,0.0625,0.0625
DSR_Simple_training,think,living,2,MIXED_HIGH,"[8.25,8.25,0.0,0.0]","[0.9999757581634385,0.9999757581634385,-0.9999757581634385,-0.9999757581634385]","[0.515625,0.515625,-0.515625,-0.515625]","[0.515625,0.515625,-0.515625,-0.515625]",3.999903032653754,2.0625,2.0625
DSR_Simple_training,think,ad,3,AB_SIGNAL,"[2.0,2.0,2.0,2.25]","[-0.5768174280738311,-0.5768174280738311,-0.5768174280738311,1.730452284221493]","[-0.0078125,-0.0078125,-0.0078125,0.0234375]","[-0.0078125,-0.0078125,-0.0078125,0.0234375]",3.460904568442986,0.046875,0.046875
DSR_Simple_training,think,ad,2,ALL_ZERO,"[0.0,0.0,0.0,0.0]","[0.0,0.0,0.0,0.0]","[0.0,0.0,0.0,0.0]","[0.0,0.0,0.0,0.0]",0.0,0.0,0.0
DSR_Simple_training,think,video,20,AB_SIGNAL,"[2.0,2.0,2.0,2.0]","[0.0,0.0,0.0,0.0]","[0.0,0.0,0.0,0.0]","[0.0,0.0,0.0,0.0]",0.0,0.0,0.0
DSR_Simple_training,think,video,14,MIXED_HIGH,"[3.1875,9.609375,9.5625,9.609375]","[-1.7319471604651804,0.5829480686443778,0.5660510231764249,0.5829480686443778]","[-0.6005859375,0.2021484375,0.1962890625,0.2021484375]","[-0.6005859375,0.2021484375,0.1962890625,0.2021484375]",3.4638943209303608,1.201171875,1.201171875
DSR_Simple_training,think,video,20,OTHER,"[0.875,0.875,0.96875,0.875]","[-0.5759315418053224,-0.5759315418053224,1.727794625415967,-0.5759315418053224]","[-0.0029296875,-0.0029296875,0.0087890625,-0.0029296875]","[-0.0029296875,-0.0029296875,0.0087890625,-0.0029296875]",3.4555892508319337,0.017578125,0.017578125
DSR_Simple_training,think,ad,2,MIXED_HIGH,"[8.25,8.25,8.25,8.25]","[0.0,0.0,0.0,0.0]","[0.03125,0.03125,0.03125,0.03125]","[0.0,0.0,0.0,0.0]",0.0,0.125,0.0
DSR_Simple_training,think,video,17,OTHER,"[2.4375,2.4375,2.4375,2.4375]","[0.0,0.0,0.0,0.0]","[0.0,0.0,0.0,0.0]","[0.0,0.0,0.0,0.0]",0.0,0.0,0.0
DSR_Simple_training,think,living,3,AB_SIGNAL,"[2.0,2.0,2.0,2.0]","[0.0,0.0,0.0,0.0]","[0.0,0.0,0.0,0.0]","[0.0,0.0,0.0,0.0]",0.0,0.0,0.0
DSR_Simple_training,think,video,20,MIXED_HIGH,"[14.296875,14.296875,14.296875,14.296875]","[0.0,0.0,0.0,0.0]","[0.787109375,0.787109375,0.787109375,0.787109375]","[0.0,0.0,0.0,0.0]",0.0,3.1484375,0.0
DSR_Simple_training,think,video,11,MIXED_HIGH,"[8.25,0.75,8.25,0.75]","[0.9999733340444255,-0.9999733340444255,0.9999733340444255,-0.9999733340444255]","[0.46875,-0.46875,0.46875,-0.46875]","[0.46875,-0.46875,0.46875,-0.46875]",3.999893336177702,1.875,1.875
DSR_Simple_training,think,prod,3,EXACT_SATURATED,"[8.0,8.0,8.0,8.0]","[0.0,0.0,0.0,0.0]","[0.0,0.0,0.0,0.0]","[0.0,0.0,0.0,0.0]",0.0,0.0,0.0
DSR_Simple_training,think,video,15,A_ONLY,"[0.0,0.5,0.5,0.5]","[-1.7312511769024619,0.577083725634154,0.577083725634154,0.577083725634154]","[-0.046875,0.015625,0.015625,0.015625]","[-0.046875,0.015625,0.015625,0.015625]",3.462502353804924,0.09375,0.09375
DSR_Simple_training,think,ad,2,OTHER,"[3.0,3.0,3.0,3.0]","[0.0,0.0,0.0,0.0]","[0.0,0.0,0.0,0.0]","[0.0,0.0,0.0,0.0]",0.0,0.0,0.0
DSR_Simple_training,think,video,20,AB_SIGNAL,"[3.0,3.0,2.0,3.0]","[0.5772169666411974,0.5772169666411974,-1.731650899923592,0.5772169666411974]","[0.03125,0.03125,-0.09375,0.03125]","[0.03125,0.03125,-0.09375,0.03125]",3.463301799847184,0.1875,0.1875
DSR_Simple_training,think,living,2,AB_SIGNAL,"[2.0,2.0,0.0,0.0]","[0.9999000099990001,0.9999000099990001,-0.9999000099990001,-0.9999000099990001]","[0.125,0.125,-0.125,-0.125]","[0.125,0.125,-0.125,-0.125]",3.9996000399960003,0.5,0.5
DSR_Simple_training,think,prod,2,A_ONLY,"[0.0,0.0,0.0,0.5]","[-0.577083725634154,-0.577083725634154,-0.577083725634154,1.7312511769024619]","[-0.015625,-0.015625,-0.015625,0.046875]","[-0.015625,-0.015625,-0.015625,0.046875]",3.4625023538049238,0.09375,0.09375
DSR_Simple_training,think,ad,3,MIXED_HIGH,"[0.5,8.25,0.5,0.5]","[-0.5773330654012014,1.7319991962036043,-0.5773330654012014,-0.5773330654012014]","[-0.2421875,0.7265625,-0.2421875,-0.2421875]","[-0.2421875,0.7265625,-0.2421875,-0.2421875]",3.463998392407208,1.453125,1.453125
DSR_Simple_training,think,ad,2,AB_SIGNAL,"[2.0,2.0,2.0,2.0]","[0.0,0.0,0.0,0.0]","[0.0,0.0,0.0,0.0]","[0.0,0.0,0.0,0.0]",0.0,0.0,0.0
DSR_Simple_training,think,living,2,MULTI_EXACT,"[0.0,8.0,8.25,8.0]","[-1.731265497811608,0.5532910353830912,0.6246834270454256,0.5532910353830912]","[-0.7578125,0.2421875,0.2734375,0.2421875]","[-0.7578125,0.2421875,0.2734375,0.2421875]",3.4625309956232164,1.515625,1.515625
DSR_Simple_training,think,ad,2,A_ONLY,"[0.0,0.5,0.5,0.5]","[-1.7312511769024619,0.577083725634154,0.577083725634154,0.577083725634154]","[-0.046875,0.015625,0.015625,0.015625]","[-0.046875,0.015625,0.015625,0.015625]",3.462502353804924,0.09375,0.09375
DSR_Simple_training,think,video,11,OTHER,"[2.25,2.25,2.25,2.25]","[0.0,0.0,0.0,0.0]","[0.0,0.0,0.0,0.0]","[0.0,0.0,0.0,0.0]",0.0,0.0,0.0
DSR_Simple_training,think,video,20,MIXED_HIGH,"[9.0,8.25,9.0,8.25]","[0.9997334044254865,-0.9997334044254865,0.9997334044254865,-0.9997334044254865]","[0.125,0.03125,0.125,0.03125]","[0.046875,0.0,0.046875,0.0]",3.998933617701946,0.3125,0.09375
DSR_Simple_training,think,video,20,MIXED_HIGH,"[12.5,9.5625,9.78125,9.5625]","[1.7274402612903572,-0.634441695964822,-0.458556869360713,-0.634441695964822]","[0.5625,0.1953125,0.22265625,0.1953125]","[0.2685546875,0.0,0.0,0.0]",3.4548805225807144,1.17578125,0.2685546875
DSR_Simple_training,think,video,15,OTHER,"[0.75,0.75,0.75,0.75]","[0.0,0.0,0.0,0.0]","[0.0,0.0,0.0,0.0]","[0.0,0.0,0.0,0.0]",0.0,0.0,0.0
DSR_Simple_training,think,ad,2,OTHER,"[2.25,2.25,2.25,2.25]","[0.0,0.0,0.0,0.0]","[0.0,0.0,0.0,0.0]","[0.0,0.0,0.0,0.0]",0.0,0.0,0.0
DSR_Simple_training,think,ad,2,MIXED_HIGH,"[0.75,8.25,0.75,0.75]","[-0.5773324919592446,1.731997475877734,-0.5773324919592446,-0.5773324919592446]","[-0.234375,0.703125,-0.234375,-0.234375]","[-0.234375,0.703125,-0.234375,-0.234375]",3.463994951755468,1.40625,1.40625
DSR_Simple_training,think,prod,2,EXACT_SATURATED,"[8.0,8.0,8.0,8.0]","[0.0,0.0,0.0,0.0]","[0.0,0.0,0.0,0.0]","[0.0,0.0,0.0,0.0]",0.0,0.0,0.0
DSR_Simple_training,think,video,14,MIXED_HIGH,"[0.96875,2.375,0.96875,12.21875]","[-0.6726772821048171,-0.3737096011693429,-0.6726772821048171,1.719064165378977]","[-0.3955078125,-0.2197265625,-0.3955078125,1.0107421875]","[-0.3955078125,-0.2197265625,-0.3955078125,1.0107421875]",3.438128330757954,2.021484375,2.021484375
DSR_Simple_training,think,video,18,MIXED_HIGH,"[9.0,8.4375,9.0,9.0]","[0.5771133294306215,-1.7313399882918648,0.5771133294306215,0.5771133294306215]","[0.125,0.0546875,0.125,0.125]","[0.017578125,0.0,0.017578125,0.017578125]",3.4626799765837295,0.4296875,0.052734375
DSR_Simple_training,think,video,17,MIXED_HIGH,"[0.5,0.5,0.5,8.25]","[-0.5773330654012014,-0.5773330654012014,-0.5773330654012014,1.7319991962036043]","[-0.2421875,-0.2421875,-0.2421875,0.7265625]","[-0.2421875,-0.2421875,-0.2421875,0.7265625]",3.4639983924072086,1.453125,1.453125
DSR_Simple_training,think,prod,2,A_ONLY,"[0.5,0.5,0.5,0.5]","[0.0,0.0,0.0,0.0]","[0.0,0.0,0.0,0.0]","[0.0,0.0,0.0,0.0]",0.0,0.0,0.0
DSR_Simple_training,think,video,19,AB_SIGNAL,"[0.5,2.0,0.5,0.0]","[-0.3332888948140248,1.666444474070124,-0.3332888948140248,-0.9998666844420744]","[-0.03125,0.15625,-0.03125,-0.09375]","[-0.03125,0.15625,-0.03125,-0.09375]",3.332888948140248,0.3125,0.3125
DSR_Simple_training,think,living,2,A_ONLY,"[0.5,0.5,0.5,0.5]","[0.0,0.0,0.0,0.0]","[0.0,0.0,0.0,0.0]","[0.0,0.0,0.0,0.0]",0.0,0.0,0.0
DSR_Simple_training,think,living,2,AB_SIGNAL,"[2.0,2.0,2.0,2.0]","[0.0,0.0,0.0,0.0]","[0.0,0.0,0.0,0.0]","[0.0,0.0,0.0,0.0]",0.0,0.0,0.0
DSR_Simple_training,think,video,12,OTHER,"[3.1875,3.1875,3.1875,3.125]","[0.5752247895920863,0.5752247895920863,0.5752247895920863,-1.725674368776259]","[0.001953125,0.001953125,0.001953125,-0.005859375]","[0.001953125,0.001953125,0.001953125,-0.005859375]",3.451348737552518,0.01171875,0.01171875
DSR_Simple_training,think,prod,3,ALL_ZERO,"[0.0,0.0,0.0,0.0]","[0.0,0.0,0.0,0.0]","[0.0,0.0,0.0,0.0]","[0.0,0.0,0.0,0.0]",0.0,0.0,0.0
DSR_Simple_training,think,video,13,OTHER,"[0.75,0.75,0.75,0.75]","[0.0,0.0,0.0,0.0]","[0.0,0.0,0.0,0.0]","[0.0,0.0,0.0,0.0]",0.0,0.0,0.0
DSR_Simple_training,think,ad,2,MULTI_EXACT,"[12.0,8.0,8.0,12.0]","[0.9999500024998749,-0.9999500024998749,-0.9999500024998749,0.9999500024998749]","[0.5,0.0,0.0,0.5]","[0.25,0.0,0.0,0.25]",3.9998000099994995,1.0,0.5
DSR_Simple_training,think,living,2,MIXED_HIGH,"[9.0,9.0,9.0,9.0]","[0.0,0.0,0.0,0.0]","[0.125,0.125,0.125,0.125]","[0.0,0.0,0.0,0.0]",0.0,0.5,0.0
DSR_Simple_training,think,ad,3,MIXED_HIGH,"[9.0,9.0,9.0,9.0]","[0.0,0.0,0.0,0.0]","[0.125,0.125,0.125,0.125]","[0.0,0.0,0.0,0.0]",0.0,0.5,0.0
DSR_Simple_training,think,video,19,MIXED_HIGH,"[8.484375,14.12109375,8.484375,14.12109375]","[-0.99996451962342,0.99996451962342,-0.99996451962342,0.99996451962342]","[0.060546875,0.76513671875,0.060546875,0.76513671875]","[0.0,0.352294921875,0.0,0.352294921875]",3.99985807849368,1.6513671875,0.70458984375
DSR_Simple_training,think,prod,2,ALL_ZERO,"[0.0,0.0,0.0,0.0]","[0.0,0.0,0.0,0.0]","[0.0,0.0,0.0,0.0]","[0.0,0.0,0.0,0.0]",0.0,0.0,0.0
DSR_Simple_training,think,ad,3,A_ONLY,"[0.5,0.5,0.5,0.5]","[0.0,0.0,0.0,0.0]","[0.0,0.0,0.0,0.0]","[0.0,0.0,0.0,0.0]",0.0,0.0,0.0
DSR_Simple_training,think,ad,3,MIXED_HIGH,"[12.0,12.0,12.0,12.0]","[0.0,0.0,0.0,0.0]","[0.5,0.5,0.5,0.5]","[0.0,0.0,0.0,0.0]",0.0,2.0,0.0
DSR_Simple_training,think,prod,2,EXACT_SATURATED,"[8.0,8.0,8.0,8.0]","[0.0,0.0,0.0,0.0]","[0.0,0.0,0.0,0.0]","[0.0,0.0,0.0,0.0]",0.0,0.0,0.0
DSR_Simple_training,think,prod,2,ALL_ZERO,"[0.0,0.0,0.0,0.0]","[0.0,0.0,0.0,0.0]","[0.0,0.0,0.0,0.0]","[0.0,0.0,0.0,0.0]",0.0,0.0,0.0
DSR_Simple_training,think,video,12,A_ONLY,"[0.5,0.5,0.5,0.5]","[0.0,0.0,0.0,0.0]","[0.0,0.0,0.0,0.0]","[0.0,0.0,0.0,0.0]",0.0,0.0,0.0
DSR_Simple_training,think,prod,2,ALL_ZERO,"[0.0,0.0,0.0,0.0]","[0.0,0.0,0.0,0.0]","[0.0,0.0,0.0,0.0]","[0.0,0.0,0.0,0.0]",0.0,0.0,0.0
DSR_Simple_training,think,living,2,ALL_ZERO,"[0.0,0.0,0.0,0.0]","[0.0,0.0,0.0,0.0]","[0.0,0.0,0.0,0.0]","[0.0,0.0,0.0,0.0]",0.0,0.0,0.0
DSR_Simple_training,think,ad,2,ALL_ZERO,"[0.0,0.0,0.0,0.0]","[0.0,0.0,0.0,0.0]","[0.0,0.0,0.0,0.0]","[0.0,0.0,0.0,0.0]",0.0,0.0,0.0
DSR_Simple_training,think,living,2,EXACT_SATURATED,"[8.0,8.0,8.0,8.0]","[0.0,0.0,0.0,0.0]","[0.0,0.0,0.0,0.0]","[0.0,0.0,0.0,0.0]",0.0,0.0,0.0
DSR_Simple_training,think,ad,2,MULTI_EXACT,"[8.0,0.5,8.0,8.0]","[0.5773324919592446,-1.731997475877734,0.5773324919592446,0.5773324919592446]","[0.234375,-0.703125,0.234375,0.234375]","[0.234375,-0.703125,0.234375,0.234375]",3.463994951755468,1.40625,1.40625
DSR_Simple_training,think,prod,2,ALL_ZERO,"[0.0,0.0,0.0,0.0]","[0.0,0.0,0.0,0.0]","[0.0,0.0,0.0,0.0]","[0.0,0.0,0.0,0.0]",0.0,0.0,0.0
DSR_Simple_training,think,living,2,SINGLE_EXACT,"[8.0,2.0,2.0,2.0]","[1.731984143468113,-0.5773280478227043,-0.5773280478227043,-0.5773280478227043]","[0.5625,-0.1875,-0.1875,-0.1875]","[0.5625,-0.1875,-0.1875,-0.1875]",3.4639682869362263,1.125,1.125
DSR_Simple_training,think,video,18,OTHER,"[0.9375,0.875,0.9375,0.9375]","[0.5752247895920863,-1.725674368776259,0.5752247895920863,0.5752247895920863]","[0.001953125,-0.005859375,0.001953125,0.001953125]","[0.001953125,-0.005859375,0.001953125,0.001953125]",3.451348737552518,0.01171875,0.01171875
DSR_Simple_training,think,prod,2,A_ONLY,"[0.5,0.5,0.0,0.0]","[0.9996001599360256,0.9996001599360256,-0.9996001599360256,-0.9996001599360256]","[0.03125,0.03125,-0.03125,-0.03125]","[0.03125,0.03125,-0.03125,-0.03125]",3.9984006397441023,0.125,0.125
DSR_Simple_training,think,prod,2,ALL_ZERO,"[0.0,0.0,0.0,0.0]","[0.0,0.0,0.0,0.0]","[0.0,0.0,0.0,0.0]","[0.0,0.0,0.0,0.0]",0.0,0.0,0.0
DSR_Simple_training,think,ad,2,AB_SIGNAL,"[2.0,2.0,2.0,2.0]","[0.0,0.0,0.0,0.0]","[0.0,0.0,0.0,0.0]","[0.0,0.0,0.0,0.0]",0.0,0.0,0.0
DSR_Simple_training,think,ad,3,MIXED_HIGH,"[12.0,12.125,12.0,12.125]","[-0.998402555910543,0.998402555910543,-0.998402555910543,0.998402555910543]","[0.5,0.515625,0.5,0.515625]","[0.0,0.0078125,0.0,0.0078125]",3.993610223642172,2.03125,0.015625
DSR_Simple_training,think,video,12,OTHER,"[0.75,0.75,0.875,0.9375]","[-0.9610667214380025,-0.9610667214380025,0.5766400328628015,1.3454934100132034]","[-0.009765625,-0.009765625,0.005859375,0.013671875]","[-0.009765625,-0.009765625,0.005859375,0.013671875]",3.8442668857520097,0.0390625,0.0390625
DSR_Simple_training,think,living,2,ALL_ZERO,"[0.0,0.0,0.0,0.0]","[0.0,0.0,0.0,0.0]","[0.0,0.0,0.0,0.0]","[0.0,0.0,0.0,0.0]",0.0,0.0,0.0
DSR_Simple_training,think,video,12,MIXED_HIGH,"[9.0,12.75,9.0,9.5]","[-0.6788712258478045,1.7171448653797408,-0.6788712258478045,-0.3594024136841318]","[0.125,0.59375,0.125,0.1875]","[0.0,0.3359375,0.0,0.0]",3.434289730759481,1.03125,0.3359375
DSR_Simple_training,think,ad,2,A_ONLY,"[0.5,0.0,0.5,0.5]","[0.577083725634154,-1.7312511769024619,0.577083725634154,0.577083725634154]","[0.015625,-0.046875,0.015625,0.015625]","[0.015625,-0.046875,0.015625,0.015625]",3.462502353804924,0.09375,0.09375
DSR_Simple_training,think,video,15,MIXED_HIGH,"[8.25,8.25,8.25,8.25]","[0.0,0.0,0.0,0.0]","[0.03125,0.03125,0.03125,0.03125]","[0.0,0.0,0.0,0.0]",0.0,0.125,0.0
DSR_Simple_training,think,prod,2,ALL_ZERO,"[0.0,0.0,0.0,0.0]","[0.0,0.0,0.0,0.0]","[0.0,0.0,0.0,0.0]","[0.0,0.0,0.0,0.0]",0.0,0.0,0.0
DSR_Simple_training,think,ad,2,A_ONLY,"[0.5,0.5,0.5,0.5]","[0.0,0.0,0.0,0.0]","[0.0,0.0,0.0,0.0]","[0.0,0.0,0.0,0.0]",0.0,0.0,0.0
DSR_Simple_training,think,ad,2,A_ONLY,"[0.5,0.5,0.5,0.5]","[0.0,0.0,0.0,0.0]","[0.0,0.0,0.0,0.0]","[0.0,0.0,0.0,0.0]",0.0,0.0,0.0
DSR_Simple_training,think,living,2,A_ONLY,"[0.5,0.5,0.5,0.5]","[0.0,0.0,0.0,0.0]","[0.0,0.0,0.0,0.0]","[0.0,0.0,0.0,0.0]",0.0,0.0,0.0
DSR_Simple_training,think,video,20,MIXED_HIGH,"[15.03125,15.03125,14.0625,15.03125]","[0.5772126675838414,0.5772126675838414,-1.7316380027515241,0.5772126675838414]","[0.87890625,0.87890625,0.7578125,0.87890625]","[0.0302734375,0.0302734375,0.0,0.0302734375]",3.4632760055030483,3.39453125,0.0908203125
DSR_Simple_training,think,ad,4,A_ONLY,"[0.875,0.5,0.875,0.875]","[0.5769949324647409,-1.7309847973942227,0.5769949324647409,0.5769949324647409]","[0.01171875,-0.03515625,0.01171875,0.01171875]","[0.01171875,-0.03515625,0.01171875,0.01171875]",3.4619695947884455,0.0703125,0.0703125
DSR_Simple_training,think,video,20,MIXED_HIGH,"[9.78125,9.5625,9.5625,8.25]","[0.811368895347807,0.4507604974154483,0.4507604974154483,-1.7128898901787037]","[0.22265625,0.1953125,0.1953125,0.03125]","[0.0615234375,0.0341796875,0.0341796875,0.0]",3.4257797803574075,0.64453125,0.1298828125
DSR_Simple_training,think,video,18,OTHER,"[2.4375,2.375,2.4375,2.4375]","[0.5752247895920863,-1.725674368776259,0.5752247895920863,0.5752247895920863]","[0.001953125,-0.005859375,0.001953125,0.001953125]","[0.001953125,-0.005859375,0.001953125,0.001953125]",3.451348737552518,0.01171875,0.01171875
DSR_Simple_training,think,prod,7,MIXED_HIGH,"[0.5,8.375,8.375,0.75]","[-1.0319630074031514,0.999714163421803,0.999714163421803,-0.9674653194404546]","[-0.5,0.484375,0.484375,-0.46875]","[-0.5,0.484375,0.484375,-0.46875]",3.998856653687212,1.9375,1.9375
DSR_Simple_training,think,ad,2,A_ONLY,"[0.0,0.0,0.0,0.5]","[-0.577083725634154,-0.577083725634154,-0.577083725634154,1.7312511769024619]","[-0.015625,-0.015625,-0.015625,0.046875]","[-0.015625,-0.015625,-0.015625,0.046875]",3.4625023538049238,0.09375,0.09375
DSR_Simple_training,think,living,2,ALL_ZERO,"[0.0,0.0,0.0,0.0]","[0.0,0.0,0.0,0.0]","[0.0,0.0,0.0,0.0]","[0.0,0.0,0.0,0.0]",0.0,0.0,0.0
DSR_Simple_training,think,ad,9,MIXED_HIGH,"[15.796875,15.78125,15.59375,15.796875]","[0.6356240011622839,0.45401714368734564,-1.7252651460119133,0.6356240011622839]","[0.974609375,0.97265625,0.94921875,0.974609375]","[0.0068359375,0.0048828125,0.0,0.0068359375]",3.4505302920238266,3.87109375,0.0185546875
DSR_Simple_training,think,ad,2,A_ONLY,"[0.5,0.5,0.5,0.5]","[0.0,0.0,0.0,0.0]","[0.0,0.0,0.0,0.0]","[0.0,0.0,0.0,0.0]",0.0,0.0,0.0
DSR_Simple_training,think,prod,2,AB_SIGNAL,"[0.5,0.0,0.0,2.0]","[-0.15247996795091118,-0.7623998397545558,-0.7623998397545558,1.677279647460023]","[-0.015625,-0.078125,-0.078125,0.171875]","[-0.015625,-0.078125,-0.078125,0.171875]",3.354559294920046,0.34375,0.34375
DSR_Simple_training,think,prod,2,A_ONLY,"[0.5,0.5,0.5,0.5]","[0.0,0.0,0.0,0.0]","[0.0,0.0,0.0,0.0]","[0.0,0.0,0.0,0.0]",0.0,0.0,0.0
DSR_Simple_training,think,living,2,AB_SIGNAL,"[2.0,0.0,2.0,2.0]","[0.5772836102200739,-1.7318508306602218,0.5772836102200739,0.5772836102200739]","[0.0625,-0.1875,0.0625,0.0625]","[0.0625,-0.1875,0.0625,0.0625]",3.4637016613204437,0.375,0.375
DSR_Simple_training,think,ad,2,A_ONLY,"[0.5,0.5,0.5,0.5]","[0.0,0.0,0.0,0.0]","[0.0,0.0,0.0,0.0]","[0.0,0.0,0.0,0.0]",0.0,0.0,0.0
DSR_Simple_training,think,prod,2,ALL_ZERO,"[0.0,0.0,0.0,0.0]","[0.0,0.0,0.0,0.0]","[0.0,0.0,0.0,0.0]","[0.0,0.0,0.0,0.0]",0.0,0.0,0.0
DSR_Simple_training,think,living,2,OTHER,"[3.0,3.0,3.0,3.0]","[0.0,0.0,0.0,0.0]","[0.0,0.0,0.0,0.0]","[0.0,0.0,0.0,0.0]",0.0,0.0,0.0
DSR_Simple_training,think,prod,2,A_ONLY,"[0.5,0.0,0.0,0.0]","[1.7312511769024619,-0.577083725634154,-0.577083725634154,-0.577083725634154]","[0.046875,-0.015625,-0.015625,-0.015625]","[0.046875,-0.015625,-0.015625,-0.015625]",3.462502353804924,0.09375,0.09375
DSR_Simple_training,think,video,12,MIXED_HIGH,"[9.125,9.125,8.375,9.125]","[0.577172546136356,0.577172546136356,-1.7315176384090682,0.577172546136356]","[0.140625,0.140625,0.046875,0.140625]","[0.0234375,0.0234375,0.0,0.0234375]",3.4630352768181365,0.46875,0.0703125
DSR_Simple_training,think,prod,5,MIXED_HIGH,"[15.0,15.0,15.0,15.0]","[0.0,0.0,0.0,0.0]","[0.875,0.875,0.875,0.875]","[0.0,0.0,0.0,0.0]",0.0,3.5,0.0
DSR_Simple_training,think,ad,2,MIXED_HIGH,"[3.0,3.0,9.0,2.0]","[-0.4508185577575451,-0.4508185577575451,1.7131105194786713,-0.8114734039635811]","[-0.15625,-0.15625,0.59375,-0.28125]","[-0.15625,-0.15625,0.59375,-0.28125]",3.4262210389573426,1.1875,1.1875
DSR_Simple_training,think,ad,2,ALL_ZERO,"[0.0,0.0,0.0,0.0]","[0.0,0.0,0.0,0.0]","[0.0,0.0,0.0,0.0]","[0.0,0.0,0.0,0.0]",0.0,0.0,0.0
DSR_Simple_training,think,ad,2,MIXED_HIGH,"[8.25,8.25,8.25,0.5]","[0.5773330654012014,0.5773330654012014,0.5773330654012014,-1.7319991962036043]","[0.2421875,0.2421875,0.2421875,-0.7265625]","[0.2421875,0.2421875,0.2421875,-0.7265625]",3.4639983924072086,1.453125,1.453125
DSR_Simple_training,think,ad,2,ALL_ZERO,"[0.0,0.0,0.0,0.0]","[0.0,0.0,0.0,0.0]","[0.0,0.0,0.0,0.0]","[0.0,0.0,0.0,0.0]",0.0,0.0,0.0
DSR_Simple_training,think,ad,2,ALL_ZERO,"[0.0,0.0,0.0,0.0]","[0.0,0.0,0.0,0.0]","[0.0,0.0,0.0,0.0]","[0.0,0.0,0.0,0.0]",0.0,0.0,0.0
DSR_Simple_training,think,ad,3,ALL_ZERO,"[0.0,0.0,0.0,0.0]","[0.0,0.0,0.0,0.0]","[0.0,0.0,0.0,0.0]","[0.0,0.0,0.0,0.0]",0.0,0.0,0.0
DSR_Simple_training,think,ad,2,ALL_ZERO,"[0.0,0.0,0.0,0.0]","[0.0,0.0,0.0,0.0]","[0.0,0.0,0.0,0.0]","[0.0,0.0,0.0,0.0]",0.0,0.0,0.0
DSR_Simple_training,think,prod,3,ALL_ZERO,"[0.0,0.0,0.0,0.0]","[0.0,0.0,0.0,0.0]","[0.0,0.0,0.0,0.0]","[0.0,0.0,0.0,0.0]",0.0,0.0,0.0
DSR_Simple_training,think,ad,3,MULTI_EXACT,"[0.0,8.0,0.0,8.0]","[-0.9999750006249845,0.9999750006249845,-0.9999750006249845,0.9999750006249845]","[-0.5,0.5,-0.5,0.5]","[-0.5,0.5,-0.5,0.5]",3.999900002499938,2.0,2.0
DSR_Simple_training,think,video,20,MIXED_HIGH,"[14.390625,14.4453125,12.78125,14.390625]","[0.5511303116664387,0.6286762851672442,-1.7309369085001216,0.5511303116664387]","[0.798828125,0.8056640625,0.59765625,0.798828125]","[0.048583984375,0.055419921875,0.0,0.048583984375]",3.4618738170002428,3.0009765625,0.152587890625
DSR_Simple_training,think,video,11,A_ONLY,"[0.5,0.5,0.0,0.5]","[0.577083725634154,0.577083725634154,-1.7312511769024619,0.577083725634154]","[0.015625,0.015625,-0.046875,0.015625]","[0.015625,0.015625,-0.046875,0.015625]",3.462502353804924,0.09375,0.09375
DSR_Simple_training,think,video,16,OTHER,"[2.4375,2.46875,2.4375,2.4375]","[-0.5731149022381534,1.7193447067144603,-0.5731149022381534,-0.5731149022381534]","[-0.0009765625,0.0029296875,-0.0009765625,-0.0009765625]","[-0.0009765625,0.0029296875,-0.0009765625,-0.0009765625]",3.4386894134289205,0.005859375,0.005859375
DSR_Simple_training,think,video,19,MIXED_HIGH,"[12.5625,12.59375,12.59375,12.59375]","[-1.7193447067144603,0.5731149022381534,0.5731149022381534,0.5731149022381534]","[0.5703125,0.57421875,0.57421875,0.57421875]","[0.0,0.0009765625,0.0009765625,0.0009765625]",3.4386894134289205,2.29296875,0.0029296875
DSR_Simple_training,think,video,18,SINGLE_EXACT,"[2.25,8.0,2.25,2.25]","[-0.5773270817151186,1.7319812451453558,-0.5773270817151186,-0.5773270817151186]","[-0.1796875,0.5390625,-0.1796875,-0.1796875]","[-0.1796875,0.5390625,-0.1796875,-0.1796875]",3.4639624902907116,1.078125,1.078125
DSR_Simple_training,think,prod,3,MIXED_HIGH,"[2.25,2.25,2.375,8.25]","[-0.5933608737561464,-0.5933608737561464,-0.5449232514087059,1.7316449989209985]","[-0.19140625,-0.19140625,-0.17578125,0.55859375]","[-0.19140625,-0.19140625,-0.17578125,0.55859375]",3.463289997841997,1.1171875,1.1171875
DSR_Simple_training,think,prod,2,SINGLE_EXACT,"[0.0,8.0,0.0,0.0]","[-0.5773336030040704,1.7320008090122112,-0.5773336030040704,-0.5773336030040704]","[-0.25,0.75,-0.25,-0.25]","[-0.25,0.75,-0.25,-0.25]",3.464001618024423,1.5,1.5
DSR_Simple_training,think,video,14,OTHER,"[2.375,2.375,2.375,0.75]","[0.5772682295667987,0.5772682295667987,0.5772682295667987,-1.7318046887003962]","[0.05078125,0.05078125,0.05078125,-0.15234375]","[0.05078125,0.05078125,0.05078125,-0.15234375]",3.4636093774007923,0.3046875,0.3046875
DSR_Simple_training,think,prod,2,OTHER,"[0.75,0.75,0.0,0.0]","[0.9997334044254865,0.9997334044254865,-0.9997334044254865,-0.9997334044254865]","[0.046875,0.046875,-0.046875,-0.046875]","[0.046875,0.046875,-0.046875,-0.046875]",3.998933617701946,0.1875,0.1875
DSR_Simple_training,think,ad,2,AB_SIGNAL,"[2.0,2.0,2.0,2.0]","[0.0,0.0,0.0,0.0]","[0.0,0.0,0.0,0.0]","[0.0,0.0,0.0,0.0]",0.0,0.0,0.0
DSR_Simple_training,think,prod,2,A_ONLY,"[0.5,0.5,0.5,0.5]","[0.0,0.0,0.0,0.0]","[0.0,0.0,0.0,0.0]","[0.0,0.0,0.0,0.0]",0.0,0.0,0.0
DSR_Simple_training,think,ad,3,AB_SIGNAL,"[2.0,2.0,2.0,2.0]","[0.0,0.0,0.0,0.0]","[0.0,0.0,0.0,0.0]","[0.0,0.0,0.0,0.0]",0.0,0.0,0.0
DSR_Simple_training,think,video,13,OTHER,"[0.875,0.9375,0.9375,0.9375]","[-1.725674368776259,0.5752247895920863,0.5752247895920863,0.5752247895920863]","[-0.005859375,0.001953125,0.001953125,0.001953125]","[-0.005859375,0.001953125,0.001953125,0.001953125]",3.451348737552518,0.01171875,0.01171875
DSR_Simple_training,think,video,12,MIXED_HIGH,"[12.75,15.0,14.25,14.25]","[-1.6057136699046166,1.1469383356461547,0.22938766712923092,0.22938766712923092]","[0.59375,0.875,0.78125,0.78125]","[0.0,0.1171875,0.0234375,0.0234375]",3.2114273398092332,3.03125,0.1640625
DSR_Simple_training,think,living,4,MIXED_HIGH,"[9.0,9.0,9.0,9.0]","[0.0,0.0,0.0,0.0]","[0.125,0.125,0.125,0.125]","[0.0,0.0,0.0,0.0]",0.0,0.5,0.0
DSR_Simple_training,think,living,2,ALL_ZERO,"[0.0,0.0,0.0,0.0]","[0.0,0.0,0.0,0.0]","[0.0,0.0,0.0,0.0]","[0.0,0.0,0.0,0.0]",0.0,0.0,0.0
DSR_Simple_training,think,living,2,OTHER,"[2.25,2.25,2.25,2.25]","[0.0,0.0,0.0,0.0]","[0.0,0.0,0.0,0.0]","[0.0,0.0,0.0,0.0]",0.0,0.0,0.0
DSR_Simple_training,think,prod,2,ALL_ZERO,"[0.0,0.0,0.0,0.0]","[0.0,0.0,0.0,0.0]","[0.0,0.0,0.0,0.0]","[0.0,0.0,0.0,0.0]",0.0,0.0,0.0
DSR_Simple_training,think,video,18,MIXED_HIGH,"[0.5,0.5,8.25,0.5]","[-0.5773330654012014,-0.5773330654012014,1.7319991962036043,-0.5773330654012014]","[-0.2421875,-0.2421875,0.7265625,-0.2421875]","[-0.2421875,-0.2421875,0.7265625,-0.2421875]",3.463998392407208,1.453125,1.453125
DSR_Simple_training,think,ad,2,MIXED_HIGH,"[8.25,8.25,2.25,8.25]","[0.5773280478227043,0.5773280478227043,-1.731984143468113,0.5773280478227043]","[0.1875,0.1875,-0.5625,0.1875]","[0.1875,0.1875,-0.5625,0.1875]",3.4639682869362263,1.125,1.125
DSR_Simple_training,think,ad,2,MULTI_EXACT,"[8.25,8.0,8.0,8.0]","[1.730452284221493,-0.5768174280738311,-0.5768174280738311,-0.5768174280738311]","[0.03125,0.0,0.0,0.0]","[0.0234375,0.0,0.0,0.0]",3.4609045684429867,0.03125,0.0234375
DSR_Simple_training,think,video,20,OTHER,"[3.5625,3.609375,3.1875,3.5625]","[0.48161694341838807,0.7568266253717527,-1.7200605122085288,0.48161694341838807]","[0.01025390625,0.01611328125,-0.03662109375,0.01025390625]","[0.01025390625,0.01611328125,-0.03662109375,0.01025390625]",3.4401210244170577,0.0732421875,0.0732421875
DSR_Simple_training,think,living,3,A_ONLY,"[0.5,0.5,0.5,0.5]","[0.0,0.0,0.0,0.0]","[0.0,0.0,0.0,0.0]","[0.0,0.0,0.0,0.0]",0.0,0.0,0.0
DSR_Simple_training,think,ad,2,EXACT_SATURATED,"[8.0,8.0,8.0,8.0]","[0.0,0.0,0.0,0.0]","[0.0,0.0,0.0,0.0]","[0.0,0.0,0.0,0.0]",0.0,0.0,0.0
DSR_Simple_training,think,video,11,A_ONLY,"[0.5,0.0,0.0,0.0]","[1.7312511769024619,-0.577083725634154,-0.577083725634154,-0.577083725634154]","[0.046875,-0.015625,-0.015625,-0.015625]","[0.046875,-0.015625,-0.015625,-0.015625]",3.462502353804924,0.09375,0.09375
DSR_Simple_training,think,video,17,EXACT_SATURATED,"[8.0,8.0,8.0,8.0]","[0.0,0.0,0.0,0.0]","[0.0,0.0,0.0,0.0]","[0.0,0.0,0.0,0.0]",0.0,0.0,0.0
DSR_Simple_training,think,video,14,MIXED_HIGH,"[2.375,3.125,8.4375,3.125]","[-0.7786385342463776,-0.46975713223128573,1.718152798708949,-0.46975713223128573]","[-0.236328125,-0.142578125,0.521484375,-0.142578125]","[-0.236328125,-0.142578125,0.521484375,-0.142578125]",3.436305597417898,1.04296875,1.04296875
DSR_Simple_training,think,video,20,MIXED_HIGH,"[2.25,0.75,9.0,2.25]","[-0.4103344383093054,-0.8792880820913687,1.6999569587099794,-0.4103344383093054]","[-0.1640625,-0.3515625,0.6796875,-0.1640625]","[-0.1640625,-0.3515625,0.6796875,-0.1640625]",3.399913917419959,1.359375,1.359375
DSR_Simple_training,think,video,14,OTHER,"[2.25,2.25,2.25,2.25]","[0.0,0.0,0.0,0.0]","[0.0,0.0,0.0,0.0]","[0.0,0.0,0.0,0.0]",0.0,0.0,0.0
DSR_Simple_training,think,video,20,ALL_ZERO,"[0.0,0.0,0.0,0.0]","[0.0,0.0,0.0,0.0]","[0.0,0.0,0.0,0.0]","[0.0,0.0,0.0,0.0]",0.0,0.0,0.0
DSR_Simple_training,think,ad,2,EXACT_SATURATED,"[8.0,8.0,8.0,8.0]","[0.0,0.0,0.0,0.0]","[0.0,0.0,0.0,0.0]","[0.0,0.0,0.0,0.0]",0.0,0.0,0.0
DSR_Simple_training,think,ad,6,MIXED_HIGH,"[12.0,8.25,8.25,8.25]","[1.731944147470769,-0.5773147158235897,-0.5773147158235897,-0.5773147158235897]","[0.5,0.03125,0.03125,0.03125]","[0.3515625,0.0,0.0,0.0]",3.463888294941538,0.59375,0.3515625
DSR_Simple_training,think,prod,2,ALL_ZERO,"[0.0,0.0,0.0,0.0]","[0.0,0.0,0.0,0.0]","[0.0,0.0,0.0,0.0]","[0.0,0.0,0.0,0.0]",0.0,0.0,0.0
DSR_Simple_training,think,video,16,OTHER,"[2.375,0.75,0.75,0.875]","[1.727021524141943,-0.6362710878417684,-0.6362710878417684,-0.45447934845840604]","[0.1484375,-0.0546875,-0.0546875,-0.0390625]","[0.1484375,-0.0546875,-0.0546875,-0.0390625]",3.454043048283886,0.296875,0.296875
DSR_Simple_training,think,video,20,MIXED_HIGH,"[9.125,12.1875,8.25,9.5]","[-0.43577081768068066,1.647426261963549,-1.0309699832933177,-0.18068546098955052]","[0.140625,0.5234375,0.03125,0.1875]","[0.0,0.302734375,0.0,0.0]",3.294852523927098,0.8828125,0.302734375
DSR_Simple_training,think,prod,4,MULTI_EXACT,"[0.75,0.0,8.0,8.0]","[-0.8994428902029612,-1.0956849753381528,0.997563932770557,0.997563932770557]","[-0.4296875,-0.5234375,0.4765625,0.4765625]","[-0.4296875,-0.5234375,0.4765625,0.4765625]",3.990255731082228,1.90625,1.90625
DSR_Simple_training,think,living,2,EXACT_SATURATED,"[8.0,8.0,8.0,8.0]","[0.0,0.0,0.0,0.0]","[0.0,0.0,0.0,0.0]","[0.0,0.0,0.0,0.0]",0.0,0.0,0.0
DSR_Simple_training,think,video,20,MIXED_HIGH,"[8.375,12.1875,8.375,8.375]","[-0.5773152986303527,1.731945895891058,-0.5773152986303527,-0.5773152986303527]","[0.046875,0.5234375,0.046875,0.046875]","[0.0,0.357421875,0.0,0.0]",3.4638917917821166,0.6640625,0.357421875
DSR_Simple_training,think,video,14,MIXED_HIGH,"[8.25,8.25,8.25,8.25]","[0.0,0.0,0.0,0.0]","[0.03125,0.03125,0.03125,0.03125]","[0.0,0.0,0.0,0.0]",0.0,0.125,0.0
DSR_Simple_training,think,video,15,MIXED_HIGH,"[12.78125,12.75,12.75,12.78125]","[0.9936406995230525,-0.9936406995230525,-0.9936406995230525,0.9936406995230525]","[0.59765625,0.59375,0.59375,0.59765625]","[0.001953125,0.0,0.0,0.001953125]",3.97456279809221,2.3828125,0.00390625
DSR_Simple_training,think,video,20,A_ONLY,"[0.5,0.75,0.5,0.5]","[-0.5768174280738311,1.730452284221493,-0.5768174280738311,-0.5768174280738311]","[-0.0078125,0.0234375,-0.0078125,-0.0078125]","[-0.0078125,0.0234375,-0.0078125,-0.0078125]",3.4609045684429867,0.046875,0.046875
DSR_Simple_training,think,ad,2,MIXED_HIGH,"[8.25,8.25,8.25,0.5]","[0.5773330654012014,0.5773330654012014,0.5773330654012014,-1.7319991962036043]","[0.2421875,0.2421875,0.2421875,-0.7265625]","[0.2421875,0.2421875,0.2421875,-0.7265625]",3.4639983924072086,1.453125,1.453125
DSR_Simple_training,think,video,12,AB_SIGNAL,"[2.0,2.0,2.0,2.0]","[0.0,0.0,0.0,0.0]","[0.0,0.0,0.0,0.0]","[0.0,0.0,0.0,0.0]",0.0,0.0,0.0
DSR_Simple_training,think,video,11,A_ONLY,"[0.5,0.0,0.0,0.5]","[0.9996001599360256,-0.9996001599360256,-0.9996001599360256,0.9996001599360256]","[0.03125,-0.03125,-0.03125,0.03125]","[0.03125,-0.03125,-0.03125,0.03125]",3.9984006397441023,0.125,0.125
DSR_Simple_training,think,ad,2,OTHER,"[0.75,0.75,0.75,0.75]","[0.0,0.0,0.0,0.0]","[0.0,0.0,0.0,0.0]","[0.0,0.0,0.0,0.0]",0.0,0.0,0.0
DSR_Simple_training,think,video,11,ALL_ZERO,"[0.0,0.0,0.0,0.0]","[0.0,0.0,0.0,0.0]","[0.0,0.0,0.0,0.0]","[0.0,0.0,0.0,0.0]",0.0,0.0,0.0
DSR_Simple_training,think,video,11,OTHER,"[2.25,2.25,2.25,2.25]","[0.0,0.0,0.0,0.0]","[0.0,0.0,0.0,0.0]","[0.0,0.0,0.0,0.0]",0.0,0.0,0.0
DSR_Simple_training,think,ad,2,ALL_ZERO,"[0.0,0.0,0.0,0.0]","[0.0,0.0,0.0,0.0]","[0.0,0.0,0.0,0.0]","[0.0,0.0,0.0,0.0]",0.0,0.0,0.0
DSR_Simple_training,think,prod,2,ALL_ZERO,"[0.0,0.0,0.0,0.0]","[0.0,0.0,0.0,0.0]","[0.0,0.0,0.0,0.0]","[0.0,0.0,0.0,0.0]",0.0,0.0,0.0
DSR_Simple_training,think,prod,2,MULTI_EXACT,"[0.0,8.0,8.0,8.0]","[-1.7320008090122112,0.5773336030040704,0.5773336030040704,0.5773336030040704]","[-0.75,0.25,0.25,0.25]","[-0.75,0.25,0.25,0.25]",3.464001618024423,1.5,1.5
DSR_Simple_training,think,prod,2,A_ONLY,"[0.5,0.5,0.5,0.5]","[0.0,0.0,0.0,0.0]","[0.0,0.0,0.0,0.0]","[0.0,0.0,0.0,0.0]",0.0,0.0,0.0
DSR_Simple_training,think,prod,2,A_ONLY,"[0.5,0.5,0.5,0.5]","[0.0,0.0,0.0,0.0]","[0.0,0.0,0.0,0.0]","[0.0,0.0,0.0,0.0]",0.0,0.0,0.0
DSR_Simple_training,think,ad,2,EXACT_SATURATED,"[8.0,8.0,8.0,8.0]","[0.0,0.0,0.0,0.0]","[0.0,0.0,0.0,0.0]","[0.0,0.0,0.0,0.0]",0.0,0.0,0.0
DSR_Simple_training,think,video,15,MIXED_HIGH,"[0.875,8.4375,0.875,8.4375]","[-0.9999735544183955,0.9999735544183955,-0.9999735544183955,0.9999735544183955]","[-0.47265625,0.47265625,-0.47265625,0.47265625]","[-0.47265625,0.47265625,-0.47265625,0.47265625]",3.999894217673582,1.890625,1.890625
DSR_Simple_training,think,prod,2,A_ONLY,"[0.5,0.0,0.5,0.5]","[0.577083725634154,-1.7312511769024619,0.577083725634154,0.577083725634154]","[0.015625,-0.046875,0.015625,0.015625]","[0.015625,-0.046875,0.015625,0.015625]",3.462502353804924,0.09375,0.09375
DSR_Simple_training,think,ad,8,MIXED_HIGH,"[15.125,14.0625,14.0625,14.0625]","[1.7316744187907738,-0.5772248062635913,-0.5772248062635913,-0.5772248062635913]","[0.890625,0.7578125,0.7578125,0.7578125]","[0.099609375,0.0,0.0,0.0]",3.4633488375815475,3.1640625,0.099609375
DSR_Simple_training,think,video,13,OTHER,"[0.75,0.75,0.75,0.75]","[0.0,0.0,0.0,0.0]","[0.0,0.0,0.0,0.0]","[0.0,0.0,0.0,0.0]",0.0,0.0,0.0
DSR_Simple_training,think,video,12,AB_SIGNAL,"[0.5,2.0,2.0,0.5]","[-0.9998666844420744,0.9998666844420744,0.9998666844420744,-0.9998666844420744]","[-0.09375,0.09375,0.09375,-0.09375]","[-0.09375,0.09375,0.09375,-0.09375]",3.9994667377682975,0.375,0.375
DSR_Simple_training,think,prod,2,ALL_ZERO,"[0.0,0.0,0.0,0.0]","[0.0,0.0,0.0,0.0]","[0.0,0.0,0.0,0.0]","[0.0,0.0,0.0,0.0]",0.0,0.0,0.0
DSR_Simple_training,think,living,2,MIXED_HIGH,"[0.5,0.5,0.75,8.25]","[-0.6021498138302286,-0.6021498138302286,-0.52688108710145,1.7311807147619072]","[-0.25,-0.25,-0.21875,0.71875]","[-0.25,-0.25,-0.21875,0.71875]",3.4623614295238143,1.4375,1.4375
DSR_Simple_training,think,video,13,OTHER,"[2.4375,2.4375,2.4375,0.75]","[0.577271267655575,0.577271267655575,0.577271267655575,-1.7318138029667252]","[0.052734375,0.052734375,0.052734375,-0.158203125]","[0.052734375,0.052734375,0.052734375,-0.158203125]",3.46362760593345,0.31640625,0.31640625
DSR_Simple_training,think,living,2,ALL_ZERO,"[0.0,0.0,0.0,0.0]","[0.0,0.0,0.0,0.0]","[0.0,0.0,0.0,0.0]","[0.0,0.0,0.0,0.0]",0.0,0.0,0.0
DSR_Simple_training,think,video,13,A_ONLY,"[0.5,0.5,0.0,2.25]","[-0.3655934363198177,-0.3655934363198177,-0.950542934431526,1.6817298070711615]","[-0.0390625,-0.0390625,-0.1015625,0.1796875]","[-0.0390625,-0.0390625,-0.1015625,0.1796875]",3.363459614142323,0.359375,0.359375
DSR_Simple_training,think,living,2,EXACT_SATURATED,"[8.0,8.0,8.0,8.0]","[0.0,0.0,0.0,0.0]","[0.0,0.0,0.0,0.0]","[0.0,0.0,0.0,0.0]",0.0,0.0,0.0
DSR_Simple_training,think,prod,2,EXACT_SATURATED,"[8.0,8.0,8.0,8.0]","[0.0,0.0,0.0,0.0]","[0.0,0.0,0.0,0.0]","[0.0,0.0,0.0,0.0]",0.0,0.0,0.0
DSR_Simple_training,think,ad,2,A_ONLY,"[0.5,0.5,0.5,0.5]","[0.0,0.0,0.0,0.0]","[0.0,0.0,0.0,0.0]","[0.0,0.0,0.0,0.0]",0.0,0.0,0.0
DSR_Simple_training,think,ad,2,MULTI_EXACT,"[9.0,8.0,8.0,8.0]","[1.731650899923592,-0.5772169666411974,-0.5772169666411974,-0.5772169666411974]","[0.125,0.0,0.0,0.0]","[0.09375,0.0,0.0,0.0]",3.463301799847184,0.125,0.09375
DSR_Simple_training,think,prod,2,MULTI_EXACT,"[8.0,8.0,0.0,8.0]","[0.5773336030040704,0.5773336030040704,-1.7320008090122112,0.5773336030040704]","[0.25,0.25,-0.75,0.25]","[0.25,0.25,-0.75,0.25]",3.464001618024423,1.5,1.5
DSR_Simple_training,think,prod,2,MIXED_HIGH,"[8.25,8.0,8.25,8.25]","[0.5768174280738311,-1.730452284221493,0.5768174280738311,0.5768174280738311]","[0.03125,0.0,0.03125,0.03125]","[0.0078125,0.0,0.0078125,0.0078125]",3.4609045684429867,0.09375,0.0234375
DSR_Simple_training,think,prod,3,MIXED_HIGH,"[12.125,8.0,12.125,9.0]","[0.9814481457832398,-1.252192461861375,0.9814481457832398,-0.7107038297051047]","[0.515625,0.0,0.515625,0.125]","[0.2265625,0.0,0.2265625,0.0]",3.9257925831329596,1.15625,0.453125
DSR_Simple_training,think,living,14,MIXED_HIGH,"[14.375,14.375,14.25,12.75]","[0.6362710878417684,0.6362710878417684,0.45447934845840604,-1.727021524141943]","[0.796875,0.796875,0.78125,0.59375]","[0.0546875,0.0546875,0.0390625,0.0]",3.4540430482838858,2.96875,0.1484375
DSR_Simple_training,think,video,12,MIXED_HIGH,"[9.0,9.0,9.0,2.0]","[0.5773312221989658,0.5773312221989658,0.5773312221989658,-1.7319936665968976]","[0.21875,0.21875,0.21875,-0.65625]","[0.21875,0.21875,0.21875,-0.65625]",3.4639873331937947,1.3125,1.3125
DSR_Simple_training,think,video,20,A_ONLY,"[0.5,0.5,0.5,0.5]","[0.0,0.0,0.0,0.0]","[0.0,0.0,0.0,0.0]","[0.0,0.0,0.0,0.0]",0.0,0.0,0.0
DSR_Simple_training,think,prod,2,ALL_ZERO,"[0.0,0.0,0.0,0.0]","[0.0,0.0,0.0,0.0]","[0.0,0.0,0.0,0.0]","[0.0,0.0,0.0,0.0]",0.0,0.0,0.0
DSR_Simple_training,think,prod,2,EXACT_SATURATED,"[8.0,8.0,8.0,8.0]","[0.0,0.0,0.0,0.0]","[0.0,0.0,0.0,0.0]","[0.0,0.0,0.0,0.0]",0.0,0.0,0.0
DSR_Simple_training,think,video,20,A_ONLY,"[0.5,0.75,0.75,0.75]","[-1.730452284221493,0.5768174280738311,0.5768174280738311,0.5768174280738311]","[-0.0234375,0.0078125,0.0078125,0.0078125]","[-0.0234375,0.0078125,0.0078125,0.0078125]",3.4609045684429867,0.046875,0.046875
DSR_Simple_training,think,video,19,A_ONLY,"[0.0,0.0,0.5,0.5]","[-0.9996001599360256,-0.9996001599360256,0.9996001599360256,0.9996001599360256]","[-0.03125,-0.03125,0.03125,0.03125]","[-0.03125,-0.03125,0.03125,0.03125]",3.9984006397441023,0.125,0.125
DSR_Simple_training,think,video,14,MIXED_HIGH,"[9.5,9.5,9.5,9.5]","[0.0,0.0,0.0,0.0]","[0.1875,0.1875,0.1875,0.1875]","[0.0,0.0,0.0,0.0]",0.0,0.75,0.0
DSR_Simple_training,think,prod,2,SINGLE_EXACT,"[8.0,0.5,0.5,0.5]","[1.731997475877734,-0.5773324919592446,-0.5773324919592446,-0.5773324919592446]","[0.703125,-0.234375,-0.234375,-0.234375]","[0.703125,-0.234375,-0.234375,-0.234375]",3.463994951755468,1.40625,1.40625
DSR_Simple_training,think,video,12,ALL_ZERO,"[0.0,0.0,0.0,0.0]","[0.0,0.0,0.0,0.0]","[0.0,0.0,0.0,0.0]","[0.0,0.0,0.0,0.0]",0.0,0.0,0.0
DSR_Simple_training,think,ad,2,MIXED_HIGH,"[9.0,2.0,2.0,3.0]","[1.7149270299132375,-0.6859708119652951,-0.6859708119652951,-0.34298540598264754]","[0.625,-0.25,-0.25,-0.125]","[0.625,-0.25,-0.25,-0.125]",3.4298540598264755,1.25,1.25
DSR_Simple_training,think,ad,3,OTHER,"[0.875,0.75,0.875,0.875]","[0.5762855695777033,-1.7288567087331097,0.5762855695777033,0.5762855695777033]","[0.00390625,-0.01171875,0.00390625,0.00390625]","[0.00390625,-0.01171875,0.00390625,0.00390625]",3.4577134174662194,0.0234375,0.0234375
DSR_Simple_training,think,video,20,SINGLE_EXACT,"[0.0,8.0,0.0,0.0]","[-0.5773336030040704,1.7320008090122112,-0.5773336030040704,-0.5773336030040704]","[-0.25,0.75,-0.25,-0.25]","[-0.25,0.75,-0.25,-0.25]",3.464001618024423,1.5,1.5
DSR_Simple_training,think,video,20,MIXED_HIGH,"[9.1875,9.1875,9.1875,9.1875]","[0.0,0.0,0.0,0.0]","[0.1484375,0.1484375,0.1484375,0.1484375]","[0.0,0.0,0.0,0.0]",0.0,0.59375,0.0
DSR_Simple_training,think,prod,3,A_ONLY,"[0.5,0.5,0.5,0.5]","[0.0,0.0,0.0,0.0]","[0.0,0.0,0.0,0.0]","[0.0,0.0,0.0,0.0]",0.0,0.0,0.0
DSR_Simple_training,think,ad,2,ALL_ZERO,"[0.0,0.0,0.0,0.0]","[0.0,0.0,0.0,0.0]","[0.0,0.0,0.0,0.0]","[0.0,0.0,0.0,0.0]",0.0,0.0,0.0
DSR_Simple_training,think,living,2,AB_SIGNAL,"[2.0,0.0,2.0,0.0]","[0.9999000099990001,-0.9999000099990001,0.9999000099990001,-0.9999000099990001]","[0.125,-0.125,0.125,-0.125]","[0.125,-0.125,0.125,-0.125]",3.9996000399960003,0.5,0.5
DSR_Simple_training,think,video,20,MIXED_HIGH,"[12.59375,9.1875,9.1875,0.0]","[1.036356297987598,0.30873738345846313,0.30873738345846313,-1.6538310649045243]","[0.6064453125,0.1806640625,0.1806640625,-0.9677734375]","[0.6064453125,0.1806640625,0.1806640625,-0.9677734375]",3.3076621298090485,1.935546875,1.935546875
DSR_Simple_training,think,living,3,ALL_ZERO,"[0.0,0.0,0.0,0.0]","[0.0,0.0,0.0,0.0]","[0.0,0.0,0.0,0.0]","[0.0,0.0,0.0,0.0]",0.0,0.0,0.0
DSR_Simple_training,think,prod,2,ALL_ZERO,"[0.0,0.0,0.0,0.0]","[0.0,0.0,0.0,0.0]","[0.0,0.0,0.0,0.0]","[0.0,0.0,0.0,0.0]",0.0,0.0,0.0
DSR_Simple_training,think,video,12,AB_SIGNAL,"[2.25,0.5,2.25,2.0]","[0.6859002358340398,-1.7147505895850994,0.6859002358340398,0.3429501179170199]","[0.0625,-0.15625,0.0625,0.03125]","[0.0625,-0.15625,0.0625,0.03125]",3.4295011791701984,0.3125,0.3125
DSR_Simple_training,think,prod,2,A_ONLY,"[0.5,0.5,0.5,0.0]","[0.577083725634154,0.577083725634154,0.577083725634154,-1.7312511769024619]","[0.015625,0.015625,0.015625,-0.046875]","[0.015625,0.015625,0.015625,-0.046875]",3.4625023538049238,0.09375,0.09375
DSR_Simple_training,think,living,2,OTHER,"[0.0,2.25,2.25,2.25]","[-1.7318730480363465,0.5772910160121155,0.5772910160121155,0.5772910160121155]","[-0.2109375,0.0703125,0.0703125,0.0703125]","[-0.2109375,0.0703125,0.0703125,0.0703125]",3.463746096072693,0.421875,0.421875
DSR_Simple_training,think,video,12,OTHER,"[0.75,0.75,0.75,0.75]","[0.0,0.0,0.0,0.0]","[0.0,0.0,0.0,0.0]","[0.0,0.0,0.0,0.0]",0.0,0.0,0.0
DSR_Simple_training,think,video,20,OTHER,"[2.25,2.375,2.25,2.375]","[-0.998402555910543,0.998402555910543,-0.998402555910543,0.998402555910543]","[-0.0078125,0.0078125,-0.0078125,0.0078125]","[-0.0078125,0.0078125,-0.0078125,0.0078125]",3.993610223642172,0.03125,0.03125
DSR_Simple_training,think,ad,2,A_ONLY,"[0.5,0.5,0.5,0.5]","[0.0,0.0,0.0,0.0]","[0.0,0.0,0.0,0.0]","[0.0,0.0,0.0,0.0]",0.0,0.0,0.0
DSR_Simple_training,think,prod,2,A_ONLY,"[0.5,0.5,0.5,0.5]","[0.0,0.0,0.0,0.0]","[0.0,0.0,0.0,0.0]","[0.0,0.0,0.0,0.0]",0.0,0.0,0.0
DSR_Simple_training,think,living,3,AB_SIGNAL,"[2.0,2.0,2.0,2.0]","[0.0,0.0,0.0,0.0]","[0.0,0.0,0.0,0.0]","[0.0,0.0,0.0,0.0]",0.0,0.0,0.0
DSR_Simple_training,think,ad,2,ALL_ZERO,"[0.0,0.0,0.0,0.0]","[0.0,0.0,0.0,0.0]","[0.0,0.0,0.0,0.0]","[0.0,0.0,0.0,0.0]",0.0,0.0,0.0
DSR_Simple_training,think,prod,3,ALL_ZERO,"[0.0,0.0,0.0,0.0]","[0.0,0.0,0.0,0.0]","[0.0,0.0,0.0,0.0]","[0.0,0.0,0.0,0.0]",0.0,0.0,0.0
DSR_Simple_training,think,prod,2,MIXED_HIGH,"[9.0,9.0,9.0,9.0]","[0.0,0.0,0.0,0.0]","[0.125,0.125,0.125,0.125]","[0.0,0.0,0.0,0.0]",0.0,0.5,0.0
DSR_Simple_training,think,prod,2,ALL_ZERO,"[0.0,0.0,0.0,0.0]","[0.0,0.0,0.0,0.0]","[0.0,0.0,0.0,0.0]","[0.0,0.0,0.0,0.0]",0.0,0.0,0.0
DSR_Simple_training,think,video,11,A_ONLY,"[0.875,0.5,0.75,0.75]","[1.1462371818511636,-1.604732054591629,0.22924743637023273,0.22924743637023273]","[0.01953125,-0.02734375,0.00390625,0.00390625]","[0.01953125,-0.02734375,0.00390625,0.00390625]",3.2094641091832585,0.0546875,0.0546875
DSR_Simple_training,think,prod,2,ALL_ZERO,"[0.0,0.0,0.0,0.0]","[0.0,0.0,0.0,0.0]","[0.0,0.0,0.0,0.0]","[0.0,0.0,0.0,0.0]",0.0,0.0,0.0
DSR_Simple_training,think,video,14,A_ONLY,"[0.5,0.5,0.5,0.5]","[0.0,0.0,0.0,0.0]","[0.0,0.0,0.0,0.0]","[0.0,0.0,0.0,0.0]",0.0,0.0,0.0
DSR_Simple_training,think,ad,2,EXACT_SATURATED,"[8.0,8.0,8.0,8.0]","[0.0,0.0,0.0,0.0]","[0.0,0.0,0.0,0.0]","[0.0,0.0,0.0,0.0]",0.0,0.0,0.0
DSR_Simple_training,think,ad,2,OTHER,"[0.75,0.75,0.75,0.75]","[0.0,0.0,0.0,0.0]","[0.0,0.0,0.0,0.0]","[0.0,0.0,0.0,0.0]",0.0,0.0,0.0
DSR_Simple_training,think,ad,2,A_ONLY,"[0.0,0.0,0.0,0.5]","[-0.577083725634154,-0.577083725634154,-0.577083725634154,1.7312511769024619]","[-0.015625,-0.015625,-0.015625,0.046875]","[-0.015625,-0.015625,-0.015625,0.046875]",3.4625023538049238,0.09375,0.09375
DSR_Simple_training,think,prod,2,EXACT_SATURATED,"[8.0,8.0,8.0,8.0]","[0.0,0.0,0.0,0.0]","[0.0,0.0,0.0,0.0]","[0.0,0.0,0.0,0.0]",0.0,0.0,0.0
DSR_Simple_training,think,video,20,OTHER,"[3.1875,2.25,3.1875,3.1875]","[0.577208081993245,-1.7316242459797353,0.577208081993245,0.577208081993245]","[0.029296875,-0.087890625,0.029296875,0.029296875]","[0.029296875,-0.087890625,0.029296875,0.029296875]",3.4632484919594697,0.17578125,0.17578125
DSR_Simple_training,think,ad,2,MULTI_EXACT,"[0.5,8.0,0.5,8.0]","[-0.9999733340444255,0.9999733340444255,-0.9999733340444255,0.9999733340444255]","[-0.46875,0.46875,-0.46875,0.46875]","[-0.46875,0.46875,-0.46875,0.46875]",3.999893336177702,1.875,1.875
DSR_Simple_training,think,ad,2,ALL_ZERO,"[0.0,0.0,0.0,0.0]","[0.0,0.0,0.0,0.0]","[0.0,0.0,0.0,0.0]","[0.0,0.0,0.0,0.0]",0.0,0.0,0.0
DSR_Simple_training,think,ad,3,EXACT_SATURATED,"[8.0,8.0,8.0,8.0]","[0.0,0.0,0.0,0.0]","[0.0,0.0,0.0,0.0]","[0.0,0.0,0.0,0.0]",0.0,0.0,0.0
DSR_Simple_training,think,ad,2,ALL_ZERO,"[0.0,0.0,0.0,0.0]","[0.0,0.0,0.0,0.0]","[0.0,0.0,0.0,0.0]","[0.0,0.0,0.0,0.0]",0.0,0.0,0.0
DSR_Simple_training,think,video,13,OTHER,"[2.375,0.875,0.875,0.875]","[1.7317841819519098,-0.5772613939839699,-0.5772613939839699,-0.5772613939839699]","[0.140625,-0.046875,-0.046875,-0.046875]","[0.140625,-0.046875,-0.046875,-0.046875]",3.4635683639038195,0.28125,0.28125
DSR_Simple_training,think,video,14,ALL_ZERO,"[0.0,0.0,0.0,0.0]","[0.0,0.0,0.0,0.0]","[0.0,0.0,0.0,0.0]","[0.0,0.0,0.0,0.0]",0.0,0.0,0.0
DSR_Simple_training,think,ad,4,MIXED_HIGH,"[9.0,9.0,0.5,9.0]","[0.5773345833412914,0.5773345833412914,-1.7320037500238743,0.5773345833412914]","[0.265625,0.265625,-0.796875,0.265625]","[0.265625,0.265625,-0.796875,0.265625]",3.4640075000477486,1.59375,1.59375
DSR_Simple_training,think,prod,2,ALL_ZERO,"[0.0,0.0,0.0,0.0]","[0.0,0.0,0.0,0.0]","[0.0,0.0,0.0,0.0]","[0.0,0.0,0.0,0.0]",0.0,0.0,0.0
DSR_Simple_training,think,prod,2,A_ONLY,"[0.5,0.5,0.0,0.5]","[0.577083725634154,0.577083725634154,-1.7312511769024619,0.577083725634154]","[0.015625,0.015625,-0.046875,0.015625]","[0.015625,0.015625,-0.046875,0.015625]",3.462502353804924,0.09375,0.09375
DSR_Simple_training,think,living,2,ALL_ZERO,"[0.0,0.0,0.0,0.0]","[0.0,0.0,0.0,0.0]","[0.0,0.0,0.0,0.0]","[0.0,0.0,0.0,0.0]",0.0,0.0,0.0
DSR_Simple_training,think,prod,2,A_ONLY,"[0.0,0.5,0.0,0.0]","[-0.577083725634154,1.7312511769024619,-0.577083725634154,-0.577083725634154]","[-0.015625,0.046875,-0.015625,-0.015625]","[-0.015625,0.046875,-0.015625,-0.015625]",3.462502353804924,0.09375,0.09375
DSR_Simple_training,think,video,12,ALL_ZERO,"[0.0,0.0,0.0,0.0]","[0.0,0.0,0.0,0.0]","[0.0,0.0,0.0,0.0]","[0.0,0.0,0.0,0.0]",0.0,0.0,0.0
DSR_Simple_training,think,video,14,OTHER,"[0.875,0.9375,0.875,0.875]","[-0.5752247895920863,1.725674368776259,-0.5752247895920863,-0.5752247895920863]","[-0.001953125,0.005859375,-0.001953125,-0.001953125]","[-0.001953125,0.005859375,-0.001953125,-0.001953125]",3.451348737552518,0.01171875,0.01171875
DSR_Simple_training,think,video,13,A_ONLY,"[0.0,0.0,0.0,0.5]","[-0.577083725634154,-0.577083725634154,-0.577083725634154,1.7312511769024619]","[-0.015625,-0.015625,-0.015625,0.046875]","[-0.015625,-0.015625,-0.015625,0.046875]",3.4625023538049238,0.09375,0.09375
DSR_Simple_training,think,ad,2,MULTI_EXACT,"[8.0,0.0,8.0,8.0]","[0.5773336030040704,-1.7320008090122112,0.5773336030040704,0.5773336030040704]","[0.25,-0.75,0.25,0.25]","[0.25,-0.75,0.25,0.25]",3.464001618024423,1.5,1.5
DSR_Simple_training,think,video,12,A_ONLY,"[0.75,0.75,0.75,0.5]","[0.5768174280738311,0.5768174280738311,0.5768174280738311,-1.730452284221493]","[0.0078125,0.0078125,0.0078125,-0.0234375]","[0.0078125,0.0078125,0.0078125,-0.0234375]",3.460904568442986,0.046875,0.046875
DSR_Simple_training,think,ad,2,MIXED_HIGH,"[8.25,8.25,0.5,8.25]","[0.5773330654012014,0.5773330654012014,-1.7319991962036043,0.5773330654012014]","[0.2421875,0.2421875,-0.7265625,0.2421875]","[0.2421875,0.2421875,-0.7265625,0.2421875]",3.463998392407208,1.453125,1.453125
DSR_Simple_training,think,video,13,AB_SIGNAL,"[2.0,2.0,2.0,2.25]","[-0.5768174280738311,-0.5768174280738311,-0.5768174280738311,1.730452284221493]","[-0.0078125,-0.0078125,-0.0078125,0.0234375]","[-0.0078125,-0.0078125,-0.0078125,0.0234375]",3.460904568442986,0.046875,0.046875
DSR_Simple_training,think,video,11,MIXED_HIGH,"[0.5,0.5,2.0,8.25]","[-0.722970200830681,-0.722970200830681,-0.25401655704861764,1.6999569587099794]","[-0.2890625,-0.2890625,-0.1015625,0.6796875]","[-0.2890625,-0.2890625,-0.1015625,0.6796875]",3.3999139174199593,1.359375,1.359375
DSR_Simple_training,think,video,14,OTHER,"[2.25,2.25,2.25,2.25]","[0.0,0.0,0.0,0.0]","[0.0,0.0,0.0,0.0]","[0.0,0.0,0.0,0.0]",0.0,0.0,0.0
DSR_Simple_training,think,video,20,A_ONLY,"[0.75,0.75,0.75,0.5]","[0.5768174280738311,0.5768174280738311,0.5768174280738311,-1.730452284221493]","[0.0078125,0.0078125,0.0078125,-0.0234375]","[0.0078125,0.0078125,0.0078125,-0.0234375]",3.460904568442986,0.046875,0.046875
DSR_Simple_training,think,video,11,A_ONLY,"[0.5,0.5,0.0,0.5]","[0.577083725634154,0.577083725634154,-1.7312511769024619,0.577083725634154]","[0.015625,0.015625,-0.046875,0.015625]","[0.015625,0.015625,-0.046875,0.015625]",3.462502353804924,0.09375,0.09375
DSR_Simple_training,think,ad,2,A_ONLY,"[0.5,0.5,0.0,0.5]","[0.577083725634154,0.577083725634154,-1.7312511769024619,0.577083725634154]","[0.015625,0.015625,-0.046875,0.015625]","[0.015625,0.015625,-0.046875,0.015625]",3.462502353804924,0.09375,0.09375
DSR_Simple_training,think,prod,2,ALL_ZERO,"[0.0,0.0,0.0,0.0]","[0.0,0.0,0.0,0.0]","[0.0,0.0,0.0,0.0]","[0.0,0.0,0.0,0.0]",0.0,0.0,0.0
DSR_Simple_training,think,video,20,OTHER,"[3.234375,2.46875,3.234375,3.234375]","[0.5771761720437387,-1.7315285161312164,0.5771761720437387,0.5771761720437387]","[0.02392578125,-0.07177734375,0.02392578125,0.02392578125]","[0.02392578125,-0.07177734375,0.02392578125,0.02392578125]",3.4630570322624328,0.1435546875,0.1435546875
DSR_Simple_training,think,ad,2,MIXED_HIGH,"[8.25,8.25,9.0,8.25]","[-0.577172546136356,-0.577172546136356,1.7315176384090682,-0.577172546136356]","[0.03125,0.03125,0.125,0.03125]","[0.0,0.0,0.0703125,0.0]",3.4630352768181365,0.21875,0.0703125
DSR_Simple_training,think,ad,3,MIXED_HIGH,"[8.25,0.5,2.25,0.5]","[1.6878446417964903,-0.7457918184682166,-0.19626100486005701,-0.7457918184682166]","[0.671875,-0.296875,-0.078125,-0.296875]","[0.671875,-0.296875,-0.078125,-0.296875]",3.3756892835929806,1.34375,1.34375
DSR_Simple_training,think,prod,2,MIXED_HIGH,"[12.0,12.0,8.0,0.0]","[0.8164799146012595,0.8164799146012595,0.0,-1.632959829202519]","[0.5,0.5,0.0,-1.0]","[0.5,0.5,0.0,-1.0]",3.265919658405038,2.0,2.0
DSR_Simple_training,think,prod,4,ALL_ZERO,"[0.0,0.0,0.0,0.0]","[0.0,0.0,0.0,0.0]","[0.0,0.0,0.0,0.0]","[0.0,0.0,0.0,0.0]",0.0,0.0,0.0
DSR_Simple_training,think,ad,2,EXACT_SATURATED,"[8.0,8.0,8.0,8.0]","[0.0,0.0,0.0,0.0]","[0.0,0.0,0.0,0.0]","[0.0,0.0,0.0,0.0]",0.0,0.0,0.0
DSR_Simple_training,think,ad,2,SINGLE_EXACT,"[8.0,0.75,0.75,0.75]","[1.7319956369124796,-0.5773318789708266,-0.5773318789708266,-0.5773318789708266]","[0.6796875,-0.2265625,-0.2265625,-0.2265625]","[0.6796875,-0.2265625,-0.2265625,-0.2265625]",3.46399127382496,1.359375,1.359375
DSR_Simple_training,think,prod,4,MIXED_HIGH,"[8.25,8.25,8.25,8.25]","[0.0,0.0,0.0,0.0]","[0.03125,0.03125,0.03125,0.03125]","[0.0,0.0,0.0,0.0]",0.0,0.125,0.0
DSR_Simple_training,think,video,12,OTHER,"[0.75,0.75,0.75,0.75]","[0.0,0.0,0.0,0.0]","[0.0,0.0,0.0,0.0]","[0.0,0.0,0.0,0.0]",0.0,0.0,0.0
DSR_Simple_training,think,ad,2,A_ONLY,"[0.5,0.5,0.5,0.5]","[0.0,0.0,0.0,0.0]","[0.0,0.0,0.0,0.0]","[0.0,0.0,0.0,0.0]",0.0,0.0,0.0
DSR_Simple_training,think,ad,2,A_ONLY,"[0.5,0.5,0.5,0.5]","[0.0,0.0,0.0,0.0]","[0.0,0.0,0.0,0.0]","[0.0,0.0,0.0,0.0]",0.0,0.0,0.0
DSR_Simple_training,think,prod,2,A_ONLY,"[0.5,0.5,0.5,0.5]","[0.0,0.0,0.0,0.0]","[0.0,0.0,0.0,0.0]","[0.0,0.0,0.0,0.0]",0.0,0.0,0.0
DSR_Simple_training,think,living,2,ALL_ZERO,"[0.0,0.0,0.0,0.0]","[0.0,0.0,0.0,0.0]","[0.0,0.0,0.0,0.0]","[0.0,0.0,0.0,0.0]",0.0,0.0,0.0
DSR_Simple_training,think,video,15,MIXED_HIGH,"[8.4375,0.75,8.4375,8.4375]","[0.5773329255372045,-1.7319987766116134,0.5773329255372045,0.5773329255372045]","[0.240234375,-0.720703125,0.240234375,0.240234375]","[0.240234375,-0.720703125,0.240234375,0.240234375]",3.4639975532232268,1.44140625,1.44140625
DSR_Simple_training,think,video,13,MIXED_HIGH,"[8.4921875,8.49609375,0.9375,8.4921875]","[0.5769346005642337,0.578128464197062,-1.7319976653255296,0.5769346005642337]","[0.2359619140625,0.2364501953125,-0.7083740234375,0.2359619140625]","[0.2359619140625,0.2364501953125,-0.7083740234375,0.2359619140625]",3.463995330651059,1.416748046875,1.416748046875
DSR_Simple_training,think,ad,2,OTHER,"[0.75,0.75,0.75,0.75]","[0.0,0.0,0.0,0.0]","[0.0,0.0,0.0,0.0]","[0.0,0.0,0.0,0.0]",0.0,0.0,0.0
DSR_Simple_training,think,video,19,OTHER,"[3.6171875,2.46875,3.21875,2.4375]","[1.355717010189063,-0.9284136545420804,0.5632635142619316,-0.9905668699089142]","[0.085205078125,-0.058349609375,0.035400390625,-0.062255859375]","[0.085205078125,-0.058349609375,0.035400390625,-0.062255859375]",3.837961048901989,0.2412109375,0.2412109375
DSR_Simple_training,think,video,12,OTHER,"[0.875,0.75,0.75,0.75]","[1.7288567087331097,-0.5762855695777033,-0.5762855695777033,-0.5762855695777033]","[0.01171875,-0.00390625,-0.00390625,-0.00390625]","[0.01171875,-0.00390625,-0.00390625,-0.00390625]",3.4577134174662194,0.0234375,0.0234375
DSR_Simple_training,think,prod,2,AB_SIGNAL,"[0.0,0.0,2.0,2.0]","[-0.9999000099990001,-0.9999000099990001,0.9999000099990001,0.9999000099990001]","[-0.125,-0.125,0.125,0.125]","[-0.125,-0.125,0.125,0.125]",3.9996000399960003,0.5,0.5
DSR_Simple_training,think,living,2,A_ONLY,"[0.5,0.0,0.5,0.5]","[0.577083725634154,-1.7312511769024619,0.577083725634154,0.577083725634154]","[0.015625,-0.046875,0.015625,0.015625]","[0.015625,-0.046875,0.015625,0.015625]",3.462502353804924,0.09375,0.09375
DSR_Simple_training,think,prod,2,ALL_ZERO,"[0.0,0.0,0.0,0.0]","[0.0,0.0,0.0,0.0]","[0.0,0.0,0.0,0.0]","[0.0,0.0,0.0,0.0]",0.0,0.0,0.0
DSR_Simple_training,think,living,2,A_ONLY,"[0.5,0.5,0.5,0.5]","[0.0,0.0,0.0,0.0]","[0.0,0.0,0.0,0.0]","[0.0,0.0,0.0,0.0]",0.0,0.0,0.0
DSR_Simple_training,think,prod,2,ALL_ZERO,"[0.0,0.0,0.0,0.0]","[0.0,0.0,0.0,0.0]","[0.0,0.0,0.0,0.0]","[0.0,0.0,0.0,0.0]",0.0,0.0,0.0
DSR_Simple_training,think,prod,2,MIXED_HIGH,"[8.25,8.0,8.25,0.0]","[0.6006484870403268,0.5299839591532296,0.6006484870403268,-1.7312809332338832]","[0.265625,0.234375,0.265625,-0.765625]","[0.265625,0.234375,0.265625,-0.765625]",3.4625618664677664,1.53125,1.53125
DSR_Simple_training,think,video,13,MIXED_HIGH,"[12.0,14.09375,12.125,12.125]","[-0.67184620857337,1.728884243395472,-0.528519017411051,-0.528519017411051]","[0.5,0.76171875,0.515625,0.515625]","[0.0,0.1884765625,0.0,0.0]",3.457768486790944,2.29296875,0.1884765625
DSR_Simple_training,think,video,17,OTHER,"[2.4375,0.9375,0.875,2.4375]","[0.9994532803902333,-0.958659268945734,-1.0402472918347327,0.9994532803902333]","[0.095703125,-0.091796875,-0.099609375,0.095703125]","[0.095703125,-0.091796875,-0.099609375,0.095703125]",3.997813121560933,0.3828125,0.3828125
DSR_Simple_training,think,ad,2,ALL_ZERO,"[0.0,0.0,0.0,0.0]","[0.0,0.0,0.0,0.0]","[0.0,0.0,0.0,0.0]","[0.0,0.0,0.0,0.0]",0.0,0.0,0.0
DSR_Simple_training,think,video,11,OTHER,"[3.59375,3.5625,0.75,3.59375]","[0.5857613011680975,0.560293418508615,-1.7318160208448101,0.5857613011680975]","[0.08984375,0.0859375,-0.265625,0.08984375]","[0.08984375,0.0859375,-0.265625,0.08984375]",3.4636320416896202,0.53125,0.53125
DSR_Simple_training,think,video,19,MIXED_HIGH,"[12.125,12.125,12.1875,8.25]","[0.5649024302894462,0.5649024302894462,0.6019452126035082,-1.7317500731824005]","[0.515625,0.515625,0.5234375,0.03125]","[0.119140625,0.119140625,0.126953125,0.0]",3.463500146364801,1.5859375,0.365234375
DSR_Simple_training,think,video,12,OTHER,"[0.75,0.75,0.875,0.875]","[-0.998402555910543,-0.998402555910543,0.998402555910543,0.998402555910543]","[-0.0078125,-0.0078125,0.0078125,0.0078125]","[-0.0078125,-0.0078125,0.0078125,0.0078125]",3.993610223642172,0.03125,0.03125
DSR_Simple_training,think,prod,4,MIXED_HIGH,"[12.0,12.0,12.0,12.0]","[0.0,0.0,0.0,0.0]","[0.5,0.5,0.5,0.5]","[0.0,0.0,0.0,0.0]",0.0,2.0,0.0
DSR_Simple_training,think,prod,2,A_ONLY,"[0.5,0.5,0.5,0.5]","[0.0,0.0,0.0,0.0]","[0.0,0.0,0.0,0.0]","[0.0,0.0,0.0,0.0]",0.0,0.0,0.0
DSR_Simple_training,think,prod,2,A_ONLY,"[0.5,0.0,0.5,0.5]","[0.577083725634154,-1.7312511769024619,0.577083725634154,0.577083725634154]","[0.015625,-0.046875,0.015625,0.015625]","[0.015625,-0.046875,0.015625,0.015625]",3.462502353804924,0.09375,0.09375
DSR_Simple_training,think,video,13,MIXED_HIGH,"[14.25,15.125,14.25,15.125]","[-0.9997714808043876,0.9997714808043876,-0.9997714808043876,0.9997714808043876]","[0.78125,0.890625,0.78125,0.890625]","[0.0,0.0546875,0.0,0.0546875]",3.9990859232175504,3.34375,0.109375
DSR_Simple_training,think,video,12,OTHER,"[3.5625,0.0,3.125,3.1875]","[0.7620781215042127,-1.7201191885380802,0.45724687290252763,0.5007941941313397]","[0.13671875,-0.30859375,0.08203125,0.08984375]","[0.13671875,-0.30859375,0.08203125,0.08984375]",3.4402383770761604,0.6171875,0.6171875
DSR_Simple_training,think,prod,2,MULTI_EXACT,"[12.0,8.0,8.0,0.5]","[1.1721423414634806,0.21038452282677858,0.21038452282677858,-1.5929113871170377]","[0.609375,0.109375,0.109375,-0.828125]","[0.609375,0.109375,0.109375,-0.828125]",3.185822774234076,1.65625,1.65625
DSR_Simple_training,think,video,15,OTHER,"[2.4375,2.4375,2.4375,2.4375]","[0.0,0.0,0.0,0.0]","[0.0,0.0,0.0,0.0]","[0.0,0.0,0.0,0.0]",0.0,0.0,0.0
DSR_Simple_training,think,living,3,ALL_ZERO,"[0.0,0.0,0.0,0.0]","[0.0,0.0,0.0,0.0]","[0.0,0.0,0.0,0.0]","[0.0,0.0,0.0,0.0]",0.0,0.0,0.0
DSR_Simple_training,think,prod,2,A_ONLY,"[0.5,0.5,0.0,0.0]","[0.9996001599360256,0.9996001599360256,-0.9996001599360256,-0.9996001599360256]","[0.03125,0.03125,-0.03125,-0.03125]","[0.03125,0.03125,-0.03125,-0.03125]",3.9984006397441023,0.125,0.125
DSR_Simple_training,think,video,15,OTHER,"[2.25,2.25,2.25,2.25]","[0.0,0.0,0.0,0.0]","[0.0,0.0,0.0,0.0]","[0.0,0.0,0.0,0.0]",0.0,0.0,0.0
DSR_Simple_training,think,video,12,MIXED_HIGH,"[8.375,8.25,8.375,8.375]","[0.5762855695777033,-1.7288567087331097,0.5762855695777033,0.5762855695777033]","[0.046875,0.03125,0.046875,0.046875]","[0.00390625,0.0,0.00390625,0.00390625]",3.4577134174662194,0.171875,0.01171875
DSR_Simple_training,think,ad,2,MIXED_HIGH,"[0.75,8.25,8.25,0.0]","[-0.9026943687145996,0.9977148285792943,0.9977148285792943,-1.092735288443989]","[-0.4453125,0.4921875,0.4921875,-0.5390625]","[-0.4453125,0.4921875,0.4921875,-0.5390625]",3.990859314317177,1.96875,1.96875
DSR_Simple_training,think,prod,10,MIXED_HIGH,"[0.0,8.25,0.0,8.25]","[-0.9999757581634385,0.9999757581634385,-0.9999757581634385,0.9999757581634385]","[-0.515625,0.515625,-0.515625,0.515625]","[-0.515625,0.515625,-0.515625,0.515625]",3.999903032653754,2.0625,2.0625
DSR_Simple_training,think,ad,7,A_ONLY,"[0.5,0.5,0.5,0.5]","[0.0,0.0,0.0,0.0]","[0.0,0.0,0.0,0.0]","[0.0,0.0,0.0,0.0]",0.0,0.0,0.0
DSR_Simple_training,think,ad,2,A_ONLY,"[0.5,0.75,0.5,0.75]","[-0.9992006394884093,0.9992006394884093,-0.9992006394884093,0.9992006394884093]","[-0.015625,0.015625,-0.015625,0.015625]","[-0.015625,0.015625,-0.015625,0.015625]",3.9968025579536373,0.0625,0.0625
DSR_Simple_training,think,video,11,OTHER,"[3.21875,3.21875,3.1875,3.21875]","[0.5731149022381534,0.5731149022381534,-1.7193447067144603,0.5731149022381534]","[0.0009765625,0.0009765625,-0.0029296875,0.0009765625]","[0.0009765625,0.0009765625,-0.0029296875,0.0009765625]",3.4386894134289205,0.005859375,0.005859375
DSR_Simple_training,think,video,11,A_ONLY,"[0.875,0.875,0.875,0.5]","[0.5769949324647409,0.5769949324647409,0.5769949324647409,-1.7309847973942227]","[0.01171875,0.01171875,0.01171875,-0.03515625]","[0.01171875,0.01171875,0.01171875,-0.03515625]",3.461969594788445,0.0703125,0.0703125
DSR_Simple_training,think,video,14,OTHER,"[0.75,0.875,0.75,0.875]","[-0.998402555910543,0.998402555910543,-0.998402555910543,0.998402555910543]","[-0.0078125,0.0078125,-0.0078125,0.0078125]","[-0.0078125,0.0078125,-0.0078125,0.0078125]",3.993610223642172,0.03125,0.03125
DSR_Simple_training,think,video,20,A_ONLY,"[0.5,0.0,0.5,0.5]","[0.577083725634154,-1.7312511769024619,0.577083725634154,0.577083725634154]","[0.015625,-0.046875,0.015625,0.015625]","[0.015625,-0.046875,0.015625,0.015625]",3.462502353804924,0.09375,0.09375
DSR_Simple_training,think,prod,2,ALL_ZERO,"[0.0,0.0,0.0,0.0]","[0.0,0.0,0.0,0.0]","[0.0,0.0,0.0,0.0]","[0.0,0.0,0.0,0.0]",0.0,0.0,0.0
DSR_Simple_training,think,ad,2,EXACT_SATURATED,"[8.0,8.0,8.0,8.0]","[0.0,0.0,0.0,0.0]","[0.0,0.0,0.0,0.0]","[0.0,0.0,0.0,0.0]",0.0,0.0,0.0
DSR_Simple_training,think,living,2,A_ONLY,"[0.5,0.0,0.5,0.0]","[0.9996001599360256,-0.9996001599360256,0.9996001599360256,-0.9996001599360256]","[0.03125,-0.03125,0.03125,-0.03125]","[0.03125,-0.03125,0.03125,-0.03125]",3.9984006397441023,0.125,0.125
DSR_Simple_training,think,video,12,OTHER,"[0.75,0.75,0.75,0.75]","[0.0,0.0,0.0,0.0]","[0.0,0.0,0.0,0.0]","[0.0,0.0,0.0,0.0]",0.0,0.0,0.0
DSR_Simple_training,think,living,2,AB_SIGNAL,"[2.0,2.0,2.0,2.0]","[0.0,0.0,0.0,0.0]","[0.0,0.0,0.0,0.0]","[0.0,0.0,0.0,0.0]",0.0,0.0,0.0
DSR_Simple_training,think,prod,2,A_ONLY,"[0.5,0.5,0.5,0.5]","[0.0,0.0,0.0,0.0]","[0.0,0.0,0.0,0.0]","[0.0,0.0,0.0,0.0]",0.0,0.0,0.0
DSR_Simple_training,think,ad,2,ALL_ZERO,"[0.0,0.0,0.0,0.0]","[0.0,0.0,0.0,0.0]","[0.0,0.0,0.0,0.0]","[0.0,0.0,0.0,0.0]",0.0,0.0,0.0
DSR_Simple_training,think,ad,2,ALL_ZERO,"[0.0,0.0,0.0,0.0]","[0.0,0.0,0.0,0.0]","[0.0,0.0,0.0,0.0]","[0.0,0.0,0.0,0.0]",0.0,0.0,0.0
DSR_Simple_training,think,ad,2,OTHER,"[3.0,3.0,3.0,3.0]","[0.0,0.0,0.0,0.0]","[0.0,0.0,0.0,0.0]","[0.0,0.0,0.0,0.0]",0.0,0.0,0.0
DSR_Simple_training,think,prod,2,EXACT_SATURATED,"[8.0,8.0,8.0,8.0]","[0.0,0.0,0.0,0.0]","[0.0,0.0,0.0,0.0]","[0.0,0.0,0.0,0.0]",0.0,0.0,0.0
DSR_Simple_training,think,living,3,MIXED_HIGH,"[8.25,8.0,8.25,8.25]","[0.5768174280738311,-1.730452284221493,0.5768174280738311,0.5768174280738311]","[0.03125,0.0,0.03125,0.03125]","[0.0078125,0.0,0.0078125,0.0078125]",3.4609045684429867,0.09375,0.0234375
DSR_Simple_training,think,video,20,AB_SIGNAL,"[0.5,2.375,2.0,2.25]","[-1.7036752841415268,0.7895080585046099,0.2908713899753826,0.6232958356615341]","[-0.16015625,0.07421875,0.02734375,0.05859375]","[-0.16015625,0.07421875,0.02734375,0.05859375]",3.4073505682830536,0.3203125,0.3203125
DSR_Simple_training,think,prod,4,EXACT_SATURATED,"[8.0,8.0,8.0,8.0]","[0.0,0.0,0.0,0.0]","[0.0,0.0,0.0,0.0]","[0.0,0.0,0.0,0.0]",0.0,0.0,0.0
DSR_Simple_training,think,living,2,AB_SIGNAL,"[2.0,2.0,2.0,2.0]","[0.0,0.0,0.0,0.0]","[0.0,0.0,0.0,0.0]","[0.0,0.0,0.0,0.0]",0.0,0.0,0.0
DSR_Simple_training,think,prod,2,ALL_ZERO,"[0.0,0.0,0.0,0.0]","[0.0,0.0,0.0,0.0]","[0.0,0.0,0.0,0.0]","[0.0,0.0,0.0,0.0]",0.0,0.0,0.0
DSR_Simple_training,think,video,14,A_ONLY,"[2.375,0.75,2.375,0.5]","[0.994823557875416,-0.8527059067503565,0.994823557875416,-1.1369412090004754]","[0.109375,-0.09375,0.109375,-0.125]","[0.109375,-0.09375,0.109375,-0.125]",3.979294231501664,0.4375,0.4375
DSR_Simple_training,think,ad,2,EXACT_SATURATED,"[8.0,8.0,8.0,8.0]","[0.0,0.0,0.0,0.0]","[0.0,0.0,0.0,0.0]","[0.0,0.0,0.0,0.0]",0.0,0.0,0.0
DSR_Simple_training,think,living,2,ALL_ZERO,"[0.0,0.0,0.0,0.0]","[0.0,0.0,0.0,0.0]","[0.0,0.0,0.0,0.0]","[0.0,0.0,0.0,0.0]",0.0,0.0,0.0
DSR_Simple_training,think,video,20,MIXED_HIGH,"[9.1875,8.375,9.1875,9.1875]","[0.5771862132557941,-1.7315586397673821,0.5771862132557941,0.5771862132557941]","[0.1484375,0.046875,0.1484375,0.1484375]","[0.025390625,0.0,0.025390625,0.025390625]",3.4631172795347647,0.4921875,0.076171875
DSR_Simple_training,think,video,20,MIXED_HIGH,"[12.5,12.5625,12.5,8.25]","[0.5660004221290343,0.5997914921068871,0.5660004221290343,-1.7317923363649559]","[0.5625,0.5703125,0.5625,0.03125]","[0.130859375,0.138671875,0.130859375,0.0]",3.4635846727299118,1.7265625,0.400390625
DSR_Simple_training,think,video,20,MIXED_HIGH,"[12.125,12.125,12.125,12.125]","[0.0,0.0,0.0,0.0]","[0.515625,0.515625,0.515625,0.515625]","[0.0,0.0,0.0,0.0]",0.0,2.0625,0.0
DSR_Simple_training,think,video,14,AB_SIGNAL,"[3.0,3.0,3.0,2.0]","[0.5772169666411974,0.5772169666411974,0.5772169666411974,-1.731650899923592]","[0.03125,0.03125,0.03125,-0.09375]","[0.03125,0.03125,0.03125,-0.09375]",3.4633017998471844,0.1875,0.1875
DSR_Simple_training,think,living,3,A_ONLY,"[0.5,0.0,0.5,0.0]","[0.9996001599360256,-0.9996001599360256,0.9996001599360256,-0.9996001599360256]","[0.03125,-0.03125,0.03125,-0.03125]","[0.03125,-0.03125,0.03125,-0.03125]",3.9984006397441023,0.125,0.125
DSR_Simple_training,think,living,3,OTHER,"[3.0,3.0,3.0,3.0]","[0.0,0.0,0.0,0.0]","[0.0,0.0,0.0,0.0]","[0.0,0.0,0.0,0.0]",0.0,0.0,0.0
DSR_Simple_training,think,ad,2,MIXED_HIGH,"[8.25,8.25,8.25,8.25]","[0.0,0.0,0.0,0.0]","[0.03125,0.03125,0.03125,0.03125]","[0.0,0.0,0.0,0.0]",0.0,0.125,0.0
DSR_Simple_training,think,video,13,MULTI_EXACT,"[8.25,8.0,8.0,8.25]","[0.9992006394884093,-0.9992006394884093,-0.9992006394884093,0.9992006394884093]","[0.03125,0.0,0.0,0.03125]","[0.015625,0.0,0.0,0.015625]",3.9968025579536373,0.0625,0.03125
DSR_Simple_training,think,prod,2,AB_SIGNAL,"[2.0,2.0,2.0,2.0]","[0.0,0.0,0.0,0.0]","[0.0,0.0,0.0,0.0]","[0.0,0.0,0.0,0.0]",0.0,0.0,0.0
DSR_Simple_training,think,video,20,MIXED_HIGH,"[9.125,3.1875,9.1875,3.1875]","[0.9894685183719147,-0.9999390847038926,1.0104096510358707,-0.9999390847038926]","[0.369140625,-0.373046875,0.376953125,-0.373046875]","[0.369140625,-0.373046875,0.376953125,-0.373046875]",3.999756338815571,1.4921875,1.4921875
DSR_Simple_training,think,ad,2,A_ONLY,"[0.5,0.5,0.5,0.5]","[0.0,0.0,0.0,0.0]","[0.0,0.0,0.0,0.0]","[0.0,0.0,0.0,0.0]",0.0,0.0,0.0
DSR_Simple_training,think,video,12,OTHER,"[2.375,2.375,2.375,2.375]","[0.0,0.0,0.0,0.0]","[0.0,0.0,0.0,0.0]","[0.0,0.0,0.0,0.0]",0.0,0.0,0.0
DSR_Simple_training,think,ad,2,ALL_ZERO,"[0.0,0.0,0.0,0.0]","[0.0,0.0,0.0,0.0]","[0.0,0.0,0.0,0.0]","[0.0,0.0,0.0,0.0]",0.0,0.0,0.0
DSR_Simple_training,think,video,20,A_ONLY,"[0.5,0.75,0.5,0.75]","[-0.9992006394884093,0.9992006394884093,-0.9992006394884093,0.9992006394884093]","[-0.015625,0.015625,-0.015625,0.015625]","[-0.015625,0.015625,-0.015625,0.015625]",3.9968025579536373,0.0625,0.0625
DSR_Simple_training,think,video,16,OTHER,"[2.375,2.375,2.375,2.375]","[0.0,0.0,0.0,0.0]","[0.0,0.0,0.0,0.0]","[0.0,0.0,0.0,0.0]",0.0,0.0,0.0
DSR_Simple_training,think,video,14,OTHER,"[0.875,2.4375,2.4375,0.875]","[-0.9998720163819032,0.9998720163819032,0.9998720163819032,-0.9998720163819032]","[-0.09765625,0.09765625,0.09765625,-0.09765625]","[-0.09765625,0.09765625,0.09765625,-0.09765625]",3.9994880655276126,0.390625,0.390625
DSR_Simple_training,think,living,5,MIXED_HIGH,"[9.125,9.125,9.125,9.125]","[0.0,0.0,0.0,0.0]","[0.140625,0.140625,0.140625,0.140625]","[0.0,0.0,0.0,0.0]",0.0,0.5625,0.0
DSR_Simple_training,think,prod,2,EXACT_SATURATED,"[8.0,8.0,8.0,8.0]","[0.0,0.0,0.0,0.0]","[0.0,0.0,0.0,0.0]","[0.0,0.0,0.0,0.0]",0.0,0.0,0.0
DSR_Simple_training,think,ad,3,AB_SIGNAL,"[2.0,2.0,2.0,2.0]","[0.0,0.0,0.0,0.0]","[0.0,0.0,0.0,0.0]","[0.0,0.0,0.0,0.0]",0.0,0.0,0.0
DSR_Simple_training,think,ad,2,A_ONLY,"[0.0,0.5,0.5,0.0]","[-0.9996001599360256,0.9996001599360256,0.9996001599360256,-0.9996001599360256]","[-0.03125,0.03125,0.03125,-0.03125]","[-0.03125,0.03125,0.03125,-0.03125]",3.9984006397441023,0.125,0.125
DSR_Simple_training,think,prod,2,A_ONLY,"[0.0,0.0,0.0,0.5]","[-0.577083725634154,-0.577083725634154,-0.577083725634154,1.7312511769024619]","[-0.015625,-0.015625,-0.015625,0.046875]","[-0.015625,-0.015625,-0.015625,0.046875]",3.4625023538049238,0.09375,0.09375
DSR_Simple_training,think,video,12,MIXED_HIGH,"[9.0,3.0,3.0,9.0]","[0.9999666677777407,-0.9999666677777407,-0.9999666677777407,0.9999666677777407]","[0.375,-0.375,-0.375,0.375]","[0.375,-0.375,-0.375,0.375]",3.9998666711109627,1.5,1.5
DSR_Simple_training,think,prod,2,A_ONLY,"[0.0,0.5,0.0,0.0]","[-0.577083725634154,1.7312511769024619,-0.577083725634154,-0.577083725634154]","[-0.015625,0.046875,-0.015625,-0.015625]","[-0.015625,0.046875,-0.015625,-0.015625]",3.462502353804924,0.09375,0.09375
DSR_Simple_training,think,ad,2,OTHER,"[0.75,0.75,0.75,0.75]","[0.0,0.0,0.0,0.0]","[0.0,0.0,0.0,0.0]","[0.0,0.0,0.0,0.0]",0.0,0.0,0.0
DSR_Simple_training,think,ad,3,A_ONLY,"[0.0,0.5,0.5,0.5]","[-1.7312511769024619,0.577083725634154,0.577083725634154,0.577083725634154]","[-0.046875,0.015625,0.015625,0.015625]","[-0.046875,0.015625,0.015625,0.015625]",3.462502353804924,0.09375,0.09375
DSR_Simple_training,think,video,15,MIXED_HIGH,"[8.375,8.375,8.25,8.375]","[0.5762855695777033,0.5762855695777033,-1.7288567087331097,0.5762855695777033]","[0.046875,0.046875,0.03125,0.046875]","[0.00390625,0.00390625,0.0,0.00390625]",3.4577134174662194,0.171875,0.01171875
DSR_Simple_training,think,prod,2,EXACT_SATURATED,"[8.0,8.0,8.0,8.0]","[0.0,0.0,0.0,0.0]","[0.0,0.0,0.0,0.0]","[0.0,0.0,0.0,0.0]",0.0,0.0,0.0
DSR_Simple_training,think,ad,2,A_ONLY,"[0.5,0.5,0.5,0.5]","[0.0,0.0,0.0,0.0]","[0.0,0.0,0.0,0.0]","[0.0,0.0,0.0,0.0]",0.0,0.0,0.0
DSR_Simple_training,think,prod,2,EXACT_SATURATED,"[8.0,8.0,8.0,8.0]","[0.0,0.0,0.0,0.0]","[0.0,0.0,0.0,0.0]","[0.0,0.0,0.0,0.0]",0.0,0.0,0.0
DSR_Simple_training,think,ad,3,EXACT_SATURATED,"[8.0,8.0,8.0,8.0]","[0.0,0.0,0.0,0.0]","[0.0,0.0,0.0,0.0]","[0.0,0.0,0.0,0.0]",0.0,0.0,0.0
DSR_Simple_training,think,ad,2,A_ONLY,"[0.5,0.0,0.5,0.5]","[0.577083725634154,-1.7312511769024619,0.577083725634154,0.577083725634154]","[0.015625,-0.046875,0.015625,0.015625]","[0.015625,-0.046875,0.015625,0.015625]",3.462502353804924,0.09375,0.09375
DSR_Simple_training,think,prod,2,SINGLE_EXACT,"[0.0,0.0,8.0,0.0]","[-0.5773336030040704,-0.5773336030040704,1.7320008090122112,-0.5773336030040704]","[-0.25,-0.25,0.75,-0.25]","[-0.25,-0.25,0.75,-0.25]",3.464001618024423,1.5,1.5
DSR_Simple_training,think,living,2,A_ONLY,"[0.5,0.5,0.5,0.5]","[0.0,0.0,0.0,0.0]","[0.0,0.0,0.0,0.0]","[0.0,0.0,0.0,0.0]",0.0,0.0,0.0
DSR_Simple_training,think,video,13,MIXED_HIGH,"[8.0,9.0,8.25,8.25]","[-0.9997334044254865,1.6662223407091443,-0.33324446814182884,-0.33324446814182884]","[0.0,0.125,0.03125,0.03125]","[0.0,0.078125,0.0,0.0]",3.3324446814182886,0.1875,0.078125
DSR_Simple_training,think,prod,2,ALL_ZERO,"[0.0,0.0,0.0,0.0]","[0.0,0.0,0.0,0.0]","[0.0,0.0,0.0,0.0]","[0.0,0.0,0.0,0.0]",0.0,0.0,0.0
DSR_Simple_training,think,video,17,MIXED_HIGH,"[15.951416015625,15.951416015625,15.951416015625,15.9515380859375]","[-0.19964659328421192,-0.19964659328421192,-0.19964659328421192,0.5989397798526357]","[0.993927001953125,0.993927001953125,0.993927001953125,0.9939422607421875]","[0.0,0.0,0.0,1.1444091796875e-05]",1.1978795597052714,3.9757232666015625,1.1444091796875e-05
DSR_Simple_training,think,video,20,MIXED_HIGH,"[8.4375,8.4375,8.4375,8.4375]","[0.0,0.0,0.0,0.0]","[0.0546875,0.0546875,0.0546875,0.0546875]","[0.0,0.0,0.0,0.0]",0.0,0.21875,0.0
DSR_Simple_training,think,prod,3,ALL_ZERO,"[0.0,0.0,0.0,0.0]","[0.0,0.0,0.0,0.0]","[0.0,0.0,0.0,0.0]","[0.0,0.0,0.0,0.0]",0.0,0.0,0.0
DSR_Simple_training,think,video,12,MIXED_HIGH,"[8.25,9.0,8.25,8.25]","[-0.577172546136356,1.7315176384090682,-0.577172546136356,-0.577172546136356]","[0.03125,0.125,0.03125,0.03125]","[0.0,0.0703125,0.0,0.0]",3.4630352768181365,0.21875,0.0703125
DSR_Simple_training,think,prod,2,ALL_ZERO,"[0.0,0.0,0.0,0.0]","[0.0,0.0,0.0,0.0]","[0.0,0.0,0.0,0.0]","[0.0,0.0,0.0,0.0]",0.0,0.0,0.0
DSR_Simple_training,think,prod,2,ALL_ZERO,"[0.0,0.0,0.0,0.0]","[0.0,0.0,0.0,0.0]","[0.0,0.0,0.0,0.0]","[0.0,0.0,0.0,0.0]",0.0,0.0,0.0
DSR_Simple_training,think,living,2,AB_SIGNAL,"[3.0,2.0,2.0,2.25]","[1.6770750711775395,-0.7623068505352452,-0.7623068505352452,-0.15246137010704905]","[0.0859375,-0.0390625,-0.0390625,-0.0078125]","[0.0859375,-0.0390625,-0.0390625,-0.0078125]",3.354150142355079,0.171875,0.171875
DSR_Simple_training,think,video,14,MIXED_HIGH,"[12.5,12.0,12.0,12.5]","[0.9996001599360256,-0.9996001599360256,-0.9996001599360256,0.9996001599360256]","[0.5625,0.5,0.5,0.5625]","[0.03125,0.0,0.0,0.03125]",3.9984006397441023,2.125,0.0625
DSR_Simple_training,think,ad,2,ALL_ZERO,"[0.0,0.0,0.0,0.0]","[0.0,0.0,0.0,0.0]","[0.0,0.0,0.0,0.0]","[0.0,0.0,0.0,0.0]",0.0,0.0,0.0
DSR_Simple_training,think,prod,2,MULTI_EXACT,"[8.0,12.0,8.0,8.0]","[-0.5773169377806823,1.7319508133420467,-0.5773169377806823,-0.5773169377806823]","[0.0,0.5,0.0,0.0]","[0.0,0.375,0.0,0.0]",3.4639016266840934,0.5,0.375
DSR_Simple_training,think,video,14,OTHER,"[3.125,3.125,3.125,3.125]","[0.0,0.0,0.0,0.0]","[0.0,0.0,0.0,0.0]","[0.0,0.0,0.0,0.0]",0.0,0.0,0.0
DSR_Simple_training,think,video,12,A_ONLY,"[0.5,0.5,0.5,0.5]","[0.0,0.0,0.0,0.0]","[0.0,0.0,0.0,0.0]","[0.0,0.0,0.0,0.0]",0.0,0.0,0.0
DSR_Simple_training,think,video,20,OTHER,"[2.375,2.375,2.375,0.875]","[0.5772613939839699,0.5772613939839699,0.5772613939839699,-1.7317841819519098]","[0.046875,0.046875,0.046875,-0.140625]","[0.046875,0.046875,0.046875,-0.140625]",3.4635683639038195,0.28125,0.28125
DSR_Simple_training,think,living,2,AB_SIGNAL,"[2.0,2.0,2.0,2.0]","[0.0,0.0,0.0,0.0]","[0.0,0.0,0.0,0.0]","[0.0,0.0,0.0,0.0]",0.0,0.0,0.0
DSR_Simple_training,think,video,19,MIXED_HIGH,"[12.875,12.875,12.875,12.875]","[0.0,0.0,0.0,0.0]","[0.609375,0.609375,0.609375,0.609375]","[0.0,0.0,0.0,0.0]",0.0,2.4375,0.0
DSR_Simple_training,think,video,19,OTHER,"[3.0,3.125,3.125,3.125]","[-1.7288567087331097,0.5762855695777033,0.5762855695777033,0.5762855695777033]","[-0.01171875,0.00390625,0.00390625,0.00390625]","[-0.01171875,0.00390625,0.00390625,0.00390625]",3.4577134174662194,0.0234375,0.0234375
DSR_Simple_training,think,prod,3,EXACT_SATURATED,"[8.0,8.0,8.0,8.0]","[0.0,0.0,0.0,0.0]","[0.0,0.0,0.0,0.0]","[0.0,0.0,0.0,0.0]",0.0,0.0,0.0
DSR_Simple_training,think,video,11,A_ONLY,"[0.75,0.5,0.75,0.75]","[0.5768174280738311,-1.730452284221493,0.5768174280738311,0.5768174280738311]","[0.0078125,-0.0234375,0.0078125,0.0078125]","[0.0078125,-0.0234375,0.0078125,0.0078125]",3.4609045684429867,0.046875,0.046875
DSR_Simple_training,think,ad,2,MIXED_HIGH,"[8.25,8.25,8.25,8.25]","[0.0,0.0,0.0,0.0]","[0.03125,0.03125,0.03125,0.03125]","[0.0,0.0,0.0,0.0]",0.0,0.125,0.0
DSR_Simple_training,think,prod,2,ALL_ZERO,"[0.0,0.0,0.0,0.0]","[0.0,0.0,0.0,0.0]","[0.0,0.0,0.0,0.0]","[0.0,0.0,0.0,0.0]",0.0,0.0,0.0
DSR_Simple_training,think,ad,3,OTHER,"[2.25,2.25,2.25,2.25]","[0.0,0.0,0.0,0.0]","[0.0,0.0,0.0,0.0]","[0.0,0.0,0.0,0.0]",0.0,0.0,0.0
DSR_Simple_training,think,ad,2,A_ONLY,"[0.5,0.5,0.5,0.5]","[0.0,0.0,0.0,0.0]","[0.0,0.0,0.0,0.0]","[0.0,0.0,0.0,0.0]",0.0,0.0,0.0
