model,task_id,rollout_id,step,group_id,candidate_id,domain,invalid_outputs,invalid_provenance,rollout_invalid_outputs,stage,group_position,gold_count,unique_gold_A,completion_length,raw_n,grounded_n,coverage,s_cot,s_explore,dsr_branch,primary_reward,closed,raw_invalid_text
dsr,dsr:1:0:0,1,0,0d3b5e5ef4df6c333ca9f556c22b3e9e9f43c4995baed7a833977eedfb537a84,0,living,,unavailable:not_persisted_per_task,0,0-50,0,2,1,,4,4,1.0,1.0,0.2658708359746942,,,,
dsr,dsr:1:0:1,1,0,0d3b5e5ef4df6c333ca9f556c22b3e9e9f43c4995baed7a833977eedfb537a84,1,living,,unavailable:not_persisted_per_task,0,0-50,0,2,1,,4,4,1.0,0.9791666666666667,0.25165987773835097,,,,
dsr,dsr:1:0:2,1,0,0d3b5e5ef4df6c333ca9f556c22b3e9e9f43c4995baed7a833977eedfb537a84,2,living,,unavailable:not_persisted_per_task,0,0-50,0,2,1,,,,,,,,,,
dsr,dsr:1:0:3,1,0,0d3b5e5ef4df6c333ca9f556c22b3e9e9f43c4995baed7a833977eedfb537a84,3,living,,unavailable:not_persisted_per_task,0,0-50,0,2,1,,,,,,,,,,
dsr,dsr:1:1:0,1,0,5312b41c5a6b8ac1fdbe5a0211cbfaf002533367a177c86d9595bbab0ca19090,0,prod,,unavailable:not_persisted_per_task,0,0-50,1,2,1,,,,,,,,,,
dsr,dsr:1:1:1,1,0,5312b41c5a6b8ac1fdbe5a0211cbfaf002533367a177c86d9595bbab0ca19090,1,prod,,unavailable:not_persisted_per_task,0,0-50,1,2,1,,,,,,,,,,
dsr,dsr:1:1:2,1,0,5312b41c5a6b8ac1fdbe5a0211cbfaf002533367a177c86d9595bbab0ca19090,2,prod,,unavailable:not_persisted_per_task,0,0-50,1,2,1,,,,,,,,,,
dsr,dsr:1:1:3,1,0,5312b41c5a6b8ac1fdbe5a0211cbfaf002533367a177c86d9595bbab0ca19090,3,prod,,unavailable:not_persisted_per_task,0,0-50,1,2,1,,,,,,,,,,
dsr,dsr:1:2:0,1,0,5ea4740a4656ed1e8e8f7981641afed8ced421efcf5672a4502270b8ac043631,0,ad,,unavailable:not_persisted_per_task,0,0-50,2,2,2,,,,,,,,,,
dsr,dsr:1:2:1,1,0,5ea4740a4656ed1e8e8f7981641afed8ced421efcf5672a4502270b8ac043631,1,ad,,unavailable:not_persisted_per_task,0,0-50,2,2,2,,,,,,,,,,
dsr,dsr:1:2:2,1,0,5ea4740a4656ed1e8e8f7981641afed8ced421efcf5672a4502270b8ac043631,2,ad,,unavailable:not_persisted_per_task,0,0-50,2,2,2,,,,,,,,,,
dsr,dsr:1:2:3,1,0,5ea4740a4656ed1e8e8f7981641afed8ced421efcf5672a4502270b8ac043631,3,ad,,unavailable:not_persisted_per_task,0,0-50,2,2,2,,,,,,,,,,
dsr,dsr:1:3:0,1,0,dea6a49f8f2209c89897a1dfd297db748f89f0011487d3f0039c5e74adfbb201,0,ad,,unavailable:not_persisted_per_task,0,0-50,3,2,2,,,,,,,,,,
dsr,dsr:1:3:1,1,0,dea6a49f8f2209c89897a1dfd297db748f89f0011487d3f0039c5e74adfbb201,1,ad,,unavailable:not_persisted_per_task,0,0-50,3,2,2,,,,,,,,,,
dsr,dsr:1:3:2,1,0,dea6a49f8f2209c89897a1dfd297db748f89f0011487d3f0039c5e74adfbb201,2,ad,,unavailable:not_persisted_per_task,0,0-50,3,2,2,,,,,,,,,,
dsr,dsr:1:3:3,1,0,dea6a49f8f2209c89897a1dfd297db748f89f0011487d3f0039c5e74adfbb201,3,ad,,unavailable:not_persisted_per_task,0,0-50,3,2,2,,,,,,,,,,
dsr,dsr:2:0:0,2,2,775d2c1d73b635f501a0f4bc9da6024002fecb009894b9d6fbdb1cb3fbd0ba72,0,ad,,unavailable:not_persisted_per_task,0,0-50,0,2,2,,4,3,0.75,1.0,0.3333287363260018,,,,
dsr,dsr:2:0:1,2,2,775d2c1d73b635f501a0f4bc9da6024002fecb009894b9d6fbdb1cb3fbd0ba72,1,ad,,unavailable:not_persisted_per_task,0,0-50,0,2,2,,3,1,0.3333333333333333,0.0,0.0,,,,
dsr,dsr:2:0:2,2,2,775d2c1d73b635f501a0f4bc9da6024002fecb009894b9d6fbdb1cb3fbd0ba72,2,ad,,unavailable:not_persisted_per_task,0,0-50,0,2,2,,,,,,,,,,
dsr,dsr:2:0:3,2,2,775d2c1d73b635f501a0f4bc9da6024002fecb009894b9d6fbdb1cb3fbd0ba72,3,ad,,unavailable:not_persisted_per_task,0,0-50,0,2,2,,,,,,,,,,
dsr,dsr:2:1:0,2,2,f2a93244b0b82a2194e1cd15375c3293287c9e6553ecd5f38e7f390b0062e7a8,0,video,,unavailable:not_persisted_per_task,0,0-50,1,18,16,,,,,,,,,,
dsr,dsr:2:1:1,2,2,f2a93244b0b82a2194e1cd15375c3293287c9e6553ecd5f38e7f390b0062e7a8,1,video,,unavailable:not_persisted_per_task,0,0-50,1,18,16,,,,,,,,,,
dsr,dsr:2:1:2,2,2,f2a93244b0b82a2194e1cd15375c3293287c9e6553ecd5f38e7f390b0062e7a8,2,video,,unavailable:not_persisted_per_task,0,0-50,1,18,16,,,,,,,,,,
dsr,dsr:2:1:3,2,2,f2a93244b0b82a2194e1cd15375c3293287c9e6553ecd5f38e7f390b0062e7a8,3,video,,unavailable:not_persisted_per_task,0,0-50,1,18,16,,,,,,,,,,
dsr,dsr:2:2:0,2,2,483d40bd8e6a7be759779bba6c1a58dca78f41a0a8d8cb365e1dd0eff5566142,0,ad,,unavailable:not_persisted_per_task,0,0-50,2,2,2,,,,,,,,,,
dsr,dsr:2:2:1,2,2,483d40bd8e6a7be759779bba6c1a58dca78f41a0a8d8cb365e1dd0eff5566142,1,ad,,unavailable:not_persisted_per_task,0,0-50,2,2,2,,,,,,,,,,
dsr,dsr:2:2:2,2,2,483d40bd8e6a7be759779bba6c1a58dca78f41a0a8d8cb365e1dd0eff5566142,2,ad,,unavailable:not_persisted_per_task,0,0-50,2,2,2,,,,,,,,,,
dsr,dsr:2:2:3,2,2,483d40bd8e6a7be759779bba6c1a58dca78f41a0a8d8cb365e1dd0eff5566142,3,ad,,unavailable:not_persisted_per_task,0,0-50,2,2,2,,,,,,,,,,
dsr,dsr:2:3:0,2,2,9886d50833d0057054a165cad6e78eaaa0438b716e4a53f2a1b84ee40a63e284,0,living,,unavailable:not_persisted_per_task,0,0-50,3,2,2,,,,,,,,,,
dsr,dsr:2:3:1,2,2,9886d50833d0057054a165cad6e78eaaa0438b716e4a53f2a1b84ee40a63e284,1,living,,unavailable:not_persisted_per_task,0,0-50,3,2,2,,,,,,,,,,
dsr,dsr:2:3:2,2,2,9886d50833d0057054a165cad6e78eaaa0438b716e4a53f2a1b84ee40a63e284,2,living,,unavailable:not_persisted_per_task,0,0-50,3,2,2,,,,,,,,,,
dsr,dsr:2:3:3,2,2,9886d50833d0057054a165cad6e78eaaa0438b716e4a53f2a1b84ee40a63e284,3,living,,unavailable:not_persisted_per_task,0,0-50,3,2,2,,,,,,,,,,
dsr,dsr:7:0:0,7,12,f1bd212b32ec1e0144a7f62712c6f16c08df99284c0dee310314e0d548bd432c,0,prod,,unavailable:not_persisted_per_task,1,0-50,0,3,2,,4,4,1.0,0.9861111111111112,0.0,,,,
dsr,dsr:7:0:1,7,12,f1bd212b32ec1e0144a7f62712c6f16c08df99284c0dee310314e0d548bd432c,1,prod,,unavailable:not_persisted_per_task,1,0-50,0,3,2,,0,0,,0.0,0.15487949406953985,,,,
dsr,dsr:7:0:2,7,12,f1bd212b32ec1e0144a7f62712c6f16c08df99284c0dee310314e0d548bd432c,2,prod,,unavailable:not_persisted_per_task,1,0-50,0,3,2,,,,,,,,,,
dsr,dsr:7:0:3,7,12,f1bd212b32ec1e0144a7f62712c6f16c08df99284c0dee310314e0d548bd432c,3,prod,,unavailable:not_persisted_per_task,1,0-50,0,3,2,,,,,,,,,,
dsr,dsr:7:1:0,7,12,b8eb62be9fc57a8c9a163c248120894d01491270f47ada7c41e25af7f9374d7c,0,video,,unavailable:not_persisted_per_task,1,0-50,1,15,11,,,,,,,,,,
dsr,dsr:7:1:1,7,12,b8eb62be9fc57a8c9a163c248120894d01491270f47ada7c41e25af7f9374d7c,1,video,,unavailable:not_persisted_per_task,1,0-50,1,15,11,,,,,,,,,,
dsr,dsr:7:1:2,7,12,b8eb62be9fc57a8c9a163c248120894d01491270f47ada7c41e25af7f9374d7c,2,video,,unavailable:not_persisted_per_task,1,0-50,1,15,11,,,,,,,,,,
dsr,dsr:7:1:3,7,12,b8eb62be9fc57a8c9a163c248120894d01491270f47ada7c41e25af7f9374d7c,3,video,,unavailable:not_persisted_per_task,1,0-50,1,15,11,,,,,,,,,,
dsr,dsr:7:2:0,7,12,2f8b9238c59badc96cd439911c7c42afd62e8cefa539853df2d36a549228d2b3,0,living,,unavailable:not_persisted_per_task,1,0-50,2,2,2,,,,,,,,,,
dsr,dsr:7:2:1,7,12,2f8b9238c59badc96cd439911c7c42afd62e8cefa539853df2d36a549228d2b3,1,living,,unavailable:not_persisted_per_task,1,0-50,2,2,2,,,,,,,,,,
dsr,dsr:7:2:2,7,12,2f8b9238c59badc96cd439911c7c42afd62e8cefa539853df2d36a549228d2b3,2,living,,unavailable:not_persisted_per_task,1,0-50,2,2,2,,,,,,,,,,
dsr,dsr:7:2:3,7,12,2f8b9238c59badc96cd439911c7c42afd62e8cefa539853df2d36a549228d2b3,3,living,,unavailable:not_persisted_per_task,1,0-50,2,2,2,,,,,,,,,,
dsr,dsr:7:3:0,7,12,2dc02a7c59eb8279b7caa10022e6a9ee7c30c8d851b632515315806e1655bd75,0,prod,,unavailable:not_persisted_per_task,1,0-50,3,2,1,,,,,,,,,,
dsr,dsr:7:3:1,7,12,2dc02a7c59eb8279b7caa10022e6a9ee7c30c8d851b632515315806e1655bd75,1,prod,,unavailable:not_persisted_per_task,1,0-50,3,2,1,,,,,,,,,,
dsr,dsr:7:3:2,7,12,2dc02a7c59eb8279b7caa10022e6a9ee7c30c8d851b632515315806e1655bd75,2,prod,,unavailable:not_persisted_per_task,1,0-50,3,2,1,,,,,,,,,,
dsr,dsr:7:3:3,7,12,2dc02a7c59eb8279b7caa10022e6a9ee7c30c8d851b632515315806e1655bd75,3,prod,,unavailable:not_persisted_per_task,1,0-50,3,2,1,,,,,,,,,,
dsr,dsr:8:0:0,8,14,7b91df630c0a3b6d7232ae4564551cf7bc9db819af9738de06dcde9656fd2e2f,0,ad,,unavailable:not_persisted_per_task,0,0-50,0,2,2,,0,0,,0.0,0.35857028560992416,,,,
dsr,dsr:8:0:1,8,14,7b91df630c0a3b6d7232ae4564551cf7bc9db819af9738de06dcde9656fd2e2f,1,ad,,unavailable:not_persisted_per_task,0,0-50,0,2,2,,3,2,0.6666666666666666,1.0,0.36324705637928434,,,,
dsr,dsr:8:0:2,8,14,7b91df630c0a3b6d7232ae4564551cf7bc9db819af9738de06dcde9656fd2e2f,2,ad,,unavailable:not_persisted_per_task,0,0-50,0,2,2,,,,,,,,,,
dsr,dsr:8:0:3,8,14,7b91df630c0a3b6d7232ae4564551cf7bc9db819af9738de06dcde9656fd2e2f,3,ad,,unavailable:not_persisted_per_task,0,0-50,0,2,2,,,,,,,,,,
dsr,dsr:8:1:0,8,14,d93a68d31aa1ea6d12bc82e135e44340e9a1aaefd4cee134444746ecc9aee9ad,0,prod,,unavailable:not_persisted_per_task,0,0-50,1,2,1,,,,,,,,,,
dsr,dsr:8:1:1,8,14,d93a68d31aa1ea6d12bc82e135e44340e9a1aaefd4cee134444746ecc9aee9ad,1,prod,,unavailable:not_persisted_per_task,0,0-50,1,2,1,,,,,,,,,,
dsr,dsr:8:1:2,8,14,d93a68d31aa1ea6d12bc82e135e44340e9a1aaefd4cee134444746ecc9aee9ad,2,prod,,unavailable:not_persisted_per_task,0,0-50,1,2,1,,,,,,,,,,
dsr,dsr:8:1:3,8,14,d93a68d31aa1ea6d12bc82e135e44340e9a1aaefd4cee134444746ecc9aee9ad,3,prod,,unavailable:not_persisted_per_task,0,0-50,1,2,1,,,,,,,,,,
dsr,dsr:8:2:0,8,14,3baf4e2bd66a078acfd02069635a7b0d09b8563a43d6f45285a80a90fd89f65d,0,prod,,unavailable:not_persisted_per_task,0,0-50,2,2,2,,,,,,,,,,
dsr,dsr:8:2:1,8,14,3baf4e2bd66a078acfd02069635a7b0d09b8563a43d6f45285a80a90fd89f65d,1,prod,,unavailable:not_persisted_per_task,0,0-50,2,2,2,,,,,,,,,,
dsr,dsr:8:2:2,8,14,3baf4e2bd66a078acfd02069635a7b0d09b8563a43d6f45285a80a90fd89f65d,2,prod,,unavailable:not_persisted_per_task,0,0-50,2,2,2,,,,,,,,,,
dsr,dsr:8:2:3,8,14,3baf4e2bd66a078acfd02069635a7b0d09b8563a43d6f45285a80a90fd89f65d,3,prod,,unavailable:not_persisted_per_task,0,0-50,2,2,2,,,,,,,,,,
dsr,dsr:8:3:0,8,14,91222818a1da2fe8a47421933d22debe4b2f1f314245e2250401666386d5c8f2,0,video,,unavailable:not_persisted_per_task,0,0-50,3,20,16,,,,,,,,,,
dsr,dsr:8:3:1,8,14,91222818a1da2fe8a47421933d22debe4b2f1f314245e2250401666386d5c8f2,1,video,,unavailable:not_persisted_per_task,0,0-50,3,20,16,,,,,,,,,,
dsr,dsr:8:3:2,8,14,91222818a1da2fe8a47421933d22debe4b2f1f314245e2250401666386d5c8f2,2,video,,unavailable:not_persisted_per_task,0,0-50,3,20,16,,,,,,,,,,
dsr,dsr:8:3:3,8,14,91222818a1da2fe8a47421933d22debe4b2f1f314245e2250401666386d5c8f2,3,video,,unavailable:not_persisted_per_task,0,0-50,3,20,16,,,,,,,,,,
dsr,dsr:13:0:0,13,24,f21147ce011ded372ed23ff948c8c9febbcf04908ad9980bf7326a7a79b4d75a,0,ad,,unavailable:not_persisted_per_task,1,0-50,0,2,2,,3,3,1.0,1.0,0.3849413840710931,,,,
dsr,dsr:13:0:1,13,24,f21147ce011ded372ed23ff948c8c9febbcf04908ad9980bf7326a7a79b4d75a,1,ad,,unavailable:not_persisted_per_task,1,0-50,0,2,2,,3,2,0.6666666666666666,1.0,0.41299865898701305,,,,
dsr,dsr:13:0:2,13,24,f21147ce011ded372ed23ff948c8c9febbcf04908ad9980bf7326a7a79b4d75a,2,ad,,unavailable:not_persisted_per_task,1,0-50,0,2,2,,,,,,,,,,
dsr,dsr:13:0:3,13,24,f21147ce011ded372ed23ff948c8c9febbcf04908ad9980bf7326a7a79b4d75a,3,ad,,unavailable:not_persisted_per_task,1,0-50,0,2,2,,,,,,,,,,
dsr,dsr:13:1:0,13,24,df56d595895f9d5702ca94a412652e644a2bb90b0068a8231c515b134347ea92,0,video,,unavailable:not_persisted_per_task,1,0-50,1,20,19,,,,,,,,,,
dsr,dsr:13:1:1,13,24,df56d595895f9d5702ca94a412652e644a2bb90b0068a8231c515b134347ea92,1,video,,unavailable:not_persisted_per_task,1,0-50,1,20,19,,,,,,,,,,
dsr,dsr:13:1:2,13,24,df56d595895f9d5702ca94a412652e644a2bb90b0068a8231c515b134347ea92,2,video,,unavailable:not_persisted_per_task,1,0-50,1,20,19,,,,,,,,,,
dsr,dsr:13:1:3,13,24,df56d595895f9d5702ca94a412652e644a2bb90b0068a8231c515b134347ea92,3,video,,unavailable:not_persisted_per_task,1,0-50,1,20,19,,,,,,,,,,
dsr,dsr:13:2:0,13,24,436ed21d23aa661c1944735d274c6a54512342a0b7167d270d3fba814174646a,0,video,,unavailable:not_persisted_per_task,1,0-50,2,20,15,,,,,,,,,,
dsr,dsr:13:2:1,13,24,436ed21d23aa661c1944735d274c6a54512342a0b7167d270d3fba814174646a,1,video,,unavailable:not_persisted_per_task,1,0-50,2,20,15,,,,,,,,,,
dsr,dsr:13:2:2,13,24,436ed21d23aa661c1944735d274c6a54512342a0b7167d270d3fba814174646a,2,video,,unavailable:not_persisted_per_task,1,0-50,2,20,15,,,,,,,,,,
dsr,dsr:13:2:3,13,24,436ed21d23aa661c1944735d274c6a54512342a0b7167d270d3fba814174646a,3,video,,unavailable:not_persisted_per_task,1,0-50,2,20,15,,,,,,,,,,
dsr,dsr:13:3:0,13,24,8c038e56a8d3589fb089fc68fe8ce98c479413dc9adbfa347b8f65bd4ce0f042,0,living,,unavailable:not_persisted_per_task,1,0-50,3,2,2,,,,,,,,,,
dsr,dsr:13:3:1,13,24,8c038e56a8d3589fb089fc68fe8ce98c479413dc9adbfa347b8f65bd4ce0f042,1,living,,unavailable:not_persisted_per_task,1,0-50,3,2,2,,,,,,,,,,
dsr,dsr:13:3:2,13,24,8c038e56a8d3589fb089fc68fe8ce98c479413dc9adbfa347b8f65bd4ce0f042,2,living,,unavailable:not_persisted_per_task,1,0-50,3,2,2,,,,,,,,,,
dsr,dsr:13:3:3,13,24,8c038e56a8d3589fb089fc68fe8ce98c479413dc9adbfa347b8f65bd4ce0f042,3,living,,unavailable:not_persisted_per_task,1,0-50,3,2,2,,,,,,,,,,
dsr,dsr:14:0:0,14,26,768f6c067ee824c6e2daa1bf3effcd87467620dd605dd26904dba5d201bb29ff,0,video,,unavailable:not_persisted_per_task,0,0-50,0,16,11,,3,3,1.0,1.0,0.4220795031546438,,,,
dsr,dsr:14:0:1,14,26,768f6c067ee824c6e2daa1bf3effcd87467620dd605dd26904dba5d201bb29ff,1,video,,unavailable:not_persisted_per_task,0,0-50,0,16,11,,4,4,1.0,1.0,0.43719860379829784,,,,
dsr,dsr:14:0:2,14,26,768f6c067ee824c6e2daa1bf3effcd87467620dd605dd26904dba5d201bb29ff,2,video,,unavailable:not_persisted_per_task,0,0-50,0,16,11,,,,,,,,,,
dsr,dsr:14:0:3,14,26,768f6c067ee824c6e2daa1bf3effcd87467620dd605dd26904dba5d201bb29ff,3,video,,unavailable:not_persisted_per_task,0,0-50,0,16,11,,,,,,,,,,
dsr,dsr:14:1:0,14,26,1f241d4a7631596056603f82d36bd1eb40232de9633cb36529f575a70b06c67d,0,ad,,unavailable:not_persisted_per_task,0,0-50,1,2,2,,,,,,,,,,
dsr,dsr:14:1:1,14,26,1f241d4a7631596056603f82d36bd1eb40232de9633cb36529f575a70b06c67d,1,ad,,unavailable:not_persisted_per_task,0,0-50,1,2,2,,,,,,,,,,
dsr,dsr:14:1:2,14,26,1f241d4a7631596056603f82d36bd1eb40232de9633cb36529f575a70b06c67d,2,ad,,unavailable:not_persisted_per_task,0,0-50,1,2,2,,,,,,,,,,
dsr,dsr:14:1:3,14,26,1f241d4a7631596056603f82d36bd1eb40232de9633cb36529f575a70b06c67d,3,ad,,unavailable:not_persisted_per_task,0,0-50,1,2,2,,,,,,,,,,
dsr,dsr:14:2:0,14,26,c1f50ad9c92dd5172e5ef8df6a294700caae29058fc66ff438dcddb87b14d178,0,living,,unavailable:not_persisted_per_task,0,0-50,2,2,2,,,,,,,,,,
dsr,dsr:14:2:1,14,26,c1f50ad9c92dd5172e5ef8df6a294700caae29058fc66ff438dcddb87b14d178,1,living,,unavailable:not_persisted_per_task,0,0-50,2,2,2,,,,,,,,,,
dsr,dsr:14:2:2,14,26,c1f50ad9c92dd5172e5ef8df6a294700caae29058fc66ff438dcddb87b14d178,2,living,,unavailable:not_persisted_per_task,0,0-50,2,2,2,,,,,,,,,,
dsr,dsr:14:2:3,14,26,c1f50ad9c92dd5172e5ef8df6a294700caae29058fc66ff438dcddb87b14d178,3,living,,unavailable:not_persisted_per_task,0,0-50,2,2,2,,,,,,,,,,
dsr,dsr:14:3:0,14,26,32f1216d748636d8d03dfb2f7a1bdbba4b2c7175e9a61255cb60f4447d0719e9,0,living,,unavailable:not_persisted_per_task,0,0-50,3,2,2,,,,,,,,,,
dsr,dsr:14:3:1,14,26,32f1216d748636d8d03dfb2f7a1bdbba4b2c7175e9a61255cb60f4447d0719e9,1,living,,unavailable:not_persisted_per_task,0,0-50,3,2,2,,,,,,,,,,
dsr,dsr:14:3:2,14,26,32f1216d748636d8d03dfb2f7a1bdbba4b2c7175e9a61255cb60f4447d0719e9,2,living,,unavailable:not_persisted_per_task,0,0-50,3,2,2,,,,,,,,,,
dsr,dsr:14:3:3,14,26,32f1216d748636d8d03dfb2f7a1bdbba4b2c7175e9a61255cb60f4447d0719e9,3,living,,unavailable:not_persisted_per_task,0,0-50,3,2,2,,,,,,,,,,
dsr,dsr:19:0:0,19,36,d05fa0bdabcdbfdf757af0e76860078cfe741d3f8aaf30d12263d4238eaec977,0,living,,unavailable:not_persisted_per_task,35,0-50,0,2,1,,4,2,0.5,1.0,0.46449467981263004,,,,
dsr,dsr:19:0:1,19,36,d05fa0bdabcdbfdf757af0e76860078cfe741d3f8aaf30d12263d4238eaec977,1,living,,unavailable:not_persisted_per_task,35,0-50,0,2,1,,4,1,0.25,0.0,0.10943609377704333,,,,
dsr,dsr:19:0:2,19,36,d05fa0bdabcdbfdf757af0e76860078cfe741d3f8aaf30d12263d4238eaec977,2,living,,unavailable:not_persisted_per_task,35,0-50,0,2,1,,,,,,,,,,
dsr,dsr:19:0:3,19,36,d05fa0bdabcdbfdf757af0e76860078cfe741d3f8aaf30d12263d4238eaec977,3,living,,unavailable:not_persisted_per_task,35,0-50,0,2,1,,,,,,,,,,
dsr,dsr:19:1:0,19,36,9596e234be106d47cc72469c7d6f369c3eb61bb3d70b077b03a75145722af102,0,prod,,unavailable:not_persisted_per_task,35,0-50,1,2,2,,,,,,,,,,
dsr,dsr:19:1:1,19,36,9596e234be106d47cc72469c7d6f369c3eb61bb3d70b077b03a75145722af102,1,prod,,unavailable:not_persisted_per_task,35,0-50,1,2,2,,,,,,,,,,
dsr,dsr:19:1:2,19,36,9596e234be106d47cc72469c7d6f369c3eb61bb3d70b077b03a75145722af102,2,prod,,unavailable:not_persisted_per_task,35,0-50,1,2,2,,,,,,,,,,
dsr,dsr:19:1:3,19,36,9596e234be106d47cc72469c7d6f369c3eb61bb3d70b077b03a75145722af102,3,prod,,unavailable:not_persisted_per_task,35,0-50,1,2,2,,,,,,,,,,
dsr,dsr:19:2:0,19,36,9c74573db99c6e434ffde6208164113e4f3f7b126d86e2f1ce3c10405744c5ff,0,living,,unavailable:not_persisted_per_task,35,0-50,2,2,2,,,,,,,,,,
dsr,dsr:19:2:1,19,36,9c74573db99c6e434ffde6208164113e4f3f7b126d86e2f1ce3c10405744c5ff,1,living,,unavailable:not_persisted_per_task,35,0-50,2,2,2,,,,,,,,,,
dsr,dsr:19:2:2,19,36,9c74573db99c6e434ffde6208164113e4f3f7b126d86e2f1ce3c10405744c5ff,2,living,,unavailable:not_persisted_per_task,35,0-50,2,2,2,,,,,,,,,,
dsr,dsr:19:2:3,19,36,9c74573db99c6e434ffde6208164113e4f3f7b126d86e2f1ce3c10405744c5ff,3,living,,unavailable:not_persisted_per_task,35,0-50,2,2,2,,,,,,,,,,
dsr,dsr:19:3:0,19,36,d877f76968ff1321282fb8d165ba6c8faade6b0413ad1b8a2404d77060502f96,0,ad,,unavailable:not_persisted_per_task,35,0-50,3,2,2,,,,,,,,,,
dsr,dsr:19:3:1,19,36,d877f76968ff1321282fb8d165ba6c8faade6b0413ad1b8a2404d77060502f96,1,ad,,unavailable:not_persisted_per_task,35,0-50,3,2,2,,,,,,,,,,
dsr,dsr:19:3:2,19,36,d877f76968ff1321282fb8d165ba6c8faade6b0413ad1b8a2404d77060502f96,2,ad,,unavailable:not_persisted_per_task,35,0-50,3,2,2,,,,,,,,,,
dsr,dsr:19:3:3,19,36,d877f76968ff1321282fb8d165ba6c8faade6b0413ad1b8a2404d77060502f96,3,ad,,unavailable:not_persisted_per_task,35,0-50,3,2,2,,,,,,,,,,
dsr,dsr:20:0:0,20,38,8002d0daf096df8e5d36f940e1df8a0c7966ee594ea20a785077fb59d21ebaa4,0,video,0,observed_directly:trace_every20,0,0-50,0,20,20,788,4,4,1.0,0.9895833333333333,0.6478159141248351,primary_variance,0.75,True,
dsr,dsr:20:0:1,20,38,8002d0daf096df8e5d36f940e1df8a0c7966ee594ea20a785077fb59d21ebaa4,1,video,0,observed_directly:trace_every20,0,0-50,0,20,20,746,4,4,1.0,1.0,0.5839381148099392,primary_variance,0.875,True,
dsr,dsr:20:0:2,20,38,8002d0daf096df8e5d36f940e1df8a0c7966ee594ea20a785077fb59d21ebaa4,2,video,0,observed_directly:trace_every20,0,0-50,0,20,20,620,4,4,1.0,1.0,0.6706539379030216,primary_variance,0.9375,True,
dsr,dsr:20:0:3,20,38,8002d0daf096df8e5d36f940e1df8a0c7966ee594ea20a785077fb59d21ebaa4,3,video,0,observed_directly:trace_every20,0,0-50,0,20,20,902,4,4,1.0,1.0,0.5630404799960973,primary_variance,0.875,True,
dsr,dsr:20:1:0,20,38,250a3d362a435a78563c1803b3a970a78ef53e385d06da4399ae39f16462db87,0,prod,,unavailable:not_persisted_per_task,0,0-50,1,2,2,,,,,,,,,,
dsr,dsr:20:1:1,20,38,250a3d362a435a78563c1803b3a970a78ef53e385d06da4399ae39f16462db87,1,prod,,unavailable:not_persisted_per_task,0,0-50,1,2,2,,,,,,,,,,
dsr,dsr:20:1:2,20,38,250a3d362a435a78563c1803b3a970a78ef53e385d06da4399ae39f16462db87,2,prod,,unavailable:not_persisted_per_task,0,0-50,1,2,2,,,,,,,,,,
dsr,dsr:20:1:3,20,38,250a3d362a435a78563c1803b3a970a78ef53e385d06da4399ae39f16462db87,3,prod,,unavailable:not_persisted_per_task,0,0-50,1,2,2,,,,,,,,,,
dsr,dsr:20:2:0,20,38,5ec2693b07a4d5599519e12866edb4fff0b11acfda833b2d773eeeef0c77e0ee,0,prod,,unavailable:not_persisted_per_task,0,0-50,2,2,2,,,,,,,,,,
dsr,dsr:20:2:1,20,38,5ec2693b07a4d5599519e12866edb4fff0b11acfda833b2d773eeeef0c77e0ee,1,prod,,unavailable:not_persisted_per_task,0,0-50,2,2,2,,,,,,,,,,
dsr,dsr:20:2:2,20,38,5ec2693b07a4d5599519e12866edb4fff0b11acfda833b2d773eeeef0c77e0ee,2,prod,,unavailable:not_persisted_per_task,0,0-50,2,2,2,,,,,,,,,,
dsr,dsr:20:2:3,20,38,5ec2693b07a4d5599519e12866edb4fff0b11acfda833b2d773eeeef0c77e0ee,3,prod,,unavailable:not_persisted_per_task,0,0-50,2,2,2,,,,,,,,,,
dsr,dsr:20:3:0,20,38,34e816613902361478cba0e069db7867edd3af328e296e98fcba13e3927467a6,0,prod,,unavailable:not_persisted_per_task,0,0-50,3,2,1,,,,,,,,,,
dsr,dsr:20:3:1,20,38,34e816613902361478cba0e069db7867edd3af328e296e98fcba13e3927467a6,1,prod,,unavailable:not_persisted_per_task,0,0-50,3,2,1,,,,,,,,,,
dsr,dsr:20:3:2,20,38,34e816613902361478cba0e069db7867edd3af328e296e98fcba13e3927467a6,2,prod,,unavailable:not_persisted_per_task,0,0-50,3,2,1,,,,,,,,,,
dsr,dsr:20:3:3,20,38,34e816613902361478cba0e069db7867edd3af328e296e98fcba13e3927467a6,3,prod,,unavailable:not_persisted_per_task,0,0-50,3,2,1,,,,,,,,,,
dsr,dsr:25:0:0,25,48,11a57e312d2c7f3e03d01b95a625c8337800d26324e465d38d7ed90edd1e6d6a,0,ad,,unavailable:not_persisted_per_task,0,0-50,0,2,2,,3,3,1.0,1.0,0.36290729184695575,,,,
dsr,dsr:25:0:1,25,48,11a57e312d2c7f3e03d01b95a625c8337800d26324e465d38d7ed90edd1e6d6a,1,ad,,unavailable:not_persisted_per_task,0,0-50,0,2,2,,3,3,1.0,1.0,0.3627443751081735,,,,
dsr,dsr:25:0:2,25,48,11a57e312d2c7f3e03d01b95a625c8337800d26324e465d38d7ed90edd1e6d6a,2,ad,,unavailable:not_persisted_per_task,0,0-50,0,2,2,,,,,,,,,,
dsr,dsr:25:0:3,25,48,11a57e312d2c7f3e03d01b95a625c8337800d26324e465d38d7ed90edd1e6d6a,3,ad,,unavailable:not_persisted_per_task,0,0-50,0,2,2,,,,,,,,,,
dsr,dsr:25:1:0,25,48,692ee70e3d40a0ad80f7de5c3f8d952d124436bbb2670650253c5c2c7ec06ba6,0,video,,unavailable:not_persisted_per_task,0,0-50,1,20,17,,,,,,,,,,
dsr,dsr:25:1:1,25,48,692ee70e3d40a0ad80f7de5c3f8d952d124436bbb2670650253c5c2c7ec06ba6,1,video,,unavailable:not_persisted_per_task,0,0-50,1,20,17,,,,,,,,,,
dsr,dsr:25:1:2,25,48,692ee70e3d40a0ad80f7de5c3f8d952d124436bbb2670650253c5c2c7ec06ba6,2,video,,unavailable:not_persisted_per_task,0,0-50,1,20,17,,,,,,,,,,
dsr,dsr:25:1:3,25,48,692ee70e3d40a0ad80f7de5c3f8d952d124436bbb2670650253c5c2c7ec06ba6,3,video,,unavailable:not_persisted_per_task,0,0-50,1,20,17,,,,,,,,,,
dsr,dsr:25:2:0,25,48,c99520fb0adeb26bb7ce03058378bcd8ae48e7a91a0ad1cab5cda5c2d6ca2892,0,video,,unavailable:not_persisted_per_task,0,0-50,2,14,13,,,,,,,,,,
dsr,dsr:25:2:1,25,48,c99520fb0adeb26bb7ce03058378bcd8ae48e7a91a0ad1cab5cda5c2d6ca2892,1,video,,unavailable:not_persisted_per_task,0,0-50,2,14,13,,,,,,,,,,
dsr,dsr:25:2:2,25,48,c99520fb0adeb26bb7ce03058378bcd8ae48e7a91a0ad1cab5cda5c2d6ca2892,2,video,,unavailable:not_persisted_per_task,0,0-50,2,14,13,,,,,,,,,,
dsr,dsr:25:2:3,25,48,c99520fb0adeb26bb7ce03058378bcd8ae48e7a91a0ad1cab5cda5c2d6ca2892,3,video,,unavailable:not_persisted_per_task,0,0-50,2,14,13,,,,,,,,,,
dsr,dsr:25:3:0,25,48,a55246db8669642cf82a1120a55a6c75322cae3d270ff741e38e008daa00e66f,0,ad,,unavailable:not_persisted_per_task,0,0-50,3,2,2,,,,,,,,,,
dsr,dsr:25:3:1,25,48,a55246db8669642cf82a1120a55a6c75322cae3d270ff741e38e008daa00e66f,1,ad,,unavailable:not_persisted_per_task,0,0-50,3,2,2,,,,,,,,,,
dsr,dsr:25:3:2,25,48,a55246db8669642cf82a1120a55a6c75322cae3d270ff741e38e008daa00e66f,2,ad,,unavailable:not_persisted_per_task,0,0-50,3,2,2,,,,,,,,,,
dsr,dsr:25:3:3,25,48,a55246db8669642cf82a1120a55a6c75322cae3d270ff741e38e008daa00e66f,3,ad,,unavailable:not_persisted_per_task,0,0-50,3,2,2,,,,,,,,,,
dsr,dsr:26:0:0,26,50,df50c73a722cb3468599aec7a089f55d6ceed818434b1e75b53d048825bbfc2d,0,prod,,unavailable:not_persisted_per_task,5,50-100,0,2,2,,4,3,0.75,1.0,0.355278379159231,,,,
dsr,dsr:26:0:1,26,50,df50c73a722cb3468599aec7a089f55d6ceed818434b1e75b53d048825bbfc2d,1,prod,,unavailable:not_persisted_per_task,5,50-100,0,2,2,,4,4,1.0,1.0,0.39586895394992305,,,,
dsr,dsr:26:0:2,26,50,df50c73a722cb3468599aec7a089f55d6ceed818434b1e75b53d048825bbfc2d,2,prod,,unavailable:not_persisted_per_task,5,50-100,0,2,2,,,,,,,,,,
dsr,dsr:26:0:3,26,50,df50c73a722cb3468599aec7a089f55d6ceed818434b1e75b53d048825bbfc2d,3,prod,,unavailable:not_persisted_per_task,5,50-100,0,2,2,,,,,,,,,,
dsr,dsr:26:1:0,26,50,aa3eae300742dbbbff0e43690309f5dd9083bdfbfbcd21a7e19879a4d1789002,0,video,,unavailable:not_persisted_per_task,5,50-100,1,12,12,,,,,,,,,,
dsr,dsr:26:1:1,26,50,aa3eae300742dbbbff0e43690309f5dd9083bdfbfbcd21a7e19879a4d1789002,1,video,,unavailable:not_persisted_per_task,5,50-100,1,12,12,,,,,,,,,,
dsr,dsr:26:1:2,26,50,aa3eae300742dbbbff0e43690309f5dd9083bdfbfbcd21a7e19879a4d1789002,2,video,,unavailable:not_persisted_per_task,5,50-100,1,12,12,,,,,,,,,,
dsr,dsr:26:1:3,26,50,aa3eae300742dbbbff0e43690309f5dd9083bdfbfbcd21a7e19879a4d1789002,3,video,,unavailable:not_persisted_per_task,5,50-100,1,12,12,,,,,,,,,,
dsr,dsr:26:2:0,26,50,f5549a85bdea0ba7467c2eb6e3a385ba121bced86724006d04f03f02b8f055d9,0,ad,,unavailable:not_persisted_per_task,5,50-100,2,2,2,,,,,,,,,,
dsr,dsr:26:2:1,26,50,f5549a85bdea0ba7467c2eb6e3a385ba121bced86724006d04f03f02b8f055d9,1,ad,,unavailable:not_persisted_per_task,5,50-100,2,2,2,,,,,,,,,,
dsr,dsr:26:2:2,26,50,f5549a85bdea0ba7467c2eb6e3a385ba121bced86724006d04f03f02b8f055d9,2,ad,,unavailable:not_persisted_per_task,5,50-100,2,2,2,,,,,,,,,,
dsr,dsr:26:2:3,26,50,f5549a85bdea0ba7467c2eb6e3a385ba121bced86724006d04f03f02b8f055d9,3,ad,,unavailable:not_persisted_per_task,5,50-100,2,2,2,,,,,,,,,,
dsr,dsr:26:3:0,26,50,c4ea09d4400aea93378a91d8674ef0f4061c9ac68593a6f65230aa829ded8fa8,0,ad,,unavailable:not_persisted_per_task,5,50-100,3,2,2,,,,,,,,,,
dsr,dsr:26:3:1,26,50,c4ea09d4400aea93378a91d8674ef0f4061c9ac68593a6f65230aa829ded8fa8,1,ad,,unavailable:not_persisted_per_task,5,50-100,3,2,2,,,,,,,,,,
dsr,dsr:26:3:2,26,50,c4ea09d4400aea93378a91d8674ef0f4061c9ac68593a6f65230aa829ded8fa8,2,ad,,unavailable:not_persisted_per_task,5,50-100,3,2,2,,,,,,,,,,
dsr,dsr:26:3:3,26,50,c4ea09d4400aea93378a91d8674ef0f4061c9ac68593a6f65230aa829ded8fa8,3,ad,,unavailable:not_persisted_per_task,5,50-100,3,2,2,,,,,,,,,,
dsr,dsr:31:0:0,31,60,180d72cb9abef356ef18c23b0a117cc5e81213bbb2c43d6112fd2e6525d9d9b4,0,video,,unavailable:not_persisted_per_task,0,50-100,0,11,8,,4,4,1.0,1.0,0.5304035755639547,,,,
dsr,dsr:31:0:1,31,60,180d72cb9abef356ef18c23b0a117cc5e81213bbb2c43d6112fd2e6525d9d9b4,1,video,,unavailable:not_persisted_per_task,0,50-100,0,11,8,,4,4,1.0,1.0,0.5988699408288498,,,,
dsr,dsr:31:0:2,31,60,180d72cb9abef356ef18c23b0a117cc5e81213bbb2c43d6112fd2e6525d9d9b4,2,video,,unavailable:not_persisted_per_task,0,50-100,0,11,8,,,,,,,,,,
dsr,dsr:31:0:3,31,60,180d72cb9abef356ef18c23b0a117cc5e81213bbb2c43d6112fd2e6525d9d9b4,3,video,,unavailable:not_persisted_per_task,0,50-100,0,11,8,,,,,,,,,,
dsr,dsr:31:1:0,31,60,66561dcf95599497fea325b3378e368d0555780b44dafe9118631a7883033ad4,0,video,,unavailable:not_persisted_per_task,0,50-100,1,20,17,,,,,,,,,,
dsr,dsr:31:1:1,31,60,66561dcf95599497fea325b3378e368d0555780b44dafe9118631a7883033ad4,1,video,,unavailable:not_persisted_per_task,0,50-100,1,20,17,,,,,,,,,,
dsr,dsr:31:1:2,31,60,66561dcf95599497fea325b3378e368d0555780b44dafe9118631a7883033ad4,2,video,,unavailable:not_persisted_per_task,0,50-100,1,20,17,,,,,,,,,,
dsr,dsr:31:1:3,31,60,66561dcf95599497fea325b3378e368d0555780b44dafe9118631a7883033ad4,3,video,,unavailable:not_persisted_per_task,0,50-100,1,20,17,,,,,,,,,,
dsr,dsr:31:2:0,31,60,1f2d2de1c323f1863e8693af194090d64e964fb093192e949f5c3302b53ae11c,0,video,,unavailable:not_persisted_per_task,0,50-100,2,14,13,,,,,,,,,,
dsr,dsr:31:2:1,31,60,1f2d2de1c323f1863e8693af194090d64e964fb093192e949f5c3302b53ae11c,1,video,,unavailable:not_persisted_per_task,0,50-100,2,14,13,,,,,,,,,,
dsr,dsr:31:2:2,31,60,1f2d2de1c323f1863e8693af194090d64e964fb093192e949f5c3302b53ae11c,2,video,,unavailable:not_persisted_per_task,0,50-100,2,14,13,,,,,,,,,,
dsr,dsr:31:2:3,31,60,1f2d2de1c323f1863e8693af194090d64e964fb093192e949f5c3302b53ae11c,3,video,,unavailable:not_persisted_per_task,0,50-100,2,14,13,,,,,,,,,,
dsr,dsr:31:3:0,31,60,ec56a1e8978080a6827d8d69ba6fbdc2636b69d38e3a3bdd206afd37b559fa58,0,video,,unavailable:not_persisted_per_task,0,50-100,3,14,14,,,,,,,,,,
dsr,dsr:31:3:1,31,60,ec56a1e8978080a6827d8d69ba6fbdc2636b69d38e3a3bdd206afd37b559fa58,1,video,,unavailable:not_persisted_per_task,0,50-100,3,14,14,,,,,,,,,,
dsr,dsr:31:3:2,31,60,ec56a1e8978080a6827d8d69ba6fbdc2636b69d38e3a3bdd206afd37b559fa58,2,video,,unavailable:not_persisted_per_task,0,50-100,3,14,14,,,,,,,,,,
dsr,dsr:31:3:3,31,60,ec56a1e8978080a6827d8d69ba6fbdc2636b69d38e3a3bdd206afd37b559fa58,3,video,,unavailable:not_persisted_per_task,0,50-100,3,14,14,,,,,,,,,,
dsr,dsr:32:0:0,32,62,fb138440382f311d56bb73075de66e7af9e278fd1d14a7f74d8e3164e471251a,0,living,,unavailable:not_persisted_per_task,0,50-100,0,3,1,,4,4,1.0,1.0,0.2635573241680437,,,,
dsr,dsr:32:0:1,32,62,fb138440382f311d56bb73075de66e7af9e278fd1d14a7f74d8e3164e471251a,1,living,,unavailable:not_persisted_per_task,0,50-100,0,3,1,,4,4,1.0,0.9583333333333333,0.3384975619688718,,,,
dsr,dsr:32:0:2,32,62,fb138440382f311d56bb73075de66e7af9e278fd1d14a7f74d8e3164e471251a,2,living,,unavailable:not_persisted_per_task,0,50-100,0,3,1,,,,,,,,,,
dsr,dsr:32:0:3,32,62,fb138440382f311d56bb73075de66e7af9e278fd1d14a7f74d8e3164e471251a,3,living,,unavailable:not_persisted_per_task,0,50-100,0,3,1,,,,,,,,,,
dsr,dsr:32:1:0,32,62,410a19b84e6f4787289a2e5a4707c73e979950dcebf0e1429c1289520de282f0,0,video,,unavailable:not_persisted_per_task,0,50-100,1,14,11,,,,,,,,,,
dsr,dsr:32:1:1,32,62,410a19b84e6f4787289a2e5a4707c73e979950dcebf0e1429c1289520de282f0,1,video,,unavailable:not_persisted_per_task,0,50-100,1,14,11,,,,,,,,,,
dsr,dsr:32:1:2,32,62,410a19b84e6f4787289a2e5a4707c73e979950dcebf0e1429c1289520de282f0,2,video,,unavailable:not_persisted_per_task,0,50-100,1,14,11,,,,,,,,,,
dsr,dsr:32:1:3,32,62,410a19b84e6f4787289a2e5a4707c73e979950dcebf0e1429c1289520de282f0,3,video,,unavailable:not_persisted_per_task,0,50-100,1,14,11,,,,,,,,,,
dsr,dsr:32:2:0,32,62,b26427cac5596811541b97f1edbcf69f9a5417556ebcbafad7486cd8c55a8e5e,0,video,,unavailable:not_persisted_per_task,0,50-100,2,12,10,,,,,,,,,,
dsr,dsr:32:2:1,32,62,b26427cac5596811541b97f1edbcf69f9a5417556ebcbafad7486cd8c55a8e5e,1,video,,unavailable:not_persisted_per_task,0,50-100,2,12,10,,,,,,,,,,
dsr,dsr:32:2:2,32,62,b26427cac5596811541b97f1edbcf69f9a5417556ebcbafad7486cd8c55a8e5e,2,video,,unavailable:not_persisted_per_task,0,50-100,2,12,10,,,,,,,,,,
dsr,dsr:32:2:3,32,62,b26427cac5596811541b97f1edbcf69f9a5417556ebcbafad7486cd8c55a8e5e,3,video,,unavailable:not_persisted_per_task,0,50-100,2,12,10,,,,,,,,,,
dsr,dsr:32:3:0,32,62,b5bcc2d9e959fc4448cccbb2e31d1431b1a3959c3448f18265fda3f713cd8344,0,ad,,unavailable:not_persisted_per_task,0,50-100,3,3,3,,,,,,,,,,
dsr,dsr:32:3:1,32,62,b5bcc2d9e959fc4448cccbb2e31d1431b1a3959c3448f18265fda3f713cd8344,1,ad,,unavailable:not_persisted_per_task,0,50-100,3,3,3,,,,,,,,,,
dsr,dsr:32:3:2,32,62,b5bcc2d9e959fc4448cccbb2e31d1431b1a3959c3448f18265fda3f713cd8344,2,ad,,unavailable:not_persisted_per_task,0,50-100,3,3,3,,,,,,,,,,
dsr,dsr:32:3:3,32,62,b5bcc2d9e959fc4448cccbb2e31d1431b1a3959c3448f18265fda3f713cd8344,3,ad,,unavailable:not_persisted_per_task,0,50-100,3,3,3,,,,,,,,,,
dsr,dsr:37:0:0,37,72,54e17ccf183d3b93b60a98bb05409ca1034c82137aa40d1e0f88e42abd197834,0,ad,,unavailable:not_persisted_per_task,0,50-100,0,2,2,,4,4,1.0,1.0,0.543065339754362,,,,
dsr,dsr:37:0:1,37,72,54e17ccf183d3b93b60a98bb05409ca1034c82137aa40d1e0f88e42abd197834,1,ad,,unavailable:not_persisted_per_task,0,50-100,0,2,2,,4,4,1.0,1.0,0.6555226873638231,,,,
dsr,dsr:37:0:2,37,72,54e17ccf183d3b93b60a98bb05409ca1034c82137aa40d1e0f88e42abd197834,2,ad,,unavailable:not_persisted_per_task,0,50-100,0,2,2,,,,,,,,,,
dsr,dsr:37:0:3,37,72,54e17ccf183d3b93b60a98bb05409ca1034c82137aa40d1e0f88e42abd197834,3,ad,,unavailable:not_persisted_per_task,0,50-100,0,2,2,,,,,,,,,,
dsr,dsr:37:1:0,37,72,971a74d7b029c7239e78a3616dce4a3f87148de1a06572dc3d7f746237aa899e,0,ad,,unavailable:not_persisted_per_task,0,50-100,1,2,2,,,,,,,,,,
dsr,dsr:37:1:1,37,72,971a74d7b029c7239e78a3616dce4a3f87148de1a06572dc3d7f746237aa899e,1,ad,,unavailable:not_persisted_per_task,0,50-100,1,2,2,,,,,,,,,,
dsr,dsr:37:1:2,37,72,971a74d7b029c7239e78a3616dce4a3f87148de1a06572dc3d7f746237aa899e,2,ad,,unavailable:not_persisted_per_task,0,50-100,1,2,2,,,,,,,,,,
dsr,dsr:37:1:3,37,72,971a74d7b029c7239e78a3616dce4a3f87148de1a06572dc3d7f746237aa899e,3,ad,,unavailable:not_persisted_per_task,0,50-100,1,2,2,,,,,,,,,,
dsr,dsr:37:2:0,37,72,e9ac0fcfff95f5229787ee4666e611a8405cd3f1e4b1079e19ec138122104909,0,ad,,unavailable:not_persisted_per_task,0,50-100,2,4,3,,,,,,,,,,
dsr,dsr:37:2:1,37,72,e9ac0fcfff95f5229787ee4666e611a8405cd3f1e4b1079e19ec138122104909,1,ad,,unavailable:not_persisted_per_task,0,50-100,2,4,3,,,,,,,,,,
dsr,dsr:37:2:2,37,72,e9ac0fcfff95f5229787ee4666e611a8405cd3f1e4b1079e19ec138122104909,2,ad,,unavailable:not_persisted_per_task,0,50-100,2,4,3,,,,,,,,,,
dsr,dsr:37:2:3,37,72,e9ac0fcfff95f5229787ee4666e611a8405cd3f1e4b1079e19ec138122104909,3,ad,,unavailable:not_persisted_per_task,0,50-100,2,4,3,,,,,,,,,,
dsr,dsr:37:3:0,37,72,c765a7392fced4fd475192d07312352f6e4537babe9306a653ed8d61b66e34a5,0,video,,unavailable:not_persisted_per_task,0,50-100,3,15,15,,,,,,,,,,
dsr,dsr:37:3:1,37,72,c765a7392fced4fd475192d07312352f6e4537babe9306a653ed8d61b66e34a5,1,video,,unavailable:not_persisted_per_task,0,50-100,3,15,15,,,,,,,,,,
dsr,dsr:37:3:2,37,72,c765a7392fced4fd475192d07312352f6e4537babe9306a653ed8d61b66e34a5,2,video,,unavailable:not_persisted_per_task,0,50-100,3,15,15,,,,,,,,,,
dsr,dsr:37:3:3,37,72,c765a7392fced4fd475192d07312352f6e4537babe9306a653ed8d61b66e34a5,3,video,,unavailable:not_persisted_per_task,0,50-100,3,15,15,,,,,,,,,,
dsr,dsr:38:0:0,38,74,4449170b272f400eb1fc0bd5f1afd2911ac9bcfcd7d0cc7d49ddc3fb13d413e3,0,prod,,unavailable:not_persisted_per_task,0,50-100,0,2,2,,4,4,1.0,1.0,0.04591479170272447,,,,
dsr,dsr:38:0:1,38,74,4449170b272f400eb1fc0bd5f1afd2911ac9bcfcd7d0cc7d49ddc3fb13d413e3,1,prod,,unavailable:not_persisted_per_task,0,50-100,0,2,2,,3,3,1.0,1.0,0.0,,,,
dsr,dsr:38:0:2,38,74,4449170b272f400eb1fc0bd5f1afd2911ac9bcfcd7d0cc7d49ddc3fb13d413e3,2,prod,,unavailable:not_persisted_per_task,0,50-100,0,2,2,,,,,,,,,,
dsr,dsr:38:0:3,38,74,4449170b272f400eb1fc0bd5f1afd2911ac9bcfcd7d0cc7d49ddc3fb13d413e3,3,prod,,unavailable:not_persisted_per_task,0,50-100,0,2,2,,,,,,,,,,
dsr,dsr:38:1:0,38,74,f5953a468618a9d3da7122971e816da8ad9a9be8913c727272c2bde259df7c03,0,prod,,unavailable:not_persisted_per_task,0,50-100,1,2,2,,,,,,,,,,
dsr,dsr:38:1:1,38,74,f5953a468618a9d3da7122971e816da8ad9a9be8913c727272c2bde259df7c03,1,prod,,unavailable:not_persisted_per_task,0,50-100,1,2,2,,,,,,,,,,
dsr,dsr:38:1:2,38,74,f5953a468618a9d3da7122971e816da8ad9a9be8913c727272c2bde259df7c03,2,prod,,unavailable:not_persisted_per_task,0,50-100,1,2,2,,,,,,,,,,
dsr,dsr:38:1:3,38,74,f5953a468618a9d3da7122971e816da8ad9a9be8913c727272c2bde259df7c03,3,prod,,unavailable:not_persisted_per_task,0,50-100,1,2,2,,,,,,,,,,
dsr,dsr:38:2:0,38,74,0eddc931ff5609d00efbc1357da1c62d44400ab7df83cfde0c20b8edd9c630c3,0,living,,unavailable:not_persisted_per_task,0,50-100,2,2,2,,,,,,,,,,
dsr,dsr:38:2:1,38,74,0eddc931ff5609d00efbc1357da1c62d44400ab7df83cfde0c20b8edd9c630c3,1,living,,unavailable:not_persisted_per_task,0,50-100,2,2,2,,,,,,,,,,
dsr,dsr:38:2:2,38,74,0eddc931ff5609d00efbc1357da1c62d44400ab7df83cfde0c20b8edd9c630c3,2,living,,unavailable:not_persisted_per_task,0,50-100,2,2,2,,,,,,,,,,
dsr,dsr:38:2:3,38,74,0eddc931ff5609d00efbc1357da1c62d44400ab7df83cfde0c20b8edd9c630c3,3,living,,unavailable:not_persisted_per_task,0,50-100,2,2,2,,,,,,,,,,
dsr,dsr:38:3:0,38,74,049a591648d54ec93e7877a7b20f5314eeec0da2993646419239308d0f41f65c,0,living,,unavailable:not_persisted_per_task,0,50-100,3,2,1,,,,,,,,,,
dsr,dsr:38:3:1,38,74,049a591648d54ec93e7877a7b20f5314eeec0da2993646419239308d0f41f65c,1,living,,unavailable:not_persisted_per_task,0,50-100,3,2,1,,,,,,,,,,
dsr,dsr:38:3:2,38,74,049a591648d54ec93e7877a7b20f5314eeec0da2993646419239308d0f41f65c,2,living,,unavailable:not_persisted_per_task,0,50-100,3,2,1,,,,,,,,,,
dsr,dsr:38:3:3,38,74,049a591648d54ec93e7877a7b20f5314eeec0da2993646419239308d0f41f65c,3,living,,unavailable:not_persisted_per_task,0,50-100,3,2,1,,,,,,,,,,
dsr,dsr:43:0:0,43,84,3e91e08a7bc05fa1612f2d9b8fe2d95b6e035debc995f2cc6447c17c7d15182f,0,video,,unavailable:not_persisted_per_task,2,50-100,0,17,11,,4,4,1.0,1.0,0.24734376880832915,,,,
dsr,dsr:43:0:1,43,84,3e91e08a7bc05fa1612f2d9b8fe2d95b6e035debc995f2cc6447c17c7d15182f,1,video,,unavailable:not_persisted_per_task,2,50-100,0,17,11,,2,2,1.0,1.0,0.25367714833608745,,,,
dsr,dsr:43:0:2,43,84,3e91e08a7bc05fa1612f2d9b8fe2d95b6e035debc995f2cc6447c17c7d15182f,2,video,,unavailable:not_persisted_per_task,2,50-100,0,17,11,,,,,,,,,,
dsr,dsr:43:0:3,43,84,3e91e08a7bc05fa1612f2d9b8fe2d95b6e035debc995f2cc6447c17c7d15182f,3,video,,unavailable:not_persisted_per_task,2,50-100,0,17,11,,,,,,,,,,
dsr,dsr:43:1:0,43,84,809ef03bd9265d7fb5680211aa1c59b55b147bda8aac79d2270f40e021b80804,0,video,,unavailable:not_persisted_per_task,2,50-100,1,20,16,,,,,,,,,,
dsr,dsr:43:1:1,43,84,809ef03bd9265d7fb5680211aa1c59b55b147bda8aac79d2270f40e021b80804,1,video,,unavailable:not_persisted_per_task,2,50-100,1,20,16,,,,,,,,,,
dsr,dsr:43:1:2,43,84,809ef03bd9265d7fb5680211aa1c59b55b147bda8aac79d2270f40e021b80804,2,video,,unavailable:not_persisted_per_task,2,50-100,1,20,16,,,,,,,,,,
dsr,dsr:43:1:3,43,84,809ef03bd9265d7fb5680211aa1c59b55b147bda8aac79d2270f40e021b80804,3,video,,unavailable:not_persisted_per_task,2,50-100,1,20,16,,,,,,,,,,
dsr,dsr:43:2:0,43,84,d0847b2c76f55358e794e14ca456a5bd2688c3d286e6c31f2a17d08128d20479,0,ad,,unavailable:not_persisted_per_task,2,50-100,2,2,2,,,,,,,,,,
dsr,dsr:43:2:1,43,84,d0847b2c76f55358e794e14ca456a5bd2688c3d286e6c31f2a17d08128d20479,1,ad,,unavailable:not_persisted_per_task,2,50-100,2,2,2,,,,,,,,,,
dsr,dsr:43:2:2,43,84,d0847b2c76f55358e794e14ca456a5bd2688c3d286e6c31f2a17d08128d20479,2,ad,,unavailable:not_persisted_per_task,2,50-100,2,2,2,,,,,,,,,,
dsr,dsr:43:2:3,43,84,d0847b2c76f55358e794e14ca456a5bd2688c3d286e6c31f2a17d08128d20479,3,ad,,unavailable:not_persisted_per_task,2,50-100,2,2,2,,,,,,,,,,
dsr,dsr:43:3:0,43,84,c2a167b7e6891c128e39b05820dd9e93931dfd00f3c9d9dd5d6935e512636d01,0,prod,,unavailable:not_persisted_per_task,2,50-100,3,2,2,,,,,,,,,,
dsr,dsr:43:3:1,43,84,c2a167b7e6891c128e39b05820dd9e93931dfd00f3c9d9dd5d6935e512636d01,1,prod,,unavailable:not_persisted_per_task,2,50-100,3,2,2,,,,,,,,,,
dsr,dsr:43:3:2,43,84,c2a167b7e6891c128e39b05820dd9e93931dfd00f3c9d9dd5d6935e512636d01,2,prod,,unavailable:not_persisted_per_task,2,50-100,3,2,2,,,,,,,,,,
dsr,dsr:43:3:3,43,84,c2a167b7e6891c128e39b05820dd9e93931dfd00f3c9d9dd5d6935e512636d01,3,prod,,unavailable:not_persisted_per_task,2,50-100,3,2,2,,,,,,,,,,
dsr,dsr:44:0:0,44,86,9ec8bb893646f73b028db73987f15664f0d6bca63ea55b606828c8fc025f86b5,0,video,,unavailable:not_persisted_per_task,0,50-100,0,15,15,,4,2,0.5,1.0,0.04591479170272447,,,,
dsr,dsr:44:0:1,44,86,9ec8bb893646f73b028db73987f15664f0d6bca63ea55b606828c8fc025f86b5,1,video,,unavailable:not_persisted_per_task,0,50-100,0,15,15,,4,4,1.0,1.0,0.0,,,,
dsr,dsr:44:0:2,44,86,9ec8bb893646f73b028db73987f15664f0d6bca63ea55b606828c8fc025f86b5,2,video,,unavailable:not_persisted_per_task,0,50-100,0,15,15,,,,,,,,,,
dsr,dsr:44:0:3,44,86,9ec8bb893646f73b028db73987f15664f0d6bca63ea55b606828c8fc025f86b5,3,video,,unavailable:not_persisted_per_task,0,50-100,0,15,15,,,,,,,,,,
dsr,dsr:44:1:0,44,86,e666ffaed3823a149debfda15481a51d75015803e9b5e36f84c68307aa23dee5,0,video,,unavailable:not_persisted_per_task,0,50-100,1,12,12,,,,,,,,,,
dsr,dsr:44:1:1,44,86,e666ffaed3823a149debfda15481a51d75015803e9b5e36f84c68307aa23dee5,1,video,,unavailable:not_persisted_per_task,0,50-100,1,12,12,,,,,,,,,,
dsr,dsr:44:1:2,44,86,e666ffaed3823a149debfda15481a51d75015803e9b5e36f84c68307aa23dee5,2,video,,unavailable:not_persisted_per_task,0,50-100,1,12,12,,,,,,,,,,
dsr,dsr:44:1:3,44,86,e666ffaed3823a149debfda15481a51d75015803e9b5e36f84c68307aa23dee5,3,video,,unavailable:not_persisted_per_task,0,50-100,1,12,12,,,,,,,,,,
dsr,dsr:44:2:0,44,86,7322361402c096d38ae72919053734e0d3d2b2fa851aaaa5e5d14dc0055eb435,0,ad,,unavailable:not_persisted_per_task,0,50-100,2,2,1,,,,,,,,,,
dsr,dsr:44:2:1,44,86,7322361402c096d38ae72919053734e0d3d2b2fa851aaaa5e5d14dc0055eb435,1,ad,,unavailable:not_persisted_per_task,0,50-100,2,2,1,,,,,,,,,,
dsr,dsr:44:2:2,44,86,7322361402c096d38ae72919053734e0d3d2b2fa851aaaa5e5d14dc0055eb435,2,ad,,unavailable:not_persisted_per_task,0,50-100,2,2,1,,,,,,,,,,
dsr,dsr:44:2:3,44,86,7322361402c096d38ae72919053734e0d3d2b2fa851aaaa5e5d14dc0055eb435,3,ad,,unavailable:not_persisted_per_task,0,50-100,2,2,1,,,,,,,,,,
dsr,dsr:44:3:0,44,86,f1668ca638673a7c5e3562fb259c9c65fd121476c9cecf1d4e52b6100549f7cf,0,prod,,unavailable:not_persisted_per_task,0,50-100,3,3,1,,,,,,,,,,
dsr,dsr:44:3:1,44,86,f1668ca638673a7c5e3562fb259c9c65fd121476c9cecf1d4e52b6100549f7cf,1,prod,,unavailable:not_persisted_per_task,0,50-100,3,3,1,,,,,,,,,,
dsr,dsr:44:3:2,44,86,f1668ca638673a7c5e3562fb259c9c65fd121476c9cecf1d4e52b6100549f7cf,2,prod,,unavailable:not_persisted_per_task,0,50-100,3,3,1,,,,,,,,,,
dsr,dsr:44:3:3,44,86,f1668ca638673a7c5e3562fb259c9c65fd121476c9cecf1d4e52b6100549f7cf,3,prod,,unavailable:not_persisted_per_task,0,50-100,3,3,1,,,,,,,,,,
dsr,dsr:49:0:0,49,96,119e3f527cc020d71c5beacacb45031def8f75c30ea6b041adbee0d4bd1ba93c,0,prod,,unavailable:not_persisted_per_task,0,50-100,0,2,2,,3,3,1.0,1.0,0.15106924110430978,,,,
dsr,dsr:49:0:1,49,96,119e3f527cc020d71c5beacacb45031def8f75c30ea6b041adbee0d4bd1ba93c,1,prod,,unavailable:not_persisted_per_task,0,50-100,0,2,2,,3,3,1.0,1.0,0.1681013948169648,,,,
dsr,dsr:49:0:2,49,96,119e3f527cc020d71c5beacacb45031def8f75c30ea6b041adbee0d4bd1ba93c,2,prod,,unavailable:not_persisted_per_task,0,50-100,0,2,2,,,,,,,,,,
dsr,dsr:49:0:3,49,96,119e3f527cc020d71c5beacacb45031def8f75c30ea6b041adbee0d4bd1ba93c,3,prod,,unavailable:not_persisted_per_task,0,50-100,0,2,2,,,,,,,,,,
dsr,dsr:49:1:0,49,96,bc0498e018bdd3399b55bb5f3b77e321ae15ef9e142b9906efe22d7e704a4641,0,prod,,unavailable:not_persisted_per_task,0,50-100,1,2,2,,,,,,,,,,
dsr,dsr:49:1:1,49,96,bc0498e018bdd3399b55bb5f3b77e321ae15ef9e142b9906efe22d7e704a4641,1,prod,,unavailable:not_persisted_per_task,0,50-100,1,2,2,,,,,,,,,,
dsr,dsr:49:1:2,49,96,bc0498e018bdd3399b55bb5f3b77e321ae15ef9e142b9906efe22d7e704a4641,2,prod,,unavailable:not_persisted_per_task,0,50-100,1,2,2,,,,,,,,,,
dsr,dsr:49:1:3,49,96,bc0498e018bdd3399b55bb5f3b77e321ae15ef9e142b9906efe22d7e704a4641,3,prod,,unavailable:not_persisted_per_task,0,50-100,1,2,2,,,,,,,,,,
dsr,dsr:49:2:0,49,96,a28c925e07ca8faa7afcfa75882b61a9c3036c1657e4af995cc5a6ffe520d2a3,0,prod,,unavailable:not_persisted_per_task,0,50-100,2,2,2,,,,,,,,,,
dsr,dsr:49:2:1,49,96,a28c925e07ca8faa7afcfa75882b61a9c3036c1657e4af995cc5a6ffe520d2a3,1,prod,,unavailable:not_persisted_per_task,0,50-100,2,2,2,,,,,,,,,,
dsr,dsr:49:2:2,49,96,a28c925e07ca8faa7afcfa75882b61a9c3036c1657e4af995cc5a6ffe520d2a3,2,prod,,unavailable:not_persisted_per_task,0,50-100,2,2,2,,,,,,,,,,
dsr,dsr:49:2:3,49,96,a28c925e07ca8faa7afcfa75882b61a9c3036c1657e4af995cc5a6ffe520d2a3,3,prod,,unavailable:not_persisted_per_task,0,50-100,2,2,2,,,,,,,,,,
dsr,dsr:49:3:0,49,96,8a27ccb17931890a0b4a730c68060763b6939392fef396f4a67436e45aba86a6,0,video,,unavailable:not_persisted_per_task,0,50-100,3,11,11,,,,,,,,,,
dsr,dsr:49:3:1,49,96,8a27ccb17931890a0b4a730c68060763b6939392fef396f4a67436e45aba86a6,1,video,,unavailable:not_persisted_per_task,0,50-100,3,11,11,,,,,,,,,,
dsr,dsr:49:3:2,49,96,8a27ccb17931890a0b4a730c68060763b6939392fef396f4a67436e45aba86a6,2,video,,unavailable:not_persisted_per_task,0,50-100,3,11,11,,,,,,,,,,
dsr,dsr:49:3:3,49,96,8a27ccb17931890a0b4a730c68060763b6939392fef396f4a67436e45aba86a6,3,video,,unavailable:not_persisted_per_task,0,50-100,3,11,11,,,,,,,,,,
dsr,dsr:50:0:0,50,98,40c5143f486f8e047652ac44f19dfdeb02309aa136d72761d9986c675ec92f2e,0,ad,,unavailable:not_persisted_per_task,1,50-100,0,2,2,,4,1,0.25,0.0,0.2599219055596581,,,,
dsr,dsr:50:0:1,50,98,40c5143f486f8e047652ac44f19dfdeb02309aa136d72761d9986c675ec92f2e,1,ad,,unavailable:not_persisted_per_task,1,50-100,0,2,2,,4,4,1.0,1.0,0.2590035396347645,,,,
dsr,dsr:50:0:2,50,98,40c5143f486f8e047652ac44f19dfdeb02309aa136d72761d9986c675ec92f2e,2,ad,,unavailable:not_persisted_per_task,1,50-100,0,2,2,,,,,,,,,,
dsr,dsr:50:0:3,50,98,40c5143f486f8e047652ac44f19dfdeb02309aa136d72761d9986c675ec92f2e,3,ad,,unavailable:not_persisted_per_task,1,50-100,0,2,2,,,,,,,,,,
dsr,dsr:50:1:0,50,98,d45c49008c172189901a55bfcf094cc6d2ce429a76740614e6fe28adb073ea3b,0,video,,unavailable:not_persisted_per_task,1,50-100,1,12,8,,,,,,,,,,
dsr,dsr:50:1:1,50,98,d45c49008c172189901a55bfcf094cc6d2ce429a76740614e6fe28adb073ea3b,1,video,,unavailable:not_persisted_per_task,1,50-100,1,12,8,,,,,,,,,,
dsr,dsr:50:1:2,50,98,d45c49008c172189901a55bfcf094cc6d2ce429a76740614e6fe28adb073ea3b,2,video,,unavailable:not_persisted_per_task,1,50-100,1,12,8,,,,,,,,,,
dsr,dsr:50:1:3,50,98,d45c49008c172189901a55bfcf094cc6d2ce429a76740614e6fe28adb073ea3b,3,video,,unavailable:not_persisted_per_task,1,50-100,1,12,8,,,,,,,,,,
dsr,dsr:50:2:0,50,98,b7293186fc1b2503be392a972d8f728d30402f23e530c0f84dd1d4c240b3be61,0,living,,unavailable:not_persisted_per_task,1,50-100,2,2,2,,,,,,,,,,
dsr,dsr:50:2:1,50,98,b7293186fc1b2503be392a972d8f728d30402f23e530c0f84dd1d4c240b3be61,1,living,,unavailable:not_persisted_per_task,1,50-100,2,2,2,,,,,,,,,,
dsr,dsr:50:2:2,50,98,b7293186fc1b2503be392a972d8f728d30402f23e530c0f84dd1d4c240b3be61,2,living,,unavailable:not_persisted_per_task,1,50-100,2,2,2,,,,,,,,,,
dsr,dsr:50:2:3,50,98,b7293186fc1b2503be392a972d8f728d30402f23e530c0f84dd1d4c240b3be61,3,living,,unavailable:not_persisted_per_task,1,50-100,2,2,2,,,,,,,,,,
dsr,dsr:50:3:0,50,98,06342e3516bd54b7db3b4cbaab5bd5cd22f4885d5d2c984bcde23810e0baff01,0,prod,,unavailable:not_persisted_per_task,1,50-100,3,6,2,,,,,,,,,,
dsr,dsr:50:3:1,50,98,06342e3516bd54b7db3b4cbaab5bd5cd22f4885d5d2c984bcde23810e0baff01,1,prod,,unavailable:not_persisted_per_task,1,50-100,3,6,2,,,,,,,,,,
dsr,dsr:50:3:2,50,98,06342e3516bd54b7db3b4cbaab5bd5cd22f4885d5d2c984bcde23810e0baff01,2,prod,,unavailable:not_persisted_per_task,1,50-100,3,6,2,,,,,,,,,,
dsr,dsr:50:3:3,50,98,06342e3516bd54b7db3b4cbaab5bd5cd22f4885d5d2c984bcde23810e0baff01,3,prod,,unavailable:not_persisted_per_task,1,50-100,3,6,2,,,,,,,,,,
dsr,dsr:55:0:0,55,108,ff62985956d9168edb6a7111482ba99c4b90534f0475b22ca3dc720fc3565fea,0,video,,unavailable:not_persisted_per_task,0,100-150,0,19,16,,4,4,1.0,0.9880952380952381,0.5271953719265965,,,,
dsr,dsr:55:0:1,55,108,ff62985956d9168edb6a7111482ba99c4b90534f0475b22ca3dc720fc3565fea,1,video,,unavailable:not_persisted_per_task,0,100-150,0,19,16,,3,3,1.0,1.0,0.6140712127384097,,,,
dsr,dsr:55:0:2,55,108,ff62985956d9168edb6a7111482ba99c4b90534f0475b22ca3dc720fc3565fea,2,video,,unavailable:not_persisted_per_task,0,100-150,0,19,16,,,,,,,,,,
dsr,dsr:55:0:3,55,108,ff62985956d9168edb6a7111482ba99c4b90534f0475b22ca3dc720fc3565fea,3,video,,unavailable:not_persisted_per_task,0,100-150,0,19,16,,,,,,,,,,
dsr,dsr:55:1:0,55,108,67ab58f9ad082946b52ca1500ae4d6d55ed6f546c7c833fb4b686374589ce564,0,prod,,unavailable:not_persisted_per_task,0,100-150,1,2,2,,,,,,,,,,
dsr,dsr:55:1:1,55,108,67ab58f9ad082946b52ca1500ae4d6d55ed6f546c7c833fb4b686374589ce564,1,prod,,unavailable:not_persisted_per_task,0,100-150,1,2,2,,,,,,,,,,
dsr,dsr:55:1:2,55,108,67ab58f9ad082946b52ca1500ae4d6d55ed6f546c7c833fb4b686374589ce564,2,prod,,unavailable:not_persisted_per_task,0,100-150,1,2,2,,,,,,,,,,
dsr,dsr:55:1:3,55,108,67ab58f9ad082946b52ca1500ae4d6d55ed6f546c7c833fb4b686374589ce564,3,prod,,unavailable:not_persisted_per_task,0,100-150,1,2,2,,,,,,,,,,
dsr,dsr:55:2:0,55,108,c4a730a681582c59f8a09e4784e4832a57be0755ed4cc69d6e8494963b358a0a,0,video,,unavailable:not_persisted_per_task,0,100-150,2,20,17,,,,,,,,,,
dsr,dsr:55:2:1,55,108,c4a730a681582c59f8a09e4784e4832a57be0755ed4cc69d6e8494963b358a0a,1,video,,unavailable:not_persisted_per_task,0,100-150,2,20,17,,,,,,,,,,
dsr,dsr:55:2:2,55,108,c4a730a681582c59f8a09e4784e4832a57be0755ed4cc69d6e8494963b358a0a,2,video,,unavailable:not_persisted_per_task,0,100-150,2,20,17,,,,,,,,,,
dsr,dsr:55:2:3,55,108,c4a730a681582c59f8a09e4784e4832a57be0755ed4cc69d6e8494963b358a0a,3,video,,unavailable:not_persisted_per_task,0,100-150,2,20,17,,,,,,,,,,
dsr,dsr:55:3:0,55,108,cf90ee92683994f10d62264ea7fee5a8bc3de32ebbe08b1caa403757cecf5f58,0,video,,unavailable:not_persisted_per_task,0,100-150,3,14,11,,,,,,,,,,
dsr,dsr:55:3:1,55,108,cf90ee92683994f10d62264ea7fee5a8bc3de32ebbe08b1caa403757cecf5f58,1,video,,unavailable:not_persisted_per_task,0,100-150,3,14,11,,,,,,,,,,
dsr,dsr:55:3:2,55,108,cf90ee92683994f10d62264ea7fee5a8bc3de32ebbe08b1caa403757cecf5f58,2,video,,unavailable:not_persisted_per_task,0,100-150,3,14,11,,,,,,,,,,
dsr,dsr:55:3:3,55,108,cf90ee92683994f10d62264ea7fee5a8bc3de32ebbe08b1caa403757cecf5f58,3,video,,unavailable:not_persisted_per_task,0,100-150,3,14,11,,,,,,,,,,
dsr,dsr:56:0:0,56,110,cf06cb7a094ce31fc28173c0b1fc82bb0d2074dce3775fc7204962cef4222eb6,0,ad,,unavailable:not_persisted_per_task,1,100-150,0,3,2,,0,0,,0.0,0.2017141212959228,,,,
dsr,dsr:56:0:1,56,110,cf06cb7a094ce31fc28173c0b1fc82bb0d2074dce3775fc7204962cef4222eb6,1,ad,,unavailable:not_persisted_per_task,1,100-150,0,3,2,,3,3,1.0,1.0,0.40073919589936474,,,,
dsr,dsr:56:0:2,56,110,cf06cb7a094ce31fc28173c0b1fc82bb0d2074dce3775fc7204962cef4222eb6,2,ad,,unavailable:not_persisted_per_task,1,100-150,0,3,2,,,,,,,,,,
dsr,dsr:56:0:3,56,110,cf06cb7a094ce31fc28173c0b1fc82bb0d2074dce3775fc7204962cef4222eb6,3,ad,,unavailable:not_persisted_per_task,1,100-150,0,3,2,,,,,,,,,,
dsr,dsr:56:1:0,56,110,2e028f42872c6fd66b8297fc37f8e9b3645f27d0163dfbac8c71c5292b720329,0,video,,unavailable:not_persisted_per_task,1,100-150,1,12,10,,,,,,,,,,
dsr,dsr:56:1:1,56,110,2e028f42872c6fd66b8297fc37f8e9b3645f27d0163dfbac8c71c5292b720329,1,video,,unavailable:not_persisted_per_task,1,100-150,1,12,10,,,,,,,,,,
dsr,dsr:56:1:2,56,110,2e028f42872c6fd66b8297fc37f8e9b3645f27d0163dfbac8c71c5292b720329,2,video,,unavailable:not_persisted_per_task,1,100-150,1,12,10,,,,,,,,,,
dsr,dsr:56:1:3,56,110,2e028f42872c6fd66b8297fc37f8e9b3645f27d0163dfbac8c71c5292b720329,3,video,,unavailable:not_persisted_per_task,1,100-150,1,12,10,,,,,,,,,,
dsr,dsr:56:2:0,56,110,b7e4d4511fa1408aa85399b08ebb8e052feebe7c0512ed4d71410d945a556f05,0,ad,,unavailable:not_persisted_per_task,1,100-150,2,2,2,,,,,,,,,,
dsr,dsr:56:2:1,56,110,b7e4d4511fa1408aa85399b08ebb8e052feebe7c0512ed4d71410d945a556f05,1,ad,,unavailable:not_persisted_per_task,1,100-150,2,2,2,,,,,,,,,,
dsr,dsr:56:2:2,56,110,b7e4d4511fa1408aa85399b08ebb8e052feebe7c0512ed4d71410d945a556f05,2,ad,,unavailable:not_persisted_per_task,1,100-150,2,2,2,,,,,,,,,,
dsr,dsr:56:2:3,56,110,b7e4d4511fa1408aa85399b08ebb8e052feebe7c0512ed4d71410d945a556f05,3,ad,,unavailable:not_persisted_per_task,1,100-150,2,2,2,,,,,,,,,,
dsr,dsr:56:3:0,56,110,0c186d14bafbc1a28a6c9eb589ea17afb27ea6e04411c5e1efaada44ac525e29,0,prod,,unavailable:not_persisted_per_task,1,100-150,3,2,2,,,,,,,,,,
dsr,dsr:56:3:1,56,110,0c186d14bafbc1a28a6c9eb589ea17afb27ea6e04411c5e1efaada44ac525e29,1,prod,,unavailable:not_persisted_per_task,1,100-150,3,2,2,,,,,,,,,,
dsr,dsr:56:3:2,56,110,0c186d14bafbc1a28a6c9eb589ea17afb27ea6e04411c5e1efaada44ac525e29,2,prod,,unavailable:not_persisted_per_task,1,100-150,3,2,2,,,,,,,,,,
dsr,dsr:56:3:3,56,110,0c186d14bafbc1a28a6c9eb589ea17afb27ea6e04411c5e1efaada44ac525e29,3,prod,,unavailable:not_persisted_per_task,1,100-150,3,2,2,,,,,,,,,,
dsr,dsr:61:0:0,61,120,b6fea39a1bf187c715f59f6e66d65e7d18cd0a047d9e02c2aac81b07749b36bc,0,prod,,unavailable:not_persisted_per_task,0,100-150,0,2,2,,4,2,0.5,1.0,0.627346909640041,,,,
dsr,dsr:61:0:1,61,120,b6fea39a1bf187c715f59f6e66d65e7d18cd0a047d9e02c2aac81b07749b36bc,1,prod,,unavailable:not_persisted_per_task,0,100-150,0,2,2,,3,3,1.0,1.0,0.6852217001462483,,,,
dsr,dsr:61:0:2,61,120,b6fea39a1bf187c715f59f6e66d65e7d18cd0a047d9e02c2aac81b07749b36bc,2,prod,,unavailable:not_persisted_per_task,0,100-150,0,2,2,,,,,,,,,,
dsr,dsr:61:0:3,61,120,b6fea39a1bf187c715f59f6e66d65e7d18cd0a047d9e02c2aac81b07749b36bc,3,prod,,unavailable:not_persisted_per_task,0,100-150,0,2,2,,,,,,,,,,
dsr,dsr:61:1:0,61,120,1ee593e5284d5773b470c17a676137aafe862db740c00bb5f81fabf4642a0302,0,prod,,unavailable:not_persisted_per_task,0,100-150,1,2,2,,,,,,,,,,
dsr,dsr:61:1:1,61,120,1ee593e5284d5773b470c17a676137aafe862db740c00bb5f81fabf4642a0302,1,prod,,unavailable:not_persisted_per_task,0,100-150,1,2,2,,,,,,,,,,
dsr,dsr:61:1:2,61,120,1ee593e5284d5773b470c17a676137aafe862db740c00bb5f81fabf4642a0302,2,prod,,unavailable:not_persisted_per_task,0,100-150,1,2,2,,,,,,,,,,
dsr,dsr:61:1:3,61,120,1ee593e5284d5773b470c17a676137aafe862db740c00bb5f81fabf4642a0302,3,prod,,unavailable:not_persisted_per_task,0,100-150,1,2,2,,,,,,,,,,
dsr,dsr:61:2:0,61,120,36dad14cd22e5786cb3e43ef8f2586c63dff82b0d0772191718bb539f631334e,0,prod,,unavailable:not_persisted_per_task,0,100-150,2,2,2,,,,,,,,,,
dsr,dsr:61:2:1,61,120,36dad14cd22e5786cb3e43ef8f2586c63dff82b0d0772191718bb539f631334e,1,prod,,unavailable:not_persisted_per_task,0,100-150,2,2,2,,,,,,,,,,
dsr,dsr:61:2:2,61,120,36dad14cd22e5786cb3e43ef8f2586c63dff82b0d0772191718bb539f631334e,2,prod,,unavailable:not_persisted_per_task,0,100-150,2,2,2,,,,,,,,,,
dsr,dsr:61:2:3,61,120,36dad14cd22e5786cb3e43ef8f2586c63dff82b0d0772191718bb539f631334e,3,prod,,unavailable:not_persisted_per_task,0,100-150,2,2,2,,,,,,,,,,
dsr,dsr:61:3:0,61,120,0699177fb5346347fd46bae64fd3e71642bfb1f9c4b9e3c37d2d1748877f4c28,0,video,,unavailable:not_persisted_per_task,0,100-150,3,12,11,,,,,,,,,,
dsr,dsr:61:3:1,61,120,0699177fb5346347fd46bae64fd3e71642bfb1f9c4b9e3c37d2d1748877f4c28,1,video,,unavailable:not_persisted_per_task,0,100-150,3,12,11,,,,,,,,,,
dsr,dsr:61:3:2,61,120,0699177fb5346347fd46bae64fd3e71642bfb1f9c4b9e3c37d2d1748877f4c28,2,video,,unavailable:not_persisted_per_task,0,100-150,3,12,11,,,,,,,,,,
dsr,dsr:61:3:3,61,120,0699177fb5346347fd46bae64fd3e71642bfb1f9c4b9e3c37d2d1748877f4c28,3,video,,unavailable:not_persisted_per_task,0,100-150,3,12,11,,,,,,,,,,
dsr,dsr:62:0:0,62,122,1fcd0948aea44098db024fdec8fca37adeae8371dcd95098960e813e585db6ef,0,ad,,unavailable:not_persisted_per_task,0,100-150,0,2,2,,4,1,0.25,0.0,0.3985083382602877,,,,
dsr,dsr:62:0:1,62,122,1fcd0948aea44098db024fdec8fca37adeae8371dcd95098960e813e585db6ef,1,ad,,unavailable:not_persisted_per_task,0,100-150,0,2,2,,4,4,1.0,1.0,0.7431864371030058,,,,
dsr,dsr:62:0:2,62,122,1fcd0948aea44098db024fdec8fca37adeae8371dcd95098960e813e585db6ef,2,ad,,unavailable:not_persisted_per_task,0,100-150,0,2,2,,,,,,,,,,
dsr,dsr:62:0:3,62,122,1fcd0948aea44098db024fdec8fca37adeae8371dcd95098960e813e585db6ef,3,ad,,unavailable:not_persisted_per_task,0,100-150,0,2,2,,,,,,,,,,
dsr,dsr:62:1:0,62,122,2fbb89ca71192c54b77334f632acd194fef8072126bcf8ed40248af90a714f9f,0,ad,,unavailable:not_persisted_per_task,0,100-150,1,6,5,,,,,,,,,,
dsr,dsr:62:1:1,62,122,2fbb89ca71192c54b77334f632acd194fef8072126bcf8ed40248af90a714f9f,1,ad,,unavailable:not_persisted_per_task,0,100-150,1,6,5,,,,,,,,,,
dsr,dsr:62:1:2,62,122,2fbb89ca71192c54b77334f632acd194fef8072126bcf8ed40248af90a714f9f,2,ad,,unavailable:not_persisted_per_task,0,100-150,1,6,5,,,,,,,,,,
dsr,dsr:62:1:3,62,122,2fbb89ca71192c54b77334f632acd194fef8072126bcf8ed40248af90a714f9f,3,ad,,unavailable:not_persisted_per_task,0,100-150,1,6,5,,,,,,,,,,
dsr,dsr:62:2:0,62,122,ce21a6f86fbbf6fdae9b0636beffd14586c0a7ff1347814523b46b91437569db,0,ad,,unavailable:not_persisted_per_task,0,100-150,2,2,1,,,,,,,,,,
dsr,dsr:62:2:1,62,122,ce21a6f86fbbf6fdae9b0636beffd14586c0a7ff1347814523b46b91437569db,1,ad,,unavailable:not_persisted_per_task,0,100-150,2,2,1,,,,,,,,,,
dsr,dsr:62:2:2,62,122,ce21a6f86fbbf6fdae9b0636beffd14586c0a7ff1347814523b46b91437569db,2,ad,,unavailable:not_persisted_per_task,0,100-150,2,2,1,,,,,,,,,,
dsr,dsr:62:2:3,62,122,ce21a6f86fbbf6fdae9b0636beffd14586c0a7ff1347814523b46b91437569db,3,ad,,unavailable:not_persisted_per_task,0,100-150,2,2,1,,,,,,,,,,
dsr,dsr:62:3:0,62,122,a2f4ebd777ef3bd7ff06c9868fc20c7e63b5503cb793778c5c7229568bbc22b7,0,prod,,unavailable:not_persisted_per_task,0,100-150,3,2,2,,,,,,,,,,
dsr,dsr:62:3:1,62,122,a2f4ebd777ef3bd7ff06c9868fc20c7e63b5503cb793778c5c7229568bbc22b7,1,prod,,unavailable:not_persisted_per_task,0,100-150,3,2,2,,,,,,,,,,
dsr,dsr:62:3:2,62,122,a2f4ebd777ef3bd7ff06c9868fc20c7e63b5503cb793778c5c7229568bbc22b7,2,prod,,unavailable:not_persisted_per_task,0,100-150,3,2,2,,,,,,,,,,
dsr,dsr:62:3:3,62,122,a2f4ebd777ef3bd7ff06c9868fc20c7e63b5503cb793778c5c7229568bbc22b7,3,prod,,unavailable:not_persisted_per_task,0,100-150,3,2,2,,,,,,,,,,
dsr,dsr:67:0:0,67,132,2a6242f5b050eb181d229a20799f37eabdf9b71e6ec0ba7072b492a338214bba,0,prod,,unavailable:not_persisted_per_task,0,100-150,0,2,1,,3,3,1.0,1.0,0.5626419659011791,,,,
dsr,dsr:67:0:1,67,132,2a6242f5b050eb181d229a20799f37eabdf9b71e6ec0ba7072b492a338214bba,1,prod,,unavailable:not_persisted_per_task,0,100-150,0,2,1,,4,4,1.0,1.0,0.6654969563911685,,,,
dsr,dsr:67:0:2,67,132,2a6242f5b050eb181d229a20799f37eabdf9b71e6ec0ba7072b492a338214bba,2,prod,,unavailable:not_persisted_per_task,0,100-150,0,2,1,,,,,,,,,,
dsr,dsr:67:0:3,67,132,2a6242f5b050eb181d229a20799f37eabdf9b71e6ec0ba7072b492a338214bba,3,prod,,unavailable:not_persisted_per_task,0,100-150,0,2,1,,,,,,,,,,
dsr,dsr:67:1:0,67,132,89469262045023704737991e026af7ab9bcec2ba5b15e1cbd3d232f1561c16ba,0,ad,,unavailable:not_persisted_per_task,0,100-150,1,3,1,,,,,,,,,,
dsr,dsr:67:1:1,67,132,89469262045023704737991e026af7ab9bcec2ba5b15e1cbd3d232f1561c16ba,1,ad,,unavailable:not_persisted_per_task,0,100-150,1,3,1,,,,,,,,,,
dsr,dsr:67:1:2,67,132,89469262045023704737991e026af7ab9bcec2ba5b15e1cbd3d232f1561c16ba,2,ad,,unavailable:not_persisted_per_task,0,100-150,1,3,1,,,,,,,,,,
dsr,dsr:67:1:3,67,132,89469262045023704737991e026af7ab9bcec2ba5b15e1cbd3d232f1561c16ba,3,ad,,unavailable:not_persisted_per_task,0,100-150,1,3,1,,,,,,,,,,
dsr,dsr:67:2:0,67,132,97c784270dfb4acf1f7f161ca2f0ed15d02f286d865f4443d7325040b1edea75,0,prod,,unavailable:not_persisted_per_task,0,100-150,2,2,2,,,,,,,,,,
dsr,dsr:67:2:1,67,132,97c784270dfb4acf1f7f161ca2f0ed15d02f286d865f4443d7325040b1edea75,1,prod,,unavailable:not_persisted_per_task,0,100-150,2,2,2,,,,,,,,,,
dsr,dsr:67:2:2,67,132,97c784270dfb4acf1f7f161ca2f0ed15d02f286d865f4443d7325040b1edea75,2,prod,,unavailable:not_persisted_per_task,0,100-150,2,2,2,,,,,,,,,,
dsr,dsr:67:2:3,67,132,97c784270dfb4acf1f7f161ca2f0ed15d02f286d865f4443d7325040b1edea75,3,prod,,unavailable:not_persisted_per_task,0,100-150,2,2,2,,,,,,,,,,
dsr,dsr:67:3:0,67,132,a613353a507645a4c300ec8f826d931890bf54a3a6d60e87402b036cb066c093,0,ad,,unavailable:not_persisted_per_task,0,100-150,3,2,2,,,,,,,,,,
dsr,dsr:67:3:1,67,132,a613353a507645a4c300ec8f826d931890bf54a3a6d60e87402b036cb066c093,1,ad,,unavailable:not_persisted_per_task,0,100-150,3,2,2,,,,,,,,,,
dsr,dsr:67:3:2,67,132,a613353a507645a4c300ec8f826d931890bf54a3a6d60e87402b036cb066c093,2,ad,,unavailable:not_persisted_per_task,0,100-150,3,2,2,,,,,,,,,,
dsr,dsr:67:3:3,67,132,a613353a507645a4c300ec8f826d931890bf54a3a6d60e87402b036cb066c093,3,ad,,unavailable:not_persisted_per_task,0,100-150,3,2,2,,,,,,,,,,
dsr,dsr:68:0:0,68,134,6cb07a9f34605479d1ccdc927a8b3dddca1c47658eb12f14fe22f49bb774907f,0,video,,unavailable:not_persisted_per_task,0,100-150,0,14,12,,4,4,1.0,1.0,0.4686278124459133,,,,
dsr,dsr:68:0:1,68,134,6cb07a9f34605479d1ccdc927a8b3dddca1c47658eb12f14fe22f49bb774907f,1,video,,unavailable:not_persisted_per_task,0,100-150,0,14,12,,4,4,1.0,1.0,0.33288602110142906,,,,
dsr,dsr:68:0:2,68,134,6cb07a9f34605479d1ccdc927a8b3dddca1c47658eb12f14fe22f49bb774907f,2,video,,unavailable:not_persisted_per_task,0,100-150,0,14,12,,,,,,,,,,
dsr,dsr:68:0:3,68,134,6cb07a9f34605479d1ccdc927a8b3dddca1c47658eb12f14fe22f49bb774907f,3,video,,unavailable:not_persisted_per_task,0,100-150,0,14,12,,,,,,,,,,
dsr,dsr:68:1:0,68,134,2265829cde3373db4881e93c00b9baa231bebd4a7442c9a93f7699f65757f5b1,0,ad,,unavailable:not_persisted_per_task,0,100-150,1,5,4,,,,,,,,,,
dsr,dsr:68:1:1,68,134,2265829cde3373db4881e93c00b9baa231bebd4a7442c9a93f7699f65757f5b1,1,ad,,unavailable:not_persisted_per_task,0,100-150,1,5,4,,,,,,,,,,
dsr,dsr:68:1:2,68,134,2265829cde3373db4881e93c00b9baa231bebd4a7442c9a93f7699f65757f5b1,2,ad,,unavailable:not_persisted_per_task,0,100-150,1,5,4,,,,,,,,,,
dsr,dsr:68:1:3,68,134,2265829cde3373db4881e93c00b9baa231bebd4a7442c9a93f7699f65757f5b1,3,ad,,unavailable:not_persisted_per_task,0,100-150,1,5,4,,,,,,,,,,
dsr,dsr:68:2:0,68,134,3447ef18305a260a22097d338f7dd0493fc4337f826f0ae2402bd9431ee0547e,0,prod,,unavailable:not_persisted_per_task,0,100-150,2,2,1,,,,,,,,,,
dsr,dsr:68:2:1,68,134,3447ef18305a260a22097d338f7dd0493fc4337f826f0ae2402bd9431ee0547e,1,prod,,unavailable:not_persisted_per_task,0,100-150,2,2,1,,,,,,,,,,
dsr,dsr:68:2:2,68,134,3447ef18305a260a22097d338f7dd0493fc4337f826f0ae2402bd9431ee0547e,2,prod,,unavailable:not_persisted_per_task,0,100-150,2,2,1,,,,,,,,,,
dsr,dsr:68:2:3,68,134,3447ef18305a260a22097d338f7dd0493fc4337f826f0ae2402bd9431ee0547e,3,prod,,unavailable:not_persisted_per_task,0,100-150,2,2,1,,,,,,,,,,
dsr,dsr:68:3:0,68,134,c3f3f46fb3d5518acb4a975c373b1d6caba3d2faf9add77aa4cfc224634d4f5f,0,prod,,unavailable:not_persisted_per_task,0,100-150,3,2,2,,,,,,,,,,
dsr,dsr:68:3:1,68,134,c3f3f46fb3d5518acb4a975c373b1d6caba3d2faf9add77aa4cfc224634d4f5f,1,prod,,unavailable:not_persisted_per_task,0,100-150,3,2,2,,,,,,,,,,
dsr,dsr:68:3:2,68,134,c3f3f46fb3d5518acb4a975c373b1d6caba3d2faf9add77aa4cfc224634d4f5f,2,prod,,unavailable:not_persisted_per_task,0,100-150,3,2,2,,,,,,,,,,
dsr,dsr:68:3:3,68,134,c3f3f46fb3d5518acb4a975c373b1d6caba3d2faf9add77aa4cfc224634d4f5f,3,prod,,unavailable:not_persisted_per_task,0,100-150,3,2,2,,,,,,,,,,
dsr,dsr:73:0:0,73,144,088f1e67b7743d30d88414fb32637c59e3f2688e5b7bb703b08adb0578885af3,0,video,,unavailable:not_persisted_per_task,0,100-150,0,16,12,,3,3,1.0,1.0,0.2722591518304604,,,,
dsr,dsr:73:0:1,73,144,088f1e67b7743d30d88414fb32637c59e3f2688e5b7bb703b08adb0578885af3,1,video,,unavailable:not_persisted_per_task,0,100-150,0,16,12,,0,0,,0.0,0.399394368456956,,,,
dsr,dsr:73:0:2,73,144,088f1e67b7743d30d88414fb32637c59e3f2688e5b7bb703b08adb0578885af3,2,video,,unavailable:not_persisted_per_task,0,100-150,0,16,12,,,,,,,,,,
dsr,dsr:73:0:3,73,144,088f1e67b7743d30d88414fb32637c59e3f2688e5b7bb703b08adb0578885af3,3,video,,unavailable:not_persisted_per_task,0,100-150,0,16,12,,,,,,,,,,
dsr,dsr:73:1:0,73,144,5d0b68a1956bc3dd811f2aeb967b629ab6346192b32c0c59c03acb38ff10ed02,0,ad,,unavailable:not_persisted_per_task,0,100-150,1,3,3,,,,,,,,,,
dsr,dsr:73:1:1,73,144,5d0b68a1956bc3dd811f2aeb967b629ab6346192b32c0c59c03acb38ff10ed02,1,ad,,unavailable:not_persisted_per_task,0,100-150,1,3,3,,,,,,,,,,
dsr,dsr:73:1:2,73,144,5d0b68a1956bc3dd811f2aeb967b629ab6346192b32c0c59c03acb38ff10ed02,2,ad,,unavailable:not_persisted_per_task,0,100-150,1,3,3,,,,,,,,,,
dsr,dsr:73:1:3,73,144,5d0b68a1956bc3dd811f2aeb967b629ab6346192b32c0c59c03acb38ff10ed02,3,ad,,unavailable:not_persisted_per_task,0,100-150,1,3,3,,,,,,,,,,
dsr,dsr:73:2:0,73,144,970a2fc504dcc3bfe9a098b6f67d94dd713eaa71f5a81b50ff1cc799d153ec6e,0,video,,unavailable:not_persisted_per_task,0,100-150,2,15,13,,,,,,,,,,
dsr,dsr:73:2:1,73,144,970a2fc504dcc3bfe9a098b6f67d94dd713eaa71f5a81b50ff1cc799d153ec6e,1,video,,unavailable:not_persisted_per_task,0,100-150,2,15,13,,,,,,,,,,
dsr,dsr:73:2:2,73,144,970a2fc504dcc3bfe9a098b6f67d94dd713eaa71f5a81b50ff1cc799d153ec6e,2,video,,unavailable:not_persisted_per_task,0,100-150,2,15,13,,,,,,,,,,
dsr,dsr:73:2:3,73,144,970a2fc504dcc3bfe9a098b6f67d94dd713eaa71f5a81b50ff1cc799d153ec6e,3,video,,unavailable:not_persisted_per_task,0,100-150,2,15,13,,,,,,,,,,
dsr,dsr:73:3:0,73,144,afa63af1f633d4149a1c3a28f081476dee73cb31dc7e9c3a7e3c16b0be026339,0,video,,unavailable:not_persisted_per_task,0,100-150,3,14,14,,,,,,,,,,
dsr,dsr:73:3:1,73,144,afa63af1f633d4149a1c3a28f081476dee73cb31dc7e9c3a7e3c16b0be026339,1,video,,unavailable:not_persisted_per_task,0,100-150,3,14,14,,,,,,,,,,
dsr,dsr:73:3:2,73,144,afa63af1f633d4149a1c3a28f081476dee73cb31dc7e9c3a7e3c16b0be026339,2,video,,unavailable:not_persisted_per_task,0,100-150,3,14,14,,,,,,,,,,
dsr,dsr:73:3:3,73,144,afa63af1f633d4149a1c3a28f081476dee73cb31dc7e9c3a7e3c16b0be026339,3,video,,unavailable:not_persisted_per_task,0,100-150,3,14,14,,,,,,,,,,
dsr,dsr:74:0:0,74,146,555f4b5612361ada7dc25cdab202fcc8c27d9329005132538e4546a760ccf084,0,ad,,unavailable:not_persisted_per_task,0,100-150,0,2,2,,3,3,1.0,0.9761904761904762,0.7599601752714581,,,,
dsr,dsr:74:0:1,74,146,555f4b5612361ada7dc25cdab202fcc8c27d9329005132538e4546a760ccf084,1,ad,,unavailable:not_persisted_per_task,0,100-150,0,2,2,,3,3,1.0,1.0,0.7505240814944147,,,,
dsr,dsr:74:0:2,74,146,555f4b5612361ada7dc25cdab202fcc8c27d9329005132538e4546a760ccf084,2,ad,,unavailable:not_persisted_per_task,0,100-150,0,2,2,,,,,,,,,,
dsr,dsr:74:0:3,74,146,555f4b5612361ada7dc25cdab202fcc8c27d9329005132538e4546a760ccf084,3,ad,,unavailable:not_persisted_per_task,0,100-150,0,2,2,,,,,,,,,,
dsr,dsr:74:1:0,74,146,1abeacdef98debbce75392b9f3482d1ebda3c7a523cab76597e490e72b0fde3d,0,prod,,unavailable:not_persisted_per_task,0,100-150,1,2,2,,,,,,,,,,
dsr,dsr:74:1:1,74,146,1abeacdef98debbce75392b9f3482d1ebda3c7a523cab76597e490e72b0fde3d,1,prod,,unavailable:not_persisted_per_task,0,100-150,1,2,2,,,,,,,,,,
dsr,dsr:74:1:2,74,146,1abeacdef98debbce75392b9f3482d1ebda3c7a523cab76597e490e72b0fde3d,2,prod,,unavailable:not_persisted_per_task,0,100-150,1,2,2,,,,,,,,,,
dsr,dsr:74:1:3,74,146,1abeacdef98debbce75392b9f3482d1ebda3c7a523cab76597e490e72b0fde3d,3,prod,,unavailable:not_persisted_per_task,0,100-150,1,2,2,,,,,,,,,,
dsr,dsr:74:2:0,74,146,0d63ce67704c57832b525625092ca93a3d169ccd3e534f3e868b3fd92e8e9c80,0,living,,unavailable:not_persisted_per_task,0,100-150,2,2,1,,,,,,,,,,
dsr,dsr:74:2:1,74,146,0d63ce67704c57832b525625092ca93a3d169ccd3e534f3e868b3fd92e8e9c80,1,living,,unavailable:not_persisted_per_task,0,100-150,2,2,1,,,,,,,,,,
dsr,dsr:74:2:2,74,146,0d63ce67704c57832b525625092ca93a3d169ccd3e534f3e868b3fd92e8e9c80,2,living,,unavailable:not_persisted_per_task,0,100-150,2,2,1,,,,,,,,,,
dsr,dsr:74:2:3,74,146,0d63ce67704c57832b525625092ca93a3d169ccd3e534f3e868b3fd92e8e9c80,3,living,,unavailable:not_persisted_per_task,0,100-150,2,2,1,,,,,,,,,,
dsr,dsr:74:3:0,74,146,aeaad89f4ff836b72cacf6503749977d1fef8743304e656601454a6d281e4988,0,ad,,unavailable:not_persisted_per_task,0,100-150,3,2,2,,,,,,,,,,
dsr,dsr:74:3:1,74,146,aeaad89f4ff836b72cacf6503749977d1fef8743304e656601454a6d281e4988,1,ad,,unavailable:not_persisted_per_task,0,100-150,3,2,2,,,,,,,,,,
dsr,dsr:74:3:2,74,146,aeaad89f4ff836b72cacf6503749977d1fef8743304e656601454a6d281e4988,2,ad,,unavailable:not_persisted_per_task,0,100-150,3,2,2,,,,,,,,,,
dsr,dsr:74:3:3,74,146,aeaad89f4ff836b72cacf6503749977d1fef8743304e656601454a6d281e4988,3,ad,,unavailable:not_persisted_per_task,0,100-150,3,2,2,,,,,,,,,,
dsr,dsr:79:0:0,79,156,dbdc2b1e83f6950024974ccd14550fe2b9112dc429a99114137ec4a0778c2d26,0,video,,unavailable:not_persisted_per_task,0,150-200,0,15,12,,4,4,1.0,1.0,0.7102217001462481,,,,
dsr,dsr:79:0:1,79,156,dbdc2b1e83f6950024974ccd14550fe2b9112dc429a99114137ec4a0778c2d26,1,video,,unavailable:not_persisted_per_task,0,150-200,0,15,12,,4,4,1.0,1.0,0.6343531658498881,,,,
dsr,dsr:79:0:2,79,156,dbdc2b1e83f6950024974ccd14550fe2b9112dc429a99114137ec4a0778c2d26,2,video,,unavailable:not_persisted_per_task,0,150-200,0,15,12,,,,,,,,,,
dsr,dsr:79:0:3,79,156,dbdc2b1e83f6950024974ccd14550fe2b9112dc429a99114137ec4a0778c2d26,3,video,,unavailable:not_persisted_per_task,0,150-200,0,15,12,,,,,,,,,,
dsr,dsr:79:1:0,79,156,babc50ffd95f54c42ca738d732cb552dadb287d66aac1bc679514ba7eff8b42a,0,video,,unavailable:not_persisted_per_task,0,150-200,1,11,9,,,,,,,,,,
dsr,dsr:79:1:1,79,156,babc50ffd95f54c42ca738d732cb552dadb287d66aac1bc679514ba7eff8b42a,1,video,,unavailable:not_persisted_per_task,0,150-200,1,11,9,,,,,,,,,,
dsr,dsr:79:1:2,79,156,babc50ffd95f54c42ca738d732cb552dadb287d66aac1bc679514ba7eff8b42a,2,video,,unavailable:not_persisted_per_task,0,150-200,1,11,9,,,,,,,,,,
dsr,dsr:79:1:3,79,156,babc50ffd95f54c42ca738d732cb552dadb287d66aac1bc679514ba7eff8b42a,3,video,,unavailable:not_persisted_per_task,0,150-200,1,11,9,,,,,,,,,,
dsr,dsr:79:2:0,79,156,9d1e3633d5057ea877251ea0741babd775eff4d82ce8697a8a1ce1362e1b871b,0,ad,,unavailable:not_persisted_per_task,0,150-200,2,2,2,,,,,,,,,,
dsr,dsr:79:2:1,79,156,9d1e3633d5057ea877251ea0741babd775eff4d82ce8697a8a1ce1362e1b871b,1,ad,,unavailable:not_persisted_per_task,0,150-200,2,2,2,,,,,,,,,,
dsr,dsr:79:2:2,79,156,9d1e3633d5057ea877251ea0741babd775eff4d82ce8697a8a1ce1362e1b871b,2,ad,,unavailable:not_persisted_per_task,0,150-200,2,2,2,,,,,,,,,,
dsr,dsr:79:2:3,79,156,9d1e3633d5057ea877251ea0741babd775eff4d82ce8697a8a1ce1362e1b871b,3,ad,,unavailable:not_persisted_per_task,0,150-200,2,2,2,,,,,,,,,,
dsr,dsr:79:3:0,79,156,c017412042a6c52384996c53924bdc9318844a7b572b34cb1f13e6f7529ed6f4,0,video,,unavailable:not_persisted_per_task,0,150-200,3,13,8,,,,,,,,,,
dsr,dsr:79:3:1,79,156,c017412042a6c52384996c53924bdc9318844a7b572b34cb1f13e6f7529ed6f4,1,video,,unavailable:not_persisted_per_task,0,150-200,3,13,8,,,,,,,,,,
dsr,dsr:79:3:2,79,156,c017412042a6c52384996c53924bdc9318844a7b572b34cb1f13e6f7529ed6f4,2,video,,unavailable:not_persisted_per_task,0,150-200,3,13,8,,,,,,,,,,
dsr,dsr:79:3:3,79,156,c017412042a6c52384996c53924bdc9318844a7b572b34cb1f13e6f7529ed6f4,3,video,,unavailable:not_persisted_per_task,0,150-200,3,13,8,,,,,,,,,,
dsr,dsr:80:0:0,80,158,1e69a31d62cece5fd7a4f6155c0dc1f441d5f7b7609287c44f893e8a2c0fa63d,0,prod,0,observed_directly:trace_every20,29,150-200,0,3,2,866,4,4,1.0,1.0,0.6114851627526101,cot_only_saturated_or_other,8.25,True,
dsr,dsr:80:0:1,80,158,1e69a31d62cece5fd7a4f6155c0dc1f441d5f7b7609287c44f893e8a2c0fa63d,1,prod,0,observed_directly:trace_every20,29,150-200,0,3,2,826,4,2,0.5,1.0,0.6237847476377281,cot_only_saturated_or_other,8.25,True,
dsr,dsr:80:0:2,80,158,1e69a31d62cece5fd7a4f6155c0dc1f441d5f7b7609287c44f893e8a2c0fa63d,2,prod,0,observed_directly:trace_every20,29,150-200,0,3,2,863,4,4,1.0,1.0,0.6061278124459133,cot_only_saturated_or_other,8.25,True,
dsr,dsr:80:0:3,80,158,1e69a31d62cece5fd7a4f6155c0dc1f441d5f7b7609287c44f893e8a2c0fa63d,3,prod,0,observed_directly:trace_every20,29,150-200,0,3,2,777,3,3,1.0,1.0,0.6619371393824127,cot_only_saturated_or_other,8.25,True,
dsr,dsr:80:1:0,80,158,d40d72043402551a5b0e55070ef1dd7b28299bec9b1a1ff15bc23b36c0077f87,0,living,,unavailable:not_persisted_per_task,29,150-200,1,2,2,,,,,,,,,,
dsr,dsr:80:1:1,80,158,d40d72043402551a5b0e55070ef1dd7b28299bec9b1a1ff15bc23b36c0077f87,1,living,,unavailable:not_persisted_per_task,29,150-200,1,2,2,,,,,,,,,,
dsr,dsr:80:1:2,80,158,d40d72043402551a5b0e55070ef1dd7b28299bec9b1a1ff15bc23b36c0077f87,2,living,,unavailable:not_persisted_per_task,29,150-200,1,2,2,,,,,,,,,,
dsr,dsr:80:1:3,80,158,d40d72043402551a5b0e55070ef1dd7b28299bec9b1a1ff15bc23b36c0077f87,3,living,,unavailable:not_persisted_per_task,29,150-200,1,2,2,,,,,,,,,,
dsr,dsr:80:2:0,80,158,6d525c80cb7c8be63ccd444966c1c86688bed9dc6dd10c1b5d5847dd64e29bab,0,prod,,unavailable:not_persisted_per_task,29,150-200,2,3,3,,,,,,,,,,
dsr,dsr:80:2:1,80,158,6d525c80cb7c8be63ccd444966c1c86688bed9dc6dd10c1b5d5847dd64e29bab,1,prod,,unavailable:not_persisted_per_task,29,150-200,2,3,3,,,,,,,,,,
dsr,dsr:80:2:2,80,158,6d525c80cb7c8be63ccd444966c1c86688bed9dc6dd10c1b5d5847dd64e29bab,2,prod,,unavailable:not_persisted_per_task,29,150-200,2,3,3,,,,,,,,,,
dsr,dsr:80:2:3,80,158,6d525c80cb7c8be63ccd444966c1c86688bed9dc6dd10c1b5d5847dd64e29bab,3,prod,,unavailable:not_persisted_per_task,29,150-200,2,3,3,,,,,,,,,,
dsr,dsr:80:3:0,80,158,11364711f75e1a131a594bb279de9aa80b485176848a268184a0e2ed57d0f64f,0,video,,unavailable:not_persisted_per_task,29,150-200,3,20,13,,,,,,,,,,
dsr,dsr:80:3:1,80,158,11364711f75e1a131a594bb279de9aa80b485176848a268184a0e2ed57d0f64f,1,video,,unavailable:not_persisted_per_task,29,150-200,3,20,13,,,,,,,,,,
dsr,dsr:80:3:2,80,158,11364711f75e1a131a594bb279de9aa80b485176848a268184a0e2ed57d0f64f,2,video,,unavailable:not_persisted_per_task,29,150-200,3,20,13,,,,,,,,,,
dsr,dsr:80:3:3,80,158,11364711f75e1a131a594bb279de9aa80b485176848a268184a0e2ed57d0f64f,3,video,,unavailable:not_persisted_per_task,29,150-200,3,20,13,,,,,,,,,,
dsr,dsr:85:0:0,85,168,a88e7f254ed1a874ee3e5c2da321835a799e2ea2292ba5e0c17d38dd83b2bfe9,0,prod,,unavailable:not_persisted_per_task,0,150-200,0,2,2,,3,3,1.0,1.0,0.5327819531114785,,,,
dsr,dsr:85:0:1,85,168,a88e7f254ed1a874ee3e5c2da321835a799e2ea2292ba5e0c17d38dd83b2bfe9,1,prod,,unavailable:not_persisted_per_task,0,150-200,0,2,2,,4,0,0.0,0.0,0.4222589881390797,,,,
dsr,dsr:85:0:2,85,168,a88e7f254ed1a874ee3e5c2da321835a799e2ea2292ba5e0c17d38dd83b2bfe9,2,prod,,unavailable:not_persisted_per_task,0,150-200,0,2,2,,,,,,,,,,
dsr,dsr:85:0:3,85,168,a88e7f254ed1a874ee3e5c2da321835a799e2ea2292ba5e0c17d38dd83b2bfe9,3,prod,,unavailable:not_persisted_per_task,0,150-200,0,2,2,,,,,,,,,,
dsr,dsr:85:1:0,85,168,9d59ee7e816876bfd6de164fd43b9e3d43f37cc140235dfd981b7ac1379c0bbc,0,living,,unavailable:not_persisted_per_task,0,150-200,1,2,2,,,,,,,,,,
dsr,dsr:85:1:1,85,168,9d59ee7e816876bfd6de164fd43b9e3d43f37cc140235dfd981b7ac1379c0bbc,1,living,,unavailable:not_persisted_per_task,0,150-200,1,2,2,,,,,,,,,,
dsr,dsr:85:1:2,85,168,9d59ee7e816876bfd6de164fd43b9e3d43f37cc140235dfd981b7ac1379c0bbc,2,living,,unavailable:not_persisted_per_task,0,150-200,1,2,2,,,,,,,,,,
dsr,dsr:85:1:3,85,168,9d59ee7e816876bfd6de164fd43b9e3d43f37cc140235dfd981b7ac1379c0bbc,3,living,,unavailable:not_persisted_per_task,0,150-200,1,2,2,,,,,,,,,,
dsr,dsr:85:2:0,85,168,8346f83b1e8184f4e3f4455397f79f8e657530407540be80f1ef030fb5f7efdb,0,prod,,unavailable:not_persisted_per_task,0,150-200,2,2,1,,,,,,,,,,
dsr,dsr:85:2:1,85,168,8346f83b1e8184f4e3f4455397f79f8e657530407540be80f1ef030fb5f7efdb,1,prod,,unavailable:not_persisted_per_task,0,150-200,2,2,1,,,,,,,,,,
dsr,dsr:85:2:2,85,168,8346f83b1e8184f4e3f4455397f79f8e657530407540be80f1ef030fb5f7efdb,2,prod,,unavailable:not_persisted_per_task,0,150-200,2,2,1,,,,,,,,,,
dsr,dsr:85:2:3,85,168,8346f83b1e8184f4e3f4455397f79f8e657530407540be80f1ef030fb5f7efdb,3,prod,,unavailable:not_persisted_per_task,0,150-200,2,2,1,,,,,,,,,,
dsr,dsr:85:3:0,85,168,31c0cd92985b7f2a76db78a439db59f89949f27c0babb5af84a51eeb9d39d241,0,video,,unavailable:not_persisted_per_task,0,150-200,3,19,15,,,,,,,,,,
dsr,dsr:85:3:1,85,168,31c0cd92985b7f2a76db78a439db59f89949f27c0babb5af84a51eeb9d39d241,1,video,,unavailable:not_persisted_per_task,0,150-200,3,19,15,,,,,,,,,,
dsr,dsr:85:3:2,85,168,31c0cd92985b7f2a76db78a439db59f89949f27c0babb5af84a51eeb9d39d241,2,video,,unavailable:not_persisted_per_task,0,150-200,3,19,15,,,,,,,,,,
dsr,dsr:85:3:3,85,168,31c0cd92985b7f2a76db78a439db59f89949f27c0babb5af84a51eeb9d39d241,3,video,,unavailable:not_persisted_per_task,0,150-200,3,19,15,,,,,,,,,,
dsr,dsr:86:0:0,86,170,216f2e0d7fd240a05230a9b98fe069bedd68626b547fbc3ba4fb6bbf6be74554,0,prod,,unavailable:not_persisted_per_task,0,150-200,0,2,2,,0,0,,0.0,0.5407070731171515,,,,
dsr,dsr:86:0:1,86,170,216f2e0d7fd240a05230a9b98fe069bedd68626b547fbc3ba4fb6bbf6be74554,1,prod,,unavailable:not_persisted_per_task,0,150-200,0,2,2,,4,3,0.75,1.0,0.6829434002924966,,,,
dsr,dsr:86:0:2,86,170,216f2e0d7fd240a05230a9b98fe069bedd68626b547fbc3ba4fb6bbf6be74554,2,prod,,unavailable:not_persisted_per_task,0,150-200,0,2,2,,,,,,,,,,
dsr,dsr:86:0:3,86,170,216f2e0d7fd240a05230a9b98fe069bedd68626b547fbc3ba4fb6bbf6be74554,3,prod,,unavailable:not_persisted_per_task,0,150-200,0,2,2,,,,,,,,,,
dsr,dsr:86:1:0,86,170,c8aafede16125b5f0d90aed2b85d9823d0469d79989628571aa822214714e033,0,ad,,unavailable:not_persisted_per_task,0,150-200,1,2,2,,,,,,,,,,
dsr,dsr:86:1:1,86,170,c8aafede16125b5f0d90aed2b85d9823d0469d79989628571aa822214714e033,1,ad,,unavailable:not_persisted_per_task,0,150-200,1,2,2,,,,,,,,,,
dsr,dsr:86:1:2,86,170,c8aafede16125b5f0d90aed2b85d9823d0469d79989628571aa822214714e033,2,ad,,unavailable:not_persisted_per_task,0,150-200,1,2,2,,,,,,,,,,
dsr,dsr:86:1:3,86,170,c8aafede16125b5f0d90aed2b85d9823d0469d79989628571aa822214714e033,3,ad,,unavailable:not_persisted_per_task,0,150-200,1,2,2,,,,,,,,,,
dsr,dsr:86:2:0,86,170,a73f751be9c4d0fa5f9b9623176a52ef7c5066a6321160272646c0cae31f1905,0,video,,unavailable:not_persisted_per_task,0,150-200,2,11,9,,,,,,,,,,
dsr,dsr:86:2:1,86,170,a73f751be9c4d0fa5f9b9623176a52ef7c5066a6321160272646c0cae31f1905,1,video,,unavailable:not_persisted_per_task,0,150-200,2,11,9,,,,,,,,,,
dsr,dsr:86:2:2,86,170,a73f751be9c4d0fa5f9b9623176a52ef7c5066a6321160272646c0cae31f1905,2,video,,unavailable:not_persisted_per_task,0,150-200,2,11,9,,,,,,,,,,
dsr,dsr:86:2:3,86,170,a73f751be9c4d0fa5f9b9623176a52ef7c5066a6321160272646c0cae31f1905,3,video,,unavailable:not_persisted_per_task,0,150-200,2,11,9,,,,,,,,,,
dsr,dsr:86:3:0,86,170,2c65d4ea518bb211a1912fcf17ad3c59159cad840462958368f3964fd348f45a,0,ad,,unavailable:not_persisted_per_task,0,150-200,3,2,2,,,,,,,,,,
dsr,dsr:86:3:1,86,170,2c65d4ea518bb211a1912fcf17ad3c59159cad840462958368f3964fd348f45a,1,ad,,unavailable:not_persisted_per_task,0,150-200,3,2,2,,,,,,,,,,
dsr,dsr:86:3:2,86,170,2c65d4ea518bb211a1912fcf17ad3c59159cad840462958368f3964fd348f45a,2,ad,,unavailable:not_persisted_per_task,0,150-200,3,2,2,,,,,,,,,,
dsr,dsr:86:3:3,86,170,2c65d4ea518bb211a1912fcf17ad3c59159cad840462958368f3964fd348f45a,3,ad,,unavailable:not_persisted_per_task,0,150-200,3,2,2,,,,,,,,,,
dsr,dsr:91:0:0,91,180,bba5b030faadcf76800e36c9700cbec005e87580580150452877df4458e57ba1,0,video,,unavailable:not_persisted_per_task,0,150-200,0,16,15,,4,4,1.0,1.0,0.4718014106638974,,,,
dsr,dsr:91:0:1,91,180,bba5b030faadcf76800e36c9700cbec005e87580580150452877df4458e57ba1,1,video,,unavailable:not_persisted_per_task,0,150-200,0,16,15,,3,3,1.0,1.0,0.5744372102990597,,,,
dsr,dsr:91:0:2,91,180,bba5b030faadcf76800e36c9700cbec005e87580580150452877df4458e57ba1,2,video,,unavailable:not_persisted_per_task,0,150-200,0,16,15,,,,,,,,,,
dsr,dsr:91:0:3,91,180,bba5b030faadcf76800e36c9700cbec005e87580580150452877df4458e57ba1,3,video,,unavailable:not_persisted_per_task,0,150-200,0,16,15,,,,,,,,,,
dsr,dsr:91:1:0,91,180,06551b1a41909c7a5024bff8c91c1fee48439a436243547b2e69d0b5b91ab29c,0,prod,,unavailable:not_persisted_per_task,0,150-200,1,2,1,,,,,,,,,,
dsr,dsr:91:1:1,91,180,06551b1a41909c7a5024bff8c91c1fee48439a436243547b2e69d0b5b91ab29c,1,prod,,unavailable:not_persisted_per_task,0,150-200,1,2,1,,,,,,,,,,
dsr,dsr:91:1:2,91,180,06551b1a41909c7a5024bff8c91c1fee48439a436243547b2e69d0b5b91ab29c,2,prod,,unavailable:not_persisted_per_task,0,150-200,1,2,1,,,,,,,,,,
dsr,dsr:91:1:3,91,180,06551b1a41909c7a5024bff8c91c1fee48439a436243547b2e69d0b5b91ab29c,3,prod,,unavailable:not_persisted_per_task,0,150-200,1,2,1,,,,,,,,,,
dsr,dsr:91:2:0,91,180,e5c10d32bb476707138fd008dde354ee5f0e6d35c3fb3b02bc295defd00e2296,0,video,,unavailable:not_persisted_per_task,0,150-200,2,13,12,,,,,,,,,,
dsr,dsr:91:2:1,91,180,e5c10d32bb476707138fd008dde354ee5f0e6d35c3fb3b02bc295defd00e2296,1,video,,unavailable:not_persisted_per_task,0,150-200,2,13,12,,,,,,,,,,
dsr,dsr:91:2:2,91,180,e5c10d32bb476707138fd008dde354ee5f0e6d35c3fb3b02bc295defd00e2296,2,video,,unavailable:not_persisted_per_task,0,150-200,2,13,12,,,,,,,,,,
dsr,dsr:91:2:3,91,180,e5c10d32bb476707138fd008dde354ee5f0e6d35c3fb3b02bc295defd00e2296,3,video,,unavailable:not_persisted_per_task,0,150-200,2,13,12,,,,,,,,,,
dsr,dsr:91:3:0,91,180,b87cdc0f8e1d7668ee5e674a725af6b6614d5892cfafbc02dde600ec63c7ab76,0,video,,unavailable:not_persisted_per_task,0,150-200,3,20,13,,,,,,,,,,
dsr,dsr:91:3:1,91,180,b87cdc0f8e1d7668ee5e674a725af6b6614d5892cfafbc02dde600ec63c7ab76,1,video,,unavailable:not_persisted_per_task,0,150-200,3,20,13,,,,,,,,,,
dsr,dsr:91:3:2,91,180,b87cdc0f8e1d7668ee5e674a725af6b6614d5892cfafbc02dde600ec63c7ab76,2,video,,unavailable:not_persisted_per_task,0,150-200,3,20,13,,,,,,,,,,
dsr,dsr:91:3:3,91,180,b87cdc0f8e1d7668ee5e674a725af6b6614d5892cfafbc02dde600ec63c7ab76,3,video,,unavailable:not_persisted_per_task,0,150-200,3,20,13,,,,,,,,,,
dsr,dsr:92:0:0,92,182,327d6f60fc454d552f6c7d399d02c1baa2c07b72958ee9f8dc4870bd89b1a092,0,living,,unavailable:not_persisted_per_task,0,150-200,0,2,2,,3,3,1.0,1.0,0.3358351884903946,,,,
dsr,dsr:92:0:1,92,182,327d6f60fc454d552f6c7d399d02c1baa2c07b72958ee9f8dc4870bd89b1a092,1,living,,unavailable:not_persisted_per_task,0,150-200,0,2,2,,3,3,1.0,1.0,0.3161880404012846,,,,
dsr,dsr:92:0:2,92,182,327d6f60fc454d552f6c7d399d02c1baa2c07b72958ee9f8dc4870bd89b1a092,2,living,,unavailable:not_persisted_per_task,0,150-200,0,2,2,,,,,,,,,,
dsr,dsr:92:0:3,92,182,327d6f60fc454d552f6c7d399d02c1baa2c07b72958ee9f8dc4870bd89b1a092,3,living,,unavailable:not_persisted_per_task,0,150-200,0,2,2,,,,,,,,,,
dsr,dsr:92:1:0,92,182,d24a52c829b5e75afffb8608a25031997b38272b51c9d3f547c949422ee0b90d,0,ad,,unavailable:not_persisted_per_task,0,150-200,1,5,5,,,,,,,,,,
dsr,dsr:92:1:1,92,182,d24a52c829b5e75afffb8608a25031997b38272b51c9d3f547c949422ee0b90d,1,ad,,unavailable:not_persisted_per_task,0,150-200,1,5,5,,,,,,,,,,
dsr,dsr:92:1:2,92,182,d24a52c829b5e75afffb8608a25031997b38272b51c9d3f547c949422ee0b90d,2,ad,,unavailable:not_persisted_per_task,0,150-200,1,5,5,,,,,,,,,,
dsr,dsr:92:1:3,92,182,d24a52c829b5e75afffb8608a25031997b38272b51c9d3f547c949422ee0b90d,3,ad,,unavailable:not_persisted_per_task,0,150-200,1,5,5,,,,,,,,,,
dsr,dsr:92:2:0,92,182,ea0f739a505528c1504a72a5d97bc5544cacdf1dbbb98c38c6bb166b2d55ee9c,0,ad,,unavailable:not_persisted_per_task,0,150-200,2,5,3,,,,,,,,,,
dsr,dsr:92:2:1,92,182,ea0f739a505528c1504a72a5d97bc5544cacdf1dbbb98c38c6bb166b2d55ee9c,1,ad,,unavailable:not_persisted_per_task,0,150-200,2,5,3,,,,,,,,,,
dsr,dsr:92:2:2,92,182,ea0f739a505528c1504a72a5d97bc5544cacdf1dbbb98c38c6bb166b2d55ee9c,2,ad,,unavailable:not_persisted_per_task,0,150-200,2,5,3,,,,,,,,,,
dsr,dsr:92:2:3,92,182,ea0f739a505528c1504a72a5d97bc5544cacdf1dbbb98c38c6bb166b2d55ee9c,3,ad,,unavailable:not_persisted_per_task,0,150-200,2,5,3,,,,,,,,,,
dsr,dsr:92:3:0,92,182,760e9cc6bcf405bf8a3625aefa027f66cd580f0eb5f81712b8a64096620e94be,0,video,,unavailable:not_persisted_per_task,0,150-200,3,20,13,,,,,,,,,,
dsr,dsr:92:3:1,92,182,760e9cc6bcf405bf8a3625aefa027f66cd580f0eb5f81712b8a64096620e94be,1,video,,unavailable:not_persisted_per_task,0,150-200,3,20,13,,,,,,,,,,
dsr,dsr:92:3:2,92,182,760e9cc6bcf405bf8a3625aefa027f66cd580f0eb5f81712b8a64096620e94be,2,video,,unavailable:not_persisted_per_task,0,150-200,3,20,13,,,,,,,,,,
dsr,dsr:92:3:3,92,182,760e9cc6bcf405bf8a3625aefa027f66cd580f0eb5f81712b8a64096620e94be,3,video,,unavailable:not_persisted_per_task,0,150-200,3,20,13,,,,,,,,,,
dsr,dsr:97:0:0,97,192,15617a4b50054f1364eb61474c0dd0ecae0518132a4283e8abac0de9b2a75587,0,prod,,unavailable:not_persisted_per_task,0,150-200,0,2,2,,3,3,1.0,1.0,0.05974547231656378,,,,
dsr,dsr:97:0:1,97,192,15617a4b50054f1364eb61474c0dd0ecae0518132a4283e8abac0de9b2a75587,1,prod,,unavailable:not_persisted_per_task,0,150-200,0,2,2,,4,3,0.75,1.0,0.4179670853469496,,,,
dsr,dsr:97:0:2,97,192,15617a4b50054f1364eb61474c0dd0ecae0518132a4283e8abac0de9b2a75587,2,prod,,unavailable:not_persisted_per_task,0,150-200,0,2,2,,,,,,,,,,
dsr,dsr:97:0:3,97,192,15617a4b50054f1364eb61474c0dd0ecae0518132a4283e8abac0de9b2a75587,3,prod,,unavailable:not_persisted_per_task,0,150-200,0,2,2,,,,,,,,,,
dsr,dsr:97:1:0,97,192,46cffa95d4666375cef8cf1e1cc9f23fd14cdacb44ddcaec414fc716d1f67ff2,0,living,,unavailable:not_persisted_per_task,0,150-200,1,2,1,,,,,,,,,,
dsr,dsr:97:1:1,97,192,46cffa95d4666375cef8cf1e1cc9f23fd14cdacb44ddcaec414fc716d1f67ff2,1,living,,unavailable:not_persisted_per_task,0,150-200,1,2,1,,,,,,,,,,
dsr,dsr:97:1:2,97,192,46cffa95d4666375cef8cf1e1cc9f23fd14cdacb44ddcaec414fc716d1f67ff2,2,living,,unavailable:not_persisted_per_task,0,150-200,1,2,1,,,,,,,,,,
dsr,dsr:97:1:3,97,192,46cffa95d4666375cef8cf1e1cc9f23fd14cdacb44ddcaec414fc716d1f67ff2,3,living,,unavailable:not_persisted_per_task,0,150-200,1,2,1,,,,,,,,,,
dsr,dsr:97:2:0,97,192,4c1e5e1af4579acea16bccde01348c97c8c5d0a39f0b396b22c1cbb1c9663386,0,prod,,unavailable:not_persisted_per_task,0,150-200,2,3,1,,,,,,,,,,
dsr,dsr:97:2:1,97,192,4c1e5e1af4579acea16bccde01348c97c8c5d0a39f0b396b22c1cbb1c9663386,1,prod,,unavailable:not_persisted_per_task,0,150-200,2,3,1,,,,,,,,,,
dsr,dsr:97:2:2,97,192,4c1e5e1af4579acea16bccde01348c97c8c5d0a39f0b396b22c1cbb1c9663386,2,prod,,unavailable:not_persisted_per_task,0,150-200,2,3,1,,,,,,,,,,
dsr,dsr:97:2:3,97,192,4c1e5e1af4579acea16bccde01348c97c8c5d0a39f0b396b22c1cbb1c9663386,3,prod,,unavailable:not_persisted_per_task,0,150-200,2,3,1,,,,,,,,,,
dsr,dsr:97:3:0,97,192,6a3aa2c8c35a2221423c4e7cd1ee06f53237251b80e538151165a7f3a8de9f35,0,prod,,unavailable:not_persisted_per_task,0,150-200,3,2,1,,,,,,,,,,
dsr,dsr:97:3:1,97,192,6a3aa2c8c35a2221423c4e7cd1ee06f53237251b80e538151165a7f3a8de9f35,1,prod,,unavailable:not_persisted_per_task,0,150-200,3,2,1,,,,,,,,,,
dsr,dsr:97:3:2,97,192,6a3aa2c8c35a2221423c4e7cd1ee06f53237251b80e538151165a7f3a8de9f35,2,prod,,unavailable:not_persisted_per_task,0,150-200,3,2,1,,,,,,,,,,
dsr,dsr:97:3:3,97,192,6a3aa2c8c35a2221423c4e7cd1ee06f53237251b80e538151165a7f3a8de9f35,3,prod,,unavailable:not_persisted_per_task,0,150-200,3,2,1,,,,,,,,,,
dsr,dsr:98:0:0,98,194,b190ca45928880ffbaf5abbe3dda7b1ab3465fa7bc3177b1a5cb93c71d491e9f,0,ad,,unavailable:not_persisted_per_task,0,150-200,0,2,2,,3,3,1.0,1.0,0.6963455357739472,,,,
dsr,dsr:98:0:1,98,194,b190ca45928880ffbaf5abbe3dda7b1ab3465fa7bc3177b1a5cb93c71d491e9f,1,ad,,unavailable:not_persisted_per_task,0,150-200,0,2,2,,4,4,1.0,1.0,0.7038495125921614,,,,
dsr,dsr:98:0:2,98,194,b190ca45928880ffbaf5abbe3dda7b1ab3465fa7bc3177b1a5cb93c71d491e9f,2,ad,,unavailable:not_persisted_per_task,0,150-200,0,2,2,,,,,,,,,,
dsr,dsr:98:0:3,98,194,b190ca45928880ffbaf5abbe3dda7b1ab3465fa7bc3177b1a5cb93c71d491e9f,3,ad,,unavailable:not_persisted_per_task,0,150-200,0,2,2,,,,,,,,,,
dsr,dsr:98:1:0,98,194,fec61e1bdf75915d7f8aa2c188114fbab95e103164c14437238d6ae5810c0e5c,0,ad,,unavailable:not_persisted_per_task,0,150-200,1,2,2,,,,,,,,,,
dsr,dsr:98:1:1,98,194,fec61e1bdf75915d7f8aa2c188114fbab95e103164c14437238d6ae5810c0e5c,1,ad,,unavailable:not_persisted_per_task,0,150-200,1,2,2,,,,,,,,,,
dsr,dsr:98:1:2,98,194,fec61e1bdf75915d7f8aa2c188114fbab95e103164c14437238d6ae5810c0e5c,2,ad,,unavailable:not_persisted_per_task,0,150-200,1,2,2,,,,,,,,,,
dsr,dsr:98:1:3,98,194,fec61e1bdf75915d7f8aa2c188114fbab95e103164c14437238d6ae5810c0e5c,3,ad,,unavailable:not_persisted_per_task,0,150-200,1,2,2,,,,,,,,,,
dsr,dsr:98:2:0,98,194,fa3e0a9da81f1fe9f2b754f64a6bbc67cfdf34ed2e85697a61a4a470ae201532,0,ad,,unavailable:not_persisted_per_task,0,150-200,2,2,1,,,,,,,,,,
dsr,dsr:98:2:1,98,194,fa3e0a9da81f1fe9f2b754f64a6bbc67cfdf34ed2e85697a61a4a470ae201532,1,ad,,unavailable:not_persisted_per_task,0,150-200,2,2,1,,,,,,,,,,
dsr,dsr:98:2:2,98,194,fa3e0a9da81f1fe9f2b754f64a6bbc67cfdf34ed2e85697a61a4a470ae201532,2,ad,,unavailable:not_persisted_per_task,0,150-200,2,2,1,,,,,,,,,,
dsr,dsr:98:2:3,98,194,fa3e0a9da81f1fe9f2b754f64a6bbc67cfdf34ed2e85697a61a4a470ae201532,3,ad,,unavailable:not_persisted_per_task,0,150-200,2,2,1,,,,,,,,,,
dsr,dsr:98:3:0,98,194,89bffa3d15cb79ddde499c84c445f9d53e6c54d94267b88d41a571c5b9b829d0,0,prod,,unavailable:not_persisted_per_task,0,150-200,3,2,2,,,,,,,,,,
dsr,dsr:98:3:1,98,194,89bffa3d15cb79ddde499c84c445f9d53e6c54d94267b88d41a571c5b9b829d0,1,prod,,unavailable:not_persisted_per_task,0,150-200,3,2,2,,,,,,,,,,
dsr,dsr:98:3:2,98,194,89bffa3d15cb79ddde499c84c445f9d53e6c54d94267b88d41a571c5b9b829d0,2,prod,,unavailable:not_persisted_per_task,0,150-200,3,2,2,,,,,,,,,,
dsr,dsr:98:3:3,98,194,89bffa3d15cb79ddde499c84c445f9d53e6c54d94267b88d41a571c5b9b829d0,3,prod,,unavailable:not_persisted_per_task,0,150-200,3,2,2,,,,,,,,,,
baseline,baseline:1:0:0,1,0,0d3b5e5ef4df6c333ca9f556c22b3e9e9f43c4995baed7a833977eedfb537a84,0,living,,unavailable:not_persisted_per_task,0,0-50,0,2,1,,,,,,,,,,
baseline,baseline:1:0:1,1,0,0d3b5e5ef4df6c333ca9f556c22b3e9e9f43c4995baed7a833977eedfb537a84,1,living,,unavailable:not_persisted_per_task,0,0-50,0,2,1,,,,,,,,,,
baseline,baseline:1:0:2,1,0,0d3b5e5ef4df6c333ca9f556c22b3e9e9f43c4995baed7a833977eedfb537a84,2,living,,unavailable:not_persisted_per_task,0,0-50,0,2,1,,,,,,,,,,
baseline,baseline:1:0:3,1,0,0d3b5e5ef4df6c333ca9f556c22b3e9e9f43c4995baed7a833977eedfb537a84,3,living,,unavailable:not_persisted_per_task,0,0-50,0,2,1,,,,,,,,,,
baseline,baseline:1:1:0,1,0,5312b41c5a6b8ac1fdbe5a0211cbfaf002533367a177c86d9595bbab0ca19090,0,prod,,unavailable:not_persisted_per_task,0,0-50,1,2,1,,,,,,,,,,
baseline,baseline:1:1:1,1,0,5312b41c5a6b8ac1fdbe5a0211cbfaf002533367a177c86d9595bbab0ca19090,1,prod,,unavailable:not_persisted_per_task,0,0-50,1,2,1,,,,,,,,,,
baseline,baseline:1:1:2,1,0,5312b41c5a6b8ac1fdbe5a0211cbfaf002533367a177c86d9595bbab0ca19090,2,prod,,unavailable:not_persisted_per_task,0,0-50,1,2,1,,,,,,,,,,
baseline,baseline:1:1:3,1,0,5312b41c5a6b8ac1fdbe5a0211cbfaf002533367a177c86d9595bbab0ca19090,3,prod,,unavailable:not_persisted_per_task,0,0-50,1,2,1,,,,,,,,,,
baseline,baseline:1:2:0,1,0,5ea4740a4656ed1e8e8f7981641afed8ced421efcf5672a4502270b8ac043631,0,ad,,unavailable:not_persisted_per_task,0,0-50,2,2,2,,,,,,,,,,
baseline,baseline:1:2:1,1,0,5ea4740a4656ed1e8e8f7981641afed8ced421efcf5672a4502270b8ac043631,1,ad,,unavailable:not_persisted_per_task,0,0-50,2,2,2,,,,,,,,,,
baseline,baseline:1:2:2,1,0,5ea4740a4656ed1e8e8f7981641afed8ced421efcf5672a4502270b8ac043631,2,ad,,unavailable:not_persisted_per_task,0,0-50,2,2,2,,,,,,,,,,
baseline,baseline:1:2:3,1,0,5ea4740a4656ed1e8e8f7981641afed8ced421efcf5672a4502270b8ac043631,3,ad,,unavailable:not_persisted_per_task,0,0-50,2,2,2,,,,,,,,,,
baseline,baseline:1:3:0,1,0,dea6a49f8f2209c89897a1dfd297db748f89f0011487d3f0039c5e74adfbb201,0,ad,,unavailable:not_persisted_per_task,0,0-50,3,2,2,,,,,,,,,,
baseline,baseline:1:3:1,1,0,dea6a49f8f2209c89897a1dfd297db748f89f0011487d3f0039c5e74adfbb201,1,ad,,unavailable:not_persisted_per_task,0,0-50,3,2,2,,,,,,,,,,
baseline,baseline:1:3:2,1,0,dea6a49f8f2209c89897a1dfd297db748f89f0011487d3f0039c5e74adfbb201,2,ad,,unavailable:not_persisted_per_task,0,0-50,3,2,2,,,,,,,,,,
baseline,baseline:1:3:3,1,0,dea6a49f8f2209c89897a1dfd297db748f89f0011487d3f0039c5e74adfbb201,3,ad,,unavailable:not_persisted_per_task,0,0-50,3,2,2,,,,,,,,,,
baseline,baseline:2:0:0,2,2,775d2c1d73b635f501a0f4bc9da6024002fecb009894b9d6fbdb1cb3fbd0ba72,0,ad,,unavailable:not_persisted_per_task,1,0-50,0,2,2,,,,,,,,,,
baseline,baseline:2:0:1,2,2,775d2c1d73b635f501a0f4bc9da6024002fecb009894b9d6fbdb1cb3fbd0ba72,1,ad,,unavailable:not_persisted_per_task,1,0-50,0,2,2,,,,,,,,,,
baseline,baseline:2:0:2,2,2,775d2c1d73b635f501a0f4bc9da6024002fecb009894b9d6fbdb1cb3fbd0ba72,2,ad,,unavailable:not_persisted_per_task,1,0-50,0,2,2,,,,,,,,,,
baseline,baseline:2:0:3,2,2,775d2c1d73b635f501a0f4bc9da6024002fecb009894b9d6fbdb1cb3fbd0ba72,3,ad,,unavailable:not_persisted_per_task,1,0-50,0,2,2,,,,,,,,,,
baseline,baseline:2:1:0,2,2,f2a93244b0b82a2194e1cd15375c3293287c9e6553ecd5f38e7f390b0062e7a8,0,video,,unavailable:not_persisted_per_task,1,0-50,1,18,16,,,,,,,,,,
baseline,baseline:2:1:1,2,2,f2a93244b0b82a2194e1cd15375c3293287c9e6553ecd5f38e7f390b0062e7a8,1,video,,unavailable:not_persisted_per_task,1,0-50,1,18,16,,,,,,,,,,
baseline,baseline:2:1:2,2,2,f2a93244b0b82a2194e1cd15375c3293287c9e6553ecd5f38e7f390b0062e7a8,2,video,,unavailable:not_persisted_per_task,1,0-50,1,18,16,,,,,,,,,,
baseline,baseline:2:1:3,2,2,f2a93244b0b82a2194e1cd15375c3293287c9e6553ecd5f38e7f390b0062e7a8,3,video,,unavailable:not_persisted_per_task,1,0-50,1,18,16,,,,,,,,,,
baseline,baseline:2:2:0,2,2,483d40bd8e6a7be759779bba6c1a58dca78f41a0a8d8cb365e1dd0eff5566142,0,ad,,unavailable:not_persisted_per_task,1,0-50,2,2,2,,,,,,,,,,
baseline,baseline:2:2:1,2,2,483d40bd8e6a7be759779bba6c1a58dca78f41a0a8d8cb365e1dd0eff5566142,1,ad,,unavailable:not_persisted_per_task,1,0-50,2,2,2,,,,,,,,,,
baseline,baseline:2:2:2,2,2,483d40bd8e6a7be759779bba6c1a58dca78f41a0a8d8cb365e1dd0eff5566142,2,ad,,unavailable:not_persisted_per_task,1,0-50,2,2,2,,,,,,,,,,
baseline,baseline:2:2:3,2,2,483d40bd8e6a7be759779bba6c1a58dca78f41a0a8d8cb365e1dd0eff5566142,3,ad,,unavailable:not_persisted_per_task,1,0-50,2,2,2,,,,,,,,,,
baseline,baseline:2:3:0,2,2,9886d50833d0057054a165cad6e78eaaa0438b716e4a53f2a1b84ee40a63e284,0,living,,unavailable:not_persisted_per_task,1,0-50,3,2,2,,,,,,,,,,
baseline,baseline:2:3:1,2,2,9886d50833d0057054a165cad6e78eaaa0438b716e4a53f2a1b84ee40a63e284,1,living,,unavailable:not_persisted_per_task,1,0-50,3,2,2,,,,,,,,,,
baseline,baseline:2:3:2,2,2,9886d50833d0057054a165cad6e78eaaa0438b716e4a53f2a1b84ee40a63e284,2,living,,unavailable:not_persisted_per_task,1,0-50,3,2,2,,,,,,,,,,
baseline,baseline:2:3:3,2,2,9886d50833d0057054a165cad6e78eaaa0438b716e4a53f2a1b84ee40a63e284,3,living,,unavailable:not_persisted_per_task,1,0-50,3,2,2,,,,,,,,,,
baseline,baseline:7:0:0,7,12,f1bd212b32ec1e0144a7f62712c6f16c08df99284c0dee310314e0d548bd432c,0,prod,,unavailable:not_persisted_per_task,0,0-50,0,3,2,,,,,,,,,,
baseline,baseline:7:0:1,7,12,f1bd212b32ec1e0144a7f62712c6f16c08df99284c0dee310314e0d548bd432c,1,prod,,unavailable:not_persisted_per_task,0,0-50,0,3,2,,,,,,,,,,
baseline,baseline:7:0:2,7,12,f1bd212b32ec1e0144a7f62712c6f16c08df99284c0dee310314e0d548bd432c,2,prod,,unavailable:not_persisted_per_task,0,0-50,0,3,2,,,,,,,,,,
baseline,baseline:7:0:3,7,12,f1bd212b32ec1e0144a7f62712c6f16c08df99284c0dee310314e0d548bd432c,3,prod,,unavailable:not_persisted_per_task,0,0-50,0,3,2,,,,,,,,,,
baseline,baseline:7:1:0,7,12,b8eb62be9fc57a8c9a163c248120894d01491270f47ada7c41e25af7f9374d7c,0,video,,unavailable:not_persisted_per_task,0,0-50,1,15,11,,,,,,,,,,
baseline,baseline:7:1:1,7,12,b8eb62be9fc57a8c9a163c248120894d01491270f47ada7c41e25af7f9374d7c,1,video,,unavailable:not_persisted_per_task,0,0-50,1,15,11,,,,,,,,,,
baseline,baseline:7:1:2,7,12,b8eb62be9fc57a8c9a163c248120894d01491270f47ada7c41e25af7f9374d7c,2,video,,unavailable:not_persisted_per_task,0,0-50,1,15,11,,,,,,,,,,
baseline,baseline:7:1:3,7,12,b8eb62be9fc57a8c9a163c248120894d01491270f47ada7c41e25af7f9374d7c,3,video,,unavailable:not_persisted_per_task,0,0-50,1,15,11,,,,,,,,,,
baseline,baseline:7:2:0,7,12,2f8b9238c59badc96cd439911c7c42afd62e8cefa539853df2d36a549228d2b3,0,living,,unavailable:not_persisted_per_task,0,0-50,2,2,2,,,,,,,,,,
baseline,baseline:7:2:1,7,12,2f8b9238c59badc96cd439911c7c42afd62e8cefa539853df2d36a549228d2b3,1,living,,unavailable:not_persisted_per_task,0,0-50,2,2,2,,,,,,,,,,
baseline,baseline:7:2:2,7,12,2f8b9238c59badc96cd439911c7c42afd62e8cefa539853df2d36a549228d2b3,2,living,,unavailable:not_persisted_per_task,0,0-50,2,2,2,,,,,,,,,,
baseline,baseline:7:2:3,7,12,2f8b9238c59badc96cd439911c7c42afd62e8cefa539853df2d36a549228d2b3,3,living,,unavailable:not_persisted_per_task,0,0-50,2,2,2,,,,,,,,,,
baseline,baseline:7:3:0,7,12,2dc02a7c59eb8279b7caa10022e6a9ee7c30c8d851b632515315806e1655bd75,0,prod,,unavailable:not_persisted_per_task,0,0-50,3,2,1,,,,,,,,,,
baseline,baseline:7:3:1,7,12,2dc02a7c59eb8279b7caa10022e6a9ee7c30c8d851b632515315806e1655bd75,1,prod,,unavailable:not_persisted_per_task,0,0-50,3,2,1,,,,,,,,,,
baseline,baseline:7:3:2,7,12,2dc02a7c59eb8279b7caa10022e6a9ee7c30c8d851b632515315806e1655bd75,2,prod,,unavailable:not_persisted_per_task,0,0-50,3,2,1,,,,,,,,,,
baseline,baseline:7:3:3,7,12,2dc02a7c59eb8279b7caa10022e6a9ee7c30c8d851b632515315806e1655bd75,3,prod,,unavailable:not_persisted_per_task,0,0-50,3,2,1,,,,,,,,,,
baseline,baseline:8:0:0,8,14,7b91df630c0a3b6d7232ae4564551cf7bc9db819af9738de06dcde9656fd2e2f,0,ad,,unavailable:not_persisted_per_task,0,0-50,0,2,2,,,,,,,,,,
baseline,baseline:8:0:1,8,14,7b91df630c0a3b6d7232ae4564551cf7bc9db819af9738de06dcde9656fd2e2f,1,ad,,unavailable:not_persisted_per_task,0,0-50,0,2,2,,,,,,,,,,
baseline,baseline:8:0:2,8,14,7b91df630c0a3b6d7232ae4564551cf7bc9db819af9738de06dcde9656fd2e2f,2,ad,,unavailable:not_persisted_per_task,0,0-50,0,2,2,,,,,,,,,,
baseline,baseline:8:0:3,8,14,7b91df630c0a3b6d7232ae4564551cf7bc9db819af9738de06dcde9656fd2e2f,3,ad,,unavailable:not_persisted_per_task,0,0-50,0,2,2,,,,,,,,,,
baseline,baseline:8:1:0,8,14,d93a68d31aa1ea6d12bc82e135e44340e9a1aaefd4cee134444746ecc9aee9ad,0,prod,,unavailable:not_persisted_per_task,0,0-50,1,2,1,,,,,,,,,,
baseline,baseline:8:1:1,8,14,d93a68d31aa1ea6d12bc82e135e44340e9a1aaefd4cee134444746ecc9aee9ad,1,prod,,unavailable:not_persisted_per_task,0,0-50,1,2,1,,,,,,,,,,
baseline,baseline:8:1:2,8,14,d93a68d31aa1ea6d12bc82e135e44340e9a1aaefd4cee134444746ecc9aee9ad,2,prod,,unavailable:not_persisted_per_task,0,0-50,1,2,1,,,,,,,,,,
baseline,baseline:8:1:3,8,14,d93a68d31aa1ea6d12bc82e135e44340e9a1aaefd4cee134444746ecc9aee9ad,3,prod,,unavailable:not_persisted_per_task,0,0-50,1,2,1,,,,,,,,,,
baseline,baseline:8:2:0,8,14,3baf4e2bd66a078acfd02069635a7b0d09b8563a43d6f45285a80a90fd89f65d,0,prod,,unavailable:not_persisted_per_task,0,0-50,2,2,2,,,,,,,,,,
baseline,baseline:8:2:1,8,14,3baf4e2bd66a078acfd02069635a7b0d09b8563a43d6f45285a80a90fd89f65d,1,prod,,unavailable:not_persisted_per_task,0,0-50,2,2,2,,,,,,,,,,
baseline,baseline:8:2:2,8,14,3baf4e2bd66a078acfd02069635a7b0d09b8563a43d6f45285a80a90fd89f65d,2,prod,,unavailable:not_persisted_per_task,0,0-50,2,2,2,,,,,,,,,,
baseline,baseline:8:2:3,8,14,3baf4e2bd66a078acfd02069635a7b0d09b8563a43d6f45285a80a90fd89f65d,3,prod,,unavailable:not_persisted_per_task,0,0-50,2,2,2,,,,,,,,,,
baseline,baseline:8:3:0,8,14,91222818a1da2fe8a47421933d22debe4b2f1f314245e2250401666386d5c8f2,0,video,,unavailable:not_persisted_per_task,0,0-50,3,20,16,,,,,,,,,,
baseline,baseline:8:3:1,8,14,91222818a1da2fe8a47421933d22debe4b2f1f314245e2250401666386d5c8f2,1,video,,unavailable:not_persisted_per_task,0,0-50,3,20,16,,,,,,,,,,
baseline,baseline:8:3:2,8,14,91222818a1da2fe8a47421933d22debe4b2f1f314245e2250401666386d5c8f2,2,video,,unavailable:not_persisted_per_task,0,0-50,3,20,16,,,,,,,,,,
baseline,baseline:8:3:3,8,14,91222818a1da2fe8a47421933d22debe4b2f1f314245e2250401666386d5c8f2,3,video,,unavailable:not_persisted_per_task,0,0-50,3,20,16,,,,,,,,,,
baseline,baseline:13:0:0,13,24,f21147ce011ded372ed23ff948c8c9febbcf04908ad9980bf7326a7a79b4d75a,0,ad,,unavailable:not_persisted_per_task,0,0-50,0,2,2,,,,,,,,,,
baseline,baseline:13:0:1,13,24,f21147ce011ded372ed23ff948c8c9febbcf04908ad9980bf7326a7a79b4d75a,1,ad,,unavailable:not_persisted_per_task,0,0-50,0,2,2,,,,,,,,,,
baseline,baseline:13:0:2,13,24,f21147ce011ded372ed23ff948c8c9febbcf04908ad9980bf7326a7a79b4d75a,2,ad,,unavailable:not_persisted_per_task,0,0-50,0,2,2,,,,,,,,,,
baseline,baseline:13:0:3,13,24,f21147ce011ded372ed23ff948c8c9febbcf04908ad9980bf7326a7a79b4d75a,3,ad,,unavailable:not_persisted_per_task,0,0-50,0,2,2,,,,,,,,,,
baseline,baseline:13:1:0,13,24,df56d595895f9d5702ca94a412652e644a2bb90b0068a8231c515b134347ea92,0,video,,unavailable:not_persisted_per_task,0,0-50,1,20,19,,,,,,,,,,
baseline,baseline:13:1:1,13,24,df56d595895f9d5702ca94a412652e644a2bb90b0068a8231c515b134347ea92,1,video,,unavailable:not_persisted_per_task,0,0-50,1,20,19,,,,,,,,,,
baseline,baseline:13:1:2,13,24,df56d595895f9d5702ca94a412652e644a2bb90b0068a8231c515b134347ea92,2,video,,unavailable:not_persisted_per_task,0,0-50,1,20,19,,,,,,,,,,
baseline,baseline:13:1:3,13,24,df56d595895f9d5702ca94a412652e644a2bb90b0068a8231c515b134347ea92,3,video,,unavailable:not_persisted_per_task,0,0-50,1,20,19,,,,,,,,,,
baseline,baseline:13:2:0,13,24,436ed21d23aa661c1944735d274c6a54512342a0b7167d270d3fba814174646a,0,video,,unavailable:not_persisted_per_task,0,0-50,2,20,15,,,,,,,,,,
baseline,baseline:13:2:1,13,24,436ed21d23aa661c1944735d274c6a54512342a0b7167d270d3fba814174646a,1,video,,unavailable:not_persisted_per_task,0,0-50,2,20,15,,,,,,,,,,
baseline,baseline:13:2:2,13,24,436ed21d23aa661c1944735d274c6a54512342a0b7167d270d3fba814174646a,2,video,,unavailable:not_persisted_per_task,0,0-50,2,20,15,,,,,,,,,,
baseline,baseline:13:2:3,13,24,436ed21d23aa661c1944735d274c6a54512342a0b7167d270d3fba814174646a,3,video,,unavailable:not_persisted_per_task,0,0-50,2,20,15,,,,,,,,,,
baseline,baseline:13:3:0,13,24,8c038e56a8d3589fb089fc68fe8ce98c479413dc9adbfa347b8f65bd4ce0f042,0,living,,unavailable:not_persisted_per_task,0,0-50,3,2,2,,,,,,,,,,
baseline,baseline:13:3:1,13,24,8c038e56a8d3589fb089fc68fe8ce98c479413dc9adbfa347b8f65bd4ce0f042,1,living,,unavailable:not_persisted_per_task,0,0-50,3,2,2,,,,,,,,,,
baseline,baseline:13:3:2,13,24,8c038e56a8d3589fb089fc68fe8ce98c479413dc9adbfa347b8f65bd4ce0f042,2,living,,unavailable:not_persisted_per_task,0,0-50,3,2,2,,,,,,,,,,
baseline,baseline:13:3:3,13,24,8c038e56a8d3589fb089fc68fe8ce98c479413dc9adbfa347b8f65bd4ce0f042,3,living,,unavailable:not_persisted_per_task,0,0-50,3,2,2,,,,,,,,,,
baseline,baseline:14:0:0,14,26,768f6c067ee824c6e2daa1bf3effcd87467620dd605dd26904dba5d201bb29ff,0,video,,unavailable:not_persisted_per_task,0,0-50,0,16,11,,,,,,,,,,
baseline,baseline:14:0:1,14,26,768f6c067ee824c6e2daa1bf3effcd87467620dd605dd26904dba5d201bb29ff,1,video,,unavailable:not_persisted_per_task,0,0-50,0,16,11,,,,,,,,,,
baseline,baseline:14:0:2,14,26,768f6c067ee824c6e2daa1bf3effcd87467620dd605dd26904dba5d201bb29ff,2,video,,unavailable:not_persisted_per_task,0,0-50,0,16,11,,,,,,,,,,
baseline,baseline:14:0:3,14,26,768f6c067ee824c6e2daa1bf3effcd87467620dd605dd26904dba5d201bb29ff,3,video,,unavailable:not_persisted_per_task,0,0-50,0,16,11,,,,,,,,,,
baseline,baseline:14:1:0,14,26,1f241d4a7631596056603f82d36bd1eb40232de9633cb36529f575a70b06c67d,0,ad,,unavailable:not_persisted_per_task,0,0-50,1,2,2,,,,,,,,,,
baseline,baseline:14:1:1,14,26,1f241d4a7631596056603f82d36bd1eb40232de9633cb36529f575a70b06c67d,1,ad,,unavailable:not_persisted_per_task,0,0-50,1,2,2,,,,,,,,,,
baseline,baseline:14:1:2,14,26,1f241d4a7631596056603f82d36bd1eb40232de9633cb36529f575a70b06c67d,2,ad,,unavailable:not_persisted_per_task,0,0-50,1,2,2,,,,,,,,,,
baseline,baseline:14:1:3,14,26,1f241d4a7631596056603f82d36bd1eb40232de9633cb36529f575a70b06c67d,3,ad,,unavailable:not_persisted_per_task,0,0-50,1,2,2,,,,,,,,,,
baseline,baseline:14:2:0,14,26,c1f50ad9c92dd5172e5ef8df6a294700caae29058fc66ff438dcddb87b14d178,0,living,,unavailable:not_persisted_per_task,0,0-50,2,2,2,,,,,,,,,,
baseline,baseline:14:2:1,14,26,c1f50ad9c92dd5172e5ef8df6a294700caae29058fc66ff438dcddb87b14d178,1,living,,unavailable:not_persisted_per_task,0,0-50,2,2,2,,,,,,,,,,
baseline,baseline:14:2:2,14,26,c1f50ad9c92dd5172e5ef8df6a294700caae29058fc66ff438dcddb87b14d178,2,living,,unavailable:not_persisted_per_task,0,0-50,2,2,2,,,,,,,,,,
baseline,baseline:14:2:3,14,26,c1f50ad9c92dd5172e5ef8df6a294700caae29058fc66ff438dcddb87b14d178,3,living,,unavailable:not_persisted_per_task,0,0-50,2,2,2,,,,,,,,,,
baseline,baseline:14:3:0,14,26,32f1216d748636d8d03dfb2f7a1bdbba4b2c7175e9a61255cb60f4447d0719e9,0,living,,unavailable:not_persisted_per_task,0,0-50,3,2,2,,,,,,,,,,
baseline,baseline:14:3:1,14,26,32f1216d748636d8d03dfb2f7a1bdbba4b2c7175e9a61255cb60f4447d0719e9,1,living,,unavailable:not_persisted_per_task,0,0-50,3,2,2,,,,,,,,,,
baseline,baseline:14:3:2,14,26,32f1216d748636d8d03dfb2f7a1bdbba4b2c7175e9a61255cb60f4447d0719e9,2,living,,unavailable:not_persisted_per_task,0,0-50,3,2,2,,,,,,,,,,
baseline,baseline:14:3:3,14,26,32f1216d748636d8d03dfb2f7a1bdbba4b2c7175e9a61255cb60f4447d0719e9,3,living,,unavailable:not_persisted_per_task,0,0-50,3,2,2,,,,,,,,,,
baseline,baseline:19:0:0,19,36,d05fa0bdabcdbfdf757af0e76860078cfe741d3f8aaf30d12263d4238eaec977,0,living,,unavailable:not_persisted_per_task,12,0-50,0,2,1,,,,,,,,,,
baseline,baseline:19:0:1,19,36,d05fa0bdabcdbfdf757af0e76860078cfe741d3f8aaf30d12263d4238eaec977,1,living,,unavailable:not_persisted_per_task,12,0-50,0,2,1,,,,,,,,,,
baseline,baseline:19:0:2,19,36,d05fa0bdabcdbfdf757af0e76860078cfe741d3f8aaf30d12263d4238eaec977,2,living,,unavailable:not_persisted_per_task,12,0-50,0,2,1,,,,,,,,,,
baseline,baseline:19:0:3,19,36,d05fa0bdabcdbfdf757af0e76860078cfe741d3f8aaf30d12263d4238eaec977,3,living,,unavailable:not_persisted_per_task,12,0-50,0,2,1,,,,,,,,,,
baseline,baseline:19:1:0,19,36,9596e234be106d47cc72469c7d6f369c3eb61bb3d70b077b03a75145722af102,0,prod,,unavailable:not_persisted_per_task,12,0-50,1,2,2,,,,,,,,,,
baseline,baseline:19:1:1,19,36,9596e234be106d47cc72469c7d6f369c3eb61bb3d70b077b03a75145722af102,1,prod,,unavailable:not_persisted_per_task,12,0-50,1,2,2,,,,,,,,,,
baseline,baseline:19:1:2,19,36,9596e234be106d47cc72469c7d6f369c3eb61bb3d70b077b03a75145722af102,2,prod,,unavailable:not_persisted_per_task,12,0-50,1,2,2,,,,,,,,,,
baseline,baseline:19:1:3,19,36,9596e234be106d47cc72469c7d6f369c3eb61bb3d70b077b03a75145722af102,3,prod,,unavailable:not_persisted_per_task,12,0-50,1,2,2,,,,,,,,,,
baseline,baseline:19:2:0,19,36,9c74573db99c6e434ffde6208164113e4f3f7b126d86e2f1ce3c10405744c5ff,0,living,,unavailable:not_persisted_per_task,12,0-50,2,2,2,,,,,,,,,,
baseline,baseline:19:2:1,19,36,9c74573db99c6e434ffde6208164113e4f3f7b126d86e2f1ce3c10405744c5ff,1,living,,unavailable:not_persisted_per_task,12,0-50,2,2,2,,,,,,,,,,
baseline,baseline:19:2:2,19,36,9c74573db99c6e434ffde6208164113e4f3f7b126d86e2f1ce3c10405744c5ff,2,living,,unavailable:not_persisted_per_task,12,0-50,2,2,2,,,,,,,,,,
baseline,baseline:19:2:3,19,36,9c74573db99c6e434ffde6208164113e4f3f7b126d86e2f1ce3c10405744c5ff,3,living,,unavailable:not_persisted_per_task,12,0-50,2,2,2,,,,,,,,,,
baseline,baseline:19:3:0,19,36,d877f76968ff1321282fb8d165ba6c8faade6b0413ad1b8a2404d77060502f96,0,ad,,unavailable:not_persisted_per_task,12,0-50,3,2,2,,,,,,,,,,
baseline,baseline:19:3:1,19,36,d877f76968ff1321282fb8d165ba6c8faade6b0413ad1b8a2404d77060502f96,1,ad,,unavailable:not_persisted_per_task,12,0-50,3,2,2,,,,,,,,,,
baseline,baseline:19:3:2,19,36,d877f76968ff1321282fb8d165ba6c8faade6b0413ad1b8a2404d77060502f96,2,ad,,unavailable:not_persisted_per_task,12,0-50,3,2,2,,,,,,,,,,
baseline,baseline:19:3:3,19,36,d877f76968ff1321282fb8d165ba6c8faade6b0413ad1b8a2404d77060502f96,3,ad,,unavailable:not_persisted_per_task,12,0-50,3,2,2,,,,,,,,,,
baseline,baseline:20:0:0,20,38,8002d0daf096df8e5d36f940e1df8a0c7966ee594ea20a785077fb59d21ebaa4,0,video,0,observed_directly:trace_every20,0,0-50,0,20,20,934,4,4,1.0,1.0,0.598962308961575,,0.5,True,
baseline,baseline:20:0:1,20,38,8002d0daf096df8e5d36f940e1df8a0c7966ee594ea20a785077fb59d21ebaa4,1,video,0,observed_directly:trace_every20,0,0-50,0,20,20,671,3,3,1.0,1.0,0.6531166645775467,,0.5,True,
baseline,baseline:20:0:2,20,38,8002d0daf096df8e5d36f940e1df8a0c7966ee594ea20a785077fb59d21ebaa4,2,video,0,observed_directly:trace_every20,0,0-50,0,20,20,692,3,3,1.0,1.0,0.6255973613755351,,0.875,True,
baseline,baseline:20:0:3,20,38,8002d0daf096df8e5d36f940e1df8a0c7966ee594ea20a785077fb59d21ebaa4,3,video,0,observed_directly:trace_every20,0,0-50,0,20,20,772,4,4,1.0,1.0,0.6314536459234779,,0.5,True,
baseline,baseline:20:1:0,20,38,250a3d362a435a78563c1803b3a970a78ef53e385d06da4399ae39f16462db87,0,prod,,unavailable:not_persisted_per_task,0,0-50,1,2,2,,,,,,,,,,
baseline,baseline:20:1:1,20,38,250a3d362a435a78563c1803b3a970a78ef53e385d06da4399ae39f16462db87,1,prod,,unavailable:not_persisted_per_task,0,0-50,1,2,2,,,,,,,,,,
baseline,baseline:20:1:2,20,38,250a3d362a435a78563c1803b3a970a78ef53e385d06da4399ae39f16462db87,2,prod,,unavailable:not_persisted_per_task,0,0-50,1,2,2,,,,,,,,,,
baseline,baseline:20:1:3,20,38,250a3d362a435a78563c1803b3a970a78ef53e385d06da4399ae39f16462db87,3,prod,,unavailable:not_persisted_per_task,0,0-50,1,2,2,,,,,,,,,,
baseline,baseline:20:2:0,20,38,5ec2693b07a4d5599519e12866edb4fff0b11acfda833b2d773eeeef0c77e0ee,0,prod,,unavailable:not_persisted_per_task,0,0-50,2,2,2,,,,,,,,,,
baseline,baseline:20:2:1,20,38,5ec2693b07a4d5599519e12866edb4fff0b11acfda833b2d773eeeef0c77e0ee,1,prod,,unavailable:not_persisted_per_task,0,0-50,2,2,2,,,,,,,,,,
baseline,baseline:20:2:2,20,38,5ec2693b07a4d5599519e12866edb4fff0b11acfda833b2d773eeeef0c77e0ee,2,prod,,unavailable:not_persisted_per_task,0,0-50,2,2,2,,,,,,,,,,
baseline,baseline:20:2:3,20,38,5ec2693b07a4d5599519e12866edb4fff0b11acfda833b2d773eeeef0c77e0ee,3,prod,,unavailable:not_persisted_per_task,0,0-50,2,2,2,,,,,,,,,,
baseline,baseline:20:3:0,20,38,34e816613902361478cba0e069db7867edd3af328e296e98fcba13e3927467a6,0,prod,,unavailable:not_persisted_per_task,0,0-50,3,2,1,,,,,,,,,,
baseline,baseline:20:3:1,20,38,34e816613902361478cba0e069db7867edd3af328e296e98fcba13e3927467a6,1,prod,,unavailable:not_persisted_per_task,0,0-50,3,2,1,,,,,,,,,,
baseline,baseline:20:3:2,20,38,34e816613902361478cba0e069db7867edd3af328e296e98fcba13e3927467a6,2,prod,,unavailable:not_persisted_per_task,0,0-50,3,2,1,,,,,,,,,,
baseline,baseline:20:3:3,20,38,34e816613902361478cba0e069db7867edd3af328e296e98fcba13e3927467a6,3,prod,,unavailable:not_persisted_per_task,0,0-50,3,2,1,,,,,,,,,,
baseline,baseline:25:0:0,25,48,11a57e312d2c7f3e03d01b95a625c8337800d26324e465d38d7ed90edd1e6d6a,0,ad,,unavailable:not_persisted_per_task,0,0-50,0,2,2,,,,,,,,,,
baseline,baseline:25:0:1,25,48,11a57e312d2c7f3e03d01b95a625c8337800d26324e465d38d7ed90edd1e6d6a,1,ad,,unavailable:not_persisted_per_task,0,0-50,0,2,2,,,,,,,,,,
baseline,baseline:25:0:2,25,48,11a57e312d2c7f3e03d01b95a625c8337800d26324e465d38d7ed90edd1e6d6a,2,ad,,unavailable:not_persisted_per_task,0,0-50,0,2,2,,,,,,,,,,
baseline,baseline:25:0:3,25,48,11a57e312d2c7f3e03d01b95a625c8337800d26324e465d38d7ed90edd1e6d6a,3,ad,,unavailable:not_persisted_per_task,0,0-50,0,2,2,,,,,,,,,,
baseline,baseline:25:1:0,25,48,692ee70e3d40a0ad80f7de5c3f8d952d124436bbb2670650253c5c2c7ec06ba6,0,video,,unavailable:not_persisted_per_task,0,0-50,1,20,17,,,,,,,,,,
baseline,baseline:25:1:1,25,48,692ee70e3d40a0ad80f7de5c3f8d952d124436bbb2670650253c5c2c7ec06ba6,1,video,,unavailable:not_persisted_per_task,0,0-50,1,20,17,,,,,,,,,,
baseline,baseline:25:1:2,25,48,692ee70e3d40a0ad80f7de5c3f8d952d124436bbb2670650253c5c2c7ec06ba6,2,video,,unavailable:not_persisted_per_task,0,0-50,1,20,17,,,,,,,,,,
baseline,baseline:25:1:3,25,48,692ee70e3d40a0ad80f7de5c3f8d952d124436bbb2670650253c5c2c7ec06ba6,3,video,,unavailable:not_persisted_per_task,0,0-50,1,20,17,,,,,,,,,,
baseline,baseline:25:2:0,25,48,c99520fb0adeb26bb7ce03058378bcd8ae48e7a91a0ad1cab5cda5c2d6ca2892,0,video,,unavailable:not_persisted_per_task,0,0-50,2,14,13,,,,,,,,,,
baseline,baseline:25:2:1,25,48,c99520fb0adeb26bb7ce03058378bcd8ae48e7a91a0ad1cab5cda5c2d6ca2892,1,video,,unavailable:not_persisted_per_task,0,0-50,2,14,13,,,,,,,,,,
baseline,baseline:25:2:2,25,48,c99520fb0adeb26bb7ce03058378bcd8ae48e7a91a0ad1cab5cda5c2d6ca2892,2,video,,unavailable:not_persisted_per_task,0,0-50,2,14,13,,,,,,,,,,
baseline,baseline:25:2:3,25,48,c99520fb0adeb26bb7ce03058378bcd8ae48e7a91a0ad1cab5cda5c2d6ca2892,3,video,,unavailable:not_persisted_per_task,0,0-50,2,14,13,,,,,,,,,,
baseline,baseline:25:3:0,25,48,a55246db8669642cf82a1120a55a6c75322cae3d270ff741e38e008daa00e66f,0,ad,,unavailable:not_persisted_per_task,0,0-50,3,2,2,,,,,,,,,,
baseline,baseline:25:3:1,25,48,a55246db8669642cf82a1120a55a6c75322cae3d270ff741e38e008daa00e66f,1,ad,,unavailable:not_persisted_per_task,0,0-50,3,2,2,,,,,,,,,,
baseline,baseline:25:3:2,25,48,a55246db8669642cf82a1120a55a6c75322cae3d270ff741e38e008daa00e66f,2,ad,,unavailable:not_persisted_per_task,0,0-50,3,2,2,,,,,,,,,,
baseline,baseline:25:3:3,25,48,a55246db8669642cf82a1120a55a6c75322cae3d270ff741e38e008daa00e66f,3,ad,,unavailable:not_persisted_per_task,0,0-50,3,2,2,,,,,,,,,,
baseline,baseline:26:0:0,26,50,df50c73a722cb3468599aec7a089f55d6ceed818434b1e75b53d048825bbfc2d,0,prod,,unavailable:not_persisted_per_task,0,50-100,0,2,2,,,,,,,,,,
baseline,baseline:26:0:1,26,50,df50c73a722cb3468599aec7a089f55d6ceed818434b1e75b53d048825bbfc2d,1,prod,,unavailable:not_persisted_per_task,0,50-100,0,2,2,,,,,,,,,,
baseline,baseline:26:0:2,26,50,df50c73a722cb3468599aec7a089f55d6ceed818434b1e75b53d048825bbfc2d,2,prod,,unavailable:not_persisted_per_task,0,50-100,0,2,2,,,,,,,,,,
baseline,baseline:26:0:3,26,50,df50c73a722cb3468599aec7a089f55d6ceed818434b1e75b53d048825bbfc2d,3,prod,,unavailable:not_persisted_per_task,0,50-100,0,2,2,,,,,,,,,,
baseline,baseline:26:1:0,26,50,aa3eae300742dbbbff0e43690309f5dd9083bdfbfbcd21a7e19879a4d1789002,0,video,,unavailable:not_persisted_per_task,0,50-100,1,12,12,,,,,,,,,,
baseline,baseline:26:1:1,26,50,aa3eae300742dbbbff0e43690309f5dd9083bdfbfbcd21a7e19879a4d1789002,1,video,,unavailable:not_persisted_per_task,0,50-100,1,12,12,,,,,,,,,,
baseline,baseline:26:1:2,26,50,aa3eae300742dbbbff0e43690309f5dd9083bdfbfbcd21a7e19879a4d1789002,2,video,,unavailable:not_persisted_per_task,0,50-100,1,12,12,,,,,,,,,,
baseline,baseline:26:1:3,26,50,aa3eae300742dbbbff0e43690309f5dd9083bdfbfbcd21a7e19879a4d1789002,3,video,,unavailable:not_persisted_per_task,0,50-100,1,12,12,,,,,,,,,,
baseline,baseline:26:2:0,26,50,f5549a85bdea0ba7467c2eb6e3a385ba121bced86724006d04f03f02b8f055d9,0,ad,,unavailable:not_persisted_per_task,0,50-100,2,2,2,,,,,,,,,,
baseline,baseline:26:2:1,26,50,f5549a85bdea0ba7467c2eb6e3a385ba121bced86724006d04f03f02b8f055d9,1,ad,,unavailable:not_persisted_per_task,0,50-100,2,2,2,,,,,,,,,,
baseline,baseline:26:2:2,26,50,f5549a85bdea0ba7467c2eb6e3a385ba121bced86724006d04f03f02b8f055d9,2,ad,,unavailable:not_persisted_per_task,0,50-100,2,2,2,,,,,,,,,,
baseline,baseline:26:2:3,26,50,f5549a85bdea0ba7467c2eb6e3a385ba121bced86724006d04f03f02b8f055d9,3,ad,,unavailable:not_persisted_per_task,0,50-100,2,2,2,,,,,,,,,,
baseline,baseline:26:3:0,26,50,c4ea09d4400aea93378a91d8674ef0f4061c9ac68593a6f65230aa829ded8fa8,0,ad,,unavailable:not_persisted_per_task,0,50-100,3,2,2,,,,,,,,,,
baseline,baseline:26:3:1,26,50,c4ea09d4400aea93378a91d8674ef0f4061c9ac68593a6f65230aa829ded8fa8,1,ad,,unavailable:not_persisted_per_task,0,50-100,3,2,2,,,,,,,,,,
baseline,baseline:26:3:2,26,50,c4ea09d4400aea93378a91d8674ef0f4061c9ac68593a6f65230aa829ded8fa8,2,ad,,unavailable:not_persisted_per_task,0,50-100,3,2,2,,,,,,,,,,
baseline,baseline:26:3:3,26,50,c4ea09d4400aea93378a91d8674ef0f4061c9ac68593a6f65230aa829ded8fa8,3,ad,,unavailable:not_persisted_per_task,0,50-100,3,2,2,,,,,,,,,,
baseline,baseline:31:0:0,31,60,180d72cb9abef356ef18c23b0a117cc5e81213bbb2c43d6112fd2e6525d9d9b4,0,video,,unavailable:not_persisted_per_task,0,50-100,0,11,8,,,,,,,,,,
baseline,baseline:31:0:1,31,60,180d72cb9abef356ef18c23b0a117cc5e81213bbb2c43d6112fd2e6525d9d9b4,1,video,,unavailable:not_persisted_per_task,0,50-100,0,11,8,,,,,,,,,,
baseline,baseline:31:0:2,31,60,180d72cb9abef356ef18c23b0a117cc5e81213bbb2c43d6112fd2e6525d9d9b4,2,video,,unavailable:not_persisted_per_task,0,50-100,0,11,8,,,,,,,,,,
baseline,baseline:31:0:3,31,60,180d72cb9abef356ef18c23b0a117cc5e81213bbb2c43d6112fd2e6525d9d9b4,3,video,,unavailable:not_persisted_per_task,0,50-100,0,11,8,,,,,,,,,,
baseline,baseline:31:1:0,31,60,66561dcf95599497fea325b3378e368d0555780b44dafe9118631a7883033ad4,0,video,,unavailable:not_persisted_per_task,0,50-100,1,20,17,,,,,,,,,,
baseline,baseline:31:1:1,31,60,66561dcf95599497fea325b3378e368d0555780b44dafe9118631a7883033ad4,1,video,,unavailable:not_persisted_per_task,0,50-100,1,20,17,,,,,,,,,,
baseline,baseline:31:1:2,31,60,66561dcf95599497fea325b3378e368d0555780b44dafe9118631a7883033ad4,2,video,,unavailable:not_persisted_per_task,0,50-100,1,20,17,,,,,,,,,,
baseline,baseline:31:1:3,31,60,66561dcf95599497fea325b3378e368d0555780b44dafe9118631a7883033ad4,3,video,,unavailable:not_persisted_per_task,0,50-100,1,20,17,,,,,,,,,,
baseline,baseline:31:2:0,31,60,1f2d2de1c323f1863e8693af194090d64e964fb093192e949f5c3302b53ae11c,0,video,,unavailable:not_persisted_per_task,0,50-100,2,14,13,,,,,,,,,,
baseline,baseline:31:2:1,31,60,1f2d2de1c323f1863e8693af194090d64e964fb093192e949f5c3302b53ae11c,1,video,,unavailable:not_persisted_per_task,0,50-100,2,14,13,,,,,,,,,,
baseline,baseline:31:2:2,31,60,1f2d2de1c323f1863e8693af194090d64e964fb093192e949f5c3302b53ae11c,2,video,,unavailable:not_persisted_per_task,0,50-100,2,14,13,,,,,,,,,,
baseline,baseline:31:2:3,31,60,1f2d2de1c323f1863e8693af194090d64e964fb093192e949f5c3302b53ae11c,3,video,,unavailable:not_persisted_per_task,0,50-100,2,14,13,,,,,,,,,,
baseline,baseline:31:3:0,31,60,ec56a1e8978080a6827d8d69ba6fbdc2636b69d38e3a3bdd206afd37b559fa58,0,video,,unavailable:not_persisted_per_task,0,50-100,3,14,14,,,,,,,,,,
baseline,baseline:31:3:1,31,60,ec56a1e8978080a6827d8d69ba6fbdc2636b69d38e3a3bdd206afd37b559fa58,1,video,,unavailable:not_persisted_per_task,0,50-100,3,14,14,,,,,,,,,,
baseline,baseline:31:3:2,31,60,ec56a1e8978080a6827d8d69ba6fbdc2636b69d38e3a3bdd206afd37b559fa58,2,video,,unavailable:not_persisted_per_task,0,50-100,3,14,14,,,,,,,,,,
baseline,baseline:31:3:3,31,60,ec56a1e8978080a6827d8d69ba6fbdc2636b69d38e3a3bdd206afd37b559fa58,3,video,,unavailable:not_persisted_per_task,0,50-100,3,14,14,,,,,,,,,,
baseline,baseline:32:0:0,32,62,fb138440382f311d56bb73075de66e7af9e278fd1d14a7f74d8e3164e471251a,0,living,,unavailable:not_persisted_per_task,0,50-100,0,3,1,,,,,,,,,,
baseline,baseline:32:0:1,32,62,fb138440382f311d56bb73075de66e7af9e278fd1d14a7f74d8e3164e471251a,1,living,,unavailable:not_persisted_per_task,0,50-100,0,3,1,,,,,,,,,,
baseline,baseline:32:0:2,32,62,fb138440382f311d56bb73075de66e7af9e278fd1d14a7f74d8e3164e471251a,2,living,,unavailable:not_persisted_per_task,0,50-100,0,3,1,,,,,,,,,,
baseline,baseline:32:0:3,32,62,fb138440382f311d56bb73075de66e7af9e278fd1d14a7f74d8e3164e471251a,3,living,,unavailable:not_persisted_per_task,0,50-100,0,3,1,,,,,,,,,,
baseline,baseline:32:1:0,32,62,410a19b84e6f4787289a2e5a4707c73e979950dcebf0e1429c1289520de282f0,0,video,,unavailable:not_persisted_per_task,0,50-100,1,14,11,,,,,,,,,,
baseline,baseline:32:1:1,32,62,410a19b84e6f4787289a2e5a4707c73e979950dcebf0e1429c1289520de282f0,1,video,,unavailable:not_persisted_per_task,0,50-100,1,14,11,,,,,,,,,,
baseline,baseline:32:1:2,32,62,410a19b84e6f4787289a2e5a4707c73e979950dcebf0e1429c1289520de282f0,2,video,,unavailable:not_persisted_per_task,0,50-100,1,14,11,,,,,,,,,,
baseline,baseline:32:1:3,32,62,410a19b84e6f4787289a2e5a4707c73e979950dcebf0e1429c1289520de282f0,3,video,,unavailable:not_persisted_per_task,0,50-100,1,14,11,,,,,,,,,,
baseline,baseline:32:2:0,32,62,b26427cac5596811541b97f1edbcf69f9a5417556ebcbafad7486cd8c55a8e5e,0,video,,unavailable:not_persisted_per_task,0,50-100,2,12,10,,,,,,,,,,
baseline,baseline:32:2:1,32,62,b26427cac5596811541b97f1edbcf69f9a5417556ebcbafad7486cd8c55a8e5e,1,video,,unavailable:not_persisted_per_task,0,50-100,2,12,10,,,,,,,,,,
baseline,baseline:32:2:2,32,62,b26427cac5596811541b97f1edbcf69f9a5417556ebcbafad7486cd8c55a8e5e,2,video,,unavailable:not_persisted_per_task,0,50-100,2,12,10,,,,,,,,,,
baseline,baseline:32:2:3,32,62,b26427cac5596811541b97f1edbcf69f9a5417556ebcbafad7486cd8c55a8e5e,3,video,,unavailable:not_persisted_per_task,0,50-100,2,12,10,,,,,,,,,,
baseline,baseline:32:3:0,32,62,b5bcc2d9e959fc4448cccbb2e31d1431b1a3959c3448f18265fda3f713cd8344,0,ad,,unavailable:not_persisted_per_task,0,50-100,3,3,3,,,,,,,,,,
baseline,baseline:32:3:1,32,62,b5bcc2d9e959fc4448cccbb2e31d1431b1a3959c3448f18265fda3f713cd8344,1,ad,,unavailable:not_persisted_per_task,0,50-100,3,3,3,,,,,,,,,,
baseline,baseline:32:3:2,32,62,b5bcc2d9e959fc4448cccbb2e31d1431b1a3959c3448f18265fda3f713cd8344,2,ad,,unavailable:not_persisted_per_task,0,50-100,3,3,3,,,,,,,,,,
baseline,baseline:32:3:3,32,62,b5bcc2d9e959fc4448cccbb2e31d1431b1a3959c3448f18265fda3f713cd8344,3,ad,,unavailable:not_persisted_per_task,0,50-100,3,3,3,,,,,,,,,,
baseline,baseline:37:0:0,37,72,54e17ccf183d3b93b60a98bb05409ca1034c82137aa40d1e0f88e42abd197834,0,ad,,unavailable:not_persisted_per_task,0,50-100,0,2,2,,,,,,,,,,
baseline,baseline:37:0:1,37,72,54e17ccf183d3b93b60a98bb05409ca1034c82137aa40d1e0f88e42abd197834,1,ad,,unavailable:not_persisted_per_task,0,50-100,0,2,2,,,,,,,,,,
baseline,baseline:37:0:2,37,72,54e17ccf183d3b93b60a98bb05409ca1034c82137aa40d1e0f88e42abd197834,2,ad,,unavailable:not_persisted_per_task,0,50-100,0,2,2,,,,,,,,,,
baseline,baseline:37:0:3,37,72,54e17ccf183d3b93b60a98bb05409ca1034c82137aa40d1e0f88e42abd197834,3,ad,,unavailable:not_persisted_per_task,0,50-100,0,2,2,,,,,,,,,,
baseline,baseline:37:1:0,37,72,971a74d7b029c7239e78a3616dce4a3f87148de1a06572dc3d7f746237aa899e,0,ad,,unavailable:not_persisted_per_task,0,50-100,1,2,2,,,,,,,,,,
baseline,baseline:37:1:1,37,72,971a74d7b029c7239e78a3616dce4a3f87148de1a06572dc3d7f746237aa899e,1,ad,,unavailable:not_persisted_per_task,0,50-100,1,2,2,,,,,,,,,,
baseline,baseline:37:1:2,37,72,971a74d7b029c7239e78a3616dce4a3f87148de1a06572dc3d7f746237aa899e,2,ad,,unavailable:not_persisted_per_task,0,50-100,1,2,2,,,,,,,,,,
baseline,baseline:37:1:3,37,72,971a74d7b029c7239e78a3616dce4a3f87148de1a06572dc3d7f746237aa899e,3,ad,,unavailable:not_persisted_per_task,0,50-100,1,2,2,,,,,,,,,,
baseline,baseline:37:2:0,37,72,e9ac0fcfff95f5229787ee4666e611a8405cd3f1e4b1079e19ec138122104909,0,ad,,unavailable:not_persisted_per_task,0,50-100,2,4,3,,,,,,,,,,
baseline,baseline:37:2:1,37,72,e9ac0fcfff95f5229787ee4666e611a8405cd3f1e4b1079e19ec138122104909,1,ad,,unavailable:not_persisted_per_task,0,50-100,2,4,3,,,,,,,,,,
baseline,baseline:37:2:2,37,72,e9ac0fcfff95f5229787ee4666e611a8405cd3f1e4b1079e19ec138122104909,2,ad,,unavailable:not_persisted_per_task,0,50-100,2,4,3,,,,,,,,,,
baseline,baseline:37:2:3,37,72,e9ac0fcfff95f5229787ee4666e611a8405cd3f1e4b1079e19ec138122104909,3,ad,,unavailable:not_persisted_per_task,0,50-100,2,4,3,,,,,,,,,,
baseline,baseline:37:3:0,37,72,c765a7392fced4fd475192d07312352f6e4537babe9306a653ed8d61b66e34a5,0,video,,unavailable:not_persisted_per_task,0,50-100,3,15,15,,,,,,,,,,
baseline,baseline:37:3:1,37,72,c765a7392fced4fd475192d07312352f6e4537babe9306a653ed8d61b66e34a5,1,video,,unavailable:not_persisted_per_task,0,50-100,3,15,15,,,,,,,,,,
baseline,baseline:37:3:2,37,72,c765a7392fced4fd475192d07312352f6e4537babe9306a653ed8d61b66e34a5,2,video,,unavailable:not_persisted_per_task,0,50-100,3,15,15,,,,,,,,,,
baseline,baseline:37:3:3,37,72,c765a7392fced4fd475192d07312352f6e4537babe9306a653ed8d61b66e34a5,3,video,,unavailable:not_persisted_per_task,0,50-100,3,15,15,,,,,,,,,,
baseline,baseline:38:0:0,38,74,4449170b272f400eb1fc0bd5f1afd2911ac9bcfcd7d0cc7d49ddc3fb13d413e3,0,prod,,unavailable:not_persisted_per_task,1,50-100,0,2,2,,,,,,,,,,
baseline,baseline:38:0:1,38,74,4449170b272f400eb1fc0bd5f1afd2911ac9bcfcd7d0cc7d49ddc3fb13d413e3,1,prod,,unavailable:not_persisted_per_task,1,50-100,0,2,2,,,,,,,,,,
baseline,baseline:38:0:2,38,74,4449170b272f400eb1fc0bd5f1afd2911ac9bcfcd7d0cc7d49ddc3fb13d413e3,2,prod,,unavailable:not_persisted_per_task,1,50-100,0,2,2,,,,,,,,,,
baseline,baseline:38:0:3,38,74,4449170b272f400eb1fc0bd5f1afd2911ac9bcfcd7d0cc7d49ddc3fb13d413e3,3,prod,,unavailable:not_persisted_per_task,1,50-100,0,2,2,,,,,,,,,,
baseline,baseline:38:1:0,38,74,f5953a468618a9d3da7122971e816da8ad9a9be8913c727272c2bde259df7c03,0,prod,,unavailable:not_persisted_per_task,1,50-100,1,2,2,,,,,,,,,,
baseline,baseline:38:1:1,38,74,f5953a468618a9d3da7122971e816da8ad9a9be8913c727272c2bde259df7c03,1,prod,,unavailable:not_persisted_per_task,1,50-100,1,2,2,,,,,,,,,,
baseline,baseline:38:1:2,38,74,f5953a468618a9d3da7122971e816da8ad9a9be8913c727272c2bde259df7c03,2,prod,,unavailable:not_persisted_per_task,1,50-100,1,2,2,,,,,,,,,,
baseline,baseline:38:1:3,38,74,f5953a468618a9d3da7122971e816da8ad9a9be8913c727272c2bde259df7c03,3,prod,,unavailable:not_persisted_per_task,1,50-100,1,2,2,,,,,,,,,,
baseline,baseline:38:2:0,38,74,0eddc931ff5609d00efbc1357da1c62d44400ab7df83cfde0c20b8edd9c630c3,0,living,,unavailable:not_persisted_per_task,1,50-100,2,2,2,,,,,,,,,,
baseline,baseline:38:2:1,38,74,0eddc931ff5609d00efbc1357da1c62d44400ab7df83cfde0c20b8edd9c630c3,1,living,,unavailable:not_persisted_per_task,1,50-100,2,2,2,,,,,,,,,,
baseline,baseline:38:2:2,38,74,0eddc931ff5609d00efbc1357da1c62d44400ab7df83cfde0c20b8edd9c630c3,2,living,,unavailable:not_persisted_per_task,1,50-100,2,2,2,,,,,,,,,,
baseline,baseline:38:2:3,38,74,0eddc931ff5609d00efbc1357da1c62d44400ab7df83cfde0c20b8edd9c630c3,3,living,,unavailable:not_persisted_per_task,1,50-100,2,2,2,,,,,,,,,,
baseline,baseline:38:3:0,38,74,049a591648d54ec93e7877a7b20f5314eeec0da2993646419239308d0f41f65c,0,living,,unavailable:not_persisted_per_task,1,50-100,3,2,1,,,,,,,,,,
baseline,baseline:38:3:1,38,74,049a591648d54ec93e7877a7b20f5314eeec0da2993646419239308d0f41f65c,1,living,,unavailable:not_persisted_per_task,1,50-100,3,2,1,,,,,,,,,,
baseline,baseline:38:3:2,38,74,049a591648d54ec93e7877a7b20f5314eeec0da2993646419239308d0f41f65c,2,living,,unavailable:not_persisted_per_task,1,50-100,3,2,1,,,,,,,,,,
baseline,baseline:38:3:3,38,74,049a591648d54ec93e7877a7b20f5314eeec0da2993646419239308d0f41f65c,3,living,,unavailable:not_persisted_per_task,1,50-100,3,2,1,,,,,,,,,,
baseline,baseline:43:0:0,43,84,3e91e08a7bc05fa1612f2d9b8fe2d95b6e035debc995f2cc6447c17c7d15182f,0,video,,unavailable:not_persisted_per_task,0,50-100,0,17,11,,,,,,,,,,
baseline,baseline:43:0:1,43,84,3e91e08a7bc05fa1612f2d9b8fe2d95b6e035debc995f2cc6447c17c7d15182f,1,video,,unavailable:not_persisted_per_task,0,50-100,0,17,11,,,,,,,,,,
baseline,baseline:43:0:2,43,84,3e91e08a7bc05fa1612f2d9b8fe2d95b6e035debc995f2cc6447c17c7d15182f,2,video,,unavailable:not_persisted_per_task,0,50-100,0,17,11,,,,,,,,,,
baseline,baseline:43:0:3,43,84,3e91e08a7bc05fa1612f2d9b8fe2d95b6e035debc995f2cc6447c17c7d15182f,3,video,,unavailable:not_persisted_per_task,0,50-100,0,17,11,,,,,,,,,,
baseline,baseline:43:1:0,43,84,809ef03bd9265d7fb5680211aa1c59b55b147bda8aac79d2270f40e021b80804,0,video,,unavailable:not_persisted_per_task,0,50-100,1,20,16,,,,,,,,,,
baseline,baseline:43:1:1,43,84,809ef03bd9265d7fb5680211aa1c59b55b147bda8aac79d2270f40e021b80804,1,video,,unavailable:not_persisted_per_task,0,50-100,1,20,16,,,,,,,,,,
baseline,baseline:43:1:2,43,84,809ef03bd9265d7fb5680211aa1c59b55b147bda8aac79d2270f40e021b80804,2,video,,unavailable:not_persisted_per_task,0,50-100,1,20,16,,,,,,,,,,
baseline,baseline:43:1:3,43,84,809ef03bd9265d7fb5680211aa1c59b55b147bda8aac79d2270f40e021b80804,3,video,,unavailable:not_persisted_per_task,0,50-100,1,20,16,,,,,,,,,,
baseline,baseline:43:2:0,43,84,d0847b2c76f55358e794e14ca456a5bd2688c3d286e6c31f2a17d08128d20479,0,ad,,unavailable:not_persisted_per_task,0,50-100,2,2,2,,,,,,,,,,
baseline,baseline:43:2:1,43,84,d0847b2c76f55358e794e14ca456a5bd2688c3d286e6c31f2a17d08128d20479,1,ad,,unavailable:not_persisted_per_task,0,50-100,2,2,2,,,,,,,,,,
baseline,baseline:43:2:2,43,84,d0847b2c76f55358e794e14ca456a5bd2688c3d286e6c31f2a17d08128d20479,2,ad,,unavailable:not_persisted_per_task,0,50-100,2,2,2,,,,,,,,,,
baseline,baseline:43:2:3,43,84,d0847b2c76f55358e794e14ca456a5bd2688c3d286e6c31f2a17d08128d20479,3,ad,,unavailable:not_persisted_per_task,0,50-100,2,2,2,,,,,,,,,,
baseline,baseline:43:3:0,43,84,c2a167b7e6891c128e39b05820dd9e93931dfd00f3c9d9dd5d6935e512636d01,0,prod,,unavailable:not_persisted_per_task,0,50-100,3,2,2,,,,,,,,,,
baseline,baseline:43:3:1,43,84,c2a167b7e6891c128e39b05820dd9e93931dfd00f3c9d9dd5d6935e512636d01,1,prod,,unavailable:not_persisted_per_task,0,50-100,3,2,2,,,,,,,,,,
baseline,baseline:43:3:2,43,84,c2a167b7e6891c128e39b05820dd9e93931dfd00f3c9d9dd5d6935e512636d01,2,prod,,unavailable:not_persisted_per_task,0,50-100,3,2,2,,,,,,,,,,
baseline,baseline:43:3:3,43,84,c2a167b7e6891c128e39b05820dd9e93931dfd00f3c9d9dd5d6935e512636d01,3,prod,,unavailable:not_persisted_per_task,0,50-100,3,2,2,,,,,,,,,,
baseline,baseline:44:0:0,44,86,9ec8bb893646f73b028db73987f15664f0d6bca63ea55b606828c8fc025f86b5,0,video,,unavailable:not_persisted_per_task,1,50-100,0,15,15,,,,,,,,,,
baseline,baseline:44:0:1,44,86,9ec8bb893646f73b028db73987f15664f0d6bca63ea55b606828c8fc025f86b5,1,video,,unavailable:not_persisted_per_task,1,50-100,0,15,15,,,,,,,,,,
baseline,baseline:44:0:2,44,86,9ec8bb893646f73b028db73987f15664f0d6bca63ea55b606828c8fc025f86b5,2,video,,unavailable:not_persisted_per_task,1,50-100,0,15,15,,,,,,,,,,
baseline,baseline:44:0:3,44,86,9ec8bb893646f73b028db73987f15664f0d6bca63ea55b606828c8fc025f86b5,3,video,,unavailable:not_persisted_per_task,1,50-100,0,15,15,,,,,,,,,,
baseline,baseline:44:1:0,44,86,e666ffaed3823a149debfda15481a51d75015803e9b5e36f84c68307aa23dee5,0,video,,unavailable:not_persisted_per_task,1,50-100,1,12,12,,,,,,,,,,
baseline,baseline:44:1:1,44,86,e666ffaed3823a149debfda15481a51d75015803e9b5e36f84c68307aa23dee5,1,video,,unavailable:not_persisted_per_task,1,50-100,1,12,12,,,,,,,,,,
baseline,baseline:44:1:2,44,86,e666ffaed3823a149debfda15481a51d75015803e9b5e36f84c68307aa23dee5,2,video,,unavailable:not_persisted_per_task,1,50-100,1,12,12,,,,,,,,,,
baseline,baseline:44:1:3,44,86,e666ffaed3823a149debfda15481a51d75015803e9b5e36f84c68307aa23dee5,3,video,,unavailable:not_persisted_per_task,1,50-100,1,12,12,,,,,,,,,,
baseline,baseline:44:2:0,44,86,7322361402c096d38ae72919053734e0d3d2b2fa851aaaa5e5d14dc0055eb435,0,ad,,unavailable:not_persisted_per_task,1,50-100,2,2,1,,,,,,,,,,
baseline,baseline:44:2:1,44,86,7322361402c096d38ae72919053734e0d3d2b2fa851aaaa5e5d14dc0055eb435,1,ad,,unavailable:not_persisted_per_task,1,50-100,2,2,1,,,,,,,,,,
baseline,baseline:44:2:2,44,86,7322361402c096d38ae72919053734e0d3d2b2fa851aaaa5e5d14dc0055eb435,2,ad,,unavailable:not_persisted_per_task,1,50-100,2,2,1,,,,,,,,,,
baseline,baseline:44:2:3,44,86,7322361402c096d38ae72919053734e0d3d2b2fa851aaaa5e5d14dc0055eb435,3,ad,,unavailable:not_persisted_per_task,1,50-100,2,2,1,,,,,,,,,,
baseline,baseline:44:3:0,44,86,f1668ca638673a7c5e3562fb259c9c65fd121476c9cecf1d4e52b6100549f7cf,0,prod,,unavailable:not_persisted_per_task,1,50-100,3,3,1,,,,,,,,,,
baseline,baseline:44:3:1,44,86,f1668ca638673a7c5e3562fb259c9c65fd121476c9cecf1d4e52b6100549f7cf,1,prod,,unavailable:not_persisted_per_task,1,50-100,3,3,1,,,,,,,,,,
baseline,baseline:44:3:2,44,86,f1668ca638673a7c5e3562fb259c9c65fd121476c9cecf1d4e52b6100549f7cf,2,prod,,unavailable:not_persisted_per_task,1,50-100,3,3,1,,,,,,,,,,
baseline,baseline:44:3:3,44,86,f1668ca638673a7c5e3562fb259c9c65fd121476c9cecf1d4e52b6100549f7cf,3,prod,,unavailable:not_persisted_per_task,1,50-100,3,3,1,,,,,,,,,,
baseline,baseline:49:0:0,49,96,119e3f527cc020d71c5beacacb45031def8f75c30ea6b041adbee0d4bd1ba93c,0,prod,,unavailable:not_persisted_per_task,0,50-100,0,2,2,,,,,,,,,,
baseline,baseline:49:0:1,49,96,119e3f527cc020d71c5beacacb45031def8f75c30ea6b041adbee0d4bd1ba93c,1,prod,,unavailable:not_persisted_per_task,0,50-100,0,2,2,,,,,,,,,,
baseline,baseline:49:0:2,49,96,119e3f527cc020d71c5beacacb45031def8f75c30ea6b041adbee0d4bd1ba93c,2,prod,,unavailable:not_persisted_per_task,0,50-100,0,2,2,,,,,,,,,,
baseline,baseline:49:0:3,49,96,119e3f527cc020d71c5beacacb45031def8f75c30ea6b041adbee0d4bd1ba93c,3,prod,,unavailable:not_persisted_per_task,0,50-100,0,2,2,,,,,,,,,,
baseline,baseline:49:1:0,49,96,bc0498e018bdd3399b55bb5f3b77e321ae15ef9e142b9906efe22d7e704a4641,0,prod,,unavailable:not_persisted_per_task,0,50-100,1,2,2,,,,,,,,,,
baseline,baseline:49:1:1,49,96,bc0498e018bdd3399b55bb5f3b77e321ae15ef9e142b9906efe22d7e704a4641,1,prod,,unavailable:not_persisted_per_task,0,50-100,1,2,2,,,,,,,,,,
baseline,baseline:49:1:2,49,96,bc0498e018bdd3399b55bb5f3b77e321ae15ef9e142b9906efe22d7e704a4641,2,prod,,unavailable:not_persisted_per_task,0,50-100,1,2,2,,,,,,,,,,
baseline,baseline:49:1:3,49,96,bc0498e018bdd3399b55bb5f3b77e321ae15ef9e142b9906efe22d7e704a4641,3,prod,,unavailable:not_persisted_per_task,0,50-100,1,2,2,,,,,,,,,,
baseline,baseline:49:2:0,49,96,a28c925e07ca8faa7afcfa75882b61a9c3036c1657e4af995cc5a6ffe520d2a3,0,prod,,unavailable:not_persisted_per_task,0,50-100,2,2,2,,,,,,,,,,
baseline,baseline:49:2:1,49,96,a28c925e07ca8faa7afcfa75882b61a9c3036c1657e4af995cc5a6ffe520d2a3,1,prod,,unavailable:not_persisted_per_task,0,50-100,2,2,2,,,,,,,,,,
baseline,baseline:49:2:2,49,96,a28c925e07ca8faa7afcfa75882b61a9c3036c1657e4af995cc5a6ffe520d2a3,2,prod,,unavailable:not_persisted_per_task,0,50-100,2,2,2,,,,,,,,,,
baseline,baseline:49:2:3,49,96,a28c925e07ca8faa7afcfa75882b61a9c3036c1657e4af995cc5a6ffe520d2a3,3,prod,,unavailable:not_persisted_per_task,0,50-100,2,2,2,,,,,,,,,,
baseline,baseline:49:3:0,49,96,8a27ccb17931890a0b4a730c68060763b6939392fef396f4a67436e45aba86a6,0,video,,unavailable:not_persisted_per_task,0,50-100,3,11,11,,,,,,,,,,
baseline,baseline:49:3:1,49,96,8a27ccb17931890a0b4a730c68060763b6939392fef396f4a67436e45aba86a6,1,video,,unavailable:not_persisted_per_task,0,50-100,3,11,11,,,,,,,,,,
baseline,baseline:49:3:2,49,96,8a27ccb17931890a0b4a730c68060763b6939392fef396f4a67436e45aba86a6,2,video,,unavailable:not_persisted_per_task,0,50-100,3,11,11,,,,,,,,,,
baseline,baseline:49:3:3,49,96,8a27ccb17931890a0b4a730c68060763b6939392fef396f4a67436e45aba86a6,3,video,,unavailable:not_persisted_per_task,0,50-100,3,11,11,,,,,,,,,,
baseline,baseline:50:0:0,50,98,40c5143f486f8e047652ac44f19dfdeb02309aa136d72761d9986c675ec92f2e,0,ad,,unavailable:not_persisted_per_task,1,50-100,0,2,2,,,,,,,,,,
baseline,baseline:50:0:1,50,98,40c5143f486f8e047652ac44f19dfdeb02309aa136d72761d9986c675ec92f2e,1,ad,,unavailable:not_persisted_per_task,1,50-100,0,2,2,,,,,,,,,,
baseline,baseline:50:0:2,50,98,40c5143f486f8e047652ac44f19dfdeb02309aa136d72761d9986c675ec92f2e,2,ad,,unavailable:not_persisted_per_task,1,50-100,0,2,2,,,,,,,,,,
baseline,baseline:50:0:3,50,98,40c5143f486f8e047652ac44f19dfdeb02309aa136d72761d9986c675ec92f2e,3,ad,,unavailable:not_persisted_per_task,1,50-100,0,2,2,,,,,,,,,,
baseline,baseline:50:1:0,50,98,d45c49008c172189901a55bfcf094cc6d2ce429a76740614e6fe28adb073ea3b,0,video,,unavailable:not_persisted_per_task,1,50-100,1,12,8,,,,,,,,,,
baseline,baseline:50:1:1,50,98,d45c49008c172189901a55bfcf094cc6d2ce429a76740614e6fe28adb073ea3b,1,video,,unavailable:not_persisted_per_task,1,50-100,1,12,8,,,,,,,,,,
baseline,baseline:50:1:2,50,98,d45c49008c172189901a55bfcf094cc6d2ce429a76740614e6fe28adb073ea3b,2,video,,unavailable:not_persisted_per_task,1,50-100,1,12,8,,,,,,,,,,
baseline,baseline:50:1:3,50,98,d45c49008c172189901a55bfcf094cc6d2ce429a76740614e6fe28adb073ea3b,3,video,,unavailable:not_persisted_per_task,1,50-100,1,12,8,,,,,,,,,,
baseline,baseline:50:2:0,50,98,b7293186fc1b2503be392a972d8f728d30402f23e530c0f84dd1d4c240b3be61,0,living,,unavailable:not_persisted_per_task,1,50-100,2,2,2,,,,,,,,,,
baseline,baseline:50:2:1,50,98,b7293186fc1b2503be392a972d8f728d30402f23e530c0f84dd1d4c240b3be61,1,living,,unavailable:not_persisted_per_task,1,50-100,2,2,2,,,,,,,,,,
baseline,baseline:50:2:2,50,98,b7293186fc1b2503be392a972d8f728d30402f23e530c0f84dd1d4c240b3be61,2,living,,unavailable:not_persisted_per_task,1,50-100,2,2,2,,,,,,,,,,
baseline,baseline:50:2:3,50,98,b7293186fc1b2503be392a972d8f728d30402f23e530c0f84dd1d4c240b3be61,3,living,,unavailable:not_persisted_per_task,1,50-100,2,2,2,,,,,,,,,,
baseline,baseline:50:3:0,50,98,06342e3516bd54b7db3b4cbaab5bd5cd22f4885d5d2c984bcde23810e0baff01,0,prod,,unavailable:not_persisted_per_task,1,50-100,3,6,2,,,,,,,,,,
baseline,baseline:50:3:1,50,98,06342e3516bd54b7db3b4cbaab5bd5cd22f4885d5d2c984bcde23810e0baff01,1,prod,,unavailable:not_persisted_per_task,1,50-100,3,6,2,,,,,,,,,,
baseline,baseline:50:3:2,50,98,06342e3516bd54b7db3b4cbaab5bd5cd22f4885d5d2c984bcde23810e0baff01,2,prod,,unavailable:not_persisted_per_task,1,50-100,3,6,2,,,,,,,,,,
baseline,baseline:50:3:3,50,98,06342e3516bd54b7db3b4cbaab5bd5cd22f4885d5d2c984bcde23810e0baff01,3,prod,,unavailable:not_persisted_per_task,1,50-100,3,6,2,,,,,,,,,,
baseline,baseline:55:0:0,55,108,ff62985956d9168edb6a7111482ba99c4b90534f0475b22ca3dc720fc3565fea,0,video,,unavailable:not_persisted_per_task,0,100-150,0,19,16,,,,,,,,,,
baseline,baseline:55:0:1,55,108,ff62985956d9168edb6a7111482ba99c4b90534f0475b22ca3dc720fc3565fea,1,video,,unavailable:not_persisted_per_task,0,100-150,0,19,16,,,,,,,,,,
baseline,baseline:55:0:2,55,108,ff62985956d9168edb6a7111482ba99c4b90534f0475b22ca3dc720fc3565fea,2,video,,unavailable:not_persisted_per_task,0,100-150,0,19,16,,,,,,,,,,
baseline,baseline:55:0:3,55,108,ff62985956d9168edb6a7111482ba99c4b90534f0475b22ca3dc720fc3565fea,3,video,,unavailable:not_persisted_per_task,0,100-150,0,19,16,,,,,,,,,,
baseline,baseline:55:1:0,55,108,67ab58f9ad082946b52ca1500ae4d6d55ed6f546c7c833fb4b686374589ce564,0,prod,,unavailable:not_persisted_per_task,0,100-150,1,2,2,,,,,,,,,,
baseline,baseline:55:1:1,55,108,67ab58f9ad082946b52ca1500ae4d6d55ed6f546c7c833fb4b686374589ce564,1,prod,,unavailable:not_persisted_per_task,0,100-150,1,2,2,,,,,,,,,,
baseline,baseline:55:1:2,55,108,67ab58f9ad082946b52ca1500ae4d6d55ed6f546c7c833fb4b686374589ce564,2,prod,,unavailable:not_persisted_per_task,0,100-150,1,2,2,,,,,,,,,,
baseline,baseline:55:1:3,55,108,67ab58f9ad082946b52ca1500ae4d6d55ed6f546c7c833fb4b686374589ce564,3,prod,,unavailable:not_persisted_per_task,0,100-150,1,2,2,,,,,,,,,,
baseline,baseline:55:2:0,55,108,c4a730a681582c59f8a09e4784e4832a57be0755ed4cc69d6e8494963b358a0a,0,video,,unavailable:not_persisted_per_task,0,100-150,2,20,17,,,,,,,,,,
baseline,baseline:55:2:1,55,108,c4a730a681582c59f8a09e4784e4832a57be0755ed4cc69d6e8494963b358a0a,1,video,,unavailable:not_persisted_per_task,0,100-150,2,20,17,,,,,,,,,,
baseline,baseline:55:2:2,55,108,c4a730a681582c59f8a09e4784e4832a57be0755ed4cc69d6e8494963b358a0a,2,video,,unavailable:not_persisted_per_task,0,100-150,2,20,17,,,,,,,,,,
baseline,baseline:55:2:3,55,108,c4a730a681582c59f8a09e4784e4832a57be0755ed4cc69d6e8494963b358a0a,3,video,,unavailable:not_persisted_per_task,0,100-150,2,20,17,,,,,,,,,,
baseline,baseline:55:3:0,55,108,cf90ee92683994f10d62264ea7fee5a8bc3de32ebbe08b1caa403757cecf5f58,0,video,,unavailable:not_persisted_per_task,0,100-150,3,14,11,,,,,,,,,,
baseline,baseline:55:3:1,55,108,cf90ee92683994f10d62264ea7fee5a8bc3de32ebbe08b1caa403757cecf5f58,1,video,,unavailable:not_persisted_per_task,0,100-150,3,14,11,,,,,,,,,,
baseline,baseline:55:3:2,55,108,cf90ee92683994f10d62264ea7fee5a8bc3de32ebbe08b1caa403757cecf5f58,2,video,,unavailable:not_persisted_per_task,0,100-150,3,14,11,,,,,,,,,,
baseline,baseline:55:3:3,55,108,cf90ee92683994f10d62264ea7fee5a8bc3de32ebbe08b1caa403757cecf5f58,3,video,,unavailable:not_persisted_per_task,0,100-150,3,14,11,,,,,,,,,,
baseline,baseline:56:0:0,56,110,cf06cb7a094ce31fc28173c0b1fc82bb0d2074dce3775fc7204962cef4222eb6,0,ad,,unavailable:not_persisted_per_task,0,100-150,0,3,2,,,,,,,,,,
baseline,baseline:56:0:1,56,110,cf06cb7a094ce31fc28173c0b1fc82bb0d2074dce3775fc7204962cef4222eb6,1,ad,,unavailable:not_persisted_per_task,0,100-150,0,3,2,,,,,,,,,,
baseline,baseline:56:0:2,56,110,cf06cb7a094ce31fc28173c0b1fc82bb0d2074dce3775fc7204962cef4222eb6,2,ad,,unavailable:not_persisted_per_task,0,100-150,0,3,2,,,,,,,,,,
baseline,baseline:56:0:3,56,110,cf06cb7a094ce31fc28173c0b1fc82bb0d2074dce3775fc7204962cef4222eb6,3,ad,,unavailable:not_persisted_per_task,0,100-150,0,3,2,,,,,,,,,,
baseline,baseline:56:1:0,56,110,2e028f42872c6fd66b8297fc37f8e9b3645f27d0163dfbac8c71c5292b720329,0,video,,unavailable:not_persisted_per_task,0,100-150,1,12,10,,,,,,,,,,
baseline,baseline:56:1:1,56,110,2e028f42872c6fd66b8297fc37f8e9b3645f27d0163dfbac8c71c5292b720329,1,video,,unavailable:not_persisted_per_task,0,100-150,1,12,10,,,,,,,,,,
baseline,baseline:56:1:2,56,110,2e028f42872c6fd66b8297fc37f8e9b3645f27d0163dfbac8c71c5292b720329,2,video,,unavailable:not_persisted_per_task,0,100-150,1,12,10,,,,,,,,,,
baseline,baseline:56:1:3,56,110,2e028f42872c6fd66b8297fc37f8e9b3645f27d0163dfbac8c71c5292b720329,3,video,,unavailable:not_persisted_per_task,0,100-150,1,12,10,,,,,,,,,,
baseline,baseline:56:2:0,56,110,b7e4d4511fa1408aa85399b08ebb8e052feebe7c0512ed4d71410d945a556f05,0,ad,,unavailable:not_persisted_per_task,0,100-150,2,2,2,,,,,,,,,,
baseline,baseline:56:2:1,56,110,b7e4d4511fa1408aa85399b08ebb8e052feebe7c0512ed4d71410d945a556f05,1,ad,,unavailable:not_persisted_per_task,0,100-150,2,2,2,,,,,,,,,,
baseline,baseline:56:2:2,56,110,b7e4d4511fa1408aa85399b08ebb8e052feebe7c0512ed4d71410d945a556f05,2,ad,,unavailable:not_persisted_per_task,0,100-150,2,2,2,,,,,,,,,,
baseline,baseline:56:2:3,56,110,b7e4d4511fa1408aa85399b08ebb8e052feebe7c0512ed4d71410d945a556f05,3,ad,,unavailable:not_persisted_per_task,0,100-150,2,2,2,,,,,,,,,,
baseline,baseline:56:3:0,56,110,0c186d14bafbc1a28a6c9eb589ea17afb27ea6e04411c5e1efaada44ac525e29,0,prod,,unavailable:not_persisted_per_task,0,100-150,3,2,2,,,,,,,,,,
baseline,baseline:56:3:1,56,110,0c186d14bafbc1a28a6c9eb589ea17afb27ea6e04411c5e1efaada44ac525e29,1,prod,,unavailable:not_persisted_per_task,0,100-150,3,2,2,,,,,,,,,,
baseline,baseline:56:3:2,56,110,0c186d14bafbc1a28a6c9eb589ea17afb27ea6e04411c5e1efaada44ac525e29,2,prod,,unavailable:not_persisted_per_task,0,100-150,3,2,2,,,,,,,,,,
baseline,baseline:56:3:3,56,110,0c186d14bafbc1a28a6c9eb589ea17afb27ea6e04411c5e1efaada44ac525e29,3,prod,,unavailable:not_persisted_per_task,0,100-150,3,2,2,,,,,,,,,,
baseline,baseline:61:0:0,61,120,b6fea39a1bf187c715f59f6e66d65e7d18cd0a047d9e02c2aac81b07749b36bc,0,prod,,unavailable:not_persisted_per_task,0,100-150,0,2,2,,,,,,,,,,
baseline,baseline:61:0:1,61,120,b6fea39a1bf187c715f59f6e66d65e7d18cd0a047d9e02c2aac81b07749b36bc,1,prod,,unavailable:not_persisted_per_task,0,100-150,0,2,2,,,,,,,,,,
baseline,baseline:61:0:2,61,120,b6fea39a1bf187c715f59f6e66d65e7d18cd0a047d9e02c2aac81b07749b36bc,2,prod,,unavailable:not_persisted_per_task,0,100-150,0,2,2,,,,,,,,,,
baseline,baseline:61:0:3,61,120,b6fea39a1bf187c715f59f6e66d65e7d18cd0a047d9e02c2aac81b07749b36bc,3,prod,,unavailable:not_persisted_per_task,0,100-150,0,2,2,,,,,,,,,,
baseline,baseline:61:1:0,61,120,1ee593e5284d5773b470c17a676137aafe862db740c00bb5f81fabf4642a0302,0,prod,,unavailable:not_persisted_per_task,0,100-150,1,2,2,,,,,,,,,,
baseline,baseline:61:1:1,61,120,1ee593e5284d5773b470c17a676137aafe862db740c00bb5f81fabf4642a0302,1,prod,,unavailable:not_persisted_per_task,0,100-150,1,2,2,,,,,,,,,,
baseline,baseline:61:1:2,61,120,1ee593e5284d5773b470c17a676137aafe862db740c00bb5f81fabf4642a0302,2,prod,,unavailable:not_persisted_per_task,0,100-150,1,2,2,,,,,,,,,,
baseline,baseline:61:1:3,61,120,1ee593e5284d5773b470c17a676137aafe862db740c00bb5f81fabf4642a0302,3,prod,,unavailable:not_persisted_per_task,0,100-150,1,2,2,,,,,,,,,,
baseline,baseline:61:2:0,61,120,36dad14cd22e5786cb3e43ef8f2586c63dff82b0d0772191718bb539f631334e,0,prod,,unavailable:not_persisted_per_task,0,100-150,2,2,2,,,,,,,,,,
baseline,baseline:61:2:1,61,120,36dad14cd22e5786cb3e43ef8f2586c63dff82b0d0772191718bb539f631334e,1,prod,,unavailable:not_persisted_per_task,0,100-150,2,2,2,,,,,,,,,,
baseline,baseline:61:2:2,61,120,36dad14cd22e5786cb3e43ef8f2586c63dff82b0d0772191718bb539f631334e,2,prod,,unavailable:not_persisted_per_task,0,100-150,2,2,2,,,,,,,,,,
baseline,baseline:61:2:3,61,120,36dad14cd22e5786cb3e43ef8f2586c63dff82b0d0772191718bb539f631334e,3,prod,,unavailable:not_persisted_per_task,0,100-150,2,2,2,,,,,,,,,,
baseline,baseline:61:3:0,61,120,0699177fb5346347fd46bae64fd3e71642bfb1f9c4b9e3c37d2d1748877f4c28,0,video,,unavailable:not_persisted_per_task,0,100-150,3,12,11,,,,,,,,,,
baseline,baseline:61:3:1,61,120,0699177fb5346347fd46bae64fd3e71642bfb1f9c4b9e3c37d2d1748877f4c28,1,video,,unavailable:not_persisted_per_task,0,100-150,3,12,11,,,,,,,,,,
baseline,baseline:61:3:2,61,120,0699177fb5346347fd46bae64fd3e71642bfb1f9c4b9e3c37d2d1748877f4c28,2,video,,unavailable:not_persisted_per_task,0,100-150,3,12,11,,,,,,,,,,
baseline,baseline:61:3:3,61,120,0699177fb5346347fd46bae64fd3e71642bfb1f9c4b9e3c37d2d1748877f4c28,3,video,,unavailable:not_persisted_per_task,0,100-150,3,12,11,,,,,,,,,,
baseline,baseline:62:0:0,62,122,1fcd0948aea44098db024fdec8fca37adeae8371dcd95098960e813e585db6ef,0,ad,,unavailable:not_persisted_per_task,0,100-150,0,2,2,,,,,,,,,,
baseline,baseline:62:0:1,62,122,1fcd0948aea44098db024fdec8fca37adeae8371dcd95098960e813e585db6ef,1,ad,,unavailable:not_persisted_per_task,0,100-150,0,2,2,,,,,,,,,,
baseline,baseline:62:0:2,62,122,1fcd0948aea44098db024fdec8fca37adeae8371dcd95098960e813e585db6ef,2,ad,,unavailable:not_persisted_per_task,0,100-150,0,2,2,,,,,,,,,,
baseline,baseline:62:0:3,62,122,1fcd0948aea44098db024fdec8fca37adeae8371dcd95098960e813e585db6ef,3,ad,,unavailable:not_persisted_per_task,0,100-150,0,2,2,,,,,,,,,,
baseline,baseline:62:1:0,62,122,2fbb89ca71192c54b77334f632acd194fef8072126bcf8ed40248af90a714f9f,0,ad,,unavailable:not_persisted_per_task,0,100-150,1,6,5,,,,,,,,,,
baseline,baseline:62:1:1,62,122,2fbb89ca71192c54b77334f632acd194fef8072126bcf8ed40248af90a714f9f,1,ad,,unavailable:not_persisted_per_task,0,100-150,1,6,5,,,,,,,,,,
baseline,baseline:62:1:2,62,122,2fbb89ca71192c54b77334f632acd194fef8072126bcf8ed40248af90a714f9f,2,ad,,unavailable:not_persisted_per_task,0,100-150,1,6,5,,,,,,,,,,
baseline,baseline:62:1:3,62,122,2fbb89ca71192c54b77334f632acd194fef8072126bcf8ed40248af90a714f9f,3,ad,,unavailable:not_persisted_per_task,0,100-150,1,6,5,,,,,,,,,,
baseline,baseline:62:2:0,62,122,ce21a6f86fbbf6fdae9b0636beffd14586c0a7ff1347814523b46b91437569db,0,ad,,unavailable:not_persisted_per_task,0,100-150,2,2,1,,,,,,,,,,
baseline,baseline:62:2:1,62,122,ce21a6f86fbbf6fdae9b0636beffd14586c0a7ff1347814523b46b91437569db,1,ad,,unavailable:not_persisted_per_task,0,100-150,2,2,1,,,,,,,,,,
baseline,baseline:62:2:2,62,122,ce21a6f86fbbf6fdae9b0636beffd14586c0a7ff1347814523b46b91437569db,2,ad,,unavailable:not_persisted_per_task,0,100-150,2,2,1,,,,,,,,,,
baseline,baseline:62:2:3,62,122,ce21a6f86fbbf6fdae9b0636beffd14586c0a7ff1347814523b46b91437569db,3,ad,,unavailable:not_persisted_per_task,0,100-150,2,2,1,,,,,,,,,,
baseline,baseline:62:3:0,62,122,a2f4ebd777ef3bd7ff06c9868fc20c7e63b5503cb793778c5c7229568bbc22b7,0,prod,,unavailable:not_persisted_per_task,0,100-150,3,2,2,,,,,,,,,,
baseline,baseline:62:3:1,62,122,a2f4ebd777ef3bd7ff06c9868fc20c7e63b5503cb793778c5c7229568bbc22b7,1,prod,,unavailable:not_persisted_per_task,0,100-150,3,2,2,,,,,,,,,,
baseline,baseline:62:3:2,62,122,a2f4ebd777ef3bd7ff06c9868fc20c7e63b5503cb793778c5c7229568bbc22b7,2,prod,,unavailable:not_persisted_per_task,0,100-150,3,2,2,,,,,,,,,,
baseline,baseline:62:3:3,62,122,a2f4ebd777ef3bd7ff06c9868fc20c7e63b5503cb793778c5c7229568bbc22b7,3,prod,,unavailable:not_persisted_per_task,0,100-150,3,2,2,,,,,,,,,,
baseline,baseline:67:0:0,67,132,2a6242f5b050eb181d229a20799f37eabdf9b71e6ec0ba7072b492a338214bba,0,prod,,unavailable:not_persisted_per_task,0,100-150,0,2,1,,,,,,,,,,
baseline,baseline:67:0:1,67,132,2a6242f5b050eb181d229a20799f37eabdf9b71e6ec0ba7072b492a338214bba,1,prod,,unavailable:not_persisted_per_task,0,100-150,0,2,1,,,,,,,,,,
baseline,baseline:67:0:2,67,132,2a6242f5b050eb181d229a20799f37eabdf9b71e6ec0ba7072b492a338214bba,2,prod,,unavailable:not_persisted_per_task,0,100-150,0,2,1,,,,,,,,,,
baseline,baseline:67:0:3,67,132,2a6242f5b050eb181d229a20799f37eabdf9b71e6ec0ba7072b492a338214bba,3,prod,,unavailable:not_persisted_per_task,0,100-150,0,2,1,,,,,,,,,,
baseline,baseline:67:1:0,67,132,89469262045023704737991e026af7ab9bcec2ba5b15e1cbd3d232f1561c16ba,0,ad,,unavailable:not_persisted_per_task,0,100-150,1,3,1,,,,,,,,,,
baseline,baseline:67:1:1,67,132,89469262045023704737991e026af7ab9bcec2ba5b15e1cbd3d232f1561c16ba,1,ad,,unavailable:not_persisted_per_task,0,100-150,1,3,1,,,,,,,,,,
baseline,baseline:67:1:2,67,132,89469262045023704737991e026af7ab9bcec2ba5b15e1cbd3d232f1561c16ba,2,ad,,unavailable:not_persisted_per_task,0,100-150,1,3,1,,,,,,,,,,
baseline,baseline:67:1:3,67,132,89469262045023704737991e026af7ab9bcec2ba5b15e1cbd3d232f1561c16ba,3,ad,,unavailable:not_persisted_per_task,0,100-150,1,3,1,,,,,,,,,,
baseline,baseline:67:2:0,67,132,97c784270dfb4acf1f7f161ca2f0ed15d02f286d865f4443d7325040b1edea75,0,prod,,unavailable:not_persisted_per_task,0,100-150,2,2,2,,,,,,,,,,
baseline,baseline:67:2:1,67,132,97c784270dfb4acf1f7f161ca2f0ed15d02f286d865f4443d7325040b1edea75,1,prod,,unavailable:not_persisted_per_task,0,100-150,2,2,2,,,,,,,,,,
baseline,baseline:67:2:2,67,132,97c784270dfb4acf1f7f161ca2f0ed15d02f286d865f4443d7325040b1edea75,2,prod,,unavailable:not_persisted_per_task,0,100-150,2,2,2,,,,,,,,,,
baseline,baseline:67:2:3,67,132,97c784270dfb4acf1f7f161ca2f0ed15d02f286d865f4443d7325040b1edea75,3,prod,,unavailable:not_persisted_per_task,0,100-150,2,2,2,,,,,,,,,,
baseline,baseline:67:3:0,67,132,a613353a507645a4c300ec8f826d931890bf54a3a6d60e87402b036cb066c093,0,ad,,unavailable:not_persisted_per_task,0,100-150,3,2,2,,,,,,,,,,
baseline,baseline:67:3:1,67,132,a613353a507645a4c300ec8f826d931890bf54a3a6d60e87402b036cb066c093,1,ad,,unavailable:not_persisted_per_task,0,100-150,3,2,2,,,,,,,,,,
baseline,baseline:67:3:2,67,132,a613353a507645a4c300ec8f826d931890bf54a3a6d60e87402b036cb066c093,2,ad,,unavailable:not_persisted_per_task,0,100-150,3,2,2,,,,,,,,,,
baseline,baseline:67:3:3,67,132,a613353a507645a4c300ec8f826d931890bf54a3a6d60e87402b036cb066c093,3,ad,,unavailable:not_persisted_per_task,0,100-150,3,2,2,,,,,,,,,,
baseline,baseline:68:0:0,68,134,6cb07a9f34605479d1ccdc927a8b3dddca1c47658eb12f14fe22f49bb774907f,0,video,,unavailable:not_persisted_per_task,0,100-150,0,14,12,,,,,,,,,,
baseline,baseline:68:0:1,68,134,6cb07a9f34605479d1ccdc927a8b3dddca1c47658eb12f14fe22f49bb774907f,1,video,,unavailable:not_persisted_per_task,0,100-150,0,14,12,,,,,,,,,,
baseline,baseline:68:0:2,68,134,6cb07a9f34605479d1ccdc927a8b3dddca1c47658eb12f14fe22f49bb774907f,2,video,,unavailable:not_persisted_per_task,0,100-150,0,14,12,,,,,,,,,,
baseline,baseline:68:0:3,68,134,6cb07a9f34605479d1ccdc927a8b3dddca1c47658eb12f14fe22f49bb774907f,3,video,,unavailable:not_persisted_per_task,0,100-150,0,14,12,,,,,,,,,,
baseline,baseline:68:1:0,68,134,2265829cde3373db4881e93c00b9baa231bebd4a7442c9a93f7699f65757f5b1,0,ad,,unavailable:not_persisted_per_task,0,100-150,1,5,4,,,,,,,,,,
baseline,baseline:68:1:1,68,134,2265829cde3373db4881e93c00b9baa231bebd4a7442c9a93f7699f65757f5b1,1,ad,,unavailable:not_persisted_per_task,0,100-150,1,5,4,,,,,,,,,,
baseline,baseline:68:1:2,68,134,2265829cde3373db4881e93c00b9baa231bebd4a7442c9a93f7699f65757f5b1,2,ad,,unavailable:not_persisted_per_task,0,100-150,1,5,4,,,,,,,,,,
baseline,baseline:68:1:3,68,134,2265829cde3373db4881e93c00b9baa231bebd4a7442c9a93f7699f65757f5b1,3,ad,,unavailable:not_persisted_per_task,0,100-150,1,5,4,,,,,,,,,,
baseline,baseline:68:2:0,68,134,3447ef18305a260a22097d338f7dd0493fc4337f826f0ae2402bd9431ee0547e,0,prod,,unavailable:not_persisted_per_task,0,100-150,2,2,1,,,,,,,,,,
baseline,baseline:68:2:1,68,134,3447ef18305a260a22097d338f7dd0493fc4337f826f0ae2402bd9431ee0547e,1,prod,,unavailable:not_persisted_per_task,0,100-150,2,2,1,,,,,,,,,,
baseline,baseline:68:2:2,68,134,3447ef18305a260a22097d338f7dd0493fc4337f826f0ae2402bd9431ee0547e,2,prod,,unavailable:not_persisted_per_task,0,100-150,2,2,1,,,,,,,,,,
baseline,baseline:68:2:3,68,134,3447ef18305a260a22097d338f7dd0493fc4337f826f0ae2402bd9431ee0547e,3,prod,,unavailable:not_persisted_per_task,0,100-150,2,2,1,,,,,,,,,,
baseline,baseline:68:3:0,68,134,c3f3f46fb3d5518acb4a975c373b1d6caba3d2faf9add77aa4cfc224634d4f5f,0,prod,,unavailable:not_persisted_per_task,0,100-150,3,2,2,,,,,,,,,,
baseline,baseline:68:3:1,68,134,c3f3f46fb3d5518acb4a975c373b1d6caba3d2faf9add77aa4cfc224634d4f5f,1,prod,,unavailable:not_persisted_per_task,0,100-150,3,2,2,,,,,,,,,,
baseline,baseline:68:3:2,68,134,c3f3f46fb3d5518acb4a975c373b1d6caba3d2faf9add77aa4cfc224634d4f5f,2,prod,,unavailable:not_persisted_per_task,0,100-150,3,2,2,,,,,,,,,,
baseline,baseline:68:3:3,68,134,c3f3f46fb3d5518acb4a975c373b1d6caba3d2faf9add77aa4cfc224634d4f5f,3,prod,,unavailable:not_persisted_per_task,0,100-150,3,2,2,,,,,,,,,,
baseline,baseline:73:0:0,73,144,088f1e67b7743d30d88414fb32637c59e3f2688e5b7bb703b08adb0578885af3,0,video,,unavailable:not_persisted_per_task,0,100-150,0,16,12,,,,,,,,,,
baseline,baseline:73:0:1,73,144,088f1e67b7743d30d88414fb32637c59e3f2688e5b7bb703b08adb0578885af3,1,video,,unavailable:not_persisted_per_task,0,100-150,0,16,12,,,,,,,,,,
baseline,baseline:73:0:2,73,144,088f1e67b7743d30d88414fb32637c59e3f2688e5b7bb703b08adb0578885af3,2,video,,unavailable:not_persisted_per_task,0,100-150,0,16,12,,,,,,,,,,
baseline,baseline:73:0:3,73,144,088f1e67b7743d30d88414fb32637c59e3f2688e5b7bb703b08adb0578885af3,3,video,,unavailable:not_persisted_per_task,0,100-150,0,16,12,,,,,,,,,,
baseline,baseline:73:1:0,73,144,5d0b68a1956bc3dd811f2aeb967b629ab6346192b32c0c59c03acb38ff10ed02,0,ad,,unavailable:not_persisted_per_task,0,100-150,1,3,3,,,,,,,,,,
baseline,baseline:73:1:1,73,144,5d0b68a1956bc3dd811f2aeb967b629ab6346192b32c0c59c03acb38ff10ed02,1,ad,,unavailable:not_persisted_per_task,0,100-150,1,3,3,,,,,,,,,,
baseline,baseline:73:1:2,73,144,5d0b68a1956bc3dd811f2aeb967b629ab6346192b32c0c59c03acb38ff10ed02,2,ad,,unavailable:not_persisted_per_task,0,100-150,1,3,3,,,,,,,,,,
baseline,baseline:73:1:3,73,144,5d0b68a1956bc3dd811f2aeb967b629ab6346192b32c0c59c03acb38ff10ed02,3,ad,,unavailable:not_persisted_per_task,0,100-150,1,3,3,,,,,,,,,,
baseline,baseline:73:2:0,73,144,970a2fc504dcc3bfe9a098b6f67d94dd713eaa71f5a81b50ff1cc799d153ec6e,0,video,,unavailable:not_persisted_per_task,0,100-150,2,15,13,,,,,,,,,,
baseline,baseline:73:2:1,73,144,970a2fc504dcc3bfe9a098b6f67d94dd713eaa71f5a81b50ff1cc799d153ec6e,1,video,,unavailable:not_persisted_per_task,0,100-150,2,15,13,,,,,,,,,,
baseline,baseline:73:2:2,73,144,970a2fc504dcc3bfe9a098b6f67d94dd713eaa71f5a81b50ff1cc799d153ec6e,2,video,,unavailable:not_persisted_per_task,0,100-150,2,15,13,,,,,,,,,,
baseline,baseline:73:2:3,73,144,970a2fc504dcc3bfe9a098b6f67d94dd713eaa71f5a81b50ff1cc799d153ec6e,3,video,,unavailable:not_persisted_per_task,0,100-150,2,15,13,,,,,,,,,,
baseline,baseline:73:3:0,73,144,afa63af1f633d4149a1c3a28f081476dee73cb31dc7e9c3a7e3c16b0be026339,0,video,,unavailable:not_persisted_per_task,0,100-150,3,14,14,,,,,,,,,,
baseline,baseline:73:3:1,73,144,afa63af1f633d4149a1c3a28f081476dee73cb31dc7e9c3a7e3c16b0be026339,1,video,,unavailable:not_persisted_per_task,0,100-150,3,14,14,,,,,,,,,,
baseline,baseline:73:3:2,73,144,afa63af1f633d4149a1c3a28f081476dee73cb31dc7e9c3a7e3c16b0be026339,2,video,,unavailable:not_persisted_per_task,0,100-150,3,14,14,,,,,,,,,,
baseline,baseline:73:3:3,73,144,afa63af1f633d4149a1c3a28f081476dee73cb31dc7e9c3a7e3c16b0be026339,3,video,,unavailable:not_persisted_per_task,0,100-150,3,14,14,,,,,,,,,,
baseline,baseline:74:0:0,74,146,555f4b5612361ada7dc25cdab202fcc8c27d9329005132538e4546a760ccf084,0,ad,,unavailable:not_persisted_per_task,0,100-150,0,2,2,,,,,,,,,,
baseline,baseline:74:0:1,74,146,555f4b5612361ada7dc25cdab202fcc8c27d9329005132538e4546a760ccf084,1,ad,,unavailable:not_persisted_per_task,0,100-150,0,2,2,,,,,,,,,,
baseline,baseline:74:0:2,74,146,555f4b5612361ada7dc25cdab202fcc8c27d9329005132538e4546a760ccf084,2,ad,,unavailable:not_persisted_per_task,0,100-150,0,2,2,,,,,,,,,,
baseline,baseline:74:0:3,74,146,555f4b5612361ada7dc25cdab202fcc8c27d9329005132538e4546a760ccf084,3,ad,,unavailable:not_persisted_per_task,0,100-150,0,2,2,,,,,,,,,,
baseline,baseline:74:1:0,74,146,1abeacdef98debbce75392b9f3482d1ebda3c7a523cab76597e490e72b0fde3d,0,prod,,unavailable:not_persisted_per_task,0,100-150,1,2,2,,,,,,,,,,
baseline,baseline:74:1:1,74,146,1abeacdef98debbce75392b9f3482d1ebda3c7a523cab76597e490e72b0fde3d,1,prod,,unavailable:not_persisted_per_task,0,100-150,1,2,2,,,,,,,,,,
baseline,baseline:74:1:2,74,146,1abeacdef98debbce75392b9f3482d1ebda3c7a523cab76597e490e72b0fde3d,2,prod,,unavailable:not_persisted_per_task,0,100-150,1,2,2,,,,,,,,,,
baseline,baseline:74:1:3,74,146,1abeacdef98debbce75392b9f3482d1ebda3c7a523cab76597e490e72b0fde3d,3,prod,,unavailable:not_persisted_per_task,0,100-150,1,2,2,,,,,,,,,,
baseline,baseline:74:2:0,74,146,0d63ce67704c57832b525625092ca93a3d169ccd3e534f3e868b3fd92e8e9c80,0,living,,unavailable:not_persisted_per_task,0,100-150,2,2,1,,,,,,,,,,
baseline,baseline:74:2:1,74,146,0d63ce67704c57832b525625092ca93a3d169ccd3e534f3e868b3fd92e8e9c80,1,living,,unavailable:not_persisted_per_task,0,100-150,2,2,1,,,,,,,,,,
baseline,baseline:74:2:2,74,146,0d63ce67704c57832b525625092ca93a3d169ccd3e534f3e868b3fd92e8e9c80,2,living,,unavailable:not_persisted_per_task,0,100-150,2,2,1,,,,,,,,,,
baseline,baseline:74:2:3,74,146,0d63ce67704c57832b525625092ca93a3d169ccd3e534f3e868b3fd92e8e9c80,3,living,,unavailable:not_persisted_per_task,0,100-150,2,2,1,,,,,,,,,,
baseline,baseline:74:3:0,74,146,aeaad89f4ff836b72cacf6503749977d1fef8743304e656601454a6d281e4988,0,ad,,unavailable:not_persisted_per_task,0,100-150,3,2,2,,,,,,,,,,
baseline,baseline:74:3:1,74,146,aeaad89f4ff836b72cacf6503749977d1fef8743304e656601454a6d281e4988,1,ad,,unavailable:not_persisted_per_task,0,100-150,3,2,2,,,,,,,,,,
baseline,baseline:74:3:2,74,146,aeaad89f4ff836b72cacf6503749977d1fef8743304e656601454a6d281e4988,2,ad,,unavailable:not_persisted_per_task,0,100-150,3,2,2,,,,,,,,,,
baseline,baseline:74:3:3,74,146,aeaad89f4ff836b72cacf6503749977d1fef8743304e656601454a6d281e4988,3,ad,,unavailable:not_persisted_per_task,0,100-150,3,2,2,,,,,,,,,,
baseline,baseline:79:0:0,79,156,dbdc2b1e83f6950024974ccd14550fe2b9112dc429a99114137ec4a0778c2d26,0,video,,unavailable:not_persisted_per_task,0,150-200,0,15,12,,,,,,,,,,
baseline,baseline:79:0:1,79,156,dbdc2b1e83f6950024974ccd14550fe2b9112dc429a99114137ec4a0778c2d26,1,video,,unavailable:not_persisted_per_task,0,150-200,0,15,12,,,,,,,,,,
baseline,baseline:79:0:2,79,156,dbdc2b1e83f6950024974ccd14550fe2b9112dc429a99114137ec4a0778c2d26,2,video,,unavailable:not_persisted_per_task,0,150-200,0,15,12,,,,,,,,,,
baseline,baseline:79:0:3,79,156,dbdc2b1e83f6950024974ccd14550fe2b9112dc429a99114137ec4a0778c2d26,3,video,,unavailable:not_persisted_per_task,0,150-200,0,15,12,,,,,,,,,,
baseline,baseline:79:1:0,79,156,babc50ffd95f54c42ca738d732cb552dadb287d66aac1bc679514ba7eff8b42a,0,video,,unavailable:not_persisted_per_task,0,150-200,1,11,9,,,,,,,,,,
baseline,baseline:79:1:1,79,156,babc50ffd95f54c42ca738d732cb552dadb287d66aac1bc679514ba7eff8b42a,1,video,,unavailable:not_persisted_per_task,0,150-200,1,11,9,,,,,,,,,,
baseline,baseline:79:1:2,79,156,babc50ffd95f54c42ca738d732cb552dadb287d66aac1bc679514ba7eff8b42a,2,video,,unavailable:not_persisted_per_task,0,150-200,1,11,9,,,,,,,,,,
baseline,baseline:79:1:3,79,156,babc50ffd95f54c42ca738d732cb552dadb287d66aac1bc679514ba7eff8b42a,3,video,,unavailable:not_persisted_per_task,0,150-200,1,11,9,,,,,,,,,,
baseline,baseline:79:2:0,79,156,9d1e3633d5057ea877251ea0741babd775eff4d82ce8697a8a1ce1362e1b871b,0,ad,,unavailable:not_persisted_per_task,0,150-200,2,2,2,,,,,,,,,,
baseline,baseline:79:2:1,79,156,9d1e3633d5057ea877251ea0741babd775eff4d82ce8697a8a1ce1362e1b871b,1,ad,,unavailable:not_persisted_per_task,0,150-200,2,2,2,,,,,,,,,,
baseline,baseline:79:2:2,79,156,9d1e3633d5057ea877251ea0741babd775eff4d82ce8697a8a1ce1362e1b871b,2,ad,,unavailable:not_persisted_per_task,0,150-200,2,2,2,,,,,,,,,,
baseline,baseline:79:2:3,79,156,9d1e3633d5057ea877251ea0741babd775eff4d82ce8697a8a1ce1362e1b871b,3,ad,,unavailable:not_persisted_per_task,0,150-200,2,2,2,,,,,,,,,,
baseline,baseline:79:3:0,79,156,c017412042a6c52384996c53924bdc9318844a7b572b34cb1f13e6f7529ed6f4,0,video,,unavailable:not_persisted_per_task,0,150-200,3,13,8,,,,,,,,,,
baseline,baseline:79:3:1,79,156,c017412042a6c52384996c53924bdc9318844a7b572b34cb1f13e6f7529ed6f4,1,video,,unavailable:not_persisted_per_task,0,150-200,3,13,8,,,,,,,,,,
baseline,baseline:79:3:2,79,156,c017412042a6c52384996c53924bdc9318844a7b572b34cb1f13e6f7529ed6f4,2,video,,unavailable:not_persisted_per_task,0,150-200,3,13,8,,,,,,,,,,
baseline,baseline:79:3:3,79,156,c017412042a6c52384996c53924bdc9318844a7b572b34cb1f13e6f7529ed6f4,3,video,,unavailable:not_persisted_per_task,0,150-200,3,13,8,,,,,,,,,,
baseline,baseline:80:0:0,80,158,1e69a31d62cece5fd7a4f6155c0dc1f441d5f7b7609287c44f893e8a2c0fa63d,0,prod,0,observed_directly:trace_every20,5,150-200,0,3,2,819,0,0,,0.0,0.1709427114126798,,0.0,True,
baseline,baseline:80:0:1,80,158,1e69a31d62cece5fd7a4f6155c0dc1f441d5f7b7609287c44f893e8a2c0fa63d,1,prod,0,observed_directly:trace_every20,5,150-200,0,3,2,706,4,4,1.0,1.0,0.41972797267298745,,0.5,True,
baseline,baseline:80:0:2,80,158,1e69a31d62cece5fd7a4f6155c0dc1f441d5f7b7609287c44f893e8a2c0fa63d,2,prod,0,observed_directly:trace_every20,5,150-200,0,3,2,991,4,3,0.75,0.9666666666666667,0.6545539784069588,,8.25,True,
baseline,baseline:80:0:3,80,158,1e69a31d62cece5fd7a4f6155c0dc1f441d5f7b7609287c44f893e8a2c0fa63d,3,prod,0,observed_directly:trace_every20,5,150-200,0,3,2,666,3,3,1.0,1.0,0.5879144523973445,,8.25,True,
baseline,baseline:80:1:0,80,158,d40d72043402551a5b0e55070ef1dd7b28299bec9b1a1ff15bc23b36c0077f87,0,living,,unavailable:not_persisted_per_task,5,150-200,1,2,2,,,,,,,,,,
baseline,baseline:80:1:1,80,158,d40d72043402551a5b0e55070ef1dd7b28299bec9b1a1ff15bc23b36c0077f87,1,living,,unavailable:not_persisted_per_task,5,150-200,1,2,2,,,,,,,,,,
baseline,baseline:80:1:2,80,158,d40d72043402551a5b0e55070ef1dd7b28299bec9b1a1ff15bc23b36c0077f87,2,living,,unavailable:not_persisted_per_task,5,150-200,1,2,2,,,,,,,,,,
baseline,baseline:80:1:3,80,158,d40d72043402551a5b0e55070ef1dd7b28299bec9b1a1ff15bc23b36c0077f87,3,living,,unavailable:not_persisted_per_task,5,150-200,1,2,2,,,,,,,,,,
baseline,baseline:80:2:0,80,158,6d525c80cb7c8be63ccd444966c1c86688bed9dc6dd10c1b5d5847dd64e29bab,0,prod,,unavailable:not_persisted_per_task,5,150-200,2,3,3,,,,,,,,,,
baseline,baseline:80:2:1,80,158,6d525c80cb7c8be63ccd444966c1c86688bed9dc6dd10c1b5d5847dd64e29bab,1,prod,,unavailable:not_persisted_per_task,5,150-200,2,3,3,,,,,,,,,,
baseline,baseline:80:2:2,80,158,6d525c80cb7c8be63ccd444966c1c86688bed9dc6dd10c1b5d5847dd64e29bab,2,prod,,unavailable:not_persisted_per_task,5,150-200,2,3,3,,,,,,,,,,
baseline,baseline:80:2:3,80,158,6d525c80cb7c8be63ccd444966c1c86688bed9dc6dd10c1b5d5847dd64e29bab,3,prod,,unavailable:not_persisted_per_task,5,150-200,2,3,3,,,,,,,,,,
baseline,baseline:80:3:0,80,158,11364711f75e1a131a594bb279de9aa80b485176848a268184a0e2ed57d0f64f,0,video,,unavailable:not_persisted_per_task,5,150-200,3,20,13,,,,,,,,,,
baseline,baseline:80:3:1,80,158,11364711f75e1a131a594bb279de9aa80b485176848a268184a0e2ed57d0f64f,1,video,,unavailable:not_persisted_per_task,5,150-200,3,20,13,,,,,,,,,,
baseline,baseline:80:3:2,80,158,11364711f75e1a131a594bb279de9aa80b485176848a268184a0e2ed57d0f64f,2,video,,unavailable:not_persisted_per_task,5,150-200,3,20,13,,,,,,,,,,
baseline,baseline:80:3:3,80,158,11364711f75e1a131a594bb279de9aa80b485176848a268184a0e2ed57d0f64f,3,video,,unavailable:not_persisted_per_task,5,150-200,3,20,13,,,,,,,,,,
baseline,baseline:85:0:0,85,168,a88e7f254ed1a874ee3e5c2da321835a799e2ea2292ba5e0c17d38dd83b2bfe9,0,prod,,unavailable:not_persisted_per_task,0,150-200,0,2,2,,,,,,,,,,
baseline,baseline:85:0:1,85,168,a88e7f254ed1a874ee3e5c2da321835a799e2ea2292ba5e0c17d38dd83b2bfe9,1,prod,,unavailable:not_persisted_per_task,0,150-200,0,2,2,,,,,,,,,,
baseline,baseline:85:0:2,85,168,a88e7f254ed1a874ee3e5c2da321835a799e2ea2292ba5e0c17d38dd83b2bfe9,2,prod,,unavailable:not_persisted_per_task,0,150-200,0,2,2,,,,,,,,,,
baseline,baseline:85:0:3,85,168,a88e7f254ed1a874ee3e5c2da321835a799e2ea2292ba5e0c17d38dd83b2bfe9,3,prod,,unavailable:not_persisted_per_task,0,150-200,0,2,2,,,,,,,,,,
baseline,baseline:85:1:0,85,168,9d59ee7e816876bfd6de164fd43b9e3d43f37cc140235dfd981b7ac1379c0bbc,0,living,,unavailable:not_persisted_per_task,0,150-200,1,2,2,,,,,,,,,,
baseline,baseline:85:1:1,85,168,9d59ee7e816876bfd6de164fd43b9e3d43f37cc140235dfd981b7ac1379c0bbc,1,living,,unavailable:not_persisted_per_task,0,150-200,1,2,2,,,,,,,,,,
baseline,baseline:85:1:2,85,168,9d59ee7e816876bfd6de164fd43b9e3d43f37cc140235dfd981b7ac1379c0bbc,2,living,,unavailable:not_persisted_per_task,0,150-200,1,2,2,,,,,,,,,,
baseline,baseline:85:1:3,85,168,9d59ee7e816876bfd6de164fd43b9e3d43f37cc140235dfd981b7ac1379c0bbc,3,living,,unavailable:not_persisted_per_task,0,150-200,1,2,2,,,,,,,,,,
baseline,baseline:85:2:0,85,168,8346f83b1e8184f4e3f4455397f79f8e657530407540be80f1ef030fb5f7efdb,0,prod,,unavailable:not_persisted_per_task,0,150-200,2,2,1,,,,,,,,,,
baseline,baseline:85:2:1,85,168,8346f83b1e8184f4e3f4455397f79f8e657530407540be80f1ef030fb5f7efdb,1,prod,,unavailable:not_persisted_per_task,0,150-200,2,2,1,,,,,,,,,,
baseline,baseline:85:2:2,85,168,8346f83b1e8184f4e3f4455397f79f8e657530407540be80f1ef030fb5f7efdb,2,prod,,unavailable:not_persisted_per_task,0,150-200,2,2,1,,,,,,,,,,
baseline,baseline:85:2:3,85,168,8346f83b1e8184f4e3f4455397f79f8e657530407540be80f1ef030fb5f7efdb,3,prod,,unavailable:not_persisted_per_task,0,150-200,2,2,1,,,,,,,,,,
baseline,baseline:85:3:0,85,168,31c0cd92985b7f2a76db78a439db59f89949f27c0babb5af84a51eeb9d39d241,0,video,,unavailable:not_persisted_per_task,0,150-200,3,19,15,,,,,,,,,,
baseline,baseline:85:3:1,85,168,31c0cd92985b7f2a76db78a439db59f89949f27c0babb5af84a51eeb9d39d241,1,video,,unavailable:not_persisted_per_task,0,150-200,3,19,15,,,,,,,,,,
baseline,baseline:85:3:2,85,168,31c0cd92985b7f2a76db78a439db59f89949f27c0babb5af84a51eeb9d39d241,2,video,,unavailable:not_persisted_per_task,0,150-200,3,19,15,,,,,,,,,,
baseline,baseline:85:3:3,85,168,31c0cd92985b7f2a76db78a439db59f89949f27c0babb5af84a51eeb9d39d241,3,video,,unavailable:not_persisted_per_task,0,150-200,3,19,15,,,,,,,,,,
baseline,baseline:86:0:0,86,170,216f2e0d7fd240a05230a9b98fe069bedd68626b547fbc3ba4fb6bbf6be74554,0,prod,,unavailable:not_persisted_per_task,0,150-200,0,2,2,,,,,,,,,,
baseline,baseline:86:0:1,86,170,216f2e0d7fd240a05230a9b98fe069bedd68626b547fbc3ba4fb6bbf6be74554,1,prod,,unavailable:not_persisted_per_task,0,150-200,0,2,2,,,,,,,,,,
baseline,baseline:86:0:2,86,170,216f2e0d7fd240a05230a9b98fe069bedd68626b547fbc3ba4fb6bbf6be74554,2,prod,,unavailable:not_persisted_per_task,0,150-200,0,2,2,,,,,,,,,,
baseline,baseline:86:0:3,86,170,216f2e0d7fd240a05230a9b98fe069bedd68626b547fbc3ba4fb6bbf6be74554,3,prod,,unavailable:not_persisted_per_task,0,150-200,0,2,2,,,,,,,,,,
baseline,baseline:86:1:0,86,170,c8aafede16125b5f0d90aed2b85d9823d0469d79989628571aa822214714e033,0,ad,,unavailable:not_persisted_per_task,0,150-200,1,2,2,,,,,,,,,,
baseline,baseline:86:1:1,86,170,c8aafede16125b5f0d90aed2b85d9823d0469d79989628571aa822214714e033,1,ad,,unavailable:not_persisted_per_task,0,150-200,1,2,2,,,,,,,,,,
baseline,baseline:86:1:2,86,170,c8aafede16125b5f0d90aed2b85d9823d0469d79989628571aa822214714e033,2,ad,,unavailable:not_persisted_per_task,0,150-200,1,2,2,,,,,,,,,,
baseline,baseline:86:1:3,86,170,c8aafede16125b5f0d90aed2b85d9823d0469d79989628571aa822214714e033,3,ad,,unavailable:not_persisted_per_task,0,150-200,1,2,2,,,,,,,,,,
baseline,baseline:86:2:0,86,170,a73f751be9c4d0fa5f9b9623176a52ef7c5066a6321160272646c0cae31f1905,0,video,,unavailable:not_persisted_per_task,0,150-200,2,11,9,,,,,,,,,,
baseline,baseline:86:2:1,86,170,a73f751be9c4d0fa5f9b9623176a52ef7c5066a6321160272646c0cae31f1905,1,video,,unavailable:not_persisted_per_task,0,150-200,2,11,9,,,,,,,,,,
baseline,baseline:86:2:2,86,170,a73f751be9c4d0fa5f9b9623176a52ef7c5066a6321160272646c0cae31f1905,2,video,,unavailable:not_persisted_per_task,0,150-200,2,11,9,,,,,,,,,,
baseline,baseline:86:2:3,86,170,a73f751be9c4d0fa5f9b9623176a52ef7c5066a6321160272646c0cae31f1905,3,video,,unavailable:not_persisted_per_task,0,150-200,2,11,9,,,,,,,,,,
baseline,baseline:86:3:0,86,170,2c65d4ea518bb211a1912fcf17ad3c59159cad840462958368f3964fd348f45a,0,ad,,unavailable:not_persisted_per_task,0,150-200,3,2,2,,,,,,,,,,
baseline,baseline:86:3:1,86,170,2c65d4ea518bb211a1912fcf17ad3c59159cad840462958368f3964fd348f45a,1,ad,,unavailable:not_persisted_per_task,0,150-200,3,2,2,,,,,,,,,,
baseline,baseline:86:3:2,86,170,2c65d4ea518bb211a1912fcf17ad3c59159cad840462958368f3964fd348f45a,2,ad,,unavailable:not_persisted_per_task,0,150-200,3,2,2,,,,,,,,,,
baseline,baseline:86:3:3,86,170,2c65d4ea518bb211a1912fcf17ad3c59159cad840462958368f3964fd348f45a,3,ad,,unavailable:not_persisted_per_task,0,150-200,3,2,2,,,,,,,,,,
baseline,baseline:91:0:0,91,180,bba5b030faadcf76800e36c9700cbec005e87580580150452877df4458e57ba1,0,video,,unavailable:not_persisted_per_task,0,150-200,0,16,15,,,,,,,,,,
baseline,baseline:91:0:1,91,180,bba5b030faadcf76800e36c9700cbec005e87580580150452877df4458e57ba1,1,video,,unavailable:not_persisted_per_task,0,150-200,0,16,15,,,,,,,,,,
baseline,baseline:91:0:2,91,180,bba5b030faadcf76800e36c9700cbec005e87580580150452877df4458e57ba1,2,video,,unavailable:not_persisted_per_task,0,150-200,0,16,15,,,,,,,,,,
baseline,baseline:91:0:3,91,180,bba5b030faadcf76800e36c9700cbec005e87580580150452877df4458e57ba1,3,video,,unavailable:not_persisted_per_task,0,150-200,0,16,15,,,,,,,,,,
baseline,baseline:91:1:0,91,180,06551b1a41909c7a5024bff8c91c1fee48439a436243547b2e69d0b5b91ab29c,0,prod,,unavailable:not_persisted_per_task,0,150-200,1,2,1,,,,,,,,,,
baseline,baseline:91:1:1,91,180,06551b1a41909c7a5024bff8c91c1fee48439a436243547b2e69d0b5b91ab29c,1,prod,,unavailable:not_persisted_per_task,0,150-200,1,2,1,,,,,,,,,,
baseline,baseline:91:1:2,91,180,06551b1a41909c7a5024bff8c91c1fee48439a436243547b2e69d0b5b91ab29c,2,prod,,unavailable:not_persisted_per_task,0,150-200,1,2,1,,,,,,,,,,
baseline,baseline:91:1:3,91,180,06551b1a41909c7a5024bff8c91c1fee48439a436243547b2e69d0b5b91ab29c,3,prod,,unavailable:not_persisted_per_task,0,150-200,1,2,1,,,,,,,,,,
baseline,baseline:91:2:0,91,180,e5c10d32bb476707138fd008dde354ee5f0e6d35c3fb3b02bc295defd00e2296,0,video,,unavailable:not_persisted_per_task,0,150-200,2,13,12,,,,,,,,,,
baseline,baseline:91:2:1,91,180,e5c10d32bb476707138fd008dde354ee5f0e6d35c3fb3b02bc295defd00e2296,1,video,,unavailable:not_persisted_per_task,0,150-200,2,13,12,,,,,,,,,,
baseline,baseline:91:2:2,91,180,e5c10d32bb476707138fd008dde354ee5f0e6d35c3fb3b02bc295defd00e2296,2,video,,unavailable:not_persisted_per_task,0,150-200,2,13,12,,,,,,,,,,
baseline,baseline:91:2:3,91,180,e5c10d32bb476707138fd008dde354ee5f0e6d35c3fb3b02bc295defd00e2296,3,video,,unavailable:not_persisted_per_task,0,150-200,2,13,12,,,,,,,,,,
baseline,baseline:91:3:0,91,180,b87cdc0f8e1d7668ee5e674a725af6b6614d5892cfafbc02dde600ec63c7ab76,0,video,,unavailable:not_persisted_per_task,0,150-200,3,20,13,,,,,,,,,,
baseline,baseline:91:3:1,91,180,b87cdc0f8e1d7668ee5e674a725af6b6614d5892cfafbc02dde600ec63c7ab76,1,video,,unavailable:not_persisted_per_task,0,150-200,3,20,13,,,,,,,,,,
baseline,baseline:91:3:2,91,180,b87cdc0f8e1d7668ee5e674a725af6b6614d5892cfafbc02dde600ec63c7ab76,2,video,,unavailable:not_persisted_per_task,0,150-200,3,20,13,,,,,,,,,,
baseline,baseline:91:3:3,91,180,b87cdc0f8e1d7668ee5e674a725af6b6614d5892cfafbc02dde600ec63c7ab76,3,video,,unavailable:not_persisted_per_task,0,150-200,3,20,13,,,,,,,,,,
baseline,baseline:92:0:0,92,182,327d6f60fc454d552f6c7d399d02c1baa2c07b72958ee9f8dc4870bd89b1a092,0,living,,unavailable:not_persisted_per_task,0,150-200,0,2,2,,,,,,,,,,
baseline,baseline:92:0:1,92,182,327d6f60fc454d552f6c7d399d02c1baa2c07b72958ee9f8dc4870bd89b1a092,1,living,,unavailable:not_persisted_per_task,0,150-200,0,2,2,,,,,,,,,,
baseline,baseline:92:0:2,92,182,327d6f60fc454d552f6c7d399d02c1baa2c07b72958ee9f8dc4870bd89b1a092,2,living,,unavailable:not_persisted_per_task,0,150-200,0,2,2,,,,,,,,,,
baseline,baseline:92:0:3,92,182,327d6f60fc454d552f6c7d399d02c1baa2c07b72958ee9f8dc4870bd89b1a092,3,living,,unavailable:not_persisted_per_task,0,150-200,0,2,2,,,,,,,,,,
baseline,baseline:92:1:0,92,182,d24a52c829b5e75afffb8608a25031997b38272b51c9d3f547c949422ee0b90d,0,ad,,unavailable:not_persisted_per_task,0,150-200,1,5,5,,,,,,,,,,
baseline,baseline:92:1:1,92,182,d24a52c829b5e75afffb8608a25031997b38272b51c9d3f547c949422ee0b90d,1,ad,,unavailable:not_persisted_per_task,0,150-200,1,5,5,,,,,,,,,,
baseline,baseline:92:1:2,92,182,d24a52c829b5e75afffb8608a25031997b38272b51c9d3f547c949422ee0b90d,2,ad,,unavailable:not_persisted_per_task,0,150-200,1,5,5,,,,,,,,,,
baseline,baseline:92:1:3,92,182,d24a52c829b5e75afffb8608a25031997b38272b51c9d3f547c949422ee0b90d,3,ad,,unavailable:not_persisted_per_task,0,150-200,1,5,5,,,,,,,,,,
baseline,baseline:92:2:0,92,182,ea0f739a505528c1504a72a5d97bc5544cacdf1dbbb98c38c6bb166b2d55ee9c,0,ad,,unavailable:not_persisted_per_task,0,150-200,2,5,3,,,,,,,,,,
baseline,baseline:92:2:1,92,182,ea0f739a505528c1504a72a5d97bc5544cacdf1dbbb98c38c6bb166b2d55ee9c,1,ad,,unavailable:not_persisted_per_task,0,150-200,2,5,3,,,,,,,,,,
baseline,baseline:92:2:2,92,182,ea0f739a505528c1504a72a5d97bc5544cacdf1dbbb98c38c6bb166b2d55ee9c,2,ad,,unavailable:not_persisted_per_task,0,150-200,2,5,3,,,,,,,,,,
baseline,baseline:92:2:3,92,182,ea0f739a505528c1504a72a5d97bc5544cacdf1dbbb98c38c6bb166b2d55ee9c,3,ad,,unavailable:not_persisted_per_task,0,150-200,2,5,3,,,,,,,,,,
baseline,baseline:92:3:0,92,182,760e9cc6bcf405bf8a3625aefa027f66cd580f0eb5f81712b8a64096620e94be,0,video,,unavailable:not_persisted_per_task,0,150-200,3,20,13,,,,,,,,,,
baseline,baseline:92:3:1,92,182,760e9cc6bcf405bf8a3625aefa027f66cd580f0eb5f81712b8a64096620e94be,1,video,,unavailable:not_persisted_per_task,0,150-200,3,20,13,,,,,,,,,,
baseline,baseline:92:3:2,92,182,760e9cc6bcf405bf8a3625aefa027f66cd580f0eb5f81712b8a64096620e94be,2,video,,unavailable:not_persisted_per_task,0,150-200,3,20,13,,,,,,,,,,
baseline,baseline:92:3:3,92,182,760e9cc6bcf405bf8a3625aefa027f66cd580f0eb5f81712b8a64096620e94be,3,video,,unavailable:not_persisted_per_task,0,150-200,3,20,13,,,,,,,,,,
baseline,baseline:97:0:0,97,192,15617a4b50054f1364eb61474c0dd0ecae0518132a4283e8abac0de9b2a75587,0,prod,,unavailable:not_persisted_per_task,0,150-200,0,2,2,,,,,,,,,,
baseline,baseline:97:0:1,97,192,15617a4b50054f1364eb61474c0dd0ecae0518132a4283e8abac0de9b2a75587,1,prod,,unavailable:not_persisted_per_task,0,150-200,0,2,2,,,,,,,,,,
baseline,baseline:97:0:2,97,192,15617a4b50054f1364eb61474c0dd0ecae0518132a4283e8abac0de9b2a75587,2,prod,,unavailable:not_persisted_per_task,0,150-200,0,2,2,,,,,,,,,,
baseline,baseline:97:0:3,97,192,15617a4b50054f1364eb61474c0dd0ecae0518132a4283e8abac0de9b2a75587,3,prod,,unavailable:not_persisted_per_task,0,150-200,0,2,2,,,,,,,,,,
baseline,baseline:97:1:0,97,192,46cffa95d4666375cef8cf1e1cc9f23fd14cdacb44ddcaec414fc716d1f67ff2,0,living,,unavailable:not_persisted_per_task,0,150-200,1,2,1,,,,,,,,,,
baseline,baseline:97:1:1,97,192,46cffa95d4666375cef8cf1e1cc9f23fd14cdacb44ddcaec414fc716d1f67ff2,1,living,,unavailable:not_persisted_per_task,0,150-200,1,2,1,,,,,,,,,,
baseline,baseline:97:1:2,97,192,46cffa95d4666375cef8cf1e1cc9f23fd14cdacb44ddcaec414fc716d1f67ff2,2,living,,unavailable:not_persisted_per_task,0,150-200,1,2,1,,,,,,,,,,
baseline,baseline:97:1:3,97,192,46cffa95d4666375cef8cf1e1cc9f23fd14cdacb44ddcaec414fc716d1f67ff2,3,living,,unavailable:not_persisted_per_task,0,150-200,1,2,1,,,,,,,,,,
baseline,baseline:97:2:0,97,192,4c1e5e1af4579acea16bccde01348c97c8c5d0a39f0b396b22c1cbb1c9663386,0,prod,,unavailable:not_persisted_per_task,0,150-200,2,3,1,,,,,,,,,,
baseline,baseline:97:2:1,97,192,4c1e5e1af4579acea16bccde01348c97c8c5d0a39f0b396b22c1cbb1c9663386,1,prod,,unavailable:not_persisted_per_task,0,150-200,2,3,1,,,,,,,,,,
baseline,baseline:97:2:2,97,192,4c1e5e1af4579acea16bccde01348c97c8c5d0a39f0b396b22c1cbb1c9663386,2,prod,,unavailable:not_persisted_per_task,0,150-200,2,3,1,,,,,,,,,,
baseline,baseline:97:2:3,97,192,4c1e5e1af4579acea16bccde01348c97c8c5d0a39f0b396b22c1cbb1c9663386,3,prod,,unavailable:not_persisted_per_task,0,150-200,2,3,1,,,,,,,,,,
baseline,baseline:97:3:0,97,192,6a3aa2c8c35a2221423c4e7cd1ee06f53237251b80e538151165a7f3a8de9f35,0,prod,,unavailable:not_persisted_per_task,0,150-200,3,2,1,,,,,,,,,,
baseline,baseline:97:3:1,97,192,6a3aa2c8c35a2221423c4e7cd1ee06f53237251b80e538151165a7f3a8de9f35,1,prod,,unavailable:not_persisted_per_task,0,150-200,3,2,1,,,,,,,,,,
baseline,baseline:97:3:2,97,192,6a3aa2c8c35a2221423c4e7cd1ee06f53237251b80e538151165a7f3a8de9f35,2,prod,,unavailable:not_persisted_per_task,0,150-200,3,2,1,,,,,,,,,,
baseline,baseline:97:3:3,97,192,6a3aa2c8c35a2221423c4e7cd1ee06f53237251b80e538151165a7f3a8de9f35,3,prod,,unavailable:not_persisted_per_task,0,150-200,3,2,1,,,,,,,,,,
baseline,baseline:98:0:0,98,194,b190ca45928880ffbaf5abbe3dda7b1ab3465fa7bc3177b1a5cb93c71d491e9f,0,ad,,unavailable:not_persisted_per_task,0,150-200,0,2,2,,,,,,,,,,
baseline,baseline:98:0:1,98,194,b190ca45928880ffbaf5abbe3dda7b1ab3465fa7bc3177b1a5cb93c71d491e9f,1,ad,,unavailable:not_persisted_per_task,0,150-200,0,2,2,,,,,,,,,,
baseline,baseline:98:0:2,98,194,b190ca45928880ffbaf5abbe3dda7b1ab3465fa7bc3177b1a5cb93c71d491e9f,2,ad,,unavailable:not_persisted_per_task,0,150-200,0,2,2,,,,,,,,,,
baseline,baseline:98:0:3,98,194,b190ca45928880ffbaf5abbe3dda7b1ab3465fa7bc3177b1a5cb93c71d491e9f,3,ad,,unavailable:not_persisted_per_task,0,150-200,0,2,2,,,,,,,,,,
baseline,baseline:98:1:0,98,194,fec61e1bdf75915d7f8aa2c188114fbab95e103164c14437238d6ae5810c0e5c,0,ad,,unavailable:not_persisted_per_task,0,150-200,1,2,2,,,,,,,,,,
baseline,baseline:98:1:1,98,194,fec61e1bdf75915d7f8aa2c188114fbab95e103164c14437238d6ae5810c0e5c,1,ad,,unavailable:not_persisted_per_task,0,150-200,1,2,2,,,,,,,,,,
baseline,baseline:98:1:2,98,194,fec61e1bdf75915d7f8aa2c188114fbab95e103164c14437238d6ae5810c0e5c,2,ad,,unavailable:not_persisted_per_task,0,150-200,1,2,2,,,,,,,,,,
baseline,baseline:98:1:3,98,194,fec61e1bdf75915d7f8aa2c188114fbab95e103164c14437238d6ae5810c0e5c,3,ad,,unavailable:not_persisted_per_task,0,150-200,1,2,2,,,,,,,,,,
baseline,baseline:98:2:0,98,194,fa3e0a9da81f1fe9f2b754f64a6bbc67cfdf34ed2e85697a61a4a470ae201532,0,ad,,unavailable:not_persisted_per_task,0,150-200,2,2,1,,,,,,,,,,
baseline,baseline:98:2:1,98,194,fa3e0a9da81f1fe9f2b754f64a6bbc67cfdf34ed2e85697a61a4a470ae201532,1,ad,,unavailable:not_persisted_per_task,0,150-200,2,2,1,,,,,,,,,,
baseline,baseline:98:2:2,98,194,fa3e0a9da81f1fe9f2b754f64a6bbc67cfdf34ed2e85697a61a4a470ae201532,2,ad,,unavailable:not_persisted_per_task,0,150-200,2,2,1,,,,,,,,,,
baseline,baseline:98:2:3,98,194,fa3e0a9da81f1fe9f2b754f64a6bbc67cfdf34ed2e85697a61a4a470ae201532,3,ad,,unavailable:not_persisted_per_task,0,150-200,2,2,1,,,,,,,,,,
baseline,baseline:98:3:0,98,194,89bffa3d15cb79ddde499c84c445f9d53e6c54d94267b88d41a571c5b9b829d0,0,prod,,unavailable:not_persisted_per_task,0,150-200,3,2,2,,,,,,,,,,
baseline,baseline:98:3:1,98,194,89bffa3d15cb79ddde499c84c445f9d53e6c54d94267b88d41a571c5b9b829d0,1,prod,,unavailable:not_persisted_per_task,0,150-200,3,2,2,,,,,,,,,,
baseline,baseline:98:3:2,98,194,89bffa3d15cb79ddde499c84c445f9d53e6c54d94267b88d41a571c5b9b829d0,2,prod,,unavailable:not_persisted_per_task,0,150-200,3,2,2,,,,,,,,,,
baseline,baseline:98:3:3,98,194,89bffa3d15cb79ddde499c84c445f9d53e6c54d94267b88d41a571c5b9b829d0,3,prod,,unavailable:not_persisted_per_task,0,150-200,3,2,2,,,,,,,,,,
